{"status":200,"caller_id":0,"cached":[],"node":[{"id":166670,"parent":159347,"superparent":9,"author":147726,"type":"item","subtype":"game","subsubtype":"jam","published":"2019-10-07T21:56:19Z","created":"2019-10-04T14:38:54Z","modified":"2019-10-16T12:54:27Z","version":530478,"slug":"human-2","name":"HUMAN","body":"BECOME HUMAN BY COLLECTING HUMAN SENSES.\n\n![ezgif-3-07ecb27c8d7c.gif](///raw/e01/42/z/28059.gif)\n\nFight your way through 4 bosses, and collect human senses. \nEvery step towards becoming human makes you more vulnerable.\n\nAll assets for the game were made by me in 3 days of a jam, with an exception of a beautiful font Skullboy, by ChevyRay:\nhttps://chevyray.itch.io/pixel-fonts\n\nTRAILER https://youtu.be/-sH2s8n2eU8\n\nUPD 14.10.19: Added Mac version, pause and quit functions.\nUPD 16.10.19: Fixed camera issues, improved camera. Added boss death effects","meta":{"author":[147726],"grade-07-out":"1","link-01-tag":[42337],"cover":"///content/e01/42/z/290d9.png","link-01":"https://quadape.itch.io/human","link-01-name":"Windows","link-02":"https://quadape.itch.io/human","link-02-tag":[42339]},"path":"/events/ludum-dare/45/human-2","parents":[1,5,9,159347],"love":0,"notes":36,"notes-timestamp":"2019-10-16T12:56:24Z","grade":{"grade-01":41,"grade-02":41,"grade-03":41,"grade-04":41,"grade-05":41,"grade-06":41,"grade-08":41},"magic":{"cool":110.71614388213,"feedback":18,"given":42.75,"grade":41,"grade-01-average":4.397,"grade-01-result":8,"grade-02-average":4.295,"grade-02-result":8,"grade-03-average":4,"grade-03-result":74,"grade-04-average":4.218,"grade-04-result":48,"grade-05-average":4.385,"grade-05-result":58,"grade-06-average":4.154,"grade-06-result":36,"grade-08-average":4.385,"grade-08-result":14,"smart":12.347457556957}}]}