{"status":200,"caller_id":0,"cached":[],"node":[{"id":172326,"parent":159347,"superparent":9,"author":78451,"type":"item","subtype":"game","subsubtype":"jam","published":"2019-10-07T18:36:52Z","created":"2019-10-07T13:18:28Z","modified":"2019-10-08T16:14:51Z","version":523271,"slug":"awoken","name":"Awoken","body":"You find yourself in a tomb of a long forgotten tyrant, woken by an unexplained earthquake.   Try to find your way out in this roguelike game, uncovering the mysteries of the cursed catacombs and its residents along the way.\n\nCurrently has 3 Levels with 3 Bosses.\n\nControls:\nWASD/Arrows To Move\nLeft Mouse Button to Shoot\nSpace to KICK!!\n\n![AwokenScreen2.png](///raw/372/31/z/28d70.png)\n![AwokenScreen3.png](///raw/372/31/z/28d71.png)\n![AwokenScreen1.png](///raw/372/31/z/28d6f.png)\n![AwokenScreen4.png](///raw/372/31/z/28d73.png)\n\nCredits:\n\nJammedGame Team: https://jammedgame.itch.io/\n\nProgramming:\nMiša Jovanović\nNikola Đorđević\nDimitrije Pantelić\n\nArt:\nNikola Dragojlović\nŽarko Goronja\nSuzana Miladinov\nIvan Plavšić\n\nGame Design:\nMiloš Manojlović\nLuka Desnica\nStory:\n\nMarko Vasiljević\nJelena Ralčić\n\nMusic:\nIvan Živanović","meta":{"author":[78451,35332,136492,175056],"cover":"///content/372/31/z/27047.png","grade-07-out":"1","link-01-tag":[42336],"link-01":"https://jammedgame.itch.io/awoken","allow-anonymous-comments":"1"},"path":"/events/ludum-dare/45/awoken","parents":[1,5,9,159347],"love":0,"notes":18,"notes-timestamp":"2019-10-27T12:08:12Z","grade":{"grade-01":29,"grade-02":29,"grade-03":29,"grade-04":29,"grade-05":29,"grade-06":28,"grade-08":28},"magic":{"cool":121.305506498,"feedback":4,"given":35.5,"grade":28.714285714286,"grade-01-average":3.685,"grade-01-result":309,"grade-02-average":3.407,"grade-02-result":447,"grade-03-average":2.833,"grade-03-result":823,"grade-04-average":3.241,"grade-04-result":615,"grade-05-average":4.315,"grade-05-result":85,"grade-06-average":3.462,"grade-06-result":322,"grade-08-average":3.962,"grade-08-result":118,"smart":13.296892362813}}]}