{"status":200,"caller_id":0,"cached":[],"node":[{"id":164067,"parent":159347,"superparent":9,"author":100064,"type":"item","subtype":"game","subsubtype":"jam","published":"2019-10-06T07:32:47Z","created":"2019-10-01T20:08:04Z","modified":"2019-10-08T02:36:38Z","version":520942,"slug":"typewriter-monkey","name":"Typewriter Monkey","body":"A monkey hitting keys at random on a typewriter for an infinite amount of time will eventually type the complete works of William Shakespeare.\n\nTIP: The first letter is \"R\".\n\n![rom3.PNG](///raw/0e6/81/z/25ccb.png)\n\nBelieve it or not you can actually beat this.\n\nNote: Shakespeare's image doesn't seem to work on safari.\n\nCheatcodes:\n- Click in the very bottom left of the screen to add 10 to your score.\n- Full text is https://drive.google.com/drive/u/0/folders/1GBEd2n7NBr9zuDdv07B9kngl2chkBX5w (\"\\n\" is newline, aka enter/return).\n\n\nMade with usage of MIT's published version of \"Romeo and Juliet\": http://shakespeare.mit.edu/romeo_juliet/full.html\nThe archive.org recording of Romeo & Juliet Overture - Fantasy by Tchaikovsky https://archive.org/details/RomeoJulietOvertureFantasy\nand the Wikipedia Shakespeare photo. https://upload.wikimedia.org/wikipedia/commons/a/a2/Shakespeare.jpg\n","meta":{"author":[100064],"cover":"///content/0e6/81/z/25cc7.png","allow-anonymous-comments":"1","grade-05-out":"1","grade-06-out":"1","link-01":"http://www.typewritermonkey.org/","link-01-tag":[42336],"link-02":"https://drive.google.com/open?id=18Liv4244FrG6F9XH3vbqfb-V50E7ro5t","link-02-tag":[42332]},"path":"/events/ludum-dare/45/typewriter-monkey","parents":[1,5,9,159347],"love":0,"notes":17,"notes-timestamp":"2019-10-22T17:23:31Z","grade":{"grade-01":25,"grade-02":25,"grade-03":25,"grade-04":25,"grade-07":23,"grade-08":22},"magic":{"cool":115.8907111649,"feedback":26,"given":23,"grade":24.166666666667,"grade-01-average":2.457,"grade-01-result":1107,"grade-02-average":2.261,"grade-02-result":1104,"grade-03-average":3.087,"grade-03-result":639,"grade-04-average":3.283,"grade-04-result":579,"grade-07-average":3.667,"grade-07-result":145,"grade-08-average":2.725,"grade-08-result":963,"smart":17.294338241193}}]}