{"status":200,"caller_id":0,"cached":[],"node":[{"id":166963,"parent":159347,"superparent":9,"author":166962,"type":"item","subtype":"game","subsubtype":"jam","published":"2019-10-07T21:46:26Z","created":"2019-10-04T17:12:09Z","modified":"2019-10-10T16:11:24Z","version":527611,"slug":"keep-me-burning","name":"Keep Me Burning","body":"Genre: Platformer\n\nAbout: Everything you have is a tiny oil lamp.  Keep it burning! Dungeons are full of strange sounds! \n\nSoftware: Unity, Photoshop, TV Paint, FL Studio, Audacity\n\nCreated by: Attu Games ([Eva](https://twitter.com/EvaBalikova) and [Lukas](https://twitter.com/NavrcL))\n\n\nFeel free to give us feedback. \n\n![2.PNG](///raw/23c/82/z/27dac.png)\n\n![5.PNG](///raw/23c/82/z/27da9.png)\n\n![6.PNG](///raw/23c/82/z/27db4.png)\n\n![7.PNG](///raw/23c/82/z/27db7.png)\n\nMaking Of video: https://youtu.be/MwXN3yfNIno\n","meta":{"author":[166962],"cover":"///content/23c/82/z/27396.gif","link-01-tag":[42337],"link-02-tag":[42339],"link-01":"https://navrcl.itch.io/keep-me-burning","link-02":"https://navrcl.itch.io/keep-me-burning","link-03":"https://navrcl.itch.io/keep-me-burning","link-03-tag":[42336]},"path":"/events/ludum-dare/45/keep-me-burning","parents":[1,5,9,159347],"love":0,"notes":65,"notes-timestamp":"2019-10-29T03:43:48Z","grade":{"grade-01":98,"grade-02":98,"grade-03":97,"grade-04":98,"grade-05":99,"grade-06":95,"grade-07":88,"grade-08":94},"magic":{"cool":74.65334908525,"feedback":56,"given":52.875,"grade":95.875,"grade-01-average":3.958,"grade-01-result":128,"grade-02-average":3.688,"grade-02-result":230,"grade-03-average":3.284,"grade-03-result":476,"grade-04-average":3.089,"grade-04-result":739,"grade-05-average":4.387,"grade-05-result":56,"grade-06-average":4.28,"grade-06-result":14,"grade-07-average":2.919,"grade-07-result":461,"grade-08-average":4.098,"grade-08-result":66,"smart":-10.955945115397}}]}