{"status":200,"caller_id":0,"cached":[],"node":[{"id":172486,"parent":159347,"superparent":9,"author":165303,"type":"item","subtype":"game","subsubtype":"jam","published":"2019-10-07T21:54:28Z","created":"2019-10-07T15:31:46Z","modified":"2019-10-08T14:11:48Z","version":522846,"slug":"slow-and-steady","name":"Slow and Steady","body":"You are smol snail with no  shell, in big  world, find pretty shell to impress pretty snail\n\nTL;DR: :snail: + :shell: + :earth_asia: = :heart: ![4arcIMa.jpg](///raw/7b5/82/z/28ce8.jpg)![6IbM4iY.png](///raw/7b5/82/z/28ceb.png) ![Oaf3lit.png](///raw/7b5/82/z/28ced.png)","meta":{"author":[165303],"link-01-tag":[42336],"cover":"///content/7b5/82/z/27887.png","link-01":"https://palinalif.itch.io/slow-but-steady"},"path":"/events/ludum-dare/45/slow-and-steady","parents":[1,5,9,159347],"love":0,"notes":21,"notes-timestamp":"2019-10-30T00:14:56Z","grade":{"grade-01":27,"grade-02":27,"grade-03":27,"grade-04":27,"grade-05":27,"grade-06":26,"grade-07":26,"grade-08":26},"magic":{"cool":104.06377031745,"feedback":19,"given":27.75,"grade":26.625,"grade-01-average":3.44,"grade-01-result":570,"grade-02-average":3.34,"grade-02-result":502,"grade-03-average":2.92,"grade-03-result":766,"grade-04-average":3.2,"grade-04-result":649,"grade-05-average":3.26,"grade-05-result":711,"grade-06-average":3.333,"grade-06-result":380,"grade-07-average":2.958,"grade-07-result":444,"grade-08-average":3.375,"grade-08-result":529,"smart":16.121328342073}}]}