{"status":200,"caller_id":0,"cached":[],"node":[{"id":166996,"parent":159347,"superparent":9,"author":166535,"type":"item","subtype":"game","subsubtype":"jam","published":"2019-10-07T21:17:24Z","created":"2019-10-04T17:23:53Z","modified":"2019-10-07T21:17:24Z","version":513215,"slug":"z0t","name":"z0t","body":"Start from nothing. Absolute zero. Roll around. Jump. Improve. Shapeshift. Become something more. Jump higher. Move faster. Reach places that you were not able to reach before. Become a 1.\n\n\n# Controls\n\n**WASD/arrow keys** - Move\n\n**Space** - Jump\n\n**Left Shift** - Shapeshift\n\n![s1.png](///raw/78a/82/z/27ab2.png)\n\n\n![s2.png](///raw/78a/82/z/27ab5.png)\n\n\n![s3.png](///raw/78a/82/z/27ab7.png)","meta":{"author":[166535,165008,36403,171429],"link-01-tag":[42336],"allow-anonymous-comments":"1","cover":"///content/78a/82/z/27a63.png","link-01":"https://vidak.itch.io/z0t","link-02":"https://vidak.itch.io/z0t","link-02-tag":[42337],"link-03":"https://vidak.itch.io/z0t","link-03-tag":[42339]},"path":"/events/ludum-dare/45/z0t","parents":[1,5,9,159347],"love":0,"notes":31,"notes-timestamp":"2019-10-27T19:06:30Z","grade":{"grade-01":45,"grade-02":45,"grade-03":44,"grade-04":44,"grade-05":44,"grade-06":45,"grade-07":38,"grade-08":43},"magic":{"grade":43.5,"given":40.375,"feedback":33,"smart":14.344709731925,"cool":97.46794344809,"grade-01-average":3.558,"grade-01-result":448,"grade-02-average":3.477,"grade-02-result":393,"grade-03-average":3.226,"grade-03-result":517,"grade-04-average":3.226,"grade-04-result":630,"grade-05-average":3.25,"grade-05-result":714,"grade-06-average":3.453,"grade-06-result":329,"grade-07-average":2.625,"grade-07-result":598,"grade-08-average":3.244,"grade-08-result":647}}]}