{"status":200,"caller_id":0,"cached":[],"node":[{"id":162672,"parent":159347,"superparent":9,"author":78893,"type":"item","subtype":"game","subsubtype":"jam","published":"2019-10-07T22:26:31Z","created":"2019-09-28T22:32:32Z","modified":"2019-10-07T22:49:25Z","version":518116,"slug":"underground-robot-fights","name":"Underground Robot Fights","body":"Hey guys!\n\nWe're So happy to show you this game tonight.\n\nThe UI was harder to integrate than we thought and we couldn't implement some feature but it was a lot of fun !\n\nWe hope you'll enjoy this as much as we enjoyed making it anyways.\n\nCheers from France! :cheese:\n\n\n## Team\n\n- [KeithDae](https://ldjam.com/users/keithdae/) (programming)\n- [Sabeurre](https://ldjam.com/users/sabeurre/) (programming, graphics)\n- [Hmaya](https://ldjam.com/users/hmaya/) (graphics, BGM)\n\n## Tools\n\n- Unity\n- Aseprite (pixel art software)\n- FLStudio (Digital Audio Workstation)\n- Figma (Wireframe, UI mockup design, and SVG editor)\n\n## Story (should have been in the game so added here instead)\n\nYou are a freshman from an engineer school, and, sadly, you have lost everything in business because you followed your best friend who wanted to make a video game studio.\n\nYou're now broke, and homeless. Even your friends and family have forsaken you because they were disapproving of you doing making video games for a living in the first place (\"too risky\" they said).\n\nAs you're looking for a nice bridge to sleep under, an unknown man approaches and makes an offer to you : he loans money to you so that you can live on, and you must engage in Underground Robot Fight in exchange (a business of his) until you pay it back.\n\nYou decide to take his offer. Will you succeed in paying your loan back ? Will you let your debt swallow you whole ? Or will you awaken to the Underground Robot Fight Beauty, and become the uncontested boss of the arena ?\n\n## How to play (or at least how it was meant to be played)\n\nThe game has two phases, a preparation phase and a fighting phase.\n\nYou win when you manage to pay back your loan.\n\nTo earn money, you can have your robot fight every night. The stronger the foe, the greater the reward.\n\nEither you win or lose, if your robot is damaged, it is repaired the following day. This is not magic, this is engineering. (you can at least handle this much after studying this for 5 years I hope)\n\nYou pay interests everyday as long as you have ongoing loans. Generally, the higher the loans, the higher the interests amount.\n\nYou can spend your remaining fund on robot upgrade to win over tougher opponents, and earn more money.\n\nYou lose if you go bankrupt.\n\n### Fights explained\n\n![1570479622105.png](///raw/f03/92/z/27966.png)\n\nThis is a one on one robot fight with a turn-based combat system. Your robot is always on the left hand side.\n\nYou can choose one of 3 attack types :\n\n- Attack : Your robot performs a physical attack, effective against Projectile\n- Guard : Your robot attempts to parry and counter incoming attack, effective against Attack\n- Projectile : Your robot performs a ranged attack, effective against Guard\n\nBoth robot strike at the same time when you press either of three attack button.\n\nYou win if your oponent's health reaches 0.\n\nYou lose if your robot's health reaches 0. \n\n**PRO TIPS**\n\n1. enemy attacks are not random. Each enemy generally have a preference for a certain attack type. Stay alert ! (we all have our favorite attack in such games don't we ?)\n2. Each attack type deals more damage when your opponent perform a certain other attack type. be sure to check health bars when blows are exchanged.\n3. On the right side of the screen, an attack type icon is displayed next to a percentage range. This is the probability for your oponent to perform an attack of the shown type (SKL on the screenshot above). The range will get more precise as your OBS stat increases.\n\n### Preparation phase\n\nDuring this phase, you can\n\n- pay back your loan (and win if you pay back everything)\n- upgrade your robot or your character\n\n#### Money\n\n![1570479032178.png](///raw/f03/92/z/2796b.png)\n\nIn this panel, you can check how much you have left to pay, and info about each of the loans you have taken.\n\nYes, you are already broke AND indebted with one loan, and you can borrow more money if you need.\n\nThe fights will get tougher as you days pass so you'll probably need to resort to this to overcome stronger enemies. Be careful though as your daily payments will increase too. Don't go bankrupt!\n\n#### Robot upgrades\n\n![1570479063703.png](///raw/f03/92/z/2796d.png)\n\nHere, you can buy upgrades to make your robot stronger.\n\nDMG increases the damage dealt by all three attack types. DEF decreases the damage you take. SKL makes effective attack types even stronger and reduces the damage taken when your opponent hits you with an effective attack. There are also special upgrade you can unlock later which effects are described on the Interface.\n\nOh, and you can also check out your robot's stats on the right side!\n\n#### Character upgrades\n\n![1570479202708.png](///raw/f03/92/z/2796e.png)\n\nBuy assets for yourself!\n\nThere's only one upgrade on this screenshot but there might be more when the game is actually released.\n\nOBS stands for Observation and increases your odds to see through your oponent's next move during a fight!\n\nClick the \"you\" tab to check your character's stats.\n\n**PRO TIPS**\n\nYour reputation will have an effect on the loans you can take. Higher reputation means better deals!\n\n\n**Edit after release : **\n\nI have written the how to play section with hope everything would be ok but sadly we couldn't fix all bugs in time. It is actually playable but the game never really ends as the win screen doesn't trigger when you pay back all your loans. If you do reach this stage, consider you have won :smile: \nIf your money balanced gets in the negative, you're supposed to have lost.\nAlso, be gentle with the UI (don't click too fast) as some other unexpected behavior might occur...\n\nHope you'll be able to enjoy this anyways :smile: ","meta":{"author":[78893,78897,168719],"link-01-tag":[42336],"cover":"///content/f03/92/z/27be7.jpg","grade-07-out":"1","link-01":"https://sabeurre.itch.io/underground-robot-fight","link-02":"https://sabeurre.itch.io/underground-robot-fight","link-02-tag":[42337],"link-03":"https://git.konosprod.fr/Konosprod/LD-45","link-03-tag":[42332]},"path":"/events/ludum-dare/45/underground-robot-fights","parents":[1,5,9,159347],"love":0,"notes":18,"notes-timestamp":"2019-10-24T14:55:14Z","grade":{"grade-01":30,"grade-02":31,"grade-03":31,"grade-04":31,"grade-05":31,"grade-06":29,"grade-08":28},"magic":{"cool":96.23452469796,"feedback":35,"given":23.5,"grade":30.142857142857,"grade-01-average":3.518,"grade-01-result":497,"grade-02-average":3.397,"grade-02-result":455,"grade-03-average":3.207,"grade-03-result":531,"grade-04-average":3.241,"grade-04-result":615,"grade-05-average":3.586,"grade-05-result":513,"grade-06-average":3.537,"grade-06-result":281,"grade-08-average":3.596,"grade-08-result":356,"smart":16.627165508715}}]}