{"status":200,"caller_id":0,"cached":[],"node":[{"id":160442,"parent":159347,"superparent":9,"author":144828,"type":"item","subtype":"game","subsubtype":"jam","published":"2019-10-07T21:38:43Z","created":"2019-09-12T12:37:51Z","modified":"2019-10-12T15:41:38Z","version":528918,"slug":"the-adventurous-king","name":"The Adventurous King","body":"![ld45_hub.png](///raw/cb5/32/z/27d4a.png)\n\n## Ruling the country is boring... the King wants to go on an adventure!\n\nThe Adventurous King is a strategic puzzle adventure game. Hire adventurers at the campsite, find loot and fight monsters!\n\nThis is my 2nd attempt at Ludum Dare and my first jam ever using Godot. The graphics are hand drawn and digitally coloured. You can't vote for audio because I've added it after the jam's deadline. Controller is supported! Check the change log below for all post jam bug fixes and improvements.\n\nThis game is inspired by Pikmin, Overlord and Little King's Story. Royalty free music by [Always Music](https://www.youtube.com/channel/UCO6a3ndAxXkoJwz-ubtbyIQ) and [Royalty Free Zone](https://www.youtube.com/channel/UCehIXMLpmRqDzqB5Ov89v5A).\n\n### Change log:\n\n**10/08/2019 **\n- No more crashes caused by:\n  - collision;\n  - changing between stages;\n  - health dropping below zero;\n- Missing invisible wall added;\n- Bug in tutorial removed.\n\n**10/09/2019 **\n- Minor improvements to actor collisions;\n- Controller support added;\n- Permadeath is now optional.\n\n**11/12/2-19**\n- Audio added","meta":{"author":[144828],"allow-anonymous-comments":"1","cover":"///content/cb5/32/z/26f80.png","link-01-tag":[42337],"link-01":"https://baukereg.itch.io/the-adventurous-king","grade-06-out":"1"},"path":"/events/ludum-dare/45/the-adventurous-king","parents":[1,5,9,159347],"love":0,"notes":36,"notes-timestamp":"2019-10-30T00:56:15Z","grade":{"grade-01":44,"grade-02":44,"grade-03":44,"grade-04":44,"grade-05":45,"grade-07":43,"grade-08":42},"magic":{"cool":139.26942648824,"feedback":13,"given":72.25,"grade":43.714285714286,"grade-01-average":3.631,"grade-01-result":359,"grade-02-average":3.643,"grade-02-result":263,"grade-03-average":3.607,"grade-03-result":257,"grade-04-average":3.429,"grade-04-result":460,"grade-05-average":3.86,"grade-05-result":334,"grade-07-average":3.159,"grade-07-result":345,"grade-08-average":3.325,"grade-08-result":569,"smart":0.70265955289184}}]}