{"status":200,"caller_id":0,"cached":[],"node":[{"id":164071,"parent":159347,"superparent":9,"author":115892,"type":"item","subtype":"game","subsubtype":"compo","published":"2019-10-06T21:38:56Z","created":"2019-10-01T20:16:12Z","modified":"2019-10-09T14:17:40Z","version":525956,"slug":"cawe-people-exosdus","name":"Cave People Exosdus","body":"World exploration strategy. Help your tribe find their place in the world.\n\nThe goal of the game is to find the lost paradise.\n\n![TownScreen.png](///raw/4b4/c1/z/2675f.png)\n\n# Controls\n- WASD, Space in camp\n- WASD while traveling\n\n# Tools\n- Computer\n- Unity\n- Aseprite\n- Bfxr, Sfxr, WolframTones \n","meta":{"author":[115892],"cover":"///content/4b4/c1/z/26638.png","allow-anonymous-comments":"1","link-01":"https://howling-shame.itch.io/cave-people","link-01-tag":[42336],"link-01-name":"","link-02":"https://github.com/HowlingShame/Ludum-Dare-45-Game","link-02-tag":[42332],"link-02-name":""},"path":"/events/ludum-dare/45/cawe-people-exosdus","parents":[1,5,9,159347],"love":0,"notes":15,"notes-timestamp":"2019-10-11T04:33:00Z","grade":{"grade-01":29,"grade-02":30,"grade-03":30,"grade-04":30,"grade-05":30,"grade-06":29,"grade-07":28,"grade-08":29},"magic":{"cool":109.66508887546,"feedback":1,"given":34.125,"grade":29.375,"grade-01-average":3.611,"grade-01-result":157,"grade-02-average":3.304,"grade-02-result":217,"grade-03-average":3.75,"grade-03-result":95,"grade-04-average":3.839,"grade-04-result":110,"grade-05-average":3.464,"grade-05-result":194,"grade-06-average":3.481,"grade-06-result":116,"grade-07-average":2.962,"grade-07-result":147,"grade-08-average":3.574,"grade-08-result":118,"smart":8.5690289288487}}]}