{"status":200,"caller_id":0,"cached":[],"node":[{"id":166902,"parent":159347,"superparent":9,"author":7084,"type":"item","subtype":"game","subsubtype":"compo","published":"2019-10-06T22:50:37Z","created":"2019-10-04T16:37:27Z","modified":"2019-10-07T11:35:21Z","version":507436,"slug":"simple-tower-defense","name":"Simple? Tower Defense ","body":"A concept as simple as tower defense can become very strange if you don't start with anything.\nYou better pray for a miracle.\n\nUPDATE NOTE:\nI have done a post compo update to fix some bugs, here is the change list:\n - Fixed being able to select a tower when you don't have enough coins for it\n - Fixed some tileset issues in map03, this fixes come layering issues and some tile variations not being used\n - Towers can't be placed on paths anymore in map03\n - Fixed being able to place certain towers over another\n\nThis probably should have been part of in game dialogue, but the cannon tower shoots in all 4 directions in a straight line.\n\nI am fairly satisfied with the game itself, but the later levels are a bit more rushed.\nAlso i didn't have the time to make any music, so I'll encourage you to play with your own !\n![Screenshot_49.png](///raw/cab/1/z/269a1.png)\n![Screenshot_50.png](///raw/cab/1/z/269a6.png)","meta":{"author":[7084],"grade-06-out":"1","cover":"///content/cab/1/z/269a5.png","link-01":"https://shared.itch.io/ld45","link-01-tag":[42336],"link-02":"https://shared.itch.io/ld45","link-02-tag":[42332],"link-02-name":"The source code is available on the same page","link-03":"https://shared.itch.io/ld45","link-03-tag":[42337]},"path":"/events/ludum-dare/45/simple-tower-defense","parents":[1,5,9,159347],"love":0,"notes":38,"notes-timestamp":"2019-10-29T17:25:50Z","grade":{"grade-01":23,"grade-02":24,"grade-03":24,"grade-04":24,"grade-05":25,"grade-07":25,"grade-08":23},"magic":{"cool":97.78803607804,"feedback":14,"given":19.125,"grade":24,"grade-01-average":3.619,"grade-01-result":149,"grade-02-average":3.591,"grade-02-result":118,"grade-03-average":2.364,"grade-03-result":483,"grade-04-average":3.136,"grade-04-result":332,"grade-05-average":3.152,"grade-05-result":295,"grade-07-average":3.609,"grade-07-result":48,"grade-08-average":3.167,"grade-08-result":242,"smart":1.2180717027137}}]}