{"status":200,"caller_id":0,"cached":[],"node":[{"id":161547,"parent":159347,"superparent":9,"author":80608,"type":"item","subtype":"game","subsubtype":"jam","published":"2019-10-07T23:02:53Z","created":"2019-09-23T04:01:48Z","modified":"2019-10-28T17:30:36Z","version":532853,"slug":"entropy","name":"Never Ending Entropy","body":"\n#### Developed by [Infinia Entertainment](https://discord.gg/7DerY2B)\n![Poster.png](///raw/76c/31/z/29c9a.png)\n\n\n\n### Description:\nA game where you start,  well... from nothing. What is nothing you ask? In true nothingness there's no space, no time, and most importantly - no Chaos.\n\nYou start as a small singularity, with yet no complex parts to yourself, but as you gather more and more components of reality, you gain various abilities with which you continue your journey, *gradually declining into disorder...*\n\nThe path may be difficult, but we encourage you to fight your way through to the truth!\n\n### Controls:\n\n*Movement:  WASD*\n\n*Shooting: Hold Left Mouse Button*\n\n*Aim: Cursor*\n\n*Black-Hole: Click Right Mouse Button*\n\n*Dialogue: Space/LMB/RMB* (Some dialogues are important, and you can only read them once!)\n\n### Stats (Important!)\n\n*Complexity:* Heath, Speed, Fire-Rate, Damage, Bullet Speed, Regen Rate, Black-Hole Recharge Rate are increased for every 100 complexity you gain!\n\n*Stability:* You start with 100%, each time you die it decreases, if it reaches 0% game restarts!\n\n### Screenshots:\n\n![unknown.png](///raw/76c/31/z/29e31.png)\n\n![unknown (1).png](///raw/76c/31/z/29e32.png)\n\n![unknown (2).png](///raw/76c/31/z/29e33.png)\n\n### Tools used:\n\nExcept fonts everything in-game was made by us. \n\nWe used: Unity, Adobe Photoshop, Adobe Premier Pro, Audacity, FL Studio, Git.\n\n\n### Badass trailer:\nhttps://youtu.be/IF2vFuDwVMw\n\n\n### Who worked on the game?\n*Stephan Dvoryanchikov (Codekoto) - Programmer, Boss and Enemy AI*\n\n*Emir Akbashev (Anion-Z) - *VFX*, Programmer, Animator, Story*\n\n*Timucin (Wolf-Neon) - 2D Artist, Audio Engineer, Level Design*\n\n*Ilya (TheBlackAchilles)* - Additional Programmer, UI*\n\n\n### Developer Comments:\nCodekoto: \"Some people think \"Why do people do this to themselves, don't they want to have a weekend off?\". Yeah we sure do, having fun with your friends while making a game, sleeping over and even cooking food. These are the experiences i will treasure in my life and Ludum Dare has been a great contribution to this. I am grateful to have such wonderful friends and i am happy to be able to spend this time with them doing what i love.\n\nIt wasn't easy, but the challenge is what i am here for, learning new things and improving oneself is what i consider being a core of a human being, and events such as this are very helpful. Compared to the last Ludum Dare, i realized that we have done much more in 2 days than we have done in 3 days last Jam, and every time, our projects are getting better, step by step we are going to achieve our dream of making games\"\n\nAnion_Z - \"We had to sacrifice some parts of the game and the game feel overall to finish such huge project, even with 3 programmers it was hell of a task. Story came last so it may not be the best. But I'm very proud of ourselfs since we put our best effort into the project. I believe for a ludum dare game this is a huge success, I can definitely see our improvement in every aspect of game development, and this was our goal from the beginning!\"\n![221fe.png](///raw/0ea/31/z/240fd.png)\n\n\n\n### Join our Infinia Entertainment discord server to talk with us and other members.\n\n## [**Discord Server**](https://discord.gg/Jd3zBzT)\n\n[![Discord-Logo-Color.png](///raw/0ea/31/z/24a03.png)](https://discord.gg/Jd3zBzT)\n\n**Fixes:**\n\n- [1.0.1] \n  - The door to the boss room opens properly instead of halfway\n- [1.0.2] \n  - More lights are added for player to navigate easily\n- [1.0.3] \n  - Game doesnt crash anymore after player's death\n  - Enemie's size adjusted to it's complexity in a more appropriate manner\n  - Player's speed increased, enemie's decreased\n- [1.0.4]\n  - Ending scene doesn't glitch anymore\n  - Music in boss room isn't too loud, and overall sounds were balanced\n- [1.0.5]\n  - Better optimization, but still may lag on older devices, or when lots of enemies surround you\n- [1.0.6]\n  - We really wanted players to see the full game, so the overall difficulty of enemies was drastically decreased and \n    overall scene is not as dark for easier navigation, and visibility range was slightly increased!\n- [1.0.7] \n  - Dialogues are easier to understand now, Fixed an exploit where the boss could be killed from range\n- [1.0.8]\n  - Fixed a bug where after finishing a dialogue it opened again, changed color of lights in one of the rooms to green so that player subconciously knows its a safe route \n - Many people wanted harder boss so I just increased his lifes and size of bullet.\n - People really wanted particles when enemies die, so I added something simple, however, you dont have to take specifically these particles into account\n - Black-Hole was hard to see during boss fight, its now much easier to see it.\n - You can only listen to dialogue once, since its an action game and not a narrative (but story is pretty good too xD)","meta":{"author":[80608,81363,80999,164007],"link-01-tag":[42337],"grade-07-out":"1","link-01":"https://hinoarashi.itch.io/entropy","link-01-name":"itch.io","allow-anonymous-comments":"1","cover":"///content/76c/31/z/29d88.png"},"path":"/events/ludum-dare/45/entropy","parents":[1,5,9,159347],"love":0,"notes":68,"notes-timestamp":"2019-10-30T00:45:55Z","grade":{"grade-01":64,"grade-02":64,"grade-03":64,"grade-04":64,"grade-05":66,"grade-06":64,"grade-08":64},"magic":{"cool":122.56681620402,"feedback":81,"given":83,"grade":64.285714285714,"grade-01-average":4.185,"grade-01-result":41,"grade-02-average":3.935,"grade-02-result":101,"grade-03-average":3.71,"grade-03-result":193,"grade-04-average":4.121,"grade-04-result":80,"grade-05-average":4.273,"grade-05-result":103,"grade-06-average":3.927,"grade-06-result":103,"grade-08-average":4.234,"grade-08-result":37,"smart":15.97459272234}}]}