{"status":200,"caller_id":0,"cached":[],"node":[{"id":163599,"parent":159347,"superparent":9,"author":163594,"type":"item","subtype":"game","subsubtype":"jam","published":"2019-10-07T23:00:02Z","created":"2019-09-30T22:05:57Z","modified":"2019-10-08T18:58:42Z","version":523825,"slug":"summoning-soup-1","name":"Summoning Soup","body":"The short adventure of a young cultist trying to make soup for a giant demon, start with nothing and become a soupy hero. You'd always dreamed of being a real cultist like all the adults, but you were too young to learn the anceint magic of the village, that was until the village was crushed under a giant soup cauldron, armed with a newly gained spell book and magical healing and empowering coffee you must eliminate the warden of the soup ingredients to apease the demon responcible for destroying your village.\nControls-\nMove with WASD, Aim with the mouse, Hold to charge and release to fire a spell.","meta":{"author":[163594,163595],"link-01-tag":[42337],"link-01":"https://digital-pie.itch.io/summoning-soup","link-01-name":"Game","cover":"///content/a0f/72/z/28dcd.png","link-02":"","link-02-tag":null,"link-02-name":"","grade-06-out":"1"},"path":"/events/ludum-dare/45/summoning-soup-1","parents":[1,5,9,159347],"love":0,"notes":22,"notes-timestamp":"2019-10-29T19:55:28Z","grade":{"grade-01":36,"grade-02":36,"grade-03":36,"grade-04":35,"grade-05":37,"grade-07":34,"grade-08":35},"magic":{"grade":35.571428571429,"given":34.5,"feedback":41,"smart":24.3456770039,"cool":107.01533608636,"grade-01-average":3.265,"grade-01-result":735,"grade-02-average":3.176,"grade-02-result":626,"grade-03-average":3.294,"grade-03-result":469,"grade-04-average":2.788,"grade-04-result":912,"grade-05-average":3.929,"grade-05-result":297,"grade-07-average":3.203,"grade-07-result":317,"grade-08-average":3.439,"grade-08-result":473}}]}