{"status":200,"caller_id":0,"cached":[],"node":[{"id":173393,"parent":159347,"superparent":9,"author":7755,"type":"item","subtype":"game","subsubtype":"jam","published":"2019-10-07T22:43:50Z","created":"2019-10-07T21:44:04Z","modified":"2019-10-07T22:43:50Z","version":517830,"slug":"start-with-nothing-end-with-nothing-1","name":"Start with Nothing, End with Nothing.","body":"[**PLAY THE GAME**](https://ongomato.itch.io/swnewn).\n\n![2019-10-08_03-14-47.gif](///raw/b4e/1/z/28115.gif)\n\n**Start with Nothing, End with Nothing** is a **puzzle game** where you have to guide the tiles to their destination in such a way that it matches both color and letter of the destination.\n\n**Controls**: \n\nSelection - Mouse.\n\nMovement - WASD or ARROWS\n\nReset selected - R\n\n@Ongomato - programming, graphics, sound.\n\n@Rosik - art.","meta":{"author":[7755,42074],"link-01-tag":[42336],"grade-07-out":"1","grade-08-out":"1","cover":"///content/b4e/1/z/281e8.png","link-01":"https://ongomato.itch.io/swnewn"},"path":"/events/ludum-dare/45/start-with-nothing-end-with-nothing-1","parents":[1,5,9,159347],"love":0,"notes":27,"notes-timestamp":"2019-10-29T16:07:23Z","grade":{"grade-01":46,"grade-02":46,"grade-03":47,"grade-04":46,"grade-05":47,"grade-06":46},"magic":{"cool":137.70607453182,"feedback":33,"given":64,"grade":46.333333333333,"grade-01-average":3.614,"grade-01-result":377,"grade-02-average":3.42,"grade-02-result":435,"grade-03-average":3.756,"grade-03-result":175,"grade-04-average":3.727,"grade-04-result":268,"grade-05-average":3.511,"grade-05-result":561,"grade-06-average":3.557,"grade-06-result":261,"smart":14.943118670938}}]}