{"status":200,"caller_id":0,"cached":[],"node":[{"id":162832,"parent":159347,"superparent":9,"author":159264,"type":"item","subtype":"game","subsubtype":"jam","published":"2019-10-07T15:17:44Z","created":"2019-09-29T11:51:02Z","modified":"2019-10-07T15:26:24Z","version":508557,"slug":"nitchs-the-tank","name":"Nitchs the tank","body":"![1.png](///raw/02e/62/z/27153.png)\nIntroduction:\n\nThis is a story about the tank which has noting to attach. Help this tank in its journey to find want it longed for. It just wanted to destroy the enemies just like every other tank.\nYoutube: https://youtu.be/3RoBk6c8caA\n\nMore About Gameplay:\n\nSince the tank doesn't have any missile system. The only way for this tank is to guide the missile from enemy to another enemy. All the missile from enemy are target locked on our tank and will follow it till it gets destroyed. So with our help nitchs can defeat other powerful tanks and find the greatest offensive weapon of all time.","meta":{"author":[159264],"allow-anonymous-comments":"1","cover":"///content/02e/62/z/2714a.png","grade-05-out":"1","grade-06-out":"1","grade-07-out":"1","grade-08-out":"1","link-01":"https://alphaden.itch.io/nitchs-the-tank","link-01-tag":[42337],"link-02":"https://alphaden.itch.io/nitchs-the-tank","link-02-tag":[42339],"link-03":"https://alphaden.itch.io/nitchs-the-tank","link-03-tag":[42341]},"path":"/events/ludum-dare/45/nitchs-the-tank","parents":[1,5,9,159347],"love":0,"notes":54,"notes-timestamp":"2019-10-29T03:21:07Z","grade":{"grade-01":48,"grade-02":49,"grade-03":49,"grade-04":48},"magic":{"cool":128.68232118262,"feedback":61,"given":38.5,"grade":48.5,"grade-01-average":2.967,"grade-01-result":958,"grade-02-average":3,"grade-02-result":772,"grade-03-average":3.17,"grade-03-result":557,"grade-04-average":2.717,"grade-04-result":955,"smart":16.31599960756}}]}