{"status":200,"caller_id":0,"cached":[],"node":[{"id":162652,"parent":159347,"superparent":9,"author":83249,"type":"item","subtype":"game","subsubtype":"jam","published":"2019-10-07T22:49:32Z","created":"2019-09-28T21:56:22Z","modified":"2019-10-07T22:50:40Z","version":518183,"slug":"hell-coliseum","name":"Hell Coliseum","body":"Coliseum battle game, try to survive as much as possible! If you win the round you can get new weapons!![grafitx_editor (1).png](///raw/56c/e1/z/284ad.png)","meta":{"author":[83249,126053],"link-01-tag":[50],"cover":"///content/56c/e1/z/28405.png","link-01":"https://github.com/TeamRedPanda/ld-45","link-02":"https://akai-panda.itch.io/hell-coliseum","link-02-tag":[42337],"link-03":"https://akai-panda.itch.io/hell-coliseum","link-03-tag":[42339],"link-04":"https://akai-panda.itch.io/hell-coliseum","link-04-tag":[42341],"grade-06-out":"1"},"path":"/events/ludum-dare/45/hell-coliseum","parents":[1,5,9,159347],"love":0,"notes":13,"notes-timestamp":"2019-10-18T11:21:53Z","grade":{"grade-01":21,"grade-02":21,"grade-03":21,"grade-04":21,"grade-05":21,"grade-07":19,"grade-08":21},"magic":{"cool":125.27342358591,"feedback":2,"given":26.875,"grade":20.714285714286,"grade-01-average":3.079,"grade-01-result":892,"grade-02-average":3.026,"grade-02-result":755,"grade-03-average":2.447,"grade-03-result":1034,"grade-04-average":2.842,"grade-04-result":877,"grade-05-average":3.5,"grade-05-result":566,"grade-07-average":2.265,"grade-07-result":758,"grade-08-average":3.132,"grade-08-result":728,"smart":16.003864382718}}]}