{"status":200,"caller_id":0,"cached":[],"node":[{"id":167153,"parent":159347,"superparent":9,"author":167093,"type":"item","subtype":"game","subsubtype":"jam","published":"2019-10-07T20:19:29Z","created":"2019-10-04T18:24:46Z","modified":"2019-10-08T18:06:46Z","version":523666,"slug":"there-is-no-beginning-without-nothing","name":"There is no beginning without \"Nothing\"","body":"There no beginning without nothing, you will have to write in order to make the world move around you! \n\n\nControls :\n-    Typing and mouse click\n\n\nHow to play : \nFind the right words to continue on this journey\n\n\nSupervised by: @vavouzen\n\nCode by : @axel-metaux, @alexandre-delgery\n\n2D models by : @nitpicky, @duboisaxel, @pseudoriginal657\n\nSound design by: @duboisaxel\n\n\n\nInfos :\nFor most, our first Ludum Dare (number 45), made in 3 days using Unity, Visual Studio, Bosca Ceoil and Aseprite.  It’s a small game without any complicated mechanics but we hope players will enjoy it !\n\n\n\n![Sans titre.png](///raw/77b/82/z/28e43.png)\n\n\nSPOILERS if you can't find the words: \n\n\"Nothing\",  A nickname, \"Floor\",  \"Life\", \"Water\",  \"Bridge\",  \"Ladder\"!","meta":{"author":[167093,164601,166775,166779,165095,166839],"link-01-tag":[42337],"cover":"///content/77b/82/z/27653.png","allow-anonymous-comments":"1","link-01":"https://vavouzen.itch.io/there-is-no-beggining-without-nothing"},"path":"/events/ludum-dare/45/there-is-no-beginning-without-nothing","parents":[1,5,9,159347],"love":0,"notes":19,"notes-timestamp":"2019-10-30T00:35:15Z","grade":{"grade-01":25,"grade-02":26,"grade-03":26,"grade-04":26,"grade-05":26,"grade-06":26,"grade-07":25,"grade-08":23},"magic":{"cool":96.60917830793,"feedback":14,"given":22.75,"grade":25.375,"grade-01-average":3.043,"grade-01-result":914,"grade-02-average":2.813,"grade-02-result":917,"grade-03-average":3.25,"grade-03-result":495,"grade-04-average":3.854,"grade-04-result":182,"grade-05-average":3.042,"grade-05-result":812,"grade-06-average":2.896,"grade-06-result":564,"grade-07-average":2.957,"grade-07-result":446,"grade-08-average":2.905,"grade-08-result":873,"smart":7.2267902208343}}]}