{"status":200,"caller_id":0,"cached":[],"node":[{"id":165898,"parent":159347,"superparent":9,"author":10321,"type":"item","subtype":"game","subsubtype":"jam","published":"2019-10-07T21:19:59Z","created":"2019-10-04T01:12:25Z","modified":"2019-10-08T03:44:11Z","version":521150,"slug":"infinite-prospector","name":"InfiniProspector","body":"# InfiniProspector\n\nWelcome to our eighth straight Ludum Dare entry! While the team has grown, we feel that we have a good combination of talent going.\n\n## Description\n\nInfinite Prospector is a game about a lowly prospector who finds himself at a hole in the ground with nothing to his name. He must begin prospecting the area for minerals and gems of ever increasing value. He must find some in order to be able to purchase more fuel for his lantern. Be careful, however, as there are dangers in the ground.\n\nHow deep can you go?\n\n## Update (Oct. 7, 2019)\n\nWe noticed a bug shortly after publishing that makes the game pretty unplayable in the lower levels. It was also mentioned in comments. The bugfix that has been uploaded is to fix this issue.\n\n## Controls\n\nYou can choose to use either WASD or ZQSD keys to control the prospector when he moves.\n\nThe arrow keys instruct him to dig in a particular direction.\n\nPressing the L key will place a ladder (if you have one) where you are standing.\n\nBe careful how deep you dig at a time as you can only jump up two tiles.\n\n## Contributions\n\nWe divided the work as follows:\n\n**James**: Coding\n\n**Cameron**: Graphics\n\n**Oliver**: Music\n\n**Anthony**: UI, Sounds\n\n## Screenshots\n\n![Screen1.png](///raw/158/2/z/275ba.png)\n\n![Screen2.png](///raw/158/2/z/275bb.png)\n\n![Screen3.png](///raw/158/2/z/275bc.png)\n\n![Screen4.png](///raw/158/2/z/275bd.png)\n\n![Screen5.png](///raw/158/2/z/275bf.png)\n\n![Screen6.png](///raw/158/2/z/275c0.png)\n\n![Screen7.png](///raw/158/2/z/275c1.png)\n\n![Screen8.png](///raw/158/2/z/275c2.png)\n\n## Review In Kind\n\nWe are always looking to improve what we are doing. As such, please give as honest feedback as possible. Whether we like what you have to say about our game or not, we always come by and look at your game as well. We appreciate all the feedback that you can give.","meta":{"author":[10321,18323,36279,151014],"link-01-tag":[42337],"cover":"///content/158/2/z/275a2.png","grade-07-out":"1","grade-08-out":"1","link-01":"http://lonewolfstudios.org/ld45/Win32-Bugfix.zip","link-01-name":"Win32","link-02":"http://lonewolfstudios.org/ld45/Win64-Bugfix.zip","link-02-tag":[42337],"link-02-name":"Win64","link-03":"http://lonewolfstudios.org/ld45/MacOSX-Bugfix.zip","link-03-tag":[42339],"link-03-name":"macOS","link-04":"http://lonewolfstudios.org/ld45/Linux-Bugfix.zip","link-04-tag":[42341],"link-04-name":"Linux","link-05":"http://lonewolfstudios.org/ld45/WebGL-Bugfix","link-05-tag":[42336],"link-05-name":"WebGL"},"path":"/events/ludum-dare/45/infinite-prospector","parents":[1,5,9,159347],"love":0,"notes":15,"notes-timestamp":"2019-10-09T15:58:38Z","grade":{"grade-01":23,"grade-02":23,"grade-03":23,"grade-04":23,"grade-05":23,"grade-06":23},"magic":{"cool":99.227787671367,"feedback":20,"given":16,"grade":23,"grade-01-average":3.452,"grade-01-result":558,"grade-02-average":3.214,"grade-02-result":592,"grade-03-average":2.595,"grade-03-result":971,"grade-04-average":3.071,"grade-04-result":752,"grade-05-average":3.738,"grade-05-result":420,"grade-06-average":3.381,"grade-06-result":353,"smart":5.1847412281556}}]}