{"status":200,"caller_id":0,"cached":[],"node":[{"id":172598,"parent":159347,"superparent":9,"author":78544,"type":"item","subtype":"game","subsubtype":"jam","published":"2019-10-07T22:08:43Z","created":"2019-10-07T17:01:08Z","modified":"2019-10-08T10:49:07Z","version":522225,"slug":"tribal-offerings","name":"Tribal Offerings","body":"![Screen.PNG](///content/0d2/31/z/28461.png)\n\n\n# Tribal Offerings\nTribal Offerings is a chill god game / strategy game about providing tribes with the resources they need to live. Tribes will in return provide you with offerings allowing you to create more resources. \n\n\n## How To\n\nThere will be 3 different tribes (Blue/Water, Green/Wood, Yellow/Ore) that will appear soon after you've placed their corresponding resource. Their inhabitants will wander around during the day to bring back resources to their tribe's houses, then after a hard day of labor get to bed at night.\nEach tribe is independant, meaning they require all types of resources to survive. They're also not really friendly, as in if members of two different tribes cross each other's path they will fight.\n\nThere are 3 types of resources, each of them being necessary for the tribes' survival. :\n\n**Water :** Drinking is healthy and required for a tribe's population to survive and grow.\n\n**Wood :** Wood could be considered as houses' water, being used to maintain existing houses and allowing for new houses to be build. More houses in a village will allow for an higher population limit.\n\n**'Precious' Ore :** Ore is used to make offerings to the divinity, allowing you to place more resources for them to get. Each tribe will provide you with a specific type of resource.\n\nTo place a resource, click on the corresponding resource icon then on the ground. The number of each resource you can place is indicated next to the resource's icon/button.\n\nEach tribe's survival is dependant on the others' as if one of the tribe came to disappear their corresponding resource would not be able to be generated anymore. The key is to manage an access to all three types of resources for each tribe without having them annihilating each other. \n\n## Controls\n\n#### Mouse\n\n**Interact / Place Resources :** Left Click\n\n**Cancel current interaction :** Right Click\n\n**Move Camera :** Move mouse towards screen's edges\n\n**Rotate Camera :** Hold Middle Click + Move Mouse\n\n**Zoom in / out :** Scroll\n\n#### Keyboard\n\n**Move Camera :** WASD / Arrows\n\n**Pause :** Escape\n\n## Team\n\n[Axel Born](http://axelvborn.itch.io) - Developer\n\nJordan Benureau - Artist\n\n[Masami Komuro](https://soundcloud.com/komasami/) - Composer\n\n*Made with Unity.*","meta":{"author":[78544,172618],"link-01-tag":[42336],"link-01":"https://axelvborn.itch.io/tribalofferings","link-01-name":"HTML5 (WebGL)","link-02":"https://axelvborn.itch.io/tribalofferings","link-02-tag":[42337],"cover":"///content/0d2/31/z/28461.png"},"path":"/events/ludum-dare/45/tribal-offerings","parents":[1,5,9,159347],"love":0,"notes":24,"notes-timestamp":"2019-10-29T20:01:20Z","grade":{"grade-01":35,"grade-02":35,"grade-03":35,"grade-04":35,"grade-05":35,"grade-06":34,"grade-07":29,"grade-08":35},"magic":{"cool":108.85337203676,"feedback":5,"given":39.25,"grade":34.125,"grade-01-average":3.758,"grade-01-result":263,"grade-02-average":3.576,"grade-02-result":313,"grade-03-average":3.742,"grade-03-result":179,"grade-04-average":4.091,"grade-04-result":91,"grade-05-average":3.727,"grade-05-result":430,"grade-06-average":4.031,"grade-06-result":61,"grade-07-average":2.593,"grade-07-result":616,"grade-08-average":3.773,"grade-08-result":233,"smart":10.609367751706}}]}