{"status":200,"caller_id":0,"cached":[],"node":[{"id":171623,"parent":159347,"superparent":9,"author":3600,"type":"item","subtype":"game","subsubtype":"compo","published":"2019-10-06T22:27:16Z","created":"2019-10-06T22:17:48Z","modified":"2019-10-06T22:35:29Z","version":503727,"slug":"snowball","name":"Snowball","body":"![snowball_2.gif](///raw/01e/z/2681e.gif)\nRoll your way through 7 levels and collect snow to make a happy snowman.\n\nControls:\n- left/right: move\n- up: jump\n- x/c: reset level\n\n![snowball_1.gif](///raw/01e/z/26832.gif)","meta":{"author":[3600],"cover":"///content/01e/z/267e9.png","allow-anonymous-comments":"1","grade-07-out":"1","link-01":"https://www.lexaloffle.com/bbs/?tid=35583","link-01-tag":[42336],"link-02":"http://lezanu.fr/LD45/snowball.p8","link-02-tag":[42332],"link-03":"http://lezanu.fr/LD45/snowball.zip","link-03-tag":[42337]},"path":"/events/ludum-dare/45/snowball","parents":[1,5,9,159347],"love":0,"notes":15,"notes-timestamp":"2019-10-25T11:46:20Z","grade":{"grade-01":22,"grade-02":22,"grade-03":21,"grade-04":21,"grade-05":22,"grade-06":21,"grade-08":22},"magic":{"cool":51.549419563586,"feedback":12,"given":4.75,"grade":21.571428571429,"grade-01-average":4.05,"grade-01-result":24,"grade-02-average":4.05,"grade-02-result":15,"grade-03-average":4.053,"grade-03-result":33,"grade-04-average":4.184,"grade-04-result":34,"grade-05-average":3.975,"grade-05-result":62,"grade-06-average":3.474,"grade-06-result":121,"grade-08-average":3.875,"grade-08-result":43,"smart":-33.172794679712}}]}