{"status":200,"caller_id":0,"cached":[],"node":[{"id":172804,"parent":159347,"superparent":9,"author":153296,"type":"item","subtype":"game","subsubtype":"jam","published":"2019-10-07T21:51:15Z","created":"2019-10-07T18:54:49Z","modified":"2019-10-07T23:36:46Z","version":519819,"slug":"high-steaks","name":"High Steaks","body":"![cover.png](///content/0d6/52/z/28392.png)\n\nYou're stuck on an island with a cow and you're starting to get really hungry...\n\n---\n\n### The Player\nYou play as this orange shirted* guy; the camera follows the middle of him and your mouse.\n![player.gif](///raw/0d6/52/z/28736.gif)\n\n*or is he just really sunburned?\n\n### Picking up Sticks and Stones\nYou pick up sticks, stones, and your tools by walking over them.\n![picking up.gif](///raw/0d6/52/z/28737.gif)\n\n### Crafting\nPressing (X) will open the crafting menu, where you can click on an item on the left side of the screen to craft with the materials you've picked up.\n![crafting.gif](///raw/0d6/52/z/28732.gif)\n\n### Spear Tossing\nWhile you have the spear, holding the mouse button will start a \"swing aim\". Let go to have the spear fly in the direction the yellow line is pointing. Once your spear lands, it will be able to be picked up again by walking over it\n![spear throwing.gif](///raw/0d6/52/z/2873a.gif)\n\n### Equipment\nYou can only carry one tool at a time, pressing (O) will drop your currently held one allowing you to pick the other up.\n![dropping.gif](///raw/0d6/52/z/2873c.gif)","meta":{"author":[153296],"link-01":"https://friedyeti.itch.io/high-steaks","link-01-tag":[42336],"cover":"///content/0d6/52/z/28392.png","link-01-name":"itch.io","link-02":"https://www.lexaloffle.com/bbs/?tid=35603","link-02-tag":[42336],"link-02-name":"pico-8 bbs"},"path":"/events/ludum-dare/45/high-steaks","parents":[1,5,9,159347],"love":0,"notes":17,"notes-timestamp":"2019-10-20T04:33:55Z","grade":{"grade-01":22,"grade-02":22,"grade-03":22,"grade-04":22,"grade-05":22,"grade-06":22,"grade-07":21,"grade-08":22},"magic":{"cool":111.87032698567,"feedback":2,"given":26.125,"grade":21.875,"grade-01-average":3,"grade-01-result":936,"grade-02-average":3,"grade-02-result":772,"grade-03-average":3,"grade-03-result":693,"grade-04-average":3.6,"grade-04-result":361,"grade-05-average":3.075,"grade-05-result":797,"grade-06-average":3.075,"grade-06-result":511,"grade-07-average":2.526,"grade-07-result":646,"grade-08-average":2.9,"grade-08-result":879,"smart":8.894093032027}}]}