{"status":200,"caller_id":0,"cached":[],"node":[{"id":164378,"parent":159347,"superparent":9,"author":164377,"type":"item","subtype":"game","subsubtype":"jam","published":"2019-10-07T20:34:22Z","created":"2019-10-02T11:40:22Z","modified":"2019-10-10T14:25:32Z","version":527529,"slug":"sandsea","name":"Sand&Sea","body":"## Description\nEvery day nature gives us challenges when you have to start with nothing.\nThere is a strategy game that every child plays first - sandbox. Use sand that you have collected to protect your small fortress.\n\n## Screenshot\n![WhatsApp Image 2019-10-07 at 23.21.20.jpeg](///raw/912/82/z/2784b.jpg)\n\n\n## Controls\nLeft click on ground - take sand.\nRight click on ground - put sand back.\n\n**Left click on bottom menu - select figure to build** (you must have enough collected sand). Left click on ground to build a figure.\n\n## Rules\n**20 star-points – win**. Collect sand, create figures, protect them.\n\n🦀Crab - increases the amount of sand that you collect\n\n🐟Fish - decreases waves size\n\n⭐️Star - get 20 of them to win the game;\n\n🏰Tower can be mixed with other figures. It greatly increases bonuses from figures. Just create one on top of the other.\n\n🗑The bucket is good protection against waves.\n\nP.S. Humor-related bonus on start menu)","meta":{"author":[164377,164381,164407,164423,165034,164640],"link-01-tag":[42336],"cover":"///content/912/82/z/2712f.jpg","link-01":"https://manakhovn.github.io/LD45/index.html","link-02":"https://drive.google.com/open?id=10Flmh79jgP1smqZeMzbF8zM9wyU_G7w0","link-02-tag":[42337]},"path":"/events/ludum-dare/45/sandsea","parents":[1,5,9,159347],"love":0,"notes":68,"notes-timestamp":"2019-10-26T22:16:25Z","grade":{"grade-01":111,"grade-02":113,"grade-03":113,"grade-04":111,"grade-05":113,"grade-06":108,"grade-07":95,"grade-08":110},"magic":{"cool":100,"feedback":45,"given":103.75,"grade":109.25,"grade-01-average":3.486,"grade-01-result":528,"grade-02-average":3.135,"grade-02-result":670,"grade-03-average":3.856,"grade-03-result":135,"grade-04-average":3.537,"grade-04-result":397,"grade-05-average":3.568,"grade-05-result":527,"grade-06-average":3.325,"grade-06-result":383,"grade-07-average":2.489,"grade-07-result":661,"grade-08-average":3.394,"grade-08-result":508,"smart":-19.272966531748}}]}