{"status":200,"caller_id":0,"cached":[],"node":[{"id":159390,"parent":159347,"superparent":9,"author":9110,"type":"item","subtype":"game","subsubtype":"jam","published":"2019-10-07T22:12:17Z","created":"2019-08-26T19:42:34Z","modified":"2019-10-25T04:18:38Z","version":532187,"slug":"soulbound","name":"Soulbound","body":"![Soulbound-Cover.png](///raw/e74/82/z/2843f.png)\n![Screen 3.PNG](///raw/693/2/z/28383.png)\n![Game Gif.gif](///raw/693/2/z/2903b.gif)\n\nSoulbound is a roguelike top-down shooter in a dark, metaphysical setting. Starting with nothing and as nothing, you select from 4 playable spirits to fight your way through purgatory. Move your soul with WASD and aim projectiles with the mouse. Attacks are fired along a timeline, which can be used to rearrange new projectiles to create unique attack combinations. With original artwork and music composed by Team Ghost members Skawly and Conduit, Soulbound leaves the player with an eerie atmosphere in an otherworldly realm.\n\nMove: WASD\nAim Projectiles: Mouse\nInteract: Left Click\n\nThrough the passage of time, your attacks will be initiated.\nYou can rearrange attacks along the attack line by clicking and dragging them.\nAlong your journey, you will find items that grant you new attacks and abilities.\nYou can equip a new item by placing it in your inventory to the right.\nOr cast them aside to the bottom right. Take note, discarded items cannot be retrieved.\n\n\n\n\nGhost in the Toast: Avery Ruth (programmer, pixel artist) | Kelly McDermott (digital artist, graphic designer) | Tyler Byers (music and sound design)","meta":{"author":[9110,122697,164990],"link-01-tag":[42337],"allow-anonymous-comments":"1","link-02":"https://soundcloud.com/officialconduit/sets/soulbound-the-original-soundtrack","link-02-tag":[42440],"link-02-name":"Soundtrack","cover":"///content/e74/82/z/28456.png","link-01":"https://ghostinthetoast.itch.io/soulbound?fbclid=IwAR27vsj4VUEYRlbY8f8QEv5WBzZBC6MqvazKfxpB_UVAbOrFAdcR_D1ctqI"},"path":"/events/ludum-dare/45/soulbound","parents":[1,5,9,159347],"love":0,"notes":35,"notes-timestamp":"2019-10-26T03:34:52Z","grade":{"grade-01":39,"grade-02":39,"grade-03":39,"grade-04":39,"grade-05":40,"grade-06":39,"grade-07":34,"grade-08":36},"magic":{"cool":107.9343858547,"feedback":25,"given":43.25,"grade":38.125,"grade-01-average":4.365,"grade-01-result":10,"grade-02-average":4.297,"grade-02-result":7,"grade-03-average":4.297,"grade-03-result":25,"grade-04-average":3.608,"grade-04-result":358,"grade-05-average":3.947,"grade-05-result":288,"grade-06-average":4.014,"grade-06-result":65,"grade-07-average":2.797,"grade-07-result":525,"grade-08-average":3.926,"grade-08-result":132,"smart":15.729829315494}}]}