{"status":200,"caller_id":0,"cached":[],"node":[{"id":164114,"parent":159347,"superparent":9,"author":125803,"type":"item","subtype":"game","subsubtype":"jam","published":"2019-10-07T11:47:20Z","created":"2019-10-01T21:25:30Z","modified":"2019-10-07T11:49:07Z","version":507463,"slug":"alone-1","name":"Alone","body":"# Synopsis\n\n**​Where am I ?**\n\n​​**What is this place ?**\n\n**​​Am I ... alone ? **\n\n# Description\n\nThis game was made for Ludum Dare 45 (3 LD in a row, yay !) It was a little difficult to find inspiration and motivation but I'm glad I managed to create something I think is nice. It was fun !\n\n# How to play\nArrow or WASD to move\nSpace to jump\n\n# Screenshots\n![2019-10-07_12-43-44.png](///raw/b6b/e1/z/26f52.png)\n\n![2019-10-07_12-44-11.png](///raw/b6b/e1/z/26f5b.png)\n\n![2019-10-07_12-44-36.png](///raw/b6b/e1/z/26f5e.png)","meta":{"author":[125803],"cover":"///content/b6b/e1/z/26f4e.png","grade-05-out":"1","grade-06-out":"1","grade-07-out":"1","link-01":"https://harksa.itch.io/alone","link-01-tag":[42336],"link-02":"https://harksa.itch.io/alone","link-02-tag":[42337]},"path":"/events/ludum-dare/45/alone-1","parents":[1,5,9,159347],"love":0,"notes":15,"notes-timestamp":"2019-10-27T18:25:53Z","grade":{"grade-01":25,"grade-02":24,"grade-03":23,"grade-04":24,"grade-06":1,"grade-08":25},"magic":{"cool":131.12201362144,"feedback":20,"given":24.5,"grade":24.4,"grade-01-average":3.413,"grade-01-result":605,"grade-02-average":2.909,"grade-02-result":859,"grade-03-average":2.619,"grade-03-result":959,"grade-04-average":2.977,"grade-04-result":802,"grade-08-average":4,"grade-08-result":101,"smart":13.248747500398}}]}