{"status":200,"caller_id":0,"cached":[],"node":[{"id":169696,"parent":159347,"superparent":9,"author":330,"type":"item","subtype":"game","subsubtype":"jam","published":"2019-10-06T13:11:34Z","created":"2019-10-05T14:32:05Z","modified":"2019-10-16T15:34:31Z","version":530541,"slug":"you-found-nothing","name":"You found nothing.","body":"![youhavenothing.gif](///raw/a41/z/29a69.gif)\nFeatures:\n- a textbox;\n- a clickable search button;\n\nFeatures I added after the end of the compo:\n- a dwarf;\n\nI'm planning to add more things. Follow me on twitter to find out if I'll be able to: https://twitter.com/dettofernet","meta":{"author":[330],"link-01-tag":[42336],"link-01-name":"Itch.io","cover":"///content/a41/z/25de2.png","grade-06-out":"1","link-01":"https://mastorna.itch.io/you-found-nothing"},"path":"/events/ludum-dare/45/you-found-nothing","parents":[1,5,9,159347],"love":0,"notes":24,"notes-timestamp":"2019-10-25T17:10:19Z","grade":{"grade-01":36,"grade-02":36,"grade-03":36,"grade-04":36,"grade-05":34,"grade-07":36,"grade-08":33},"magic":{"cool":104.5012061751,"feedback":8,"given":32.625,"grade":35.285714285714,"grade-01-average":3.324,"grade-01-result":693,"grade-02-average":3.191,"grade-02-result":615,"grade-03-average":3.162,"grade-03-result":560,"grade-04-average":4.162,"grade-04-result":71,"grade-05-average":2.453,"grade-05-result":999,"grade-07-average":3.809,"grade-07-result":104,"grade-08-average":3.032,"grade-08-result":800,"smart":1.1658585597125}}]}