{"status":200,"caller_id":0,"cached":[],"node":[{"id":159451,"parent":159347,"superparent":9,"author":1577,"type":"item","subtype":"game","subsubtype":"jam","published":"2019-10-07T22:10:02Z","created":"2019-08-27T23:04:08Z","modified":"2019-10-07T22:11:50Z","version":516162,"slug":"awaken","name":"Awaken","body":"![cover](///content/926/z/28031.png)\n\nSummary\n\n--------------------------------------------\n\nYou are trapped and unable to escape. Your encounter the guardian of this area and only have 60 seconds to prepare before it awakens.\n\nControls:\n\n--------------------------------------------\nWASD/Arrow keys - Move  \n1,2,3 - Item slots  \nE/X - Pickup Item  \nSpace - Use Item / Attack","meta":{"author":[1577],"cover":"///content/926/z/28031.png","grade-06-out":"1","link-01":"https://dungeonengineer.itch.io/awaken","link-01-tag":[42336]},"path":"/events/ludum-dare/45/awaken","parents":[1,5,9,159347],"love":0,"notes":22,"notes-timestamp":"2019-10-10T18:32:34Z","grade":{"grade-01":31,"grade-02":31,"grade-03":30,"grade-04":31,"grade-05":31,"grade-07":28,"grade-08":30},"magic":{"cool":95.486371063223,"feedback":35,"given":23.25,"grade":30.285714285714,"grade-01-average":2.983,"grade-01-result":949,"grade-02-average":3.017,"grade-02-result":767,"grade-03-average":2.911,"grade-03-result":770,"grade-04-average":3.5,"grade-04-result":418,"grade-05-average":2.879,"grade-05-result":891,"grade-07-average":2.5,"grade-07-result":652,"grade-08-average":3.018,"grade-08-result":813,"smart":15.050679844643}}]}