{"status":200,"caller_id":0,"cached":[],"node":[{"id":159386,"parent":159347,"superparent":9,"author":75288,"type":"item","subtype":"game","subsubtype":"jam","published":"2019-10-07T22:29:25Z","created":"2019-08-26T19:21:46Z","modified":"2019-10-15T20:58:53Z","version":530327,"slug":"acorn-rush","name":"Acorn Rush","body":"Thanks so much for checking out our entry! After you’re done playing, please share your high score in the comments. (our high score is 3300)\n\nCurrent non-creator high score: @tygrak with 1600 points!\n\n### Lore\nYou were too busy participating in game jams to gather acorns for winter! Now you have to start with nothing and collect enough acorns before it’s too late! Oh! -and watch out for the other squirrels trying to steal your acorns!\n\n### How to play\n* You can deposit the acorns into the tree by either shooting them in, or putting them in directly (clicking when you’re in the hole)\n* Make sure to watch out for the thief squirrels, they take the last 2 things you deposited and make a run for it. If you knock them down, the points are added back automatically. Plus, they leave a golden acorn worth double a normal acorn!\n\n### Controls\n* Movement - WASD or arrow keys\n* Pick-up - Right-click\n* Throw - Left-click\n* Pause - Esc key\n\n### Credits\n* Programming and music by @MrPiedPiper\n* Art and animations by @StinkyKitty\n\nAlso, there's a bug right now that sometimes causes thieves to get stuck after falling. Also the thieves always run to the right :P\n\n![Title.jpg](///raw/816/21/z/28221.jpg)\n\n![Gameplay.jpg](///raw/816/21/z/2822a.jpg)\n\n![gameGIF.gif](///raw/816/21/z/28232.gif)","meta":{"author":[75288,143057],"link-01-tag":[42332],"cover":"///content/816/21/z/2826b.jpg","link-01":"https://github.com/MrPiedPiper/AcornRush","link-02":"https://mrpiedpiper.itch.io/acornrush","link-02-tag":[42337],"link-03":"https://mrpiedpiper.itch.io/acornrush","link-03-tag":[42336],"link-04":"https://mrpiedpiper.itch.io/acornrush","link-04-tag":[42339],"link-05":"https://mrpiedpiper.itch.io/acornrush","link-05-tag":[42341]},"path":"/events/ludum-dare/45/acorn-rush","parents":[1,5,9,159347],"love":0,"notes":32,"notes-timestamp":"2019-10-21T20:26:04Z","grade":{"grade-01":42,"grade-02":41,"grade-03":41,"grade-04":41,"grade-05":42,"grade-06":41,"grade-07":39,"grade-08":40},"magic":{"cool":70.377397340526,"feedback":28,"given":19.75,"grade":40.875,"grade-01-average":3.088,"grade-01-result":885,"grade-02-average":2.974,"grade-02-result":801,"grade-03-average":2.679,"grade-03-result":926,"grade-04-average":2.705,"grade-04-result":963,"grade-05-average":3.563,"grade-05-result":530,"grade-06-average":3.385,"grade-06-result":350,"grade-07-average":2.77,"grade-07-result":533,"grade-08-average":3.145,"grade-08-result":720,"smart":-10.224159750313}}]}