{"status":200,"caller_id":0,"cached":[],"node":[{"id":161992,"parent":159347,"superparent":9,"author":161991,"type":"item","subtype":"game","subsubtype":"jam","published":"2019-10-07T21:57:37Z","created":"2019-09-25T13:55:25Z","modified":"2019-10-08T14:41:21Z","version":522934,"slug":"nothing-for-heaven-1","name":"Nothing For Heaven","body":"Starting with nothing you must climb your way up to the top. Be wary however you started with nothing and you must finish that way.\n\nFirst game jam ever got a bit over ambitious with the concepts and features so started to have a made rush towards the end still had a lot of fun hope you enjoy.\nsorry for any bugs\nELBI & Xotsu\n\nPicking up angel statues reduces nothingness\nKilling enemies adds to nothingness\nJump on top of enemies to kill them\nWASD or Arrow keys to move\nSpacebar to jump\nHold for a larger jump\n\n","meta":{"author":[161991,160865],"cover":"///content/164/72/z/28653.png","link-01":"https://xotsu.itch.io/nothing-for-heaven","link-01-tag":[50],"link-02":"https://elbi-codes.itch.io/nothing-for-heaven","link-02-tag":[42336],"allow-anonymous-comments":"1","link-02-name":"ELBI's","link-03":"","link-03-tag":null,"link-03-name":""},"path":"/events/ludum-dare/45/nothing-for-heaven-1","parents":[1,5,9,159347],"love":0,"notes":47,"notes-timestamp":"2019-10-29T01:45:29Z","grade":{"grade-01":81,"grade-02":80,"grade-03":80,"grade-04":81,"grade-05":80,"grade-06":76,"grade-07":63,"grade-08":76},"magic":{"cool":114.61365101225,"feedback":118,"given":152.25,"grade":77.125,"grade-01-average":2.905,"grade-01-result":990,"grade-02-average":2.718,"grade-02-result":974,"grade-03-average":2.295,"grade-03-result":1079,"grade-04-average":2.658,"grade-04-result":978,"grade-05-average":3.404,"grade-05-result":633,"grade-06-average":2.662,"grade-06-result":631,"grade-07-average":1.861,"grade-07-result":859,"grade-08-average":3.081,"grade-08-result":764,"smart":12.77677488692}}]}