{"status":200,"caller_id":0,"cached":[],"node":[{"id":173188,"parent":159347,"superparent":9,"author":173186,"type":"item","subtype":"game","subsubtype":"jam","published":"2019-10-07T21:36:08Z","created":"2019-10-07T21:03:12Z","modified":"2019-10-07T21:36:08Z","version":513824,"slug":"spew","name":"Spew","body":"You start with nothing in your belly...","meta":{"author":[173186],"allow-anonymous-comments":"1","cover":"///content/284/a2/z/28361.png","link-01":"https://ashashza.itch.io/spew","link-01-tag":[42337],"link-02":"https://ashashza.itch.io/spew","link-02-tag":[42339]},"path":"/events/ludum-dare/45/spew","parents":[1,5,9,159347],"love":0,"notes":38,"notes-timestamp":"2019-10-28T23:43:24Z","grade":{"grade-01":54,"grade-02":54,"grade-03":54,"grade-04":54,"grade-05":54,"grade-06":53,"grade-07":54,"grade-08":51},"magic":{"cool":96.485873626784,"feedback":60,"given":48.875,"grade":53.5,"grade-01-average":3.654,"grade-01-result":333,"grade-02-average":3.567,"grade-02-result":323,"grade-03-average":3.625,"grade-03-result":240,"grade-04-average":3.106,"grade-04-result":732,"grade-05-average":3.173,"grade-05-result":754,"grade-06-average":3.284,"grade-06-result":409,"grade-07-average":3.904,"grade-07-result":84,"grade-08-average":3.224,"grade-08-result":668,"smart":16.115916148072}}]}