{"status":200,"caller_id":0,"cached":[],"node":[{"id":160858,"parent":159347,"superparent":9,"author":99159,"type":"item","subtype":"game","subsubtype":"jam","published":"2019-10-07T19:20:42Z","created":"2019-09-17T06:52:44Z","modified":"2019-10-09T04:55:38Z","version":525151,"slug":"start-with-nothing-8","name":"S͟t͟a͟r͟t͟ With Nothing","body":"My second Ludum Dare. I hope you enjoy the game!\nll","meta":{"author":[99159],"cover":"///content/753/81/z/275a8.png","grade-06-out":"1","link-01":"https://coldsandwich189.itch.io/start-with-nothing","link-01-tag":[42337],"grade-08-out":"1"},"path":"/events/ludum-dare/45/start-with-nothing-8","parents":[1,5,9,159347],"love":0,"notes":20,"notes-timestamp":"2019-10-18T18:43:16Z","grade":{"grade-01":29,"grade-02":29,"grade-03":28,"grade-04":29,"grade-05":29,"grade-07":26,"grade-08":12},"magic":{"cool":114.21898708837,"feedback":23,"given":28.375,"grade":30.333333333333,"grade-01-average":3.389,"grade-01-result":626,"grade-02-average":3.315,"grade-02-result":525,"grade-03-average":3.788,"grade-03-result":161,"grade-04-average":4.296,"grade-04-result":29,"grade-05-average":2.741,"grade-05-result":932,"grade-07-average":3.188,"grade-07-result":327,"grade-08-average":3.25,"smart":12.809856970866}}]}