{"status":200,"caller_id":0,"cached":[],"node":[{"id":171875,"parent":159347,"superparent":9,"author":142647,"type":"item","subtype":"game","subsubtype":"jam","published":"2019-10-07T21:51:41Z","created":"2019-10-07T01:25:31Z","modified":"2019-10-07T22:06:03Z","version":515815,"slug":"cubhead","name":"Cubehead","body":"Our platformer is about a Character, which has at the beginning no abilities. In the Game he got abilities. You have to do difficult jumps. And fight against enemys.\n\n![Screenshot (35).png](///raw/73d/22/z/27e4c.png)\n\nAbilities:\n\n -Jump: I think its clear.\n\n -Ghost: You can walk trough walls.\n\n -Dash: You can move fast forward.\n \n -Shoot: You can Shoot.\n\n![Screenshot (41).png](///raw/73d/22/z/27e6c.png)\n\nThe goal of the game is to get the highest score.\n\nYou control the Character via D, F, R, G, SPACE.\n\nThe game currently runs at a fixed 1920x1080 resolution with no other options present. The game is written in C# and uses the Unity Engine.\n\nHave fun playing our little game! ","meta":{"author":[142647,124526],"link-01":"http://ld-von-hinten.gecco.xyz/","link-01-tag":[42336],"grade-06-out":"1","cover":"///content/73d/22/z/280fb.png"},"path":"/events/ludum-dare/45/cubhead","parents":[1,5,9,159347],"love":0,"notes":17,"notes-timestamp":"2019-10-20T19:00:05Z","grade":{"grade-01":27,"grade-02":28,"grade-03":26,"grade-04":26,"grade-05":27,"grade-07":24,"grade-08":25},"magic":{"cool":108.759236061,"feedback":18,"given":25.875,"grade":26.142857142857,"grade-01-average":3.18,"grade-01-result":815,"grade-02-average":3,"grade-02-result":772,"grade-03-average":2.938,"grade-03-result":748,"grade-04-average":2.167,"grade-04-result":1092,"grade-05-average":3.22,"grade-05-result":729,"grade-07-average":2.045,"grade-07-result":832,"grade-08-average":2.587,"grade-08-result":995,"smart":14.410717734134}}]}