{"status":200,"caller_id":0,"cached":[],"node":[{"id":160911,"parent":159347,"superparent":9,"author":160906,"type":"item","subtype":"game","subsubtype":"jam","published":"2019-10-07T21:59:43Z","created":"2019-09-17T18:25:39Z","modified":"2019-10-08T10:12:32Z","version":522095,"slug":"lost-in-the-fog-1","name":"Lost in the Fog","body":"You, once a noble man who had everything, now kidnapped, deprived of anything and left to die in strange foggy forest. Now you have nothing and must find some way to escape this foggy place.\n\n![piece2.gif](///raw/a84/72/z/28b7b.gif)\n\nDive into the atmospheric world of this game.\n\n- W,A,S,D - Movement\n- F - Interact\n- R - Use Medkit\n- LMB - Attack\n\nThis is my first game jam. And as all who participates for the first time I overestimate my possibilities. :smile: \nI am eager to know what you think about it. Leave any kind of feedback, thus will help me make my game better, and probably publish it in the future. So, give it a try and enjoy :slight_smile: \n\nCredits: \n\nThis game is made for you by Pavlo 'Eifersuuucht' Nemchenko.\n\nLinkedIn: https://www.linkedin.com/in/pavel-nemchenko-4438b017b/​","meta":{"author":[160906],"cover":"///content/a84/72/z/27ea3.png","allow-anonymous-comments":"1","grade-05-out":"1","grade-06-out":"1","link-01":"https://eifersuuucht.itch.io/lost-in-the-fog","link-01-tag":[42336]},"path":"/events/ludum-dare/45/lost-in-the-fog-1","parents":[1,5,9,159347],"love":0,"notes":9,"notes-timestamp":"2019-10-10T05:15:24Z","grade":{"grade-01":25,"grade-02":25,"grade-03":25,"grade-04":25,"grade-07":23,"grade-08":26},"magic":{"cool":120.28335340513,"feedback":11,"given":25.5,"grade":24.833333333333,"grade-01-average":3.109,"grade-01-result":869,"grade-02-average":2.978,"grade-02-result":794,"grade-03-average":2.674,"grade-03-result":929,"grade-04-average":3.63,"grade-04-result":344,"grade-07-average":2.214,"grade-07-result":781,"grade-08-average":3.708,"grade-08-result":284,"smart":11.728337840093}}]}