{"status":200,"caller_id":0,"cached":[],"node":[{"id":162691,"parent":159347,"superparent":9,"author":124126,"type":"item","subtype":"game","subsubtype":"jam","published":"2019-10-07T21:43:27Z","created":"2019-09-28T23:45:31Z","modified":"2019-10-13T20:58:05Z","version":529642,"slug":"bodyville","name":"Bodyville","body":"In this game, you play as your immune system. You start with one macrophage (a creepy pink fella), and one lymphocyte (a blue star-like fella) that can't make any antibodies yet. You have to control the macrophages so they can eat the invaders (green creepy things), and move the lymphocytes so that they make antibodies near the invadors' paths.\n\nThe point of the game is to defend the cell structures from the invaders. If all cell structures are destroyed, the game is lost. There are waves of enemies; once you survive them all, you win the game. Each wave activates a spawn point in a different tunnel (a total of 4), so make sure to spread your macrophages and lymphocytes across the map.\n\nMacrophages and lymphocytes can divide. Macrophages divide when they eat 10 invaders. Lymphocytes divide once, about a minute after creation. You can control every cell that has been divided.\n\nWhen you start the game, the lymphocytes can't produce antibodies. You have two choices: either move the lymphocyte so that it gets hit by an invader, or use a macrophage to eat an invader, and then share the genetic information with a lymphocyte. You can also move the lymphocyte so that it shares the genes with another lymphocyte.\n\nAntibodies slow down the invaders upon collision.\nWhen any cell gets hit by an invader, it loses health. Macrophages gain health when they eat an invader.\n\nControls:\n- Original version: Left click to select a unit, left click to set a target. Post-Jam version: Click on a macrophage or a lymphocyte, then right click on a target. CTRL+click to select multiple units.\n\n- Macrophages can go to a point on the floor, or they can chase invaders or lymphocytes.\n\n- Lymphocytes can go to a point on the floor.\n\n- Esc for main menu.\n\n- WASD or move mouse to screen edges to move camera.\n\n- QE or mouse wheel to move camera up/down.\n\nThat's pretty much it. I had plans for invaders to mutate, but I ran out of time.\n\nSometimes the invaders can get stuck in the cells. You can use the macrophages to eat them.\n\n**There are two versions available in the download: the original LD45 submission, and the one that introduces some changes to the game, as per this post: [https://ldjam.com/events/ludum-dare/45/bodyville/a-big-update](https://ldjam.com/events/ludum-dare/45/bodyville/a-big-update).**\n\n![scr1.png](///raw/ed4/e1/z/27cd4.png)\n\n![scr2.png](///raw/ed4/e1/z/27ce1.png)\n\n![scr3.png](///raw/ed4/e1/z/27ced.png)","meta":{"author":[124126],"grade-06-out":"1","link-01-tag":[42337],"grade-07-out":"1","link-01":"https://kr0s.itch.io/bodyville-ld45-edition","cover":"///content/ed4/e1/z/27d39.png"},"path":"/events/ludum-dare/45/bodyville","parents":[1,5,9,159347],"love":0,"notes":20,"notes-timestamp":"2019-10-17T18:59:35Z","grade":{"grade-01":34,"grade-02":34,"grade-03":34,"grade-04":34,"grade-05":35,"grade-08":33},"magic":{"cool":111.11677990074,"feedback":33,"given":30.25,"grade":34,"grade-01-average":3.359,"grade-01-result":663,"grade-02-average":2.891,"grade-02-result":873,"grade-03-average":3.281,"grade-03-result":479,"grade-04-average":3.016,"grade-04-result":777,"grade-05-average":3.697,"grade-05-result":452,"grade-08-average":3.242,"grade-08-result":648,"smart":15.573106115319}}]}