{"status":200,"caller_id":0,"cached":[],"node":[{"id":173444,"parent":159347,"superparent":9,"author":84468,"type":"item","subtype":"game","subsubtype":"jam","published":"2019-10-07T22:25:11Z","created":"2019-10-07T21:49:16Z","modified":"2019-11-01T19:13:44Z","version":533560,"slug":"muscle-typer","name":"Muscle Typer","body":"Silly typing game. Type stuff correct to get those gains. Made with Godot\n\n**Post-jam note**  \nGosh darnit we gotta keep going with this, one way or another. Future updates shall be posted on [itch](https://organicpencil.itch.io/muscle-typer) and [indiedb](https://www.indiedb.com/games/muscle-typer), for anyone interested.","meta":{"author":[84468,134783,126565],"cover":"///content/4f9/41/z/281cc.png","link-01":"https://organicpencil.itch.io/muscle-typer","link-01-tag":[42336],"link-02":"https://organicpencil.itch.io/muscle-typer","link-02-tag":[42341],"link-03":"https://organicpencil.itch.io/muscle-typer","link-03-tag":[42339],"link-04":"https://organicpencil.itch.io/muscle-typer","link-04-tag":[42337],"link-05":"https://github.com/organicpencil/ld45","link-05-tag":[42332],"link-05-name":"Source code (Godot)"},"path":"/events/ludum-dare/45/muscle-typer","parents":[1,5,9,159347],"love":0,"notes":31,"notes-timestamp":"2019-10-29T19:36:09Z","grade":{"grade-01":43,"grade-02":43,"grade-03":43,"grade-04":44,"grade-05":44,"grade-06":42,"grade-07":44,"grade-08":44},"magic":{"cool":92.968101231593,"feedback":63,"given":36.625,"grade":43.375,"grade-01-average":3.5,"grade-01-result":505,"grade-02-average":3.854,"grade-02-result":138,"grade-03-average":3.049,"grade-03-result":670,"grade-04-average":3.083,"grade-04-result":743,"grade-05-average":3.179,"grade-05-result":751,"grade-06-average":3.388,"grade-06-result":349,"grade-07-average":4.464,"grade-07-result":2,"grade-08-average":3.571,"grade-08-result":368,"smart":22.530706782762}}]}