{"status":200,"caller_id":0,"cached":[],"node":[{"id":160706,"parent":159347,"superparent":9,"author":3398,"type":"item","subtype":"game","subsubtype":"jam","published":"2019-10-07T22:44:22Z","created":"2019-09-15T12:11:40Z","modified":"2019-10-20T19:42:53Z","version":531370,"slug":"bob","name":"Bob","body":"&nbsp;\n![logo.png](///raw/64d/z/27941.png)\n\n### Bobbing on the surface of the sea isn't an easy lifestyle choice. Build a fancy raft, salvage the ocean's treasures, and attract beautiful mermaids!\n\n# 🎮 [➡ PLAY BOB](http://www.mostlyoriginal.net/play-bob/) (HTML5)\n\n![screen1.png](///raw/64d/z/283b9.png)\n\n---\n\n### :joystick: Controls/How To Play\n* **WASD** or **CURSOR KEYS** for movement.\n* **SPACE** or **SHIFT** to dive/pickup/drop/eat.\n* Don't want music? Just drop the radio in the ocean!\n* Pick up driftwood to **expand your raft**.\n* **Dive down** where you see underwater silhouettes and salvage sunken treasure or other useful items.\n* Being in the water **depletes your endurance**. **Rest on your raft** or have a **bite to eat** to regenerate your energy.\n* Miss your wife cause you've been out at sea? No worries, build your raft big enough and surely you'll **attract a beautiful mermaid!**\n\n\n---\n\n### :family_mmb: Credits\n\n- :computer: @daanvanyperen | coding | [twitter](https://twitter.com/DaanRedblade), [github](https://github.com/DaanVanYperen/), [website](http://www.mostlyoriginal.net)\n- :art: @flaterectomy | graphics | [twitter](https://twitter.com/flaterectomy), [soundcloud](https://soundcloud.com/flaterectomy), [YouTube](https://www.youtube.com/channel/UCn1zg3Jdr8LNnulISBtQs6w), [website](http://www.flaterectomy.com), [portfolio](http://portfolio.flaterectomy.com)\n- :musical_score: @meatmachine | music & audio | [twitter](https://twitter.com/IcarusMachine), [soundcloud](https://soundcloud.com/theectocosm)\n\nBob is @daanvanyperen's 15th official Ludum Dare entry, @flaterectomy's 10th, and @meatmachine's 8th.\n\n---\n\n### :movie_camera: Timelapse Videos\n\n#### Coding Timelapse\n*Coming soon!*\n#### Pixelart Timelapse\nhttps://www.youtube.com/watch?v=poEe9lhdnYk\n\n---\n\n### :notebook_with_decorative_cover: Blog Posts\n* [Pre-LD: Tips & Tricks](https://ldjam.com/events/ludum-dare/45/$160706/tips-tricks)\n* [Pre-LD: Wallpaper](https://ldjam.com/events/ludum-dare/45/$160706/wallpaper)\n* [Pre-LD: You Can't Spell Slaughter Without Ugh](https://ldjam.com/events/ludum-dare/45/$160706/you-cant-spell-slaughter-without-ugh)\n* [Pre-LD: Grid Game: an LD45 Warm-up](https://ldjam.com/events/ludum-dare/45/$160706/grid-game-an-ld45-warm-up)\n* [Lo and behold: Bob!](https://ldjam.com/events/ludum-dare/45/bob/lo-and-behold-bob)\n---","meta":{"author":[3398,6977,10558],"link-01-tag":[42336],"allow-anonymous-comments":"1","cover":"///content/64d/z/27fe6.png","link-01":"http://www.mostlyoriginal.net/play-bob/","link-02":"https://github.com/DaanVanYperen/odb-bob/","link-02-tag":[42332]},"path":"/events/ludum-dare/45/bob","parents":[1,5,9,159347],"love":0,"notes":39,"notes-timestamp":"2019-10-21T12:54:51Z","grade":{"grade-01":58,"grade-02":59,"grade-03":59,"grade-04":59,"grade-05":59,"grade-06":55,"grade-07":58,"grade-08":57},"magic":{"cool":58.48976518656,"feedback":16,"given":19.5,"grade":58,"grade-01-average":4.214,"grade-01-result":34,"grade-02-average":4.158,"grade-02-result":33,"grade-03-average":3.649,"grade-03-result":225,"grade-04-average":4.368,"grade-04-result":17,"grade-05-average":4.272,"grade-05-result":105,"grade-06-average":3.972,"grade-06-result":83,"grade-07-average":3.67,"grade-07-result":144,"grade-08-average":4.027,"grade-08-result":96,"smart":-32.85689371714}}]}