{"status":200,"caller_id":0,"cached":[],"node":[{"id":171341,"parent":159347,"superparent":9,"author":5271,"type":"item","subtype":"game","subsubtype":"jam","published":"2019-10-07T21:29:14Z","created":"2019-10-06T20:19:14Z","modified":"2019-10-19T10:21:56Z","version":531099,"slug":"terra-farma","name":"Terra Farma","body":"![screen.PNG](///raw/794/1/z/27c0b.png)\n\nSimple farming game where you plant crops and harvest them to make money.\n\n## Controls\nUse the arrows to move, the spacebar to interact, and the number keys to select the seed.\nThe numbers at the bottom indicate the amount of seeds and the amount of fruits.\n\n## Instructions\nBuy seeds in the bag at the bottom, plant your seeds in the field, water them, sleep a few nights, harvest your crops and sell them for a profit.\n\n\nCreated from scratch in HTML/Javascript/CSS.\n\nArt from opengameart.org, most notably Daniel Eddeland and BenCreating.\nMusic from incompetech.com, Kevin MacLeod","meta":{"author":[5271],"grade-07-out":"1","link-01":"https://antoniem.com/ld45/","link-01-tag":[42336],"cover":"///content/794/1/z/27bff.png"},"path":"/events/ludum-dare/45/terra-farma","parents":[1,5,9,159347],"love":0,"notes":13,"notes-timestamp":"2019-10-29T19:53:05Z","grade":{"grade-01":26,"grade-02":26,"grade-03":26,"grade-04":26,"grade-05":21,"grade-06":20,"grade-08":25},"magic":{"cool":102.43938285881,"feedback":0,"given":21.25,"grade":24.285714285714,"grade-01-average":3.229,"grade-01-result":765,"grade-02-average":3.125,"grade-02-result":680,"grade-03-average":2.396,"grade-03-result":1053,"grade-04-average":3.271,"grade-04-result":594,"grade-05-average":3.237,"grade-05-result":722,"grade-06-average":2.944,"grade-06-result":545,"grade-08-average":3.432,"grade-08-result":476,"smart":-8.3269134246049}}]}