{"status":200,"caller_id":0,"cached":[],"node":[{"id":165894,"parent":159347,"superparent":9,"author":165893,"type":"item","subtype":"game","subsubtype":"jam","published":"2019-10-06T22:40:30Z","created":"2019-10-04T01:04:48Z","modified":"2019-10-06T22:42:17Z","version":503931,"slug":"soul-corrupter","name":"Soul Corrupter","body":"![logo_large.png](///raw/631/82/z/261a0.png)\n\n# What in tarnation is SOUL CORRUPTER?\n* Swing on your tether around the map\n* Gain speed to summon a portal and defeat enemies inside\n* Grow stronger to extend your reach\n* Dodge enemy fire with your dash\n\n\n# Lore\nIn this game you play as a demon corrupting innocent souls to grow your strength. You are slow on your feet, but quick in the air. Using your grappling skull you are able to fly around the map and corrupt souls.\n\n![54f108969f3cfdbdc84f7f7381f33f61.gif](///raw/508/82/z/26678.gif)\n\n\n# Controls:\n## GamePad (Highly recommended):\n* move with left stick\n* aim with right stick\n* fire grapple by holding right trigger\n* release grapple by letting go of right trigger\n* dash with left trigger\n\n\n## Mouse/Keyboard:\n* wasd to move player\n* aim with mouse\n* hold left click to fire grapple\n* right click to dash\n\n\n### Special thanks to:\n* Ben Weno (Programming and Level Design)\n* Joseph Gaiser (Sound and Game Art)\n* Elias Gross (Sound, Music, and Game Art)\n* Marielle Gaiser (Concept Art)\n* 0x72 for his tileset: https://0x72.itch.io/dungeontileset-ii\n* PlayOnLoop for music: https://www.playonloop.com/2019-music-loops/the-foyer/\n\n![screeny.png](///raw/508/82/z/26692.png)\n","meta":{"author":[165893,164150],"link-01-tag":[42332],"grade-07-out":"1","cover":"///content/508/82/z/2666b.gif","link-02":"https://supercanon.itch.io/soul-corrupter","link-02-tag":[42336],"link-03":"https://supercanon.itch.io/soul-corrupter","link-03-tag":[42337]},"path":"/events/ludum-dare/45/soul-corrupter","parents":[1,5,9,159347],"love":0,"notes":27,"notes-timestamp":"2019-10-29T19:18:55Z","grade":{"grade-01":34,"grade-02":33,"grade-03":34,"grade-04":33,"grade-05":34,"grade-06":33,"grade-07":15,"grade-08":34},"magic":{"cool":103.05258226141,"feedback":31,"given":32.125,"grade":35.714285714286,"grade-01-average":3.578,"grade-01-result":425,"grade-02-average":3.71,"grade-02-result":218,"grade-03-average":3.781,"grade-03-result":164,"grade-04-average":2.855,"grade-04-result":870,"grade-05-average":3.453,"grade-05-result":608,"grade-06-average":3.194,"grade-06-result":452,"grade-07-average":2.846,"grade-08-average":3.531,"grade-08-result":398,"smart":14.677319352889}}]}