{"status":200,"caller_id":0,"cached":[],"node":[{"id":163537,"parent":159347,"superparent":9,"author":126321,"type":"item","subtype":"game","subsubtype":"jam","published":"2019-10-07T22:06:42Z","created":"2019-09-30T19:48:02Z","modified":"2019-10-07T22:50:42Z","version":518187,"slug":"updates-1","name":"Updates","body":"Start with nothing...\n\nYour CPU crashed and your game is now showing only binary code! \nDon't worry, you can collect updates in the game and unlock the graphics and audio. BUT be careful - if an enemy hits you, you will lose your progress and you will have to install them again! \n\nHints: When you hear the witch laugh, stop move!\nFrankenstein is surely big, will he still be big in binary form?\n\n\nINSTRUCTIONS:\n\nPlease play full screen\n\nMove with W A S D \n\nCode by Marco Minganna - https://www.marcominganna.com\n\nGraphics by Lucia Paganini - https://lucisaurus.com\n\nAudio by free online resources - www.youtube.com/watch?v=JRlcYMiHtE8 www.youtube.com/watch?v=ChbWFvZATFA\n\n\nWe hope you enjoy our game, thanks for dropping by!\n","meta":{"author":[126321,202435],"grade-06-out":"1","allow-anonymous-comments":"1","link-01-tag":[42336],"cover":"///content/17d/e1/z/27eb2.jpg","link-01":"https://minga.itch.io/updates","link-02":"","link-02-tag":null},"path":"/events/ludum-dare/45/updates-1","parents":[1,5,9,159347],"love":0,"notes":15,"notes-timestamp":"2019-10-11T15:40:16Z","grade":{"grade-01":27,"grade-02":28,"grade-03":28,"grade-04":28,"grade-05":28,"grade-07":27,"grade-08":27},"magic":{"cool":79.864750537258,"feedback":8,"given":14.75,"grade":27.571428571429,"grade-01-average":2.92,"grade-01-result":982,"grade-02-average":2.404,"grade-02-result":1075,"grade-03-average":3.462,"grade-03-result":356,"grade-04-average":3.346,"grade-04-result":526,"grade-05-average":3.192,"grade-05-result":741,"grade-07-average":2.66,"grade-07-result":578,"grade-08-average":2.86,"grade-08-result":905,"smart":-17.534745894316}}]}