{"status":200,"caller_id":0,"cached":[],"node":[{"id":169931,"parent":159347,"superparent":9,"author":169929,"type":"item","subtype":"game","subsubtype":"compo","published":"2019-10-05T18:58:53Z","created":"2019-10-05T17:39:24Z","modified":"2019-10-05T18:58:53Z","version":496240,"slug":"in-the-beginning","name":"In the beginning","body":"> In the beginning there was nothing.\n>\n> Then came life.\n>\n> And walls. Because nothing is easy.\n\n![begin_teaser.gif](///raw/9c7/92/z/25a80.gif)\n","meta":{"author":[169929],"link-01":"https://github.com/djeedai/ld45","link-01-tag":[50],"link-01-name":"GitHub source","link-02":"https://raw.githubusercontent.com/djeedai/ld45/master/begin_teaser.mp4","link-02-tag":[42517],"link-02-name":"Teaser video","cover":"///content/9c7/92/z/2653b.png","link-03":"https://github.com/djeedai/ld45/files/3694868/LudumDare45_djee_InTheBeginning_pc_x64.zip","link-03-tag":[42337],"link-03-name":"Windows PC x64 (Unity Standalone)","link-04":"https://djee.itch.io/in-the-beginning","link-04-tag":[42336]},"path":"/events/ludum-dare/45/in-the-beginning","parents":[1,5,9,159347],"love":0,"notes":25,"notes-timestamp":"2019-10-15T19:13:07Z","grade":{"grade-01":30,"grade-02":30,"grade-03":30,"grade-04":30,"grade-05":30,"grade-06":30,"grade-07":28,"grade-08":29},"magic":{"cool":81.738746671475,"feedback":37,"given":19.125,"grade":29.625,"grade-01-average":3.411,"grade-01-result":253,"grade-02-average":3.268,"grade-02-result":225,"grade-03-average":3.339,"grade-03-result":225,"grade-04-average":3.554,"grade-04-result":196,"grade-05-average":2.643,"grade-05-result":429,"grade-06-average":2.911,"grade-06-result":275,"grade-07-average":2.865,"grade-07-result":170,"grade-08-average":3.204,"grade-08-result":230,"smart":10.84094137869}}]}