{"status":200,"caller_id":0,"cached":[],"node":[{"id":159871,"parent":159347,"superparent":9,"author":97367,"type":"item","subtype":"game","subsubtype":"compo","published":"2019-10-06T14:18:14Z","created":"2019-09-03T16:34:32Z","modified":"2019-10-11T08:39:40Z","version":528137,"slug":"ld45","name":"Molecular Madness","body":"\t!!!NOTE!!!\n\tWebGL:\t\tSaw live stream - caught breaking crash - analyzing\n\tWINDOWS: \t!!Windows version apparently does not have the crash bug - or haven't seen it yet.\n\tYouTube:\tAlso added a link to a youtube video which showcases the game. Although the tutorial is shown in the second part of the video.\n\nWas not expecting this theme - but here we go :thumbsup_tone1: \n\nThis game is about absorping the weaker molecules (:red_circle:) and in doing so - you gain one of their atoms for yourself. When you reach 29 atoms the level changes and the difficulty ramps up.\n\nYou need to avoid stronger molecules. The yellow (:yellow_heart:) neutrons are safe pickups - but the blue (:large_blue_circle:) anti-matter is dangerous. \n\nYellow and red are both visible on this screenshot:\n![RC Screenshot.png](///raw/75c/71/z/26201.png)\n\nNumber of levels is indicated in the user interface once it unlocks; This is the first feature to unlock from nothingness, then comes the map in the background and the stars; You're molecule also starts out as nothing.\n\nHave a fantastic day :thumbsup_tone1: :star: \n\n:purple_heart: :dart: :frog: \n\nNOTE: The game is only gonna be changed during the voting if I find any bugs (which looks to be allowed).\n\n!!!NOTE!!! - saw a live stream and caught a gaming breaking crash - trying to figure out the problem !!!NOTE!!!","meta":{"author":[97367],"link-01-tag":[50],"cover":"///content/75c/71/z/25e0d.png","link-01":"https://bitbucket.org/PurpledArtFrog/23ldjam45-molecular-madness/src","link-02":"http://www.purpledartfrog.com/my-game-titles/ld45molecularmadness.html","link-02-tag":[42336],"link-03":"http://purpledartfrog.com/Games/LD45%20-%20Uploads/MolecularMadnessWindows.zip","link-03-tag":[42337],"link-03-name":"Windows","link-04":"https://youtu.be/slaWFWu3Igk","link-04-tag":[42517],"link-04-name":"Youtube"},"path":"/events/ludum-dare/45/ld45","parents":[1,5,9,159347],"love":0,"notes":58,"notes-timestamp":"2019-10-24T16:49:41Z","grade":{"grade-01":49,"grade-02":50,"grade-03":49,"grade-04":49,"grade-05":50,"grade-06":49,"grade-07":45,"grade-08":49},"magic":{"cool":94.064698688015,"feedback":60,"given":42.25,"grade":48.75,"grade-01-average":3.489,"grade-01-result":214,"grade-02-average":3.51,"grade-02-result":145,"grade-03-average":3.223,"grade-03-result":253,"grade-04-average":3.606,"grade-04-result":182,"grade-05-average":3.24,"grade-05-result":272,"grade-06-average":3.149,"grade-06-result":214,"grade-07-average":3.012,"grade-07-result":142,"grade-08-average":3.234,"grade-08-result":216,"smart":16.48208067068}}]}