{"status":200,"caller_id":0,"cached":[],"node":[{"id":171567,"parent":159347,"superparent":9,"author":152623,"type":"item","subtype":"game","subsubtype":"compo","published":"2019-10-06T22:19:16Z","created":"2019-10-06T21:59:41Z","modified":"2019-10-08T05:19:27Z","version":521382,"slug":"no-body","name":"No Body","body":"You start with nothing, and have to sell your body to survive.\n\n![preview.png](///raw/f24/52/z/28a70.png)\n\nInstructions : find + talk to doctors to get upgrades and get the golden apple to win!\n\nErrata:\nI fixed soft-lock that prevent completing the game if you get armor first, and music not working.\nAlso made a more visually appealing cover image.","meta":{"author":[152623],"link-01-tag":[42332],"cover":"///content/f24/52/z/28a6e.png","allow-anonymous-comments":"1","link-02":"https://lize.itch.io/nobody","link-02-tag":[42337],"link-03":"https://lize.itch.io/nobody","link-03-tag":[42336],"link-01":"https://github.com/lizelive/nobody"},"path":"/events/ludum-dare/45/no-body","parents":[1,5,9,159347],"love":0,"notes":31,"notes-timestamp":"2019-10-09T20:11:47Z","grade":{"grade-01":42,"grade-02":43,"grade-03":43,"grade-04":42,"grade-05":43,"grade-06":19,"grade-07":42,"grade-08":42},"magic":{"cool":114.52896191306,"feedback":14,"given":50.5,"grade":39.5,"grade-01-average":2.7,"grade-01-result":477,"grade-02-average":2.268,"grade-02-result":495,"grade-03-average":2.378,"grade-03-result":481,"grade-04-average":2.65,"grade-04-result":456,"grade-05-average":2.573,"grade-05-result":440,"grade-06-average":2.294,"grade-06-result":351,"grade-07-average":3.05,"grade-07-result":132,"grade-08-average":2.625,"grade-08-result":424,"smart":16.496474502144}}]}