{"status":200,"caller_id":0,"cached":[],"node":[{"id":171479,"parent":159347,"superparent":9,"author":171475,"type":"item","subtype":"game","subsubtype":"compo","published":"2019-10-06T21:38:15Z","created":"2019-10-06T21:30:25Z","modified":"2019-10-08T02:17:51Z","version":520890,"slug":"the-thing","name":"The Thing","body":"Game I made where the player has to make anagrams with the word nothing to progress in the level!\nThe name of the character is Thing! It is a sidescroller platformer with 3D graphics! Models, textures, animations, programming all done by me =) Hope you enjoy!![1.png](///raw/3dd/92/z/27012.png)\n\n![2.png](///raw/3dd/92/z/27018.png)\n\n![3.png](///raw/3dd/92/z/2701a.png)\n\n![4.png](///raw/3dd/92/z/27024.png)","meta":{"author":[171475],"cover":"///content/3dd/92/z/2655a.png","grade-06-out":"1","link-01":"https://drive.google.com/open?id=1NbwKZ2WjsvWBrY3crhG13OCAsCfHtQ89","link-01-tag":[42332],"link-01-name":"Unreal Engine 4.19","link-02":"https://gamejolt.com/games/thething/443218","link-02-tag":[42440],"link-02-name":"Game Jolt Page","link-03":"https://drive.google.com/open?id=12Tl_nS3xJJlzgVhQB1mHV1Gdp7D_qLpW","link-03-tag":[42337],"link-03-name":"Windows 64 Direct Download"},"path":"/events/ludum-dare/45/the-thing","parents":[1,5,9,159347],"love":0,"notes":17,"notes-timestamp":"2019-10-08T14:53:01Z","grade":{"grade-01":22,"grade-02":22,"grade-03":23,"grade-04":23,"grade-05":23,"grade-06":2,"grade-07":22,"grade-08":22},"magic":{"cool":101.64214592291,"feedback":25,"given":19.5,"grade":22.714285714286,"grade-01-average":3.95,"grade-01-result":47,"grade-02-average":3.75,"grade-02-result":77,"grade-03-average":4.31,"grade-03-result":9,"grade-04-average":4.381,"grade-04-result":12,"grade-05-average":3.619,"grade-05-result":144,"grade-07-average":3.45,"grade-07-result":69,"grade-08-average":3.475,"grade-08-result":144,"smart":14.957988991798}}]}