{"status":200,"caller_id":0,"cached":[],"node":[{"id":171212,"parent":159347,"superparent":9,"author":860,"type":"item","subtype":"game","subsubtype":"compo","published":"2019-10-06T19:07:08Z","created":"2019-10-06T18:59:55Z","modified":"2019-10-08T12:06:47Z","version":522470,"slug":"conjury-the-convocation-the-rpg","name":"Conjury: The Convocation the RPG","body":"![cover.png](///raw/c53/z/2616f.png)\nWelcome to the world of Conjury: The Convocation, the worlds hottest collectable card game. You have decided to make your place in the world by winning the prestigious masters tournament. To do so you'll have to trade cards, train your skills, outwit opponents, and play smaller tournaments to work your way up.\n\nThe game consists of three primary screens:\nCharacter - Where you can allocate points for your character, your card collection, and your deck. There are descriptions of what each skill and card type does. It's important to make your deck, it is what will be used during a match.\nHub - Where you choose what tournaments to play, trade for new cards, and access the character screen. You should try to trade after each tournament. After each tournament there is also a chance you'll get a skill point to spend.\nMatch - Playing a match against an opponent.\n\n\nHow to play a match:\nMatches are divided into four phases\n\n1. Initial Choice - During this stage you choose the Card Type you'll be focusing on and your Play Sytle. The value of each Card Type is taken from your deck. The value of each Play Style is equal to the number of points you put in that skill. Click on the cards to side to choose it, click on the ones in the center to unchoose them. You can also adjust how much you want to Cheat by using the two buttons at the bottom.\n\n2. Observation - You and your opponent now do a an opposed roll against each of your Observation skills. There are three possiblities:\n   i. You win: You get a chance to reveal either the opponents Play Style, Card Type, or their Cheating value. After you've revealed something you can make adjustments to your Play Style, Card Type, and Cheating.\n  ii. Opponent wins: You don't get to do anything. Your opponent will reveal something and make adjustments.\n iii. Tie: Both you and your opponent can make adjustments. The adjustments are applied after you reveal something.\n\n3. Resolution - You and your opponent make an opposed roll. The base number of dice rolled is the sum of the values of Play Style, Card Type, and Cheat. These are rolled against a base Target of 4. Any die rolled above or equal to the Target counts as a success. The person with the most successes win. Ties are rerolled. There are also various modifiers applied before the rolls are made.\n   i. If a players Card Type has advantage against the opponents Card Type the Target of the advantaged player's roll is reduced by one.\n  ii. If the players Play Style has advantage against the opponents Play Style the Target of the advantaged player's roll is reduced by one.\n iii. If the players Card Type and Play Style work well together the number of dice rolled is increased by one.\n  iv. If the player is using a net deck they Target of their roll is increased by one.\n\n4. Cheat Detection - Finally the winner makes an opposed roll of their Cheating stat versus how much they Cheated in the match. If the Cheated roll is greater they were caught, and they lose.\n\n\nCard Type Advantages:\nAggro beats Control\nControl beats Combo\nCombo beats Aggro\n\nPlay Style Advantages:\nBold beats Bluffing\nBluffing beats Strategy\nStrategy beats Bold\n\nType-Style Synergies:\nBold words with Aggro\nBluffing works with Control\nStrategy works with Combo","meta":{"author":[860],"allow-anonymous-comments":"1","cover":"///content/c53/z/26146.png","link-01":"https://github.com/JesseRahikainen/LD45","link-01-tag":[50],"link-01-name":"Source","link-02":"https://github.com/JesseRahikainen/LD45/raw/master/LD45_Conjury.zip","link-02-tag":[42337],"link-02-name":"Windows Zip","link-03":"https://jesserahikainen.github.io/Conjury/LD45.html","link-03-tag":[42440],"link-03-name":"Wasm"},"path":"/events/ludum-dare/45/conjury-the-convocation-the-rpg","parents":[1,5,9,159347],"love":0,"notes":10,"notes-timestamp":"2019-10-22T20:44:10Z","grade":{"grade-01":29,"grade-02":29,"grade-03":29,"grade-04":29,"grade-05":29,"grade-06":26,"grade-07":27,"grade-08":27},"magic":{"cool":116.98989676336,"feedback":0,"given":37.125,"grade":28.125,"grade-01-average":3.222,"grade-01-result":333,"grade-02-average":3.074,"grade-02-result":318,"grade-03-average":3.796,"grade-03-result":83,"grade-04-average":2.87,"grade-04-result":412,"grade-05-average":2.259,"grade-05-result":471,"grade-06-average":3.021,"grade-06-result":249,"grade-07-average":2.24,"grade-07-result":314,"grade-08-average":2.6,"grade-08-result":430,"smart":14.891252930761}}]}