{"status":200,"caller_id":0,"cached":[],"node":[{"id":169198,"parent":159347,"superparent":9,"author":3105,"type":"item","subtype":"game","subsubtype":"jam","published":"2019-10-07T20:40:50Z","created":"2019-10-05T07:42:41Z","modified":"2019-10-11T06:41:10Z","version":528097,"slug":"geary-grinder","name":"Geary Grinder","body":"![2019-10-07-215503_1024x768_scrot.png](///raw/12c/z/277c9.png)\n\nA seemingly physics driven puzzle game. Spin the goal machines at the correct speed to move to the next level. You only have three tools at your disposal, gears, belt drives and splitters. Figure out all the ratios perfectly and YOU WIN!\n\nWe thought of some ideas which fit the theme, but did not really feel constrained by it (something a good theme should have). The big problem is that we both (wheybags and abregado) work on a factory simulation game as our day jobs and really, really just wanted to do something mechanical. \n\n## Controls:\n- Left Mouse to select and do stuff\n- Mouse Wheel to change size of gear\n- Right mouse to cancel and delete\n- Up/Down arrows to move the camera\n\n## Hints/Stuck?:\n- If you go from a large gear to a small gear directly, the speed will increase.\n- If you go from a small gear to a large gear directly, the speed will decrease.\n- To connect a new gear directly to an existing one, use the gear tool and click on the existing one.\n- If you connect two gears with a belt, the speed will not change.\n- You cant connect gears by placing them next to each other, try using a belt instead.\n- There is NOT something missing from the third level.\n- If you don't know how something works, read the tooltips.\n\n## Development Info:\nFramework: Love2d\nLanguage: Lua\nSound Process: Logic Pro, various synth patches and processed, recorded sound from guitar and kazoo.\nOther software: Inkscape\n\n#### What worked:\n- wheybags and I work together professionally, and we used similar tools to what we use at work, so most things went very smoothly.\n- We came up with three ideas and picked the best one. The choice was obvious, because we kept talking about it for much longer than the others.\n\n#### What didn't work:\n- Getting to day 2 and realizing that we don't really understand how gears work in real life.\n- I need to brush up on my vector math (stay in school kids!) \n- Scheduling conflicts meant we had to interrupt work: plan ahead better!\n\n## Team:\n- Programming, Design: Tom Mason (wheybags) \n- Programming, Design: Ben Buckton (abregado) \n- Music: Samuel Hollywood-Summers ","meta":{"author":[3105,46940,138748],"link-01-tag":[42337],"cover":"///content/12c/z/2786c.png","link-01":"https://github.com/abregado/ld45game/releases/download/gamejam_final/GearyGrinder_windows.zip","link-01-name":"","link-02":"https://github.com/abregado/ld45game/releases/download/gamejam_final/GearyGrinder_linux.zip","link-02-tag":[42341],"link-02-name":"","link-03":"https://github.com/abregado/ld45game","link-03-tag":[42440],"link-03-name":"Source (git)","link-04":"https://samuelhollywoodsummers.wordpress.com/portfolio/","link-04-tag":[42440],"link-04-name":"Sams Portfolio","link-05":"https://github.com/wheybags","link-05-tag":[42440],"link-05-name":"wheybags (git)","grade-07-out":"1"},"path":"/events/ludum-dare/45/geary-grinder","parents":[1,5,9,159347],"love":0,"notes":32,"notes-timestamp":"2019-11-14T21:15:54Z","grade":{"grade-01":38,"grade-02":38,"grade-03":38,"grade-04":37,"grade-05":38,"grade-06":38,"grade-07":24,"grade-08":34},"magic":{"cool":95.758420466572,"feedback":32,"given":31.75,"grade":40.714285714286,"grade-01-average":3.764,"grade-01-result":260,"grade-02-average":3.667,"grade-02-result":244,"grade-03-average":3.819,"grade-03-result":149,"grade-04-average":2.714,"grade-04-result":956,"grade-05-average":3.597,"grade-05-result":510,"grade-06-average":3.542,"grade-06-result":277,"grade-07-average":2.227,"grade-07-result":778,"grade-08-average":3.406,"grade-08-result":495,"smart":5.7304580803767}}]}