{"status":200,"caller_id":0,"cached":[],"node":[{"id":168121,"parent":159347,"superparent":9,"author":2774,"type":"item","subtype":"game","subsubtype":"compo","published":"2019-10-06T21:07:43Z","created":"2019-10-04T21:45:56Z","modified":"2019-10-07T09:38:35Z","version":506969,"slug":"singularity","name":"Singularity","body":"Controls: \nA/D or Left/Right to move left and right\n\nW, Up, or Spacebar to jump\n\nA simple platformer.\n\nI went pretty light on gameplay this time around, and ended up spending most of my time playing with some effects and stuff that I was unfamiliar with.\n\nIf the game looks substantially worse than the screenshot, make sure you have WebGL enabled in your browser!\n\n![screen2.png](///raw/6da/z/2646f.png)","meta":{"author":[2774],"link-01-tag":[42336],"cover":"///content/6da/z/26420.png","grade-07-out":"1","link-01":"https://danielmcdonald.itch.io/singularity","link-02":"https://www.dropbox.com/s/4wyo6viyoz3uc9j/Singularity.capx?dl=0","link-02-tag":[42332],"link-02-name":"Source Code (Construct 2 .capx)"},"path":"/events/ludum-dare/45/singularity","parents":[1,5,9,159347],"love":0,"notes":16,"notes-timestamp":"2019-10-07T20:42:42Z","grade":{"grade-01":21,"grade-02":22,"grade-03":22,"grade-04":22,"grade-05":22,"grade-06":21,"grade-08":22},"magic":{"cool":98.248551021263,"feedback":14,"given":17.375,"grade":21.714285714286,"grade-01-average":3.658,"grade-01-result":133,"grade-02-average":3.35,"grade-02-result":199,"grade-03-average":2.525,"grade-03-result":447,"grade-04-average":2.3,"grade-04-result":487,"grade-05-average":4.1,"grade-05-result":41,"grade-06-average":3.658,"grade-06-result":70,"grade-08-average":4.1,"grade-08-result":18,"smart":4.7505074464529}}]}