{"status":200,"caller_id":0,"cached":[],"node":[{"id":163556,"parent":159347,"superparent":9,"author":141442,"type":"item","subtype":"game","subsubtype":"jam","published":"2019-10-07T21:05:13Z","created":"2019-09-30T20:21:07Z","modified":"2019-10-09T18:41:15Z","version":526406,"slug":"force-of-nature","name":"Force of Nature","body":"We completely misjudged the amount of time making this game was gonna take. We used an engine we never used before (Phaser 3) and didn't think out the features at the start. So with only a few hours to go the project looked more like a simulation instead of a game. In the last few hours, we hastily tried to put as many “Gameplay features” into it as possible. So a little sad about the fact that we haven't had any time to playtest, balance and polish, but still proud of the effort! We present you Force of nature. Time to wipe out humanity, like humanity wiped you out!\n\n# Controls\n* Use the arrow keys to scroll the viewed area\n* Drag cards onto overgrown tiles to build special plants\n* Click on the loudspeaker to turn of music\n\n\n# Mechanics\n\nYou wipe out the humans by overgrowing sector by sector. The more a sector is overgrown the fewer humans it can support. To help you do this you have three plants that cost different amounts of \"Growth Power\", displayed top left, that you earn by taking over tiles.\n\n* Cross Block Plant (free): Allows plant growth to spread to neighbouring sectors\n* Slowdown Plant (1O GP): Slows down the movement of all humans in this sector. This effect stacks.\n* Nature Fort (20 GP): A very sturdy tree that's not easily felled. Ideal to keep humans busy or protect your Slowdown's.\n\nOnce your spread reaches the threshold in the panic bar on the right the remaining humans will panic and start crossing sector boundaries. There are multiple ways to deal with this wave, either build large defences, or try to quickly expand in the now quieter territories to starve the humans. \n","meta":{"author":[141442,163555],"link-01-tag":[42336],"allow-anonymous-comments":"1","link-01":"https://redz-games.itch.io/force-of-nature","cover":"///content/288/22/z/2930f.png","grade-07-out":"1"},"path":"/events/ludum-dare/45/force-of-nature","parents":[1,5,9,159347],"love":0,"notes":15,"notes-timestamp":"2019-10-23T04:52:21Z","grade":{"grade-01":21,"grade-02":20,"grade-03":21,"grade-04":21,"grade-05":21,"grade-06":19,"grade-07":7,"grade-08":21},"magic":{"cool":107.09122965272,"feedback":14,"given":20.5,"grade":21.571428571429,"grade-01-average":3.211,"grade-01-result":784,"grade-02-average":3.139,"grade-02-result":662,"grade-03-average":3.526,"grade-03-result":318,"grade-04-average":3.184,"grade-04-result":662,"grade-05-average":3.026,"grade-05-result":819,"grade-06-average":2.912,"grade-06-result":560,"grade-07-average":2.1,"grade-08-average":3.132,"grade-08-result":728,"smart":12.908566419298}}]}