{"status":200,"caller_id":0,"cached":[],"node":[{"id":159502,"parent":159347,"superparent":9,"author":317,"type":"item","subtype":"game","subsubtype":"jam","published":"2019-10-07T05:07:53Z","created":"2019-08-28T22:13:42Z","modified":"2019-10-10T06:29:58Z","version":527233,"slug":"uballto","name":"Uballto","body":"[![Uballto 2019-10-07 (22162).png](///raw/d31/z/26d0f.png)](https://gamejolt.com/games/uballto/443474)\n\nWelcome to *Uballto*, a Linux distribution for...distributing balls. That's right, in this desktop environment, dialog windows are used to guide balls to their target flags. Do you have the technical wits to master this distro?\n\nMade by [one individual](https://www.omiyagames.com/) (and a lot of royalty-free assets).\n\n[![uballto02.gif](///raw/d31/z/29468.gif)](https://gamejolt.com/games/uballto/443474)\n\n## Controls:\n\n* Played entirely with the mouse.\n* Tap ESC will also open the menu as well.\n\n## Logs:\n\n| Version | For Judging? | Date | Description |\n|--- |--- |--- |--- |\n| v1.1.0 | No, Post-Jam | 10/10 | Adding support for screen resizing (more for web-builds), all screen resolutions, level name appearing on the menu, and *potentially* some performance improvements. |\n| v1.0.1 | Yes, Bug Fix | 10/10 | Fixing the menu to have level 9 unlocked by default. Also added support to 16:9 and 16:10 screen resolutions (which involves just checking 2 checkboxes in Unity) |\n| v1.0 | Yes | 10/7 | Increased the number of levels from 3 to 9 before the Jam deadline. |\n| v0.1 | Yes | 10/6 | Initial upload. |\n\n## Notes:\n\n* 10/7 - Tripled the number of levels before the Jam deadline.  Enjoy!\n* 10/6 - Submitting this early due to a very busy schedule on Monday.  In theory, though, I should be able to fit in more levels and game mechanics before the jam deadline.  Stay tuned!","meta":{"author":[317],"cover":"///content/d31/z/26d0c.png","allow-anonymous-comments":"1","grade-05-out":"1","grade-06-out":"1","link-01":"https://gamejolt.com/games/uballto/443474","link-01-tag":[42336],"link-01-name":"GameJolt","link-02":"https://omiyagames.itch.io/uballto","link-02-tag":[42336],"link-02-name":"Itch.io","link-03":"https://www.newgrounds.com/portal/view/739596","link-03-tag":[42336],"link-03-name":"Newgrounds","link-04":"https://www.kongregate.com/games/OmiyaGames/uballto","link-04-tag":[42336],"link-04-name":"Kongregate","link-05":"https://omiyagames.itch.io/uballto","link-05-tag":[42337],"link-06":"https://omiyagames.itch.io/uballto","link-06-tag":[42339],"link-07":"https://omiyagames.itch.io/uballto","link-07-tag":[42341],"link-08":"https://github.com/OmiyaGames/uballto","link-08-tag":[42332]},"path":"/events/ludum-dare/45/uballto","parents":[1,5,9,159347],"love":0,"notes":51,"notes-timestamp":"2019-10-30T01:38:25Z","grade":{"grade-01":81,"grade-02":81,"grade-03":81,"grade-04":79,"grade-07":69,"grade-08":73},"magic":{"cool":63.349490090583,"feedback":24,"given":22.875,"grade":77.333333333333,"grade-01-average":4.095,"grade-01-result":74,"grade-02-average":4.165,"grade-02-result":29,"grade-03-average":4.614,"grade-03-result":4,"grade-04-average":3.318,"grade-04-result":548,"grade-07-average":3.201,"grade-07-result":319,"grade-08-average":3.507,"grade-08-result":412,"smart":-33.061759424139}}]}