{"status":200,"caller_id":0,"cached":[],"node":[{"id":162849,"parent":159347,"superparent":9,"author":55601,"type":"item","subtype":"game","subsubtype":"jam","published":"2019-10-07T22:40:27Z","created":"2019-09-29T12:37:46Z","modified":"2019-10-26T20:18:15Z","version":532490,"slug":"the-carpenter","name":"The Carpenter","body":"![M9VwOn.png](///raw/8d5/82/z/28dce.png)\n\nHave you ever dreamt to play a unique Carpenter's life? By creating your own house and sliding an infinite slope on your little smooth plump butt?\n\nHarvest some materials in the wood with his unique butt sliding technique. He may use these to build the dwelling of his dreams and to have the best place to rest ever.\n\nThe game runs in two phases. First, we made a resting space where you can contemplate the view of the carpenter's house and its evolution as you go along the game. Then come a very punchy runner game where you can collect resources and stuff, avoid obstacles and BLOW UP EVERYTHING IN YOUR WAY LIKE A WRECKING BALL!!! (yeah, told ya, it's a unique technique guys :wink: the legend says he was Miley Cyrus' coach)\n\nAs you play, you will have to run several games to collect enough materials and upgrade your house to make it at your image: sweet and cozy.\n\nNow, take a quick look to our screenshots and let's play the game!! :smile: \nDon't forget to share your best score, to see if you're more badass than an on-drugs game dev, playing almost 3000 games a day to make this game :stuck_out_tongue_winking_eye:\n\nHave fun!","meta":{"author":[55601,162847,68904,165336],"link-01-tag":[42337],"cover":"///content/82d/01/z/27f52.png","allow-anonymous-comments":"1","grade-06-out":"1","link-01":"https://pandamnesik.itch.io/the-carpenter","link-02":"","link-02-tag":null},"path":"/events/ludum-dare/45/the-carpenter","parents":[1,5,9,159347],"love":0,"notes":48,"notes-timestamp":"2019-10-28T19:52:43Z","grade":{"grade-01":59,"grade-02":61,"grade-03":61,"grade-04":61,"grade-05":62,"grade-07":60,"grade-08":61},"magic":{"cool":99.157119222807,"feedback":67,"given":51.25,"grade":60.714285714286,"grade-01-average":3.772,"grade-01-result":250,"grade-02-average":3.78,"grade-02-result":165,"grade-03-average":3.203,"grade-03-result":533,"grade-04-average":3.339,"grade-04-result":533,"grade-05-average":4.467,"grade-05-result":37,"grade-07-average":3.362,"grade-07-result":260,"grade-08-average":3.593,"grade-08-result":359,"smart":16.79300821451}}]}