{"status":200,"caller_id":0,"cached":[],"node":[{"id":161418,"parent":159347,"superparent":9,"author":79689,"type":"item","subtype":"game","subsubtype":"compo","published":"2019-10-06T22:49:51Z","created":"2019-09-22T11:02:55Z","modified":"2019-10-12T12:34:12Z","version":528824,"slug":"small-town","name":"Small Town","body":"![itch_banner.png](///raw/947/31/z/2973e.png)\n\n### Build your own small town from scratch!\n\n## Overview:\n\nSmall Town is a clicker/tower defense game in which you build your own town. Produce resources,  build better types of buildings,  gain experience points, level up your town and defend it against dangerous enemies. Your goal is to build the last unlockable building: The Statue of Glory!\n\n## Manual:\n\n- Use mouse to play the game\n- The first thing you should do is building your townhall. It is the most important building in the game - the heart of your town\n- There are 3 resources: wood, stone and gold. Use them to build new buildings\n- Lumberjack and mine buildings produce resources\n- Click on the map screen to gain exp and produce resources\n- Gold is the most valuable resource. It is produced in mine but it has much lower chance to drop than stone\n- Houses give you exp\n- Exp is necessary to level up your town\n- The higher is your level, the more resources your building produce (but on the other hand it also increases enemies' strength, so be careful). Also, some buildings need certain level to be unlocked\n- The road is used by enemies to reach your townhall building\n- When the enemies reach your townhall, you lose\n- Build Towers to defend your townhall\n- Build the last unlockable building: The Statue, to win the game\n\nGood luck!\n\n## Changelog:\n\n### v1.0.1\n\n- improved difficulty balance\n- fixed wood number bug\n- fixed overlapping enemies bug\n- fixed projectile sound effect bug\n- fixed townhall button color bug\n#### No new features added - just bug fixes\n\n![small_town ss1.png](///raw/947/31/z/272c9.png)","meta":{"author":[79689],"grade-06-out":"1","link-01-tag":[42337],"cover":"///content/947/31/z/2973f.png","link-01":"https://xcvzxc.itch.io/small-town","link-01-name":"Single run executable","link-02":"https://drive.google.com/open?id=1Jve9d92PoykLVohKO2yJ3DOdf8pZ8wFk","link-02-tag":[42332],"link-02-name":"Game Maker Studio project"},"path":"/events/ludum-dare/45/small-town","parents":[1,5,9,159347],"love":0,"notes":34,"notes-timestamp":"2019-10-31T09:15:47Z","grade":{"grade-01":31,"grade-02":31,"grade-03":31,"grade-04":31,"grade-05":31,"grade-07":28,"grade-08":30},"magic":{"cool":101.45286061432,"feedback":11,"given":26.375,"grade":30.428571428571,"grade-01-average":3.879,"grade-01-result":68,"grade-02-average":3.879,"grade-02-result":44,"grade-03-average":3.414,"grade-03-result":200,"grade-04-average":3.448,"grade-04-result":233,"grade-05-average":4.034,"grade-05-result":51,"grade-07-average":2.423,"grade-07-result":262,"grade-08-average":2.982,"grade-08-result":319,"smart":-3.0735493164778}}]}