{"status":200,"caller_id":0,"cached":[],"node":[{"id":165569,"parent":159347,"superparent":9,"author":128042,"type":"item","subtype":"game","subsubtype":"compo","published":"2019-10-06T15:17:34Z","created":"2019-10-03T19:02:00Z","modified":"2019-10-06T19:37:12Z","version":500855,"slug":"jaccuse","name":"J'Accuse!","body":"Your Tim Tams  have been stolen, but you haven't a clue who dunnit! Everyone else can give you a clue, but a few disreputable individuals aren't telling the truth. When you think you know who it was, accuse them! And bask in sweet, sweet justice. J'accuse!\n\nMade for Ludum Dare 45 -- theme: \"start with nothing\"\n\nThis is my first submission for Ludum Dare, and my first game made on Pico-8\n\n![jaccuse_003.png](///raw/a24/f1/z/261ef.png)\n\n![jaccuse_004.png](///raw/a24/f1/z/261f0.png)","meta":{"author":[128042],"cover":"///content/a24/f1/z/25ed6.png","link-01":"https://bobotast.itch.io/jaccuse","link-01-tag":[42336],"link-02":"https://bobotast.itch.io/jaccuse","link-02-tag":[42332]},"path":"/events/ludum-dare/45/jaccuse","parents":[1,5,9,159347],"love":0,"notes":39,"notes-timestamp":"2019-10-14T10:08:28Z","grade":{"grade-01":52,"grade-02":52,"grade-03":52,"grade-04":52,"grade-05":52,"grade-06":48,"grade-07":51,"grade-08":51},"magic":{"cool":90.740458703773,"feedback":50,"given":41.375,"grade":51.25,"grade-01-average":3.42,"grade-01-result":250,"grade-02-average":3.37,"grade-02-result":193,"grade-03-average":3.44,"grade-03-result":192,"grade-04-average":2.91,"grade-04-result":399,"grade-05-average":3.4,"grade-05-result":222,"grade-06-average":2.652,"grade-06-result":326,"grade-07-average":3.163,"grade-07-result":114,"grade-08-average":3.173,"grade-08-result":241,"smart":11.645818248577}}]}