{"status":200,"caller_id":0,"cached":[],"node":[{"id":159892,"parent":159347,"superparent":9,"author":108317,"type":"item","subtype":"game","subsubtype":"compo","published":"2019-10-06T21:25:00Z","created":"2019-09-03T20:29:50Z","modified":"2019-10-15T21:22:39Z","version":530342,"slug":"the-beginning-of-the-end","name":"The beginning of the end","body":"In a world where time is not what it seems, an inhabitant is trying to prevent a catastrophe. But can you stop what's already happened?​\n\n![LD45_SmallerGifCompressed.gif](///raw/d17/a1/z/27292.gif)\n\nA puzzle/adventure game about relativity of time.\n\nMade in 48 hours by Thomas Bringer for Ludum Dare 45 (Theme: Start with nothing)\n\nDiscover how the game was made!\n\nhttps://www.youtube.com/watch?v=AmBObzPEPWQ\n\n![LD45_Screenshot1.png](///raw/d17/a1/z/271f9.png)\n\n![LD45_Screenshot2.png](///raw/d17/a1/z/271fa.png)\n\n![LD45_Screenshot3.png](///raw/d17/a1/z/271ff.png)\n\n![LD45_Screenshot4.png](///raw/d17/a1/z/2720b.png)\n\n![LD45_Screenshot5.png](///raw/d17/a1/z/27280.png)\n\n![LD45_Screenshot6.png](///raw/d17/a1/z/27283.png)","meta":{"author":[108317],"link-01-tag":[42336],"link-01":"https://thomas-bringer.itch.io/the-beginning-of-the-end","link-02":"https://github.com/ThomasBringer/LD45/","link-02-tag":[42332],"cover":"///content/d17/a1/z/2720a.png"},"path":"/events/ludum-dare/45/the-beginning-of-the-end","parents":[1,5,9,159347],"love":0,"notes":37,"notes-timestamp":"2019-10-29T20:49:21Z","grade":{"grade-01":41,"grade-02":41,"grade-03":40,"grade-04":40,"grade-05":41,"grade-06":41,"grade-07":34,"grade-08":38},"magic":{"cool":93.628167589854,"feedback":36,"given":33.75,"grade":39.5,"grade-01-average":3.821,"grade-01-result":82,"grade-02-average":3.474,"grade-02-result":159,"grade-03-average":3.711,"grade-03-result":110,"grade-04-average":3.882,"grade-04-result":93,"grade-05-average":4.244,"grade-05-result":25,"grade-06-average":3.474,"grade-06-result":121,"grade-07-average":3.297,"grade-07-result":88,"grade-08-average":3.889,"grade-08-result":39,"smart":9.0713148547221}}]}