{"status":200,"caller_id":0,"cached":[],"node":[{"id":167610,"parent":159347,"superparent":9,"author":164896,"type":"item","subtype":"game","subsubtype":"jam","published":"2019-10-07T22:04:53Z","created":"2019-10-04T20:29:30Z","modified":"2019-10-21T01:22:38Z","version":531447,"slug":"fall-of-rs-17-icarus-an-akaban-tale","name":"Fall of RS-17 Icarus - an Akaban Tale","body":"This new point-and-click adventure from us-two-dudes takes you to the doomed space station RS-17 (Icarus), a top-secret research facility used by the shadowy Akaban corporation, in its final moments. Dr. Alex Pratchett has no memory of this place or how they got here. What will they find? What can they do? Can it be saved? Find out!\n\nThis game has FOUR (count them - FOUR) endings. Can you find them all?\n\nBugfix 1.1 -- Added collider to airlock / Adjusted Credits to include ourselves.\n\nPOST JAM~!\nWe've heard your feedback and somehow _just now_ realized we can respond to it with additional releases! This latest release has:\n- Slightly increased base movement speed (still slow and atmopsheric)\n- Press left shift to run (when you know where you're going)\n- The wires are colored to kinda look like wires\n- Fewer unhelpful pop-ups\n- Some new (more?) helpful pop-ups\n- Better wire placement\n- Improved WebGL input handling (so you don't keep losing mouselock)\n- More consistent interactive object hilights\n- Shorter interaction distance\n- Improved prompt UI interaction (text-boxes autofocus and enter submits)","meta":{"author":[164896,167516],"link-01-tag":[42336],"cover":"///content/024/82/z/27ec2.png","grade-06-out":"1","link-01":"https://unlockingcube.itch.io/the-fall-of","link-02":"https://prestist.gitlab.io/startwithnothing/","link-02-tag":[42336],"link-02-name":"POST-JAM~!"},"path":"/events/ludum-dare/45/fall-of-rs-17-icarus-an-akaban-tale","parents":[1,5,9,159347],"love":0,"notes":41,"notes-timestamp":"2019-10-26T17:44:00Z","grade":{"grade-01":63,"grade-02":64,"grade-03":63,"grade-04":63,"grade-05":63,"grade-07":52,"grade-08":63},"magic":{"cool":110.55415967851,"feedback":71,"given":64.625,"grade":61.571428571429,"grade-01-average":3.057,"grade-01-result":903,"grade-02-average":2.726,"grade-02-result":970,"grade-03-average":2.787,"grade-03-result":860,"grade-04-average":3.246,"grade-04-result":611,"grade-05-average":2.943,"grade-05-result":861,"grade-07-average":2.18,"grade-07-result":791,"grade-08-average":3.82,"grade-08-result":204,"smart":16.894754209262}}]}