{"status":200,"caller_id":0,"cached":[],"node":[{"id":162982,"parent":159347,"superparent":9,"author":78306,"type":"item","subtype":"game","subsubtype":"jam","published":"2019-10-07T21:53:32Z","created":"2019-09-29T17:50:36Z","modified":"2019-10-15T18:17:54Z","version":530290,"slug":"king-of-nothing","name":"King of Nothing ","body":"# King of nothing.\n\nA chess-based rhythm chess where you play as the white king that lost all the pieces of the army. You have nothing. \n\nEarn every piece back one beat at a time in a scrolling chessboard.\n![IMG_20191011_123837_064.jpg](///raw/2e1/31/z/2960f.jpg)\n\n*Disclaimer*: Check the devlog to know the development we did after the submission and take that in consideration for voting. Feedbacks are more important than votes for us :)\n\n## How to play\nEarn every piece back one beat at a time in a scrolling chessboard. \nMove around at 120bpm with directional arrows or WASD (8 directions) - if you miss the beat the king won't move .\n\nThe black pieces will notice you when you are in check (you step on cell they menace) and will attack you in the next beat:\n![demo.gif](///raw/2e1/31/z/294a5.gif)\n\n## How to Win/lose\n\nThe purpose of the game is to reconquer all the army that is represented by the UI below the screen. You need to capture at least 8 pawns, 2 bishops, 2 knights, 2 rook and 1 queen - order is not relevant. \n\nYou lose if you get eaten by a black piece (after a check). \nYou lose if you fall behind the scrolling grid.\n\n## Devlog\n\n- **v0.2.2 - one week later** - Thanks to @Derek we added music. Added Mobile support with touchscreen buttons instead of swipe. Better Rhythm handling.\n\n- **v0.2.1 - two days later**: added mobile support with swipe to move (synchronization with visual and sound feedback needs improvement, maybe calibration? -*not implemented yet*) \n\n- **V0.2-a day later**: major bug fixes and gameplay improvements: added metronome sound and UI visual feedback of the tick. Better movement feeling. Black pieces notify now check and will move accordingly. Add win condition. Add gameover condition.\n  \n- **V0.1-submission**: time was short for us for this submission. The king moves at 120bpm with the input. Scrolling chessboard, black pieces will appear from the above row. Black piece Attack won't work :( . No win condition, no gameover condition.\nVideo of the first submission build (you can find the build it on itch.io page as well): https://twitter.com/notapixelstudio/status/1181382421595508736?s=09\n\n\n## known issues\n\n- if you don't move and the grid scrolls without a move, you don't die. \n\n\n## Credits and acknowledgements\n- Godot\n- Textreme - ui visual feedback for rhythm control is from this project! (need link )\n- whoever invented chess\n- Crypt of the necrodancer for reference\n- chess pursuit (lichess.org/404)\n- @derek-volker - for the music\n\n\n\n\n## Have fun\n\nThe game is available for all laptop OS, web and android\n\n\n\nThere is no music, just the sound of the metronome. I could not find a good music at 120bpm that fits well and that was free :) I suggest to put on this playlist. It's really fun: https://open.spotify.com/playlist/48qVMsDfYdILVXkR5kop6L?si=uJAi37z3TsqfTufJjayh9A\n\n","meta":{"author":[78306,159642,174506],"allow-anonymous-comments":"1","grade-06-out":"1","cover":"///content/2e1/31/z/28881.png","link-01":"https://github.com/salvob41/LD45","link-01-tag":[50],"link-02":"https://notapixel.itch.io/king-of-nothing","link-02-tag":[42336],"link-03":"https://notapixel.itch.io/king-of-nothing","link-03-tag":[42337],"link-04":"https://notapixel.itch.io/king-of-nothing","link-04-tag":[42339],"link-05":"https://notapixel.itch.io/king-of-nothing","link-05-tag":[42341],"link-06":"https://notapixel.itch.io/king-of-nothing","link-06-tag":[42342]},"path":"/events/ludum-dare/45/king-of-nothing","parents":[1,5,9,159347],"love":0,"notes":70,"notes-timestamp":"2019-10-29T00:59:41Z","grade":{"grade-01":89,"grade-02":89,"grade-03":89,"grade-04":88,"grade-05":89,"grade-07":79,"grade-08":83},"magic":{"cool":66.317368094918,"feedback":23,"given":32.875,"grade":86.571428571429,"grade-01-average":3.885,"grade-01-result":173,"grade-02-average":3.908,"grade-02-result":115,"grade-03-average":4.305,"grade-03-result":22,"grade-04-average":3.436,"grade-04-result":452,"grade-05-average":3.592,"grade-05-result":512,"grade-07-average":2.779,"grade-07-result":532,"grade-08-average":3.346,"grade-08-result":546,"smart":-30.003943328736}}]}