{"status":200,"caller_id":0,"cached":[],"node":[{"id":173151,"parent":159347,"superparent":9,"author":14307,"type":"item","subtype":"game","subsubtype":"jam","published":"2019-10-07T21:20:13Z","created":"2019-10-07T20:52:05Z","modified":"2019-10-14T21:31:38Z","version":530019,"slug":"de-desertification","name":"De-Desertification","body":"# De-Desertification\n\n- Irrigate the desert\n- Plant trees and crops\n- Turn the desert green and provide a habitat for happy animals\n- Win Llama beauty contests\n\n![9.png](///raw/3e7/3/z/279f1.png)\n\n## Engine\n\nThe game is written with C++ and OpenGL using my own engine.\n\n## Tools\n\n- Visual Studio\n- Photoshop\n- Audacity\n- Wolfram Tones (http://tones.wolfram.com/)\n\n## Links\n\nhttps://cbehler.de/ld45/ld45.zip\n\n**If the game doesn't start, try installing the Visual C++ runtimes and OpenAL from the redist folder.**\n\n## Comments\n\nI only realized Ludum Dare was this weekend when I opened twitch 2 minutes before the starting time and saw Quill18 streaming and just joined in. The theme allowed for pretty much everything, so I made a simulation/strategy game.\nI prefer the rules of the compo and made almost everything in the 48 hours of the compo (I only fixed a problem with my audio engine and made some minor adjustments on the last day), however, I can't really share all of my libs and therefore cannot enter the compo.\n\n","meta":{"author":[14307],"link-01-tag":[42337],"cover":"///content/3e7/3/z/279ec.png","link-01":"https://cbehler.de/ld45/ld45.zip"},"path":"/events/ludum-dare/45/de-desertification","parents":[1,5,9,159347],"love":0,"notes":14,"notes-timestamp":"2019-10-26T09:49:37Z","grade":{"grade-01":22,"grade-02":22,"grade-03":22,"grade-04":22,"grade-05":22,"grade-06":21,"grade-07":21,"grade-08":22},"magic":{"cool":110.03832848121,"feedback":10,"given":25.125,"grade":21.75,"grade-01-average":3.525,"grade-01-result":486,"grade-02-average":3.275,"grade-02-result":552,"grade-03-average":3.075,"grade-03-result":649,"grade-04-average":3.675,"grade-04-result":311,"grade-05-average":3.025,"grade-05-result":822,"grade-06-average":3.053,"grade-06-result":515,"grade-07-average":2.974,"grade-07-result":430,"grade-08-average":3.3,"grade-08-result":596,"smart":17.688464654118}}]}