{"status":200,"caller_id":0,"cached":[],"node":[{"id":159778,"parent":159347,"superparent":9,"author":1975,"type":"item","subtype":"game","subsubtype":"jam","published":"2019-10-07T21:24:55Z","created":"2019-09-02T21:58:07Z","modified":"2019-10-18T12:19:59Z","version":530960,"slug":"race-recycle-restart","name":"Race Recycle Restart","body":"You're doing a car race but your car has only the chassis. Find parts on the road, craft your own car and ride it to the finish line as quick as possible without destroying it.\n\n![Annotation 2019-10-07 233847.png](///raw/7b7/z/27d46.png)\n\n### Play the game on [Itch.io](https://crazyrems.itch.io/race-recycle-restart)\n\nControls:\n\n- WASD: Walk/Drive\n- E: Pickup objects and use them as parts of your car\n- R: Kick\n- F: Ride your car\n\n_Graphics_: **Rem**  \n_Audio_: **Max**  \n_Code_: **Remax**  ","meta":{"author":[1975,144695],"link-01-tag":[42337],"link-01":"https://crazyrems.itch.io/race-recycle-restart","link-02":"https://crazyrems.itch.io/race-recycle-restart","link-02-tag":[42341],"link-03":"https://crazyrems.itch.io/race-recycle-restart","link-03-tag":[42339],"cover":"///content/7b7/z/2c679.png"},"path":"/events/ludum-dare/45/race-recycle-restart","parents":[1,5,9,159347],"love":0,"notes":13,"notes-timestamp":"2019-10-11T18:11:01Z","grade":{"grade-01":24,"grade-02":24,"grade-03":24,"grade-04":24,"grade-05":23,"grade-06":24,"grade-07":24,"grade-08":23},"magic":{"grade":23.75,"given":22.25,"feedback":19,"smart":14.423701675635,"cool":98.894993706556,"grade-01-average":3.318,"grade-01-result":698,"grade-02-average":3.159,"grade-02-result":644,"grade-03-average":3.523,"grade-03-result":320,"grade-04-average":3.977,"grade-04-result":135,"grade-05-average":3.238,"grade-05-result":720,"grade-06-average":3.114,"grade-06-result":495,"grade-07-average":3.045,"grade-07-result":399,"grade-08-average":3.143,"grade-08-result":722}}]}