{"status":200,"caller_id":0,"cached":[],"node":[{"id":171526,"parent":159347,"superparent":9,"author":127998,"type":"item","subtype":"game","subsubtype":"compo","published":"2019-10-06T22:35:56Z","created":"2019-10-06T21:48:23Z","modified":"2019-10-07T06:36:19Z","version":506297,"slug":"blank-slate","name":"Blank Slate","body":"![ss1.png](///raw/ef3/f1/z/26845.png)A puzzle game of observation and hidden information. The data is in plain sight; you must learn how to see it. Acquire knowledge and ascend!\n\nControls: \n- WASD/Arrow keys to move\n- E or left mouse button to interact with objects, click to press buttons, Esc to stop interacting.\n\nHeadphones/Speakers are recommended -- there are some audio-only cues (like when you enter an incorrect code).\n\nFont: Aramis Italic (freeware): https://www.1001freefonts.com/aramis-italic.font","meta":{"author":[127998],"cover":"///content/ef3/f1/z/2684b.png","grade-07-out":"1","link-01":"https://pixelmeal.itch.io/blank-slate","link-01-tag":[42337],"link-02":"https://pixelmeal.itch.io/blank-slate","link-02-tag":[42332]},"path":"/events/ludum-dare/45/blank-slate","parents":[1,5,9,159347],"love":0,"notes":18,"notes-timestamp":"2019-10-30T02:13:15Z","grade":{"grade-01":24,"grade-02":24,"grade-03":24,"grade-04":24,"grade-05":24,"grade-06":23,"grade-08":24},"magic":{"cool":111.31009436218,"feedback":1,"given":24.625,"grade":23.857142857143,"grade-01-average":4.023,"grade-01-result":28,"grade-02-average":3.841,"grade-02-result":51,"grade-03-average":3.955,"grade-03-result":52,"grade-04-average":3.091,"grade-04-result":347,"grade-05-average":4.5,"grade-05-result":5,"grade-06-average":3.405,"grade-06-result":144,"grade-08-average":4.114,"grade-08-result":16,"smart":1.5640156101666}}]}