{"status":200,"caller_id":0,"cached":[],"node":[{"id":170423,"parent":159347,"superparent":9,"author":120363,"type":"item","subtype":"game","subsubtype":"jam","published":"2019-10-07T22:13:22Z","created":"2019-10-06T02:03:02Z","modified":"2019-10-07T23:06:20Z","version":519187,"slug":"temptris","name":"Temptris","body":"Temptris is a Tetris-inspired almost-roguelike game, made in the Gameboy Color style, that's unlike any in the genre you've seen. An evil sorceress, the Temptris, sends random dungeon rooms hurtling your way, and it is up to you to rotate and move them so that they make up a dungeon. You must ensure that there are paths to every enemy, because you cannot kill the Temptris without killing them first. Once your dungeon has reached all the way to the Temptris, you have a limited amount of time to traverse it and make it to her - hope you did a good job building your route!\n![TemptrisScreenshot.png](///raw/b26/d1/z/2861d.png)","meta":{"author":[120363,148772,168498],"link-01-tag":[42337],"link-01":"https://axelancer.itch.io/temptris","link-02":"https://github.com/AlexanderCrane/Temptris","link-02-tag":[42332],"link-02-name":"Source code (GitHub)","cover":"///content/b26/d1/z/285fa.png"},"path":"/events/ludum-dare/45/temptris","parents":[1,5,9,159347],"love":0,"notes":20,"notes-timestamp":"2019-10-28T21:19:03Z","grade":{"grade-01":22,"grade-02":22,"grade-03":22,"grade-04":22,"grade-05":22,"grade-06":21,"grade-07":19,"grade-08":22},"magic":{"grade":21.5,"given":23.375,"feedback":10,"smart":5.4867336701263,"cool":106.78220368765,"grade-01-average":3.875,"grade-01-result":181,"grade-02-average":3.625,"grade-02-result":283,"grade-03-average":4.3,"grade-03-result":24,"grade-04-average":3.75,"grade-04-result":244,"grade-05-average":3.175,"grade-05-result":753,"grade-06-average":3.184,"grade-06-result":458,"grade-07-average":2.971,"grade-07-result":435,"grade-08-average":3.25,"grade-08-result":639}}]}