{"status":200,"caller_id":0,"cached":[],"node":[{"id":170950,"parent":159347,"superparent":9,"author":75752,"type":"item","subtype":"game","subsubtype":"jam","published":"2019-10-06T15:47:50Z","created":"2019-10-06T15:42:29Z","modified":"2019-10-14T10:55:17Z","version":529788,"slug":"the-little-adventure-for-slime","name":"The Little Adventure for Slime","body":"![screen2.png](///raw/8e7/21/z/27163.png)\nHi ! We are a group a friends who like to make games. _Also we're french, please pardon our english._\n\nMimus at the code and level design on Unity, Nephelias at 3d modeling on Blender, and Lukein at 3d modeling on Blender and some textures and icons on paint. (do not judge too quickly guys!)\nWe didn't make the sounds, music and the water texture ourselves.\n\nThis time around we began slowly, picking up an idea to develop : A sidescroll 3d platformer !\n\nYou'll play as a little slime who needs to return to his home. The poor little slime lost slimy parts you'll have to gather on your way to recover some capabilities. Like spliting in two, jump or walljump to name a few.\nWe recommend to use arrow keys to move, it is way easier.\n\n\n\nPrograms we used:\n- Unity\n- Blender\n- Paint. I swear it's looking good.\n- Audacity just to cut out sounds from source.\n\nControl: (if you got the bonuses to use them)\n- Left / Right Arrow: Move to Left or Right\n- Up / Down Arrow: Spiked mode to attack enemies\n- Space: Jump\n- Tab: Split slime\n- Ctrl: Join slime (In proximity)\n- Mouse Click: Change slime you control\n- C: On Ground Transform into Cube, in Air Transform into Anvil\n- V: Pancake mode to plane\n\nSources:\n- Water texture: https://www.deviantart.com/berserkitty/art/Seamless-Cartoon-styled-Water-Texture-743787929\n- Sounds : https://opengameart.org/content/atmospheric-interaction-sound-pack\n- Music : https://opengameart.org/content/pack-of-loopable-game-music\n- Slime sound : https://opengameart.org/content/40-cc0-water-splash-slime-sfx!\n\nPatch: (After Deadline)\n- Corrected Controls\n- Reworked Jump\n- Reduced Animation Time\n- Simplified The Wall Jump Tower","meta":{"author":[75752,126229,169139],"link-01-tag":[50],"grade-06-out":"1","link-01":"https://www.mediafire.com/file/u71dvc8x5a4dm03/LD45_-_src.rar/file","link-02":"https://www.mediafire.com/file/f3ya8lb5pucf6pp/LD45_-_Test2042.rar/file","link-02-tag":[42337],"cover":"///content/8e7/21/z/27157.png","link-01-name":"Source (End LD)","link-02-name":"Full Game (End LD)","link-03":"https://www.mediafire.com/file/c0jg25vkkggshfv/LD45_-_Patch_Correctif_-_191014.rar/file","link-03-tag":[42337],"link-03-name":"Full Game Patched (After LD)"},"path":"/events/ludum-dare/45/the-little-adventure-for-slime","parents":[1,5,9,159347],"love":0,"notes":67,"notes-timestamp":"2019-10-15T15:31:16Z","grade":{"grade-01":76,"grade-02":77,"grade-03":77,"grade-04":76,"grade-05":77,"grade-07":70,"grade-08":72},"magic":{"cool":114.17859030291,"feedback":113,"given":84.25,"grade":75,"grade-01-average":3.189,"grade-01-result":805,"grade-02-average":3,"grade-02-result":772,"grade-03-average":3.233,"grade-03-result":512,"grade-04-average":3.257,"grade-04-result":603,"grade-05-average":3.56,"grade-05-result":532,"grade-07-average":2.654,"grade-07-result":580,"grade-08-average":3.014,"grade-08-result":816,"smart":1.0152544552211}}]}