{"status":200,"caller_id":0,"cached":[],"node":[{"id":166522,"parent":159347,"superparent":9,"author":166517,"type":"item","subtype":"game","subsubtype":"jam","published":"2019-10-07T21:56:40Z","created":"2019-10-04T13:14:03Z","modified":"2019-10-08T21:27:34Z","version":524342,"slug":"memories-of-eleph","name":"Memories of Eleph","body":"===== Version 1.1 =====\n\n- Added WebGL version without \"Application.quit()\"\n- Fixed bug where you would start in the final room when playing again after finishing\n\n===== Version 1.0 =====\n\nIn this game, Eleph, the small elephant, starts with nothing... including his memories. Face his fears, solve puzzles and collect his memories before it's too late and he forgets everything, once again!\n\n![04.gif](///raw/f6a/82/z/28335.gif)\n\n![02.png](///raw/f6a/82/z/28226.png)\n\n![03.png](///raw/f6a/82/z/2822b.png)\n\n![04.png](///raw/f6a/82/z/281b9.png)\n\nArt by @fredbernardo\n\nCode and level design by @vcesauron and @leandroc\n\nMusic from https://filmmusic.io\n\"Heartbreaking\" by Kevin MacLeod (https://incompetech.com)\nLicense: CC BY (http://creativecommons.org/licenses/by/4.0/)\n\n\"Water Swirl, Small, 10.wav\" by InspectorJ (www.jshaw.co.uk) of Freesound.org\n\nThe font used in the project is PixelMix created by Andrew Tyler atyler.dev@gmail.com\n","meta":{"author":[166517,166511,162233],"link-01-tag":[42336],"cover":"///content/9b9/72/z/27dee.png","grade-06-out":"1","link-01":"https://vauron.itch.io/memories-of-eleph","link-01-name":"Web and Windows","link-02":"","link-02-tag":null,"link-02-name":""},"path":"/events/ludum-dare/45/memories-of-eleph","parents":[1,5,9,159347],"love":0,"notes":94,"notes-timestamp":"2019-10-29T01:35:55Z","grade":{"grade-01":136,"grade-02":137,"grade-03":136,"grade-04":137,"grade-05":138,"grade-07":110,"grade-08":135},"magic":{"cool":59.791303715507,"feedback":36,"given":35.75,"grade":132.71428571429,"grade-01-average":3.966,"grade-01-result":122,"grade-02-average":3.433,"grade-02-result":423,"grade-03-average":3.231,"grade-03-result":513,"grade-04-average":3.785,"grade-04-result":227,"grade-05-average":4.518,"grade-05-result":24,"grade-07-average":2.31,"grade-07-result":743,"grade-08-average":4.248,"grade-08-result":36,"smart":-41.621394379423}}]}