{"status":200,"caller_id":0,"cached":[],"node":[{"id":160696,"parent":159347,"superparent":9,"author":4018,"type":"item","subtype":"game","subsubtype":"jam","published":"2019-10-06T16:20:31Z","created":"2019-09-15T09:41:56Z","modified":"2019-10-10T09:22:15Z","version":527328,"slug":"the-legends-of-sky-stones","name":"The Legend of Sky Stones","body":"**DESCRIPTION:**\n\nA short point-n-click adventure game.\n\nRight click to look\n\nLeft click to interact\n\n**DOWNLOAD: https://digital-mosaic-games.itch.io/legend-of-sky-stones**\n\nTwitter: https://twitter.com/Thanyx2\n\n-\n\n**STORY:**\n\n\"As the High Chronicler of Greenwood Kingdom I have traveled thousands of miles to visit the Sacred Sky Hill which lies on the very top of the highest mountain in High Mountain Kingdom.\"\n\nA short fantasy story about a hermit writer who walks the land and writes books about legends. This time he goes to visit Highmountain land to write about the Sacred SKY STONES.\n\nYou start with an empty book and you need to investigate to find some interesting facts for your chronicle.\n\n![C-_Users_David_Desktop_Pixel-Art_Mountains-Background.gif](///raw/2bf/z/25f3c.gif)\n\n![SCREEN2.PNG](///raw/2bf/z/25f39.png)\n\n![Giff.gif](///raw/2bf/z/25f3a.gif)","meta":{"author":[4018],"cover":"///content/2bf/z/25f38.png","link-01-tag":[42337],"link-01":"https://digital-mosaic-games.itch.io/legend-of-sky-stones","grade-06-out":"1"},"path":"/events/ludum-dare/45/the-legends-of-sky-stones","parents":[1,5,9,159347],"love":0,"notes":34,"notes-timestamp":"2019-10-29T18:03:31Z","grade":{"grade-01":39,"grade-02":39,"grade-03":39,"grade-04":39,"grade-05":43,"grade-07":37,"grade-08":38},"magic":{"cool":105.13149660757,"feedback":30,"given":36.75,"grade":39.142857142857,"grade-01-average":4.081,"grade-01-result":79,"grade-02-average":3.743,"grade-02-result":197,"grade-03-average":3.122,"grade-03-result":603,"grade-04-average":3.392,"grade-04-result":492,"grade-05-average":4.512,"grade-05-result":29,"grade-07-average":3.557,"grade-07-result":179,"grade-08-average":4.083,"grade-08-result":72,"smart":14.254339322645}}]}