{"status":200,"caller_id":0,"cached":[],"node":[{"id":160815,"parent":159347,"superparent":9,"author":2890,"type":"item","subtype":"game","subsubtype":"jam","published":"2019-10-07T22:53:31Z","created":"2019-09-16T18:33:25Z","modified":"2019-10-10T18:35:30Z","version":527721,"slug":"bonnie","name":"Bonnie","body":"![ld45.gif](///raw/a4b/z/29450.gif)\n\nYour husband is trapped in debtor's prison. Travel from town to town, fighting monsters and trading in commodities to earn enough to pay off your debts.\n\nStart with nothing. BUY LOW! SELL HIGH! Different towns have different prices, so watch out for good deals.\n\nArrow keys to control. Z to strike with your sword.","meta":{"author":[2890,81362],"allow-anonymous-comments":"1","link-01":"https://electrictoy.co/games/?p=ld45","link-01-tag":[42336],"link-02":"https://github.com/ElectricToy/ld45","link-02-tag":[42332],"cover":"///content/a4b/z/29456.jpg"},"path":"/events/ludum-dare/45/bonnie","parents":[1,5,9,159347],"love":0,"notes":14,"notes-timestamp":"2019-10-26T18:53:22Z","grade":{"grade-01":22,"grade-02":22,"grade-03":22,"grade-04":22,"grade-05":22,"grade-06":22,"grade-07":22,"grade-08":22},"magic":{"cool":115.47005383793,"feedback":2,"given":28,"grade":22,"grade-01-average":4.1,"grade-01-result":72,"grade-02-average":4.025,"grade-02-result":67,"grade-03-average":3.3,"grade-03-result":468,"grade-04-average":3.775,"grade-04-result":233,"grade-05-average":4.55,"grade-05-result":18,"grade-06-average":3.925,"grade-06-result":104,"grade-07-average":2.975,"grade-07-result":427,"grade-08-average":3.95,"grade-08-result":121,"smart":11.087467933673}}]}