{"status":200,"caller_id":0,"cached":[],"node":[{"id":166774,"parent":159347,"superparent":9,"author":13184,"type":"item","subtype":"game","subsubtype":"jam","published":"2019-10-07T22:46:30Z","created":"2019-10-04T15:34:13Z","modified":"2019-10-07T22:46:30Z","version":517974,"slug":"a-simple-cube","name":"A Simple Cube","body":"A game about a simple cube.\n\nYou play a cube who can roll and has a reduced field of view, during your progression you will discover new skills such as a jump, or a dimensional clone. Have fun!\n\nControls : \n- WASD: Roll your cube\n- AE: Rotate your cube\n- Space: Jump\n- Shift: Dimensional Clone\n- Tab: Switch Dimensional Clone\n\n![titleScreen.png](///raw/b7a/8/z/28161.png)\n\n\n![img2.PNG](///raw/b7a/8/z/28173.png)\n\n\n![img1.png](///raw/b7a/8/z/28174.png)\n\n\n![img3.PNG](///raw/b7a/8/z/28177.png)\n","meta":{"author":[13184,35451],"grade-06-out":"1","grade-07-out":"1","link-01-tag":[42332],"cover":"///content/b7a/8/z/27fd4.png","link-01":"https://github.com/Xenation/Ludum-Dare-45","link-01-name":"Github Repo","link-02":"https://xenation.itch.io/a-simple-cube","link-02-tag":[42337],"link-02-name":"Win Release","link-03":"https://xenation.itch.io/a-simple-cube","link-03-tag":[42336],"link-03-name":"WebGL Release"},"path":"/events/ludum-dare/45/a-simple-cube","parents":[1,5,9,159347],"love":0,"notes":30,"notes-timestamp":"2019-10-25T13:59:12Z","grade":{"grade-01":51,"grade-02":51,"grade-03":51,"grade-04":49,"grade-05":52,"grade-08":50},"magic":{"cool":119.26010637666,"feedback":30,"given":52.625,"grade":50.666666666667,"grade-01-average":3.592,"grade-01-result":410,"grade-02-average":3.51,"grade-02-result":375,"grade-03-average":3.398,"grade-03-result":404,"grade-04-average":2.702,"grade-04-result":965,"grade-05-average":3.51,"grade-05-result":563,"grade-08-average":3.271,"grade-08-result":622,"smart":13.264943245565}}]}