{"status":200,"caller_id":0,"cached":[],"node":[{"id":164122,"parent":159347,"superparent":9,"author":128705,"type":"item","subtype":"game","subsubtype":"jam","published":"2019-10-07T20:45:29Z","created":"2019-10-01T21:43:01Z","modified":"2019-10-07T20:45:29Z","version":512386,"slug":"dungeon-of-souls","name":"Dungeon of Souls","body":"![Screen Shot 2019-10-06 at 6.08.07 PM.png](///raw/1c6/f1/z/266f2.png)\n\n**Controls:**\n\nWASD or arrow keys to move\n\nClick to shoot\n\nPress M for Map\n\nExplore the Dungeon of Souls and try to find the pieces of your soul, fragmented many years ago by the King of Souls. Beware of the empty souls guarding the dungeon.\n\n**About**\n\nDungeon of Souls is a roguelike top-down dungeon shooter where your goal is to find the fragments of your soul by defeating bosses guarding three other fragments of your soul.\n\n**Development**\n\nI made this game for the Jam, in three days. It was made with HTML5 Canvas, and plain Javascript.","meta":{"author":[128705],"cover":"///content/1c6/f1/z/26711.png","link-01-tag":[42332],"link-02":"https://gullyngames.itch.io/dungeon-of-souls","link-02-tag":[42336]},"path":"/events/ludum-dare/45/dungeon-of-souls","parents":[1,5,9,159347],"love":0,"notes":16,"notes-timestamp":"2019-10-25T18:57:39Z","grade":{"grade-01":25,"grade-02":25,"grade-03":25,"grade-04":25,"grade-05":25,"grade-06":23,"grade-07":20,"grade-08":21},"magic":{"cool":93.725825612476,"feedback":19,"given":19.875,"grade":23.625,"grade-01-average":3.087,"grade-01-result":886,"grade-02-average":3,"grade-02-result":772,"grade-03-average":2.761,"grade-03-result":878,"grade-04-average":2.957,"grade-04-result":814,"grade-05-average":2.652,"grade-05-result":969,"grade-06-average":2.881,"grade-06-result":571,"grade-07-average":2.472,"grade-07-result":669,"grade-08-average":2.763,"grade-08-result":950,"smart":8.1274354109872}}]}