{"status":200,"caller_id":0,"cached":[],"node":[{"id":172982,"parent":159347,"superparent":9,"author":172981,"type":"item","subtype":"game","subsubtype":"jam","published":"2019-10-07T20:27:49Z","created":"2019-10-07T20:00:48Z","modified":"2019-10-07T20:34:59Z","version":512122,"slug":"space-beggar","name":"Space Beggar","body":"A space beggar experience![Screenshot_1.png](///raw/5b3/a2/z/27909.png)![Screenshot_3.png](///raw/5b3/a2/z/2790b.png)","meta":{"author":[172981],"cover":"///content/5b3/a2/z/2785b.png","allow-anonymous-comments":"1","link-01":"https://carlos-lennon.itch.io/space-beggar","link-01-tag":[42336],"link-02":"https://carlos-lennon.itch.io/space-beggar","link-02-tag":[42337],"link-03":"https://carlos-lennon.itch.io/space-beggar","link-03-tag":[42341],"link-04":"https://gamejolt.com/games/Space_Beggar/443421","link-04-tag":[42336],"link-05":"https://gamejolt.com/games/Space_Beggar/443421","link-05-tag":[42337],"link-06":"https://gamejolt.com/games/Space_Beggar/443421","link-06-tag":[42341]},"path":"/events/ludum-dare/45/space-beggar","parents":[1,5,9,159347],"love":0,"notes":25,"notes-timestamp":"2019-10-16T06:25:02Z","grade":{"grade-01":49,"grade-02":50,"grade-03":50,"grade-04":50,"grade-05":49,"grade-06":49,"grade-07":49,"grade-08":49},"magic":{"cool":143.77703093792,"feedback":7,"given":173.625,"grade":49.375,"grade-01-average":3.074,"grade-01-result":896,"grade-02-average":3.177,"grade-02-result":624,"grade-03-average":2.844,"grade-03-result":815,"grade-04-average":2.479,"grade-04-result":1034,"grade-05-average":3.319,"grade-05-result":680,"grade-06-average":3.489,"grade-06-result":307,"grade-07-average":3.255,"grade-07-result":293,"grade-08-average":3,"grade-08-result":819,"smart":2.5474061884089}}]}