{"status":200,"caller_id":0,"cached":[],"node":[{"id":159959,"parent":159347,"superparent":9,"author":142686,"type":"item","subtype":"game","subsubtype":"jam","published":"2019-10-07T03:38:53Z","created":"2019-09-04T20:59:21Z","modified":"2019-10-07T03:39:38Z","version":505807,"slug":"epic-space-potato","name":"Epic Space Potato","body":"Collect minerals while exploring and try to leave without dying.\n\n![Cover.png](///raw/e5d/22/z/26c89.png)\n\nInstructions:\n\nExplore the map and mine precious minerals. Try to bring the more you can to the ship and leave before running out of oxygen. Click the **Leave Button** on the ship to leave with your earnings.\n\n\nControls: \n\n- A,S,D,W or Arrow Keys to **move**\n\n- Space or Up to **jump**\n\n- Ctrl or Mouse click to **mine**\n\n​","meta":{"author":[142686,145545,165897,165980],"link-01-tag":[42336],"cover":"///content/e5d/22/z/26c2c.png","grade-05-out":"1","grade-06-out":"1","link-01":"https://redm4x.itch.io/epic-space-potato","link-01-name":"itch.io"},"path":"/events/ludum-dare/45/epic-space-potato","parents":[1,5,9,159347],"love":0,"notes":14,"notes-timestamp":"2019-10-19T21:26:16Z","grade":{"grade-01":27,"grade-02":27,"grade-03":27,"grade-04":27,"grade-07":22,"grade-08":25},"magic":{"cool":135.27497820326,"feedback":2,"given":33.625,"grade":25.833333333333,"grade-01-average":2.88,"grade-01-result":1004,"grade-02-average":2.96,"grade-02-result":812,"grade-03-average":2.56,"grade-03-result":986,"grade-04-average":2.02,"grade-04-result":1105,"grade-07-average":2.4,"grade-07-result":704,"grade-08-average":3.217,"grade-08-result":672,"smart":15.772301551155}}]}