{"status":200,"caller_id":0,"cached":[],"node":[{"id":166871,"parent":159347,"superparent":9,"author":138827,"type":"item","subtype":"game","subsubtype":"jam","published":"2019-10-07T22:30:08Z","created":"2019-10-04T16:19:47Z","modified":"2019-10-18T03:54:29Z","version":530892,"slug":"my-stuff-is-in-there","name":"My Stuff is in There!","body":"[![cover_image.png](///raw/b4e/12/z/2833b.png)](https://madbarron.itch.io/my-stuff-is-in-there)\n\n[Play in your browser! Takes 10 minutes to complete.](https://madbarron.itch.io/my-stuff-is-in-there)\n\nA story about Ben, who doesn’t value his relationships with others. When all his material possessions are lost, can he discover the social wealth he had all along?\n\nMade in Unity with a team of four and some copyright-free music.\n\nHow to Play\n-----------\n\nClick the ground to walk. Click someone to talk to them. Click words to talk.\n\nAt a certain point, you will need to help Ben develop some active _listening_ skills.\n\nUpdates\n-------\n* Made a small conversation tweak to hopefully make it easier in one tough spot.\n* Fixed some quest dead-ends and adjusted text to be more indicative of what the player should do.\n\nCredits\n-------\n\nAlex Davis: Writing\n\nRyan Hansen: Writing\n\nBrandon Quinn: Programming, Sound Effects\n\nBen Romney: Graphics\n\nMusic\n-----\n\"Sea of Ancestry\" by Jesse Gallagher\n\n\"Easy Breezy\" by Silent Partner\n\n\"Memories\" from [Bensound](http://www.bensound.com)","meta":{"author":[138827,153648,167106,173818],"link-01-tag":[42336],"grade-06-out":"1","link-01":"https://madbarron.itch.io/my-stuff-is-in-there","link-01-name":"Play in browser","cover":"///content/b4e/12/z/297bc.png"},"path":"/events/ludum-dare/45/my-stuff-is-in-there","parents":[1,5,9,159347],"love":0,"notes":42,"notes-timestamp":"2019-10-29T05:33:21Z","grade":{"grade-01":63,"grade-02":63,"grade-03":61,"grade-04":61,"grade-05":61,"grade-07":61,"grade-08":61},"magic":{"cool":117.29818944991,"feedback":69,"given":72.75,"grade":61.571428571429,"grade-01-average":3.041,"grade-01-result":917,"grade-02-average":2.73,"grade-02-result":969,"grade-03-average":2.525,"grade-03-result":1001,"grade-04-average":3.136,"grade-04-result":709,"grade-05-average":2.585,"grade-05-result":982,"grade-07-average":3.381,"grade-07-result":252,"grade-08-average":3.017,"grade-08-result":815,"smart":15.747606859802}}]}