{"status":200,"caller_id":0,"cached":[],"node":[{"id":161361,"parent":159347,"superparent":9,"author":24805,"type":"item","subtype":"game","subsubtype":"jam","published":"2019-10-07T21:44:19Z","created":"2019-09-22T00:25:41Z","modified":"2019-10-08T16:37:50Z","version":523389,"slug":"the-daily","name":"The Daily","body":"![cover.jpg](///raw/5e0/6/z/27d05.jpg)\n![4qnydMg.png](///raw/5e0/6/z/27d1c.png)\n![intro.jpg](///raw/5e0/6/z/27cd7.jpg)\n\nYou find yourself on the street with no help in sight. Work the streets to get some cash to buy coffee, or drift off to sleep.\n\nPasserby will give money if they like you.\n\nWhen you have at least ¤2, use [R] to buy coffee, and fill your coffee meter.\n\nIf you end a day with a lower meter, the next days will be harder on you.\n\n** Some people are experiencing a black screen when attempting to start the game, if so please try to change the resolution using the F1-F3 keys! Please also remember to fully extract the game from the zip before running the exe. I'm looking into the issue, sorry about this**\n\n\n| Control | Description |\n| --- | --- |\n| Q, W, E| Change expression |\n| R| Purchase coffee |\n| F1 | Change window resolution to 720p |\n| F2 | Change window resolution to 900p |\n| F3 | Change window resolution to 1080p |\n| F4 | Toggle borderless mode |\n| F5 | Toggle fullscreen mode |\n| F5 | Quit the game |","meta":{"author":[24805,3551,984],"link-01-tag":[42337],"cover":"///content/5e0/6/z/27cb8.jpg","link-01":"https://drive.google.com/open?id=1t0LQfTPlxCG4azQZVhTWdProgG-pO__0","allow-anonymous-comments":"1"},"path":"/events/ludum-dare/45/the-daily","parents":[1,5,9,159347],"love":0,"notes":42,"notes-timestamp":"2019-10-29T21:21:36Z","grade":{"grade-01":44,"grade-02":43,"grade-03":45,"grade-04":45,"grade-05":47,"grade-06":47,"grade-07":39,"grade-08":45},"magic":{"cool":151.83792360022,"feedback":25,"given":105.625,"grade":44.375,"grade-01-average":3.774,"grade-01-result":248,"grade-02-average":3.415,"grade-02-result":443,"grade-03-average":3.733,"grade-03-result":182,"grade-04-average":3.942,"grade-04-result":145,"grade-05-average":4.159,"grade-05-result":169,"grade-06-average":3.75,"grade-06-result":176,"grade-07-average":3.162,"grade-07-result":343,"grade-08-average":3.94,"grade-08-result":128,"smart":16.721798313918}}]}