{"status":200,"caller_id":0,"cached":[],"node":[{"id":172664,"parent":159347,"superparent":9,"author":13111,"type":"item","subtype":"game","subsubtype":"jam","published":"2019-10-07T21:59:36Z","created":"2019-10-07T17:32:28Z","modified":"2019-10-07T22:08:17Z","version":515953,"slug":"dissociation-shadow-of-oneself","name":"Dissociation: Shadow of oneself","body":"You are the alter. You are the shadow of one man's mind.\n\nThe stronger he rejects you the stronger you become.\n\nThere is no relief, there is no defeat.\n\nAt the end, there is only death.\n![image_2019-10-07_23-50-49.png](///raw/733/3/z/2800c.png)\n\n___\nHow does the game works?\n\nFight against your trueself.\nStart with no damaging ability, but gradually become a better clone than the original one, copying his abilities.\n\nEach skill is unlocked after a certain number of uses by your opponent.\n\nBe patient, he will foolessly give you all the power you need.\n\n![image_2019-10-07_23-50-54.png](///raw/733/3/z/28016.png)\n\n___\nPlay with keyboard or controller.\n\nKEYBOARD:\n-WASD to move\n-Spacebar, leftshift to dash\n-Abilities with J,K,L. Or, if you prefer to use the mouse: leftclick, rightclick, third mouse button.\n\nCONTROLLER:\n-Left analog to move\n-A or Right Bumper to dash\n-Abilities with X,Y,B.\n\n\n![image_2019-10-07_23-52-12.png](///raw/733/3/z/28021.png)","meta":{"author":[13111,145181,145153,145157],"grade-07-out":"1","link-01-tag":[42337],"cover":"///content/107/32/z/2772f.png","allow-anonymous-comments":"1","link-01":"https://mindtricks.itch.io/dissociation-shadow-of-oneself","link-02":"https://mindtricks.itch.io/dissociation-shadow-of-oneself-html","link-02-tag":[42336]},"path":"/events/ludum-dare/45/dissociation-shadow-of-oneself","parents":[1,5,9,159347],"love":0,"notes":25,"notes-timestamp":"2019-10-18T06:33:18Z","grade":{"grade-01":47,"grade-02":47,"grade-03":47,"grade-04":47,"grade-05":47,"grade-06":45,"grade-08":47},"magic":{"cool":126.68921319438,"feedback":26,"given":64,"grade":46.714285714286,"grade-01-average":3.389,"grade-01-result":626,"grade-02-average":3.289,"grade-02-result":542,"grade-03-average":3.022,"grade-03-result":686,"grade-04-average":3.256,"grade-04-result":606,"grade-05-average":3.767,"grade-05-result":401,"grade-06-average":3.302,"grade-06-result":395,"grade-08-average":3.333,"grade-08-result":561,"smart":16.13026535796}}]}