{"status":200,"caller_id":0,"cached":[],"node":[{"id":164525,"parent":159347,"superparent":9,"author":164523,"type":"item","subtype":"game","subsubtype":"jam","published":"2019-10-07T16:49:47Z","created":"2019-10-02T15:46:31Z","modified":"2019-10-07T16:49:47Z","version":509131,"slug":"war-with-nothing","name":"War with Nothing","body":"this is my game it has something that i did not finish but im not going to tell you.you have to find  out and most of you will.","meta":{"author":[164523],"grade-08-out":"1","grade-05-out":"1","grade-07-out":"1","allow-anonymous-comments":"1","link-01":"https://imake.itch.io/ludumdare45","link-01-tag":[42512]},"path":"/events/ludum-dare/45/war-with-nothing","parents":[1,5,9,159347],"love":0,"notes":18,"notes-timestamp":"2019-10-25T14:08:04Z","grade":{"grade-01":29,"grade-02":29,"grade-03":29,"grade-04":29,"grade-06":20},"magic":{"cool":85.238635606162,"feedback":9,"given":11.625,"grade":27.2,"grade-01-average":2,"grade-01-result":1131,"grade-02-average":2.222,"grade-02-result":1106,"grade-03-average":2.056,"grade-03-result":1111,"grade-04-average":2.037,"grade-04-result":1101,"grade-06-average":1.194,"grade-06-result":697,"smart":-25.688087940273}}]}