{"status":200,"caller_id":0,"cached":[],"node":[{"id":167542,"parent":159347,"superparent":9,"author":5425,"type":"item","subtype":"game","subsubtype":"compo","published":"2019-10-06T22:40:36Z","created":"2019-10-04T20:14:07Z","modified":"2019-10-08T11:47:04Z","version":522400,"slug":"nothing-left-1","name":"Nothing Left","body":"---\n![screencap2.PNG](///raw/135/1/z/268e9.png)\n\n---\n\n**He's homeless and down on his luck. He got nothing left. A single paperclip may be his salvation...**\n\nInspired by the [one red paperclip](https://en.wikipedia.org/wiki/One_red_paperclip?oldformat=true), the story about a man who traded his way from a single paperclip to a house.\n\nA game made by Martin Jirlow in 48 hours for Ludum Dare 45.\n\n---\n\n**Controls:**\n\nMovement: WASD\nInteract: E\nCancel: Q\nMute Music: M\nMute Sound Effects: N","meta":{"author":[5425],"cover":"///content/135/1/z/26870.png","allow-anonymous-comments":"1","link-01":"https://github.com/martin-jw/LD45","link-01-tag":[42332],"link-02":"https://martinjw.itch.io/nothing-left","link-02-tag":[42337],"link-03":"https://martinjw.itch.io/nothing-left","link-03-tag":[42341],"link-04":"https://martinjw.itch.io/nothing-left","link-04-tag":[42339]},"path":"/events/ludum-dare/45/nothing-left-1","parents":[1,5,9,159347],"love":0,"notes":18,"notes-timestamp":"2019-10-26T09:20:47Z","grade":{"grade-01":21,"grade-02":21,"grade-03":21,"grade-04":21,"grade-05":21,"grade-06":21,"grade-07":21,"grade-08":20},"magic":{"grade":20.875,"given":17,"feedback":12,"smart":4.9664902331039,"cool":92.484912929066,"grade-01-average":3.579,"grade-01-result":173,"grade-02-average":3.053,"grade-02-result":327,"grade-03-average":3.368,"grade-03-result":211,"grade-04-average":4.105,"grade-04-result":52,"grade-05-average":3.763,"grade-05-result":110,"grade-06-average":3.474,"grade-06-result":121,"grade-07-average":3.184,"grade-07-result":110,"grade-08-average":3.194,"grade-08-result":235}}]}