{"status":200,"caller_id":0,"cached":[],"node":[{"id":167831,"parent":159347,"superparent":9,"author":166191,"type":"item","subtype":"game","subsubtype":"jam","published":"2019-10-07T11:05:55Z","created":"2019-10-04T21:10:50Z","modified":"2019-10-07T17:46:05Z","version":509693,"slug":"light-chaser","name":"Light Chaser","body":"A tricky little Arcade game with flashy particles and some creepy autumn vibes.  \n\nYou start with nothing and you have to keep struggling to sustain the points you make. \n\n![Screenshot 10-07-2019 10.48.53.png](///raw/f29/82/z/26e73.png)\n\n","meta":{"author":[166191,162548],"link-01-tag":[42336],"cover":"///content/f29/82/z/26f59.png","link-01":"https://codeforjoy.itch.io/light-chaser","link-01-name":"itch.io"},"path":"/events/ludum-dare/45/light-chaser","parents":[1,5,9,159347],"love":0,"notes":29,"notes-timestamp":"2019-10-11T07:05:44Z","grade":{"grade-01":32,"grade-02":33,"grade-03":33,"grade-04":33,"grade-05":33,"grade-06":31,"grade-07":28,"grade-08":32},"magic":{"cool":106.08987099976,"feedback":13,"given":34.75,"grade":31.875,"grade-01-average":3.6,"grade-01-result":395,"grade-02-average":3.419,"grade-02-result":438,"grade-03-average":3.065,"grade-03-result":655,"grade-04-average":3.081,"grade-04-result":747,"grade-05-average":3.823,"grade-05-result":360,"grade-06-average":3.19,"grade-06-result":453,"grade-07-average":1.846,"grade-07-result":864,"grade-08-average":3.1,"grade-08-result":750,"smart":13.759291798904}}]}