{"status":200,"caller_id":0,"cached":[],"node":[{"id":170032,"parent":159347,"superparent":9,"author":170030,"type":"item","subtype":"game","subsubtype":"jam","published":"2019-10-07T21:52:19Z","created":"2019-10-05T18:55:34Z","modified":"2019-10-07T22:41:05Z","version":517699,"slug":"voidrunner","name":"VoidRunner","body":"Escape a cyber punk world by building your way to the exit.\n\nYou ARE the **Void Runner**\nHave fun Ludum dare Friendzzzz.\n\n![Void Runner640.png](///raw/e28/92/z/27fe3.png)\n\n![VoidRunner-Level2.png](///raw/e28/92/z/27fa0.png)\n\n![VoidRunner-Character.png](///raw/e28/92/z/27fa7.png)\n\n===\n\n**Controls**\nMouse Left : Build block\nKeyPad 1, 2, 3: Change/Choose block\n\n===\n\n**About this game**\nThis is the result of various experiments that we tried through an emergent game design process\nAlthough game is not perfect, we all learn a lot by making it.","meta":{"author":[170030],"grade-06-out":"1","link-01-tag":[42337],"link-01":"https://technsmile.itch.io/void-runner","cover":"///content/e28/92/z/27f34.png","allow-anonymous-comments":"1"},"path":"/events/ludum-dare/45/voidrunner","parents":[1,5,9,159347],"love":0,"notes":20,"notes-timestamp":"2019-10-27T20:59:14Z","grade":{"grade-01":25,"grade-02":25,"grade-03":25,"grade-04":25,"grade-05":26,"grade-07":23,"grade-08":24},"magic":{"cool":114.68005559606,"feedback":14,"given":27.125,"grade":24.714285714286,"grade-01-average":3.043,"grade-01-result":914,"grade-02-average":2.957,"grade-02-result":817,"grade-03-average":3.652,"grade-03-result":224,"grade-04-average":2.609,"grade-04-result":1001,"grade-05-average":3.854,"grade-05-result":339,"grade-07-average":2,"grade-07-result":840,"grade-08-average":3.545,"grade-08-result":387,"smart":13.022405615537}}]}