{"status":200,"caller_id":0,"cached":[],"node":[{"id":159631,"parent":159347,"superparent":9,"author":159630,"type":"item","subtype":"game","subsubtype":"compo","published":"2019-10-06T22:45:43Z","created":"2019-08-31T23:57:31Z","modified":"2019-10-08T03:54:13Z","version":521173,"slug":"contraband","name":"Contraband","body":"You awaken in a prison cell, nameless and without memory. You have nothing. All you know is that you must be free.\nEnlist the help of inmates to gather contraband items and make your escape.\n\nEnjoy a shape-shifting experience, packed with energy and precision, fun genre twists and quirky characters.\n\nBut seriously, I made this in 48 hours. I'm very proud of it. Have fun :)\n\nControls:\n- Z = Jump\n\n- X = Attack\n\n- Arrow Keys = Move\n\nBug Fixes:\n7 Oct:\n- Fixed a bug that caused the player to not take damage from lasers;\n- Fixed a bug that caused the player to catch on invisible seams on walls, preventing wall slide;\n- Fixed a bug that enabled double-jumping in certain scenarios;\n- Fixed a bug that caused enemies to attack the player when in a cutscene;\n- Fixed a bug that caused the player to die of hunger when in a cutscene;\n- Fixed numerous bugs that would cause the player controller to become unresponsive to input (soft lock);\n\n8 Oct:\n- Fixed a bug that caused players to cling to the opposite side of certain walls, somewhat ironically trapping them in the other prison cells (soft lock);\n\n![Contraband Store Mock.png](///raw/e8f/62/z/26a4e.png)","meta":{"author":[159630],"allow-anonymous-comments":"1","link-01":"https://uppon-hill.itch.io/contraband","link-01-tag":[42336],"cover":"///content/e8f/62/z/269ce.png","link-02":"https://uppon-hill.itch.io/contraband","link-02-tag":[42332]},"path":"/events/ludum-dare/45/contraband","parents":[1,5,9,159347],"love":0,"notes":46,"notes-timestamp":"2019-10-29T06:51:40Z","grade":{"grade-01":66,"grade-02":67,"grade-03":66,"grade-04":67,"grade-05":67,"grade-06":64,"grade-07":58,"grade-08":64},"magic":{"grade":64.875,"given":49.75,"feedback":68,"smart":-0.074543431902356,"cool":88.253326886061,"grade-01-average":3.633,"grade-01-result":141,"grade-02-average":3.246,"grade-02-result":236,"grade-03-average":3.039,"grade-03-result":319,"grade-04-average":3.554,"grade-04-result":196,"grade-05-average":4.023,"grade-05-result":52,"grade-06-average":3.5,"grade-06-result":110,"grade-07-average":2.741,"grade-07-result":197,"grade-08-average":3.476,"grade-08-result":143}}]}