{"status":200,"caller_id":0,"cached":[],"node":[{"id":173413,"parent":159347,"superparent":9,"author":160634,"type":"item","subtype":"game","subsubtype":"jam","published":"2019-10-07T21:51:45Z","created":"2019-10-07T21:45:57Z","modified":"2019-10-07T21:51:45Z","version":514708,"slug":"escape-the-pit","name":"Escape The Pit","body":"1v1 Local Multiplayer\nBe the first one to escape the Pit!","meta":{"author":[160634],"link-01-tag":[42337],"link-02-tag":[42339],"link-03-tag":[42336],"grade-05-out":"1","grade-06-out":"1","link-01":"https://quiet-steps.itch.io/escape-the-pit","link-02":"https://quiet-steps.itch.io/escape-the-pit","link-03":"https://quiet-steps.itch.io/ld45-web-build","cover":"///content/a73/72/z/28238.png"},"path":"/events/ludum-dare/45/escape-the-pit","parents":[1,5,9,159347],"love":0,"notes":14,"notes-timestamp":"2019-10-14T19:57:03Z","grade":{"grade-01":29,"grade-02":29,"grade-03":29,"grade-04":29,"grade-07":27,"grade-08":28},"magic":{"cool":112.69155471049,"feedback":28,"given":25.875,"grade":28.5,"grade-01-average":3.241,"grade-01-result":759,"grade-02-average":2.926,"grade-02-result":842,"grade-03-average":3.241,"grade-03-result":504,"grade-04-average":2.704,"grade-04-result":964,"grade-07-average":2.96,"grade-07-result":442,"grade-08-average":2.635,"grade-08-result":984,"smart":16.26241504692}}]}