{"status":200,"caller_id":0,"cached":[],"node":[{"id":159888,"parent":159347,"superparent":9,"author":15129,"type":"item","subtype":"game","subsubtype":"jam","published":"2019-10-07T09:59:16Z","created":"2019-09-03T19:04:27Z","modified":"2019-10-10T16:36:56Z","version":527628,"slug":"spam-space-to-exist","name":"Spam Space To Exist","body":"![Title.png](///raw/91b/3/z/26ee5.png)\n\n### Introduction\nYou are nothing. Well, for now. If you spam the spacebar in Spam Space To Exist you can exist, then you can get bigger by absorbing stuff! If you absorb enough stuff, you might be able to absorb the biggest stuff, like, say... a planet! The people living here are no fun and they don't much like that idea, so you'll have to absorb them too with all their silly technology.\n\n***\n\n### Game Objective\nYour objective in Spam Space To Exist is to exist as much as possible, which means getting really big. By touching floating debris you absorb it and it sticks to you, becoming you. When you get big enough, **your final goal is to absorb the local planet.** However, it is heavily defended.\n\nWhen useful technology sticks to you, it starts working for you. Weapons are especially useful for fending off enemies, but **these puny beings are also very susceptible to a good clobbering** by your mighty girth. **The bigger you are, the more damage you inflict when you bash enemies.** Destroyed enemy ships will drop their useful bits, good for absorbing.\n\n***\n\n### Controls\n(Available in-game)\n- Spacebar - Spam this to become something from nothing at the start (or if you get blown up)\n- WSAD or Arrow Keys - Move around\n- QE or Page Up/Down - Rotate\n\n***\n\n### Screenshots\n\n![screenshot2_cropped.png](///raw/91b/3/z/26ee3.png)\n\n![screenshot3_cropped.png](///raw/91b/3/z/26ee4.png)\n\n***\n\n### The Team\n\n- **Ketura** - Design, Programming\n- **Wheffle** - Programming, AI, Music, Sound Effects\n- **FieryVictoryStar** - Programming\n\nWe formed an ad-hoc team the day of the start of the jam. Spread across multiple time zones and none of us having been able to take much time off on Monday to wrap up, we managed to bust out something that passes for a game. Success!\n\n### Tools\n- **Unity** - Game Engine\n- **Bosca Ceoil** - Music\n- **BFXR + Audacity** - Sound Effects\n\n***\n","meta":{"author":[15129,83678,84608],"link-01-tag":[42336],"link-01":"https://wheffle.itch.io/spam-space-to-exist","cover":"///content/91b/3/z/26ed3.png","link-02":"https://github.com/ketura/LudumDare_045","link-02-tag":[42332],"allow-anonymous-comments":"1"},"path":"/events/ludum-dare/45/spam-space-to-exist","parents":[1,5,9,159347],"love":0,"notes":25,"notes-timestamp":"2019-10-14T00:00:38Z","grade":{"grade-01":44,"grade-02":44,"grade-03":44,"grade-04":44,"grade-05":44,"grade-06":43,"grade-07":40,"grade-08":43},"magic":{"cool":94.992992578681,"feedback":48,"given":38.125,"grade":43.25,"grade-01-average":3.357,"grade-01-result":665,"grade-02-average":3.452,"grade-02-result":409,"grade-03-average":3.536,"grade-03-result":313,"grade-04-average":3.881,"grade-04-result":172,"grade-05-average":2.821,"grade-05-result":911,"grade-06-average":2.744,"grade-06-result":611,"grade-07-average":2.421,"grade-07-result":695,"grade-08-average":3.024,"grade-08-result":807,"smart":17.172017853905}}]}