{"status":200,"caller_id":0,"cached":[],"node":[{"id":169993,"parent":159347,"superparent":9,"author":133940,"type":"item","subtype":"game","subsubtype":"jam","published":"2019-10-07T21:00:54Z","created":"2019-10-05T18:32:33Z","modified":"2019-10-24T14:40:02Z","version":532071,"slug":"vegan-farmer","name":"Vegan Farmer","body":"The cow farmer's daughter is a vegan now! You set out to create a delicious avocado salad for her. The problem: there is nothing but cows. Use your clever crafting skills to let all those fancy vegetables appear: green leaf lettuce, tomatoes, sweet corn, even avocado! The game is played by just dragging and combining things with the mouse. Do you have what it takes? Let's find out!\n\n![veganfarm_screen1.png](///raw/12c/f1/z/27a18.png)\n\n![veganfarm_screen3.png](///raw/12c/f1/z/27a1c.png)\n\nhttps://youtu.be/ov-eY9ys3AM\n\nhttps://youtu.be/G3hYnUuZwls\n\nThe following post-jam fixes were added on 10/24/2019:\n* pick objects based on z-order for drag&drop\n* slightly less grind in late-game","meta":{"author":[133940,130081,172260],"cover":"///content/43b/02/z/25a60.png","link-01-tag":[50],"allow-anonymous-comments":"1","link-01":"https://github.com/oncer/ld45","link-02":"https://simonparzer.itch.io/vegan-farmer","link-02-tag":[42336]},"path":"/events/ludum-dare/45/vegan-farmer","parents":[1,5,9,159347],"love":0,"notes":30,"notes-timestamp":"2019-10-21T11:25:58Z","grade":{"grade-01":42,"grade-02":42,"grade-03":41,"grade-04":42,"grade-05":41,"grade-06":41,"grade-07":42,"grade-08":41},"magic":{"cool":77.379934873245,"feedback":35,"given":24.25,"grade":41.5,"grade-01-average":4.263,"grade-01-result":24,"grade-02-average":4.275,"grade-02-result":11,"grade-03-average":3.974,"grade-03-result":90,"grade-04-average":3.875,"grade-04-result":175,"grade-05-average":4.526,"grade-05-result":21,"grade-06-average":4.167,"grade-06-result":33,"grade-07-average":4.4,"grade-07-result":4,"grade-08-average":4.038,"grade-08-result":90,"smart":-3.1391592442533}}]}