{"status":200,"caller_id":0,"cached":[],"node":[{"id":168117,"parent":159347,"superparent":9,"author":168109,"type":"item","subtype":"game","subsubtype":"jam","published":"2019-10-07T22:23:04Z","created":"2019-10-04T21:45:50Z","modified":"2019-10-07T22:44:48Z","version":517880,"slug":"eggs","name":"EGGS!","body":"The hen has lost all her eggs! It's time to get them back! Collect all the eggs and head to the door to advance to the next level.\n\nMove with WASD, hold mouse 1 down to shoot the grappling hook and mouse 2 to reel it in.\n\n\nHave fun!\n\nWindows version has greater performance.\n![shot_1.png](///raw/da0/92/z/281de.png)\n\n![shot_2.png](///raw/da0/92/z/281e7.png)\n\n![shot_3.png](///raw/da0/92/z/281ea.png)\n\nSounds from OpenGameArt:\n\nhttps://opengameart.org/content/8-bit-sound-effect-pack\n\nhttps://opengameart.org/content/5-chiptunes-action\n","meta":{"author":[168109,166493],"link-01-tag":[42336],"grade-06-out":"1","allow-anonymous-comments":"1","cover":"///content/da0/92/z/281ba.png","link-01":"https://jaaskeh.itch.io/eggs","link-02":"https://jaaskeh.itch.io/eggs","link-02-tag":[42337]},"path":"/events/ludum-dare/45/eggs","parents":[1,5,9,159347],"love":0,"notes":11,"notes-timestamp":"2019-10-08T21:54:51Z","grade":{"grade-01":32,"grade-02":32,"grade-03":31,"grade-04":30,"grade-05":31,"grade-07":30,"grade-08":29},"magic":{"cool":90.889325914639,"feedback":2,"given":21.375,"grade":30.714285714286,"grade-01-average":3.3,"grade-01-result":710,"grade-02-average":3.467,"grade-02-result":399,"grade-03-average":3.069,"grade-03-result":652,"grade-04-average":2.036,"grade-04-result":1103,"grade-05-average":2.862,"grade-05-result":897,"grade-07-average":2.893,"grade-07-result":476,"grade-08-average":2.611,"grade-08-result":991,"smart":-14.648469721216}}]}