{"status":200,"caller_id":0,"cached":[],"node":[{"id":172977,"parent":159347,"superparent":9,"author":42535,"type":"item","subtype":"game","subsubtype":"jam","published":"2019-10-07T21:45:22Z","created":"2019-10-07T19:59:34Z","modified":"2019-10-20T20:14:32Z","version":531381,"slug":"dot","name":"Dot","body":"Explore the world with this little ink droplet.\n\n![Start.PNG](///raw/726/a/z/27dd9.png)\n\n![sc1.PNG](///raw/726/a/z/27e45.png)![sc2.PNG](///raw/726/a/z/27e88.png)\n\nIf you'd like to read about the making of the game, you can do so [here](http://www.hadidanial.com/blog/2019/10/dot.html).\n\n","meta":{"author":[42535],"link-01-tag":[42336],"cover":"///content/726/a/z/29371.png","link-01":"https://hadidanial.itch.io/dot","link-02":"","link-02-tag":null,"grade-06-out":"1","allow-anonymous-comments":"1"},"path":"/events/ludum-dare/45/dot","parents":[1,5,9,159347],"love":0,"notes":21,"notes-timestamp":"2019-10-30T00:42:26Z","grade":{"grade-01":21,"grade-02":21,"grade-03":21,"grade-04":21,"grade-05":21,"grade-06":8,"grade-07":18,"grade-08":20},"magic":{"cool":81.93464903987,"feedback":12,"given":12,"grade":21.571428571429,"grade-01-average":3.342,"grade-01-result":678,"grade-02-average":3.211,"grade-02-result":596,"grade-03-average":3.184,"grade-03-result":543,"grade-04-average":3.368,"grade-04-result":515,"grade-05-average":3.947,"grade-05-result":288,"grade-06-average":1.667,"grade-07-average":2.625,"grade-08-average":3.5,"grade-08-result":414,"smart":-10.698916331862}}]}