{"status":200,"caller_id":0,"cached":[],"node":[{"id":162977,"parent":159347,"superparent":9,"author":9649,"type":"item","subtype":"game","subsubtype":"jam","published":"2019-10-07T22:17:57Z","created":"2019-09-29T17:42:00Z","modified":"2019-10-29T11:49:16Z","version":533023,"slug":"faraway","name":"Beyond the Horizon","body":"_\"This land looks like it has been torn apart and sloppily put back together. What insane force could've turned it into such a spectacular patchwork?\"_ \n\n![horizon_scr_01.png](///raw/1b5/2/z/296b1.png)\n\n**Story:** after years of treasure hunting and adventuring you find yourself in a strange and hostile land shaken by mighty magical battles. And you know what? You've had enough, and you're going home. \n\nGood luck on your journey. It will be a perilous one, for sure, but just press straight on, don't look back, and you'll definitely reach your faraway motherland.\nBecause once you made up your mind, all roads lead home.\n\n***\n> * **Travel** through beautiful autumn-winter landscapes!  \n> * **Scavenge** and use everything you can find!\n> * **Engage** in special events and make tough choices!\n> * **Reach** your final destination in the snowy forests!\n> * **[Play in browser!](https://yanrishatum.itch.io/beyond-the-horizon)**\n\n***\n\n**Controls:** mouse only. Scroll to zoom in and out. Left-click to **travel** to an adjacent tile, gather resources and trigger events. Right-click on yourself to set up a **camp**, collecting all resources and events from the tiles around you. \n\nYour **goal** is to go as far as you can into the snowy forests to finally reach your hometown. Just choose a direction and march straight on! You literally **start with nothing** though, so your first objective is to plunder the village next to you and stock up on some resources. Keep a close eye on them, especially if you decide to travel in a group: \n- **food** and **water** sustain you and your companions on the journey, \n- **clothes** protect you from harsh environments like snow and Slith,\n- **tools** are used to camp and trade. \n\n_Check out additional hints by reading tooltips in-game._\n\n***\n\n![horizon_scr_02.png](///raw/1b5/2/z/296b2.png)\n\nCode: [Yanrishatum](https://twitter.com/yanrishatum). Art: [ZeusDex](https://twitter.com/zyuska_arts). Gamedesign, story: [Shess](https://twitter.com/yenneash). Music, SFX: [Theodote](https://twitter.com/bogdanr5000).","meta":{"author":[9649,9653,107843,77663],"link-01-tag":[42336],"cover":"///content/1b5/2/z/296b5.png","grade-07-out":"1","link-01":"https://yanrishatum.itch.io/beyond-the-horizon","link-01-name":"in-browser (itch.io)","link-02":"http://wb.yanrishatum.ru/games/horizon/","link-02-tag":[42336],"link-02-name":"in-browser (self)"},"path":"/events/ludum-dare/45/faraway","parents":[1,5,9,159347],"love":0,"notes":19,"notes-timestamp":"2019-10-28T02:06:08Z","grade":{"grade-01":31,"grade-02":30,"grade-03":30,"grade-04":30,"grade-05":31,"grade-06":29,"grade-08":30},"magic":{"cool":108.73205644391,"feedback":20,"given":30,"grade":30.142857142857,"grade-01-average":3.569,"grade-01-result":437,"grade-02-average":3.054,"grade-02-result":737,"grade-03-average":3.107,"grade-03-result":614,"grade-04-average":3.571,"grade-04-result":375,"grade-05-average":4.5,"grade-05-result":31,"grade-06-average":3.593,"grade-06-result":242,"grade-08-average":3.661,"grade-08-result":308,"smart":15.196103146308}}]}