{"status":200,"caller_id":0,"cached":[],"node":[{"id":161642,"parent":159347,"superparent":9,"author":161641,"type":"item","subtype":"game","subsubtype":"compo","published":"2019-10-06T22:50:59Z","created":"2019-09-23T16:09:12Z","modified":"2019-10-07T02:44:25Z","version":505610,"slug":"egg-farm-escape","name":"Egg Farm Escape","body":"I'm a 15 year old from Canada\nThis is my first Ludum Dare\nHope You Enjoy\n\n\nDownload Source Code From Itch!\n\n![CoverFarm.jpg](///raw/967/72/z/26c16.jpg)","meta":{"author":[161641],"cover":"///content/967/72/z/266fc.application/octet-stream","link-01":"https://deacon8.itch.io/egg-farm-escape","link-01-tag":[42336],"link-01-name":"Game","link-02-tag":[42332],"link-02-name":"Will be Added"},"path":"/events/ludum-dare/45/egg-farm-escape","parents":[1,5,9,159347],"love":0,"notes":19,"notes-timestamp":"2019-10-08T12:32:04Z","grade":{"grade-01":25,"grade-02":25,"grade-03":25,"grade-04":25,"grade-05":25,"grade-06":25,"grade-07":25,"grade-08":25},"magic":{"cool":95.742710775634,"feedback":5,"given":22,"grade":25,"grade-01-average":3.261,"grade-01-result":310,"grade-02-average":3.326,"grade-02-result":206,"grade-03-average":3.348,"grade-03-result":221,"grade-04-average":3.348,"grade-04-result":267,"grade-05-average":2.978,"grade-05-result":347,"grade-06-average":3.196,"grade-06-result":203,"grade-07-average":3.261,"grade-07-result":94,"grade-08-average":3.326,"grade-08-result":190,"smart":-2.9274656605849}}]}