{"status":200,"caller_id":0,"cached":[],"node":[{"id":165820,"parent":159347,"superparent":9,"author":165809,"type":"item","subtype":"game","subsubtype":"jam","published":"2019-10-07T22:42:31Z","created":"2019-10-03T23:19:52Z","modified":"2019-10-07T22:42:31Z","version":517773,"slug":"pxl-it","name":"PXL IT","body":"You are a pixel that starts from nothing, using the arrow keys to walking, the goal is to pixelate the screen until you have it all, and thus discovering the secret.","meta":{"author":[165809,165824,165826],"link-01-tag":[50],"allow-anonymous-comments":"1","cover":"///content/1b7/82/z/28ffd.png","link-01":"https://ulissescad.itch.io/pxl-it","link-02":"https://ulissescad.itch.io/pxl-it-web","link-02-tag":[42336]},"path":"/events/ludum-dare/45/pxl-it","parents":[1,5,9,159347],"love":0,"notes":38,"notes-timestamp":"2019-10-20T19:08:02Z","grade":{"grade-01":33,"grade-02":33,"grade-03":33,"grade-04":33,"grade-05":33,"grade-06":32,"grade-07":26,"grade-08":31},"magic":{"cool":95.8487969143,"feedback":29,"given":28.25,"grade":31.75,"grade-01-average":3.323,"grade-01-result":694,"grade-02-average":3.081,"grade-02-result":718,"grade-03-average":2.968,"grade-03-result":724,"grade-04-average":3.226,"grade-04-result":630,"grade-05-average":2.903,"grade-05-result":883,"grade-06-average":3.317,"grade-06-result":388,"grade-07-average":2.646,"grade-07-result":588,"grade-08-average":2.983,"grade-08-result":829,"smart":15.133895762666}}]}