{"status":200,"caller_id":0,"cached":[],"node":[{"id":171183,"parent":159347,"superparent":9,"author":209,"type":"item","subtype":"game","subsubtype":"compo","published":"2019-10-06T19:11:06Z","created":"2019-10-06T18:32:08Z","modified":"2019-10-06T19:17:51Z","version":500679,"slug":"the-drop-to-the-top","name":"The drop to the top","body":"**​Description ​:**\n\nThis is a simple two player game. The goal in this game is to make the highest stack of figures. You have two minutes to make the highest stack.​\n\n**Keyboard controls:**\n\n*Player 01:*\n\n* S: Drop figure\n* A/D: Push figure left/right when it is dropped.\n\n\n\n*Player 02:* \n\n* ​Down arrow: Drop figure\n* Left/Right arrow: Push figure left/right when it is dropped.\n​\n\n\n* Escape: Quit the game\n* R: Restart the game\n\n\n\n*​​Good luck and have fun*\n\n\n![ScreenShot01.jpg](///raw/1d/z/26113.jpg)\n\n![ScreenShot02.jpg](///raw/1d/z/26114.jpg)\n\n![ScreenShot03.jpg](///raw/1d/z/26118.jpg)","meta":{"author":[209],"link-01-tag":[50],"cover":"///content/1d/z/2611e.jpg","grade-07-out":"1","link-02-tag":[42337],"link-02-name":"Win 32/64","link-01":"https://jk5000.itch.io/the-drop-to-the-top","link-02":"https://jk5000.itch.io/the-drop-to-the-top"},"path":"/events/ludum-dare/45/the-drop-to-the-top","parents":[1,5,9,159347],"love":0,"notes":45,"notes-timestamp":"2019-10-29T20:24:29Z","grade":{"grade-01":71,"grade-02":72,"grade-03":72,"grade-04":70,"grade-05":72,"grade-06":71,"grade-08":70},"magic":{"cool":127.77531299999,"feedback":144,"given":160.25,"grade":71.142857142857,"grade-01-average":3.522,"grade-01-result":202,"grade-02-average":3.307,"grade-02-result":215,"grade-03-average":3.014,"grade-03-result":332,"grade-04-average":3.118,"grade-04-result":338,"grade-05-average":3.95,"grade-05-result":69,"grade-06-average":3.551,"grade-06-result":97,"grade-08-average":3.39,"grade-08-result":167,"smart":10.00117859037}}]}