{"status":200,"caller_id":0,"cached":[],"node":[{"id":171033,"parent":159347,"superparent":9,"author":38812,"type":"item","subtype":"game","subsubtype":"compo","published":"2019-10-06T16:55:36Z","created":"2019-10-06T16:47:49Z","modified":"2019-10-06T16:55:36Z","version":499654,"slug":"scope-creep","name":"Scope Creep","body":"Souls-like platformer.\n\nBeat the game? \nNow do it without power-ups!\n\nYou start with nothing and that's all you need to beat it.\n\nThe name is inspired after what happened to me during this compo, having to bin the project a couple of times.\n\nHope you'll enjoy the game.\n\nYou: ![player.png](///raw/c97/9/z/25f9d.png)\n\nYour death: ![powerUp_Dead.png](///raw/c97/9/z/25f9e.png)\n\nWhat caused it: ![spikes.png](///raw/c97/9/z/25f9f.png)\n\nWhat it should have been there: ![walls.png](///raw/c97/9/z/25fa1.png)","meta":{"author":[38812],"cover":"///content/c97/9/z/25f93.png","allow-anonymous-comments":"1","grade-06-out":"1","grade-07-out":"1","grade-08-out":"1","link-01":"https://vlad-z.itch.io/scope-creep","link-01-tag":[50],"link-02":"https://vlad-z.itch.io/scope-creep","link-02-tag":[42337],"link-03":"https://vlad-z.itch.io/scope-creep","link-03-tag":[42339],"link-04":"https://vlad-z.itch.io/scope-creep","link-04-tag":[42341],"link-05":"https://vlad-z.itch.io/scope-creep","link-05-tag":[42336]},"path":"/events/ludum-dare/45/scope-creep","parents":[1,5,9,159347],"love":0,"notes":28,"notes-timestamp":"2019-10-29T13:23:37Z","grade":{"grade-01":46,"grade-02":46,"grade-03":46,"grade-04":46,"grade-05":46},"magic":{"cool":153.0471281123,"feedback":0,"given":65,"grade":46,"grade-01-average":2.886,"grade-01-result":443,"grade-02-average":2.795,"grade-02-result":399,"grade-03-average":2.534,"grade-03-result":443,"grade-04-average":3.182,"grade-04-result":318,"grade-05-average":2.625,"grade-05-result":430,"smart":3.6951694730425}}]}