{"status":200,"caller_id":0,"cached":[],"node":[{"id":170100,"parent":159347,"superparent":9,"author":144359,"type":"item","subtype":"game","subsubtype":"compo","published":"2019-10-06T12:12:37Z","created":"2019-10-05T20:02:35Z","modified":"2019-10-10T00:59:40Z","version":527015,"slug":"egg-farm","name":"Egg Farm","body":"Start with reading nothing. Spoilers are disadvised.\n\n## Play\n\nFor web version of this game, visit https://kuviman.gitlab.io/egg-farm.\n\nOr download native version:\n\n- [Windows](https://kuviman.gitlab.io/egg-farm/egg-farm-windows.zip)\n- [Linux](https://kuviman.gitlab.io/egg-farm/egg-farm-linux.tar.gz)\n- [MacOS](https://kuviman.gitlab.io/egg-farm/egg-farm-macos.tar.gz)\n\n## About\n\nUltra hardcore puzzle bullet hell farming simulator.\n\n![start_with_nothing.gif](///raw/7e3/32/z/25d8b.gif)\n\nStart as an egg, grow a farm, but beware of angry weed. Do not die, but collect tropheys from your enemies to make your way to the winning screen.\n\n![gameplay.gif](///raw/7e3/32/z/25d8c.gif)\n\n![win.gif](///raw/7e3/32/z/25d8d.gif)\n\nYou think this image is fake? You're right!\n\nYou think I can't beat my own game? You're wrong! I have proof. In my profile. It's a video. How I beat it. Because I can.","meta":{"author":[144359],"cover":"///content/7e3/32/z/25d93.png","allow-anonymous-comments":"1","link-01":"https://gitlab.com/kuviman/egg-farm","link-01-tag":[42332],"link-01-name":"Source (Rust)","link-02":"https://kuviman.gitlab.io/egg-farm","link-02-tag":[42336],"link-03":"https://kuviman.gitlab.io/egg-farm/egg-farm-windows.zip","link-03-tag":[42337],"link-03-name":"Windows (zip)","link-04":"https://kuviman.gitlab.io/egg-farm/egg-farm-macos.tar.gz","link-04-tag":[42339],"link-04-name":"MacOS (tar.gz)","link-05":"https://kuviman.gitlab.io/egg-farm/egg-farm-linux.tar.gz","link-05-tag":[42341],"link-05-name":"Linux (tar.gz)"},"path":"/events/ludum-dare/45/egg-farm","parents":[1,5,9,159347],"love":0,"notes":82,"notes-timestamp":"2019-10-30T00:19:41Z","grade":{"grade-01":123,"grade-02":123,"grade-03":122,"grade-04":122,"grade-05":123,"grade-06":116,"grade-07":114,"grade-08":117},"magic":{"cool":100,"feedback":134,"given":110.125,"grade":120,"grade-01-average":3.901,"grade-01-result":62,"grade-02-average":3.843,"grade-02-result":50,"grade-03-average":3.942,"grade-03-result":57,"grade-04-average":4.025,"grade-04-result":64,"grade-05-average":3.579,"grade-05-result":165,"grade-06-average":3.272,"grade-06-result":184,"grade-07-average":3.446,"grade-07-result":70,"grade-08-average":3.378,"grade-08-result":170,"smart":-10.73563146451}}]}