{"status":200,"caller_id":0,"cached":[],"node":[{"id":170566,"parent":159347,"superparent":9,"author":164505,"type":"item","subtype":"game","subsubtype":"compo","published":"2019-10-06T07:18:00Z","created":"2019-10-06T07:00:14Z","modified":"2019-10-07T22:18:30Z","version":516560,"slug":"twenty-six-blanks","name":"_ _ _ _ _ _ _ _ _ _ _ _ _ _ _ _ _ _ _ _ _ _ _ _ _ _ (twenty six blanks)","body":"use all letter keys\n\n(windows build seems broken, sorry, i do not have a pc on which to test this so it will likely not soon be changed)","meta":{"author":[164505],"cover":"///content/992/82/z/25cc1.png","link-01":"https://drive.google.com/file/d/1vEGDB595p4d-abE53Wg-YfKUgnrKEhcS/view?usp=sharing","link-01-tag":[42332],"link-02":"https://uctuviun.itch.io/blank","link-02-tag":[42339],"link-03":"https://uctuviun.itch.io/blank","link-03-tag":[42337],"link-01-name":"unity project"},"path":"/events/ludum-dare/45/twenty-six-blanks","parents":[1,5,9,159347],"love":0,"notes":14,"notes-timestamp":"2019-10-27T20:35:27Z","grade":{"grade-01":22,"grade-02":21,"grade-03":21,"grade-04":22,"grade-05":21,"grade-06":19,"grade-07":19,"grade-08":20},"magic":{"cool":111.4467683049,"feedback":4,"given":24.375,"grade":20.625,"grade-01-average":2.625,"grade-01-result":489,"grade-02-average":2.237,"grade-02-result":497,"grade-03-average":3.289,"grade-03-result":242,"grade-04-average":3.275,"grade-04-result":292,"grade-05-average":2.395,"grade-05-result":456,"grade-06-average":2.088,"grade-06-result":360,"grade-07-average":1.676,"grade-07-result":377,"grade-08-average":2.167,"grade-08-result":470,"smart":9.1828922258531}}]}