{"status":200,"caller_id":0,"cached":[],"node":[{"id":172367,"parent":159347,"superparent":9,"author":104983,"type":"item","subtype":"game","subsubtype":"jam","published":"2019-10-07T17:29:32Z","created":"2019-10-07T13:56:48Z","modified":"2019-10-07T18:43:07Z","version":510280,"slug":"part-wars","name":"Part Wars","body":"Part wars!\n\na small game about fighting robots, stealing their parts and upgrading your bot!\n\nSaddly i didn`t have enough time to do everything that i wanted(only had 12h), and balancing and bugs are still off.\n\nNo sound/cool effects, but i think i nailed it concept-wise\n\nIcons used created by Icons8\n\n![fmu3UBbXjx.gif](///raw/71a/91/z/2737f.gif)\n\nHow to Play:\n\nPress fight to attack the enemy, dmg is basic Atk - Def.\n\nAfter every fight, the enemy will drop a part.\n\nYou can either deny it, and recover 1 HP or Equip/Bag it.","meta":{"author":[104983],"grade-05-out":"1","grade-06-out":"1","grade-07-out":"1","grade-08-out":"1","cover":"///content/71a/91/z/27371.png","link-01":"https://mcohen.itch.io/part-wars","link-01-tag":[42336]},"path":"/events/ludum-dare/45/part-wars","parents":[1,5,9,159347],"love":0,"notes":19,"notes-timestamp":"2019-10-29T18:07:39Z","grade":{"grade-01":21,"grade-02":21,"grade-03":21,"grade-04":21},"magic":{"cool":118.09897722272,"feedback":1,"given":13.25,"grade":21,"grade-01-average":3.026,"grade-01-result":925,"grade-02-average":3.132,"grade-02-result":673,"grade-03-average":3,"grade-03-result":693,"grade-04-average":2.763,"grade-04-result":934,"smart":-19.082640628731}}]}