{"status":200,"caller_id":0,"cached":[],"node":[{"id":163960,"parent":159347,"superparent":9,"author":163956,"type":"item","subtype":"game","subsubtype":"jam","published":"2019-10-07T22:07:06Z","created":"2019-10-01T16:25:52Z","modified":"2019-10-13T01:43:48Z","version":529204,"slug":"monolith","name":"Monolith","body":"*UPDATE:*\nGuys thanks SO MUCH for your feedback and kind messages!!\n\nWe have fixed some bugs so far, everything has gone straight to Git repository for you to be able to check the source code if you like.\nWe keep itch updated to.\n\nHope you enjoy!\n\nAnd speaking of music, we uploaded our original ost to youtube, check it out!\nhttps://www.youtube.com/watch?v=Y9YCetREef8\n\n*A game about knowing nothing.*\n\nMonolith is a puzzle game with rpg-like elements; in this game, you take the place of an unknown protagonist on an unknown realm. Your goal, motives, reasons, abilities, they're all unknown, the only thing you know is the Monolith, who will guide you through your journey, but, your journey for what?\nWhat are you doing here?\nWhat is the Monolith talking about?\nAnd why is he talking... like that?\nOnly one way to find out, there's not much time left, so you better hurry.\n\n\n Requirements\n\n\n- OS: Windows 7 SP1+, macOS 10.12+  \n- Graphics card with DX10 (shader model 4.0) capabilities.​  \n- CPU: SSE2 instruction set support.​\n- Memory: 4 GB RAM\n\n![Screenshot_Itch_01.png](///raw/470/82/z/282b5.png)\n\n![Screenshot_Itch_02.png](///raw/470/82/z/282bd.png)\n\n![Screenshot_Itch_03.png](///raw/470/82/z/282c9.png)\n\nWe have no information about controls and cannot provide you with any further support. Sorry and have fun!\n\nSource code aid...\n\nIf you want to know more about this code, we'd be more than happy to hear about you!\nWrite to us: info@applicate.co\n\n","meta":{"author":[163956,167204,162707,163139,164034,163141,173475,173482],"link-01-tag":[50],"grade-07-out":"1","link-02-tag":[42337],"cover":"///content/470/82/z/27857.jpg","link-01":"https://gitlab.com/kalucifer/ldjam45_applicateco/","link-02":"https://kalucifer.itch.io/monolith"},"path":"/events/ludum-dare/45/monolith","parents":[1,5,9,159347],"love":0,"notes":48,"notes-timestamp":"2019-10-26T02:55:09Z","grade":{"grade-01":47,"grade-02":47,"grade-03":47,"grade-04":47,"grade-05":49,"grade-06":48,"grade-08":49},"magic":{"cool":154.18497376518,"feedback":11,"given":96.875,"grade":47.714285714286,"grade-01-average":3.011,"grade-01-result":934,"grade-02-average":2.767,"grade-02-result":944,"grade-03-average":2.933,"grade-03-result":754,"grade-04-average":2.311,"grade-04-result":1072,"grade-05-average":3.734,"grade-05-result":426,"grade-06-average":3.457,"grade-06-result":325,"grade-08-average":3.223,"grade-08-result":670,"smart":2.125071365176}}]}