{"status":200,"caller_id":0,"cached":[],"node":[{"id":169638,"parent":159347,"superparent":9,"author":36237,"type":"item","subtype":"game","subsubtype":"compo","published":"2019-10-06T21:43:28Z","created":"2019-10-05T13:51:22Z","modified":"2019-10-18T11:58:04Z","version":530955,"slug":"invasion","name":"Invasion","body":"![design-logo.png](///raw/d8d/8/z/27036.png)\n\n**INVASION!**\n\nStart with nothing... but a seed... of an invasive species!  \nOvercrowd the planet and take it over! Those native species won't stand a chance!  \n\n_Controls:_\n* Mouse: select tile and action\n* 1, 2, 3: switch place mode (grow, attack, seed)\n* Arrows: rotate view\n* O/P: previous level / next level.\n* Q: quit\n\n**Please follow my indie game development:**   \n[Twitter](http://twitter.com/forcehabit)  | [Facebook](http://facebook.com/forcehabit) | [Instagram](http://instagram.com/forceofhabitgames) | [Discord](http://discord.gg/forceofhabit)\n  \nIf audio isn't playing, unmute it here (Chrome): \n![Screenshot 2019-10-07 at 12.41.43.png](///raw/d8d/8/z/2708d.png)\n\n**Tools:**\n* Photoshop\n* Reaper\n* Custom C++ engine + Emscripten (same as all of my games)!\n\n**The Making Of Invasion:**  \nIn my (first ever) devlog video, I go behind the scenes of Invasion. How did the idea come about? What problems did the game design face, and how were they overcome? What would have been done differently?   \nWatch to find out! (and please subscribe!) :smiley: \n\nhttps://www.youtube.com/watch?v=8mSHOofXIio\n\n","meta":{"author":[36237],"link-01":"https://gamejolt.com/games/invasion/443322","link-01-tag":[42332],"link-02":"https://gamejolt.com/games/invasion/443322","link-02-tag":[42336],"cover":"///content/d8d/8/z/27043.png"},"path":"/events/ludum-dare/45/invasion","parents":[1,5,9,159347],"love":0,"notes":28,"notes-timestamp":"2019-10-13T02:22:24Z","grade":{"grade-01":33,"grade-02":33,"grade-03":33,"grade-04":33,"grade-05":33,"grade-06":32,"grade-07":30,"grade-08":32},"magic":{"cool":90.373285196959,"feedback":19,"given":25.625,"grade":32.375,"grade-01-average":3.919,"grade-01-result":60,"grade-02-average":3.919,"grade-02-result":34,"grade-03-average":3.597,"grade-03-result":140,"grade-04-average":3.387,"grade-04-result":254,"grade-05-average":3.565,"grade-05-result":170,"grade-06-average":3.583,"grade-06-result":89,"grade-07-average":2.643,"grade-07-result":218,"grade-08-average":3.417,"grade-08-result":162,"smart":3.3654228762589}}]}