{"status":200,"caller_id":0,"cached":[],"node":[{"id":167779,"parent":159347,"superparent":9,"author":167763,"type":"item","subtype":"game","subsubtype":"compo","published":"2019-10-05T09:44:29Z","created":"2019-10-04T21:01:53Z","modified":"2019-10-07T19:16:22Z","version":510677,"slug":"bacteria-early-release","name":"Bacteria","body":"### Starting with nothing ... spread some bacteria\n\nHow far can you go? Pay attention, you are not the only one!\n\n### Game play ... it's more fun if I tell you NOTHING!\n\nClick to start spreading bacteria.  You have a limited set of bacteria, use it wisely.\nThe faster you score, the earlier you will get additional bacteria to spread (top left corner). \nI'm sure you will find out everything else ... but maybe try to 'eat' your own bacteria for once... \n\n\nI'm participating for the first time.  With two kids and wife, the 48h are even much shorter!  I even created my own background music!\n\n![logo.png](///raw/35f/82/z/25b0b.png)\n\n![gameover.png](///raw/35f/82/z/25b0d.png)\n\n","meta":{"author":[167763],"link-01-tag":[42332],"link-01":"https://github.com/merkisoft/LD45","link-02":"https://merkisoft.github.io/LD45/","link-02-tag":[42336],"cover":"///content/35f/82/z/25b2a.png"},"path":"/events/ludum-dare/45/bacteria-early-release","parents":[1,5,9,159347],"love":0,"notes":34,"notes-timestamp":"2019-10-11T13:28:43Z","grade":{"grade-01":36,"grade-02":35,"grade-03":35,"grade-04":36,"grade-05":36,"grade-06":36,"grade-07":32,"grade-08":35},"magic":{"cool":93.761446187699,"feedback":29,"given":30,"grade":35.125,"grade-01-average":2.912,"grade-01-result":440,"grade-02-average":2.621,"grade-02-result":446,"grade-03-average":3.318,"grade-03-result":232,"grade-04-average":3.5,"grade-04-result":210,"grade-05-average":2.662,"grade-05-result":425,"grade-06-average":2.985,"grade-06-result":253,"grade-07-average":2.067,"grade-07-result":345,"grade-08-average":3.076,"grade-08-result":281,"smart":12.556826296353}}]}