{"status":200,"caller_id":0,"cached":[],"node":[{"id":172644,"parent":159347,"superparent":9,"author":172643,"type":"item","subtype":"game","subsubtype":"jam","published":"2019-10-07T21:46:42Z","created":"2019-10-07T17:22:32Z","modified":"2019-10-12T16:02:56Z","version":528927,"slug":"pile-of-corpses","name":"Pile of Corpses","body":"__Use dead bodies as a foundation to climb higher and escape from zombies! All assets was made for this jam except audio and one explosion effect. Start with nothing and create big Pile of Corpses :)__\n\nhttps://youtu.be/gMqhTTw5crY \n\nRensen - programming https://vk.com/aroundmyway\n\nTORT60091 - game design, art http://TORT60091.com/ https://twitter.com/TORT60091\n\n\n\n","meta":{"author":[172643,104735],"grade-06-out":"1","cover":"///content/362/a2/z/2883c.png","link-01":"http://tort60091.com/pileofcorpses/","link-01-tag":[42336],"link-01-name":"HTML5(web)","link-02":"https://tort60091.itch.io/pile-of-corpses","link-02-tag":[42339],"link-03":"https://tort60091.itch.io/pile-of-corpses","link-03-tag":[42337]},"path":"/events/ludum-dare/45/pile-of-corpses","parents":[1,5,9,159347],"love":0,"notes":45,"notes-timestamp":"2019-10-24T21:39:48Z","grade":{"grade-01":66,"grade-02":66,"grade-03":65,"grade-04":64,"grade-05":66,"grade-07":64,"grade-08":62},"magic":{"cool":122.42860795151,"feedback":77,"given":83.375,"grade":64.714285714286,"grade-01-average":3.688,"grade-01-result":306,"grade-02-average":3.852,"grade-02-result":140,"grade-03-average":3.603,"grade-03-result":261,"grade-04-average":2.968,"grade-04-result":807,"grade-05-average":3.672,"grade-05-result":467,"grade-07-average":3.169,"grade-07-result":337,"grade-08-average":3.283,"grade-08-result":610,"smart":16.493116626042}}]}