{"status":200,"caller_id":0,"cached":[],"node":[{"id":161880,"parent":159347,"superparent":9,"author":4004,"type":"item","subtype":"game","subsubtype":"jam","published":"2019-10-07T22:44:20Z","created":"2019-09-24T19:17:29Z","modified":"2019-10-08T00:05:13Z","version":520120,"slug":"mage-in-exile","name":"Mage in Exile","body":"You were one of the powerful mages in the Noble Order of The Duck, but you have been exiled. Now you are seeking revenge. You will have to fight flesh-eating flowers, angry villagers, strong soldiers and powerful mages to get back what is yours. But you start with nothing. Will you be able to return your old powers?\n\nThe game belongs to the beat-em-up genre. Controls are W-S-A-D or arrow keys, Spacebar or MouseLeftButton to shoot, 'U' to open the inventory. Don't forget to craft health potions and mana elixirs in the Tower to use them during battles!\n\nUnfortunately we didn't have time to put sound into the game. And balance is quite off... We hope you will still enjoy the game! We definitely do!\n\nHere are some screenshots:\n\n![03_small.png](///raw/4af/z/280f6.png)\n\n![14_small.png](///raw/4af/z/280f8.png)","meta":{"author":[4004,127377],"grade-06-out":"1","link-01-tag":[42337],"link-01":"https://www.dropbox.com/s/2bk4cx723vb3d6c/MageInExile.zip?dl=1","cover":"///content/4af/z/28010.png","link-02":"https://zapolnov.github.io/ld45_webgl/index.html","link-02-tag":[42336]},"path":"/events/ludum-dare/45/mage-in-exile","parents":[1,5,9,159347],"love":0,"notes":45,"notes-timestamp":"2019-10-29T13:10:33Z","grade":{"grade-01":62,"grade-02":62,"grade-03":60,"grade-04":62,"grade-05":62,"grade-06":2,"grade-07":57,"grade-08":57},"magic":{"cool":108.7516578123,"feedback":60,"given":61.5,"grade":60.571428571429,"grade-01-average":3.525,"grade-01-result":486,"grade-02-average":3.392,"grade-02-result":462,"grade-03-average":2.75,"grade-03-result":880,"grade-04-average":3.75,"grade-04-result":244,"grade-05-average":3.633,"grade-05-result":492,"grade-07-average":3.109,"grade-07-result":362,"grade-08-average":3.264,"grade-08-result":627,"smart":14.45267670386}}]}