{"status":200,"caller_id":0,"cached":[],"node":[{"id":168140,"parent":159347,"superparent":9,"author":111979,"type":"item","subtype":"game","subsubtype":"compo","published":"2019-10-06T22:29:29Z","created":"2019-10-04T21:48:24Z","modified":"2019-10-07T02:46:01Z","version":505613,"slug":"gridwords","name":"Gridwords","body":"\"Gridwords\", a game by [Jim McCann / TCHOW llc](http://tchow.com) where you move letters around so that they cover stars, with the caveat that you can only move letters that are parts of words, and you can only move them to places that are also parts of words.\n\n![gridwords-example.gif](///raw/b65/b1/z/267af.gif)\n\n**Controls**: Click and drag. Use the buttons in the lower left and right to reset and undo, respectively.\n\nYou can edit the URL to skip levels, if you really want to. There aren't that many, though.\n\n---\n\nI don't often make word games, and I don't often see word games in Ludum Dare, so I figured it was a good time to change that up a bit.\nI welcome comments and suggestions through either the Ludum Dare interface or the contact methods listed on [my web page](http://tchow.com).\n\n---\n\nMade with Javascript and WebGL and *no libraries or frameworks*! (Though a lot of example code from [15-466: Computer Game Programming](http://graphics.cs.cmu.edu/courses/15-466-f19) came in handy.)\n\nModels created in blender; the font is \"Cantata One\" used under SIL Open Font License.\n\nMore information about sources available on the [github page](https://github.com/ixchow/gridwords).\n","meta":{"author":[111979],"cover":"///content/b65/b1/z/26689.png","allow-anonymous-comments":"1","grade-06-out":"1","grade-07-out":"1","grade-08-out":"1","link-01":"https://ixchow.github.io/gridwords/","link-01-tag":[42336],"link-02":"https://github.com/ixchow/gridwords","link-02-tag":[42332]},"path":"/events/ludum-dare/45/gridwords","parents":[1,5,9,159347],"love":0,"notes":12,"notes-timestamp":"2019-10-07T05:14:49Z","grade":{"grade-01":25,"grade-02":25,"grade-03":25,"grade-04":25,"grade-05":25},"magic":{"cool":129.75980439877,"feedback":10,"given":24.625,"grade":25,"grade-01-average":3.609,"grade-01-result":160,"grade-02-average":3.413,"grade-02-result":176,"grade-03-average":3.978,"grade-03-result":49,"grade-04-average":3.848,"grade-04-result":105,"grade-05-average":3.5,"grade-05-result":183,"smart":7.7851894224041}}]}