{"status":200,"caller_id":0,"cached":[],"node":[{"id":169497,"parent":159347,"superparent":9,"author":129643,"type":"item","subtype":"game","subsubtype":"compo","published":"2019-10-06T22:36:34Z","created":"2019-10-05T11:48:08Z","modified":"2019-10-08T13:09:13Z","version":522656,"slug":"something","name":"Something","body":"## Description\nA short interactive fiction type game about nothingness.\n\n## Screenshots\n![src4.png](///raw/b6a/f1/z/26a6e.png)\n![src3.png](///raw/b6a/f1/z/26a6f.png)\n![src2.png](///raw/b6a/f1/z/26a47.png)\n![src1.png](///raw/b6a/f1/z/26a48.png)\n\n\n## Controls\nAll controls are done with the mouse. Press [M] to toggle mute sound.\n\n## Developer notes\nAnother mostly successful Ludum Dare! Wasn't able to finish or polish the game to it's entirety, but at least it works. Can't wait to hear your opinions about it. Ratings on both ludum dare and itch.io pages are greatly appreciated. Thanks for playing!\n\n## Post compo changelog\n- Increased the size of smallest enemy because for some people they were impossible to catch.\n- Ported to Windows","meta":{"author":[129643],"link-01":"https://itsmas.itch.io/something","link-01-tag":[42336],"link-01-name":"Itch.io","link-02":"https://itsmas.itch.io/something","link-02-tag":[42332],"link-02-name":"itch.io (download)","allow-anonymous-comments":"1","cover":"///content/b6a/f1/z/26a4d.png","link-03":"https://itsmas.itch.io/something","link-03-tag":[42337]},"path":"/events/ludum-dare/45/something","parents":[1,5,9,159347],"love":0,"notes":27,"notes-timestamp":"2019-10-30T02:23:35Z","grade":{"grade-01":37,"grade-02":37,"grade-03":37,"grade-04":37,"grade-05":37,"grade-06":35,"grade-07":31,"grade-08":35},"magic":{"cool":63.75537782367,"feedback":15,"given":14.125,"grade":35.75,"grade-01-average":3.771,"grade-01-result":94,"grade-02-average":3.571,"grade-02-result":127,"grade-03-average":3.429,"grade-03-result":195,"grade-04-average":3.843,"grade-04-result":107,"grade-05-average":3.929,"grade-05-result":74,"grade-06-average":3.621,"grade-06-result":77,"grade-07-average":1.983,"grade-07-result":363,"grade-08-average":3.894,"grade-08-result":38,"smart":-22.763239054325}}]}