{"status":200,"caller_id":0,"cached":[],"node":[{"id":163464,"parent":159347,"superparent":9,"author":163463,"type":"item","subtype":"game","subsubtype":"jam","published":"2019-10-07T03:47:37Z","created":"2019-09-30T17:20:50Z","modified":"2019-10-13T13:04:02Z","version":529394,"slug":"my-hope","name":"My Hope","body":"This game was made in Ludum dare 45#, a simple character and a light :)\n\n![art.png](///raw/78e/72/z/26c95.png)\n\n#### Controls 🎮\n- Move: AD.\n- Fire: Left-Click Mouse.\n- Space: Jump.\n\n#### Team\n- Euler Moises: Music/SFX 🎵.\n- Felipe Inoue: Programmer ♟️.\n- Pedro Teixeira: Arts 🎨.","meta":{"author":[163463,130866,173952],"link-01-tag":[42336],"link-01":"https://fiwon123.itch.io/my-hope","link-02":"https://github.com/fiwon123/MyHope/archive/Completed.zip","link-02-tag":[42332],"cover":"///content/78e/72/z/26c94.png","allow-anonymous-comments":"1","link-03":"https://fiwon123.itch.io/my-hope","link-03-tag":[42337]},"path":"/events/ludum-dare/45/my-hope","parents":[1,5,9,159347],"love":0,"notes":35,"notes-timestamp":"2019-10-30T03:40:04Z","grade":{"grade-01":60,"grade-02":60,"grade-03":59,"grade-04":59,"grade-05":61,"grade-06":61,"grade-07":54,"grade-08":59},"magic":{"cool":101.30440294919,"feedback":60,"given":58.625,"grade":58.125,"grade-01-average":3.147,"grade-01-result":836,"grade-02-average":2.991,"grade-02-result":786,"grade-03-average":2.482,"grade-03-result":1017,"grade-04-average":2.684,"grade-04-result":967,"grade-05-average":3.271,"grade-05-result":701,"grade-06-average":3.466,"grade-06-result":321,"grade-07-average":2.471,"grade-07-result":671,"grade-08-average":2.974,"grade-08-result":836,"smart":14.873305378838}}]}