{"status":200,"caller_id":0,"cached":[],"node":[{"id":170272,"parent":159347,"superparent":9,"author":60160,"type":"item","subtype":"game","subsubtype":"jam","published":"2019-10-07T21:59:52Z","created":"2019-10-05T22:50:08Z","modified":"2019-10-07T21:59:52Z","version":515462,"slug":"tardigrades-on-the-moon","name":"Tardigrades on the Moon","body":"# Tardigrades on the Moon\n\n### Backstory\nThis game is a fun interpreation of simulating moon life for tardigrades (aka waterbears) based on a recent event where [a crashed Israeli Lunar lander spilled tardigrades on the moon](https://www.wired.com/story/a-crashed-israeli-lunar-lander-spilled-tardigrades-on-the-moon/).\n\n### Development\nDevelopment of this game took place for 72 hours in Philadelphia between Friday October 4th 6:00pm to Monday October 7th, 2019 6:00pm as a part of [Ludum Dare 45](https://ldjam.com/events/ludum-dare/45) game jam. The game was developed by [Chris Mondok](https://chrismondok.github.io/), [Bill Rossi](https://github.com/bassguitarbill), and [Peter Zafonte](https://www.pzafonte.com/). Music was done by [Ryan Shello](https://www.ryanshellomusic.com/), who plays for [This Kills Me](https://thiskillsme.bandcamp.com/) and [Fuzzy Slippers](https://fuzzyslippers.bandcamp.com/). You should check them out! Graphics and artwork were done by [Miki Tharp](https://www.mikitharp.com/). You should also check out her art! Special thanks to Mary Lou Fooder who provided moral support. \n\n### Theme\nThe theme of the Ludum Dare 45 game jam is \"start with nothing\". This game incorporates that theme by having tardigrades that start with nothing and must multiply and gain technologies to win.\n\n### Gameplay / Generation 1\nThe tardigrades start out near the capsule that cracked open during the crash on the moon. Your goal is to survive by multiplying and reaching three generations and performing tasks such as building canals, growing moss, and ultimately moving a battery back to your capsule.\n\nYou begin with TEN tardigrades who can dig canals by clicking on an open ground tile. Ideally, you want to connect dug canal tiles to water sources so that the available water will flow through the canals. Keep in mind the little fellas get thirsty so they will often retreat from what they are doing to get fluids. If they don't make it back to a water tile before their fluid meter runs out, they will go into a [tun state](http://www.bbc.com/earth/story/20150313-the-toughest-animals-on-earth). But not to worry, the time scale of this game is short enough where you can rehydrate tun state tardigrades by building canals with water underneath them. Tardigrades will also get hungry after working, and they will seek out food when they are hungry. Tardigrades that have enough moss will reproduce by clicking on a mossy rock or sometimes randomly when they are idle.\n\n#### Generation 2\nOnce you reach THIRTY TWO tardigrades you will have the ability to grow moss on rocks near water. Click a rock near water to send tardigrades to grow moss.\n\n#### Generation 3\nOnce you reach ONE HUNDRED tardigrades you will have the ability to move a battery to your capsule... and see what happens. Click the battery to send tardigrades to move the battery.\n\n### Controls\n- All actions are performed by left clicking on various tiles as described above. \n- Hover over the bar graph on the top left hand corner of the screen to see game stats.\n- Hover over the tardigrade to see its fluid level (blue circle) and moss level (organge circle).\n- You can pause the game by pressing `p` or the `pause` key on your keyboard. YOU WILL REGRET THIS!\n- Cancel building by clicking again on the space that's under construction.\n- Some actions (like reproducing) can be clicked repeatedly to enlist more tardigrades.\n- Click the button in the top right corner of the screen that says 'normal' to increase. Speeds include 'fast' and 'super-fast'. Keep clicking to toggle through the speeds.\n\n### End game\nYou win the game by moving a battery to your capsule. You lose the game by having all tardigrades in tun state. Good luck!\n\n","meta":{"author":[60160,173528,163641,173624],"link-01-tag":[42336],"cover":"///content/00b/e/z/27f57.png","link-01":"https://whatguns.itch.io/tardigrades-on-the-moon","link-02":"https://github.com/bassguitarbill/tardigrame","link-02-tag":[42332]},"path":"/events/ludum-dare/45/tardigrades-on-the-moon","parents":[1,5,9,159347],"love":0,"notes":38,"notes-timestamp":"2019-10-29T14:58:51Z","grade":{"grade-01":43,"grade-02":44,"grade-03":44,"grade-04":44,"grade-05":44,"grade-06":42,"grade-07":39,"grade-08":44},"magic":{"cool":100.1486989669,"feedback":32,"given":42.125,"grade":43,"grade-01-average":3.732,"grade-01-result":280,"grade-02-average":3.298,"grade-02-result":535,"grade-03-average":3.536,"grade-03-result":313,"grade-04-average":3.417,"grade-04-result":473,"grade-05-average":3.321,"grade-05-result":679,"grade-06-average":3.838,"grade-06-result":138,"grade-07-average":3.297,"grade-07-result":279,"grade-08-average":3.607,"grade-08-result":343,"smart":14.935752804457}}]}