{"status":200,"caller_id":0,"cached":[],"node":[{"id":171052,"parent":159347,"superparent":9,"author":171044,"type":"item","subtype":"game","subsubtype":"jam","published":"2019-10-06T17:16:41Z","created":"2019-10-06T16:56:37Z","modified":"2019-10-08T21:14:02Z","version":524306,"slug":"materialistic-cat","name":"Materialistic Cat","body":"You play as the materialistic cat. Your goal is to own everything.\n\nPlaythrough time is 4-5 minutes.\n\n\nMusic Licenses\n\n\"Day of Chaos\" Kevin MacLeod (incompetech.com)\nLicensed under Creative Commons: By Attribution 4.0 License\nhttp://creativecommons.org/licenses/by/4.0/\n\n\"Fuzzball Parade\" Kevin MacLeod (incompetech.com)\nLicensed under Creative Commons: By Attribution 4.0 License\nhttp://creativecommons.org/licenses/by/4.0/","meta":{"author":[171044],"grade-06-out":"1","allow-anonymous-comments":"1","cover":"///content/42c/92/z/25fda.png","link-01":"https://tarfield.itch.io/materialistic-cat","link-01-tag":[42337]},"path":"/events/ludum-dare/45/materialistic-cat","parents":[1,5,9,159347],"love":0,"notes":30,"notes-timestamp":"2019-10-12T22:15:34Z","grade":{"grade-01":48,"grade-02":48,"grade-03":48,"grade-04":48,"grade-05":48,"grade-07":48,"grade-08":48},"magic":{"cool":107.06733691536,"feedback":42,"given":47,"grade":48,"grade-01-average":3.283,"grade-01-result":723,"grade-02-average":3.12,"grade-02-result":684,"grade-03-average":2.793,"grade-03-result":853,"grade-04-average":3.272,"grade-04-result":593,"grade-05-average":2.609,"grade-05-result":976,"grade-07-average":3.598,"grade-07-result":164,"grade-08-average":3.043,"grade-08-result":793,"smart":16.04027979393}}]}