{"status":200,"caller_id":0,"cached":[],"node":[{"id":168906,"parent":159347,"superparent":9,"author":124808,"type":"item","subtype":"game","subsubtype":"jam","published":"2019-10-07T22:39:47Z","created":"2019-10-05T02:32:40Z","modified":"2019-10-08T01:06:45Z","version":520538,"slug":"cell-warp","name":"CELL WARP / セルワープ","body":"CELL WARP is a puzzle game where you move by warping to portals.\n\nPlease rate me low in the THEME category. I was brainstorming ideas for the potential themes the day before LD, and the one I came up with for Unconventional Travel really resonated with me and I wanted to make it.\n\nThis is my first puzzle game. Even though I didn't have very much time to implement puzzles, I think the idea may have some potential. I'll have to explore it further.\n\n# CONTROLS:\n\n- Click on portals       : Move\n\n- WASD/Arrow  : Strike\n\n- R           : Restart\n\n\n# CREDITS:\n\n- Cory Martin - Design, Code, Art\n\n- Russell Mehringer - SFX\n\n- Ross David Cooper - Music\n\n---\n\n![Screen Shot 2019-10-07 at 5.41.20 PM.png](///raw/887/e1/z/2851b.png)","meta":{"author":[124808,147930],"link-01-tag":[42336],"allow-anonymous-comments":"1","grade-08-out":"1","grade-07-out":"1","link-01":"https://coryalexmartin.itch.io/cell-warp","cover":"///content/887/e1/z/28466.png","link-02":"http://www.stencyl.com/game/play/41042","link-02-tag":[42438]},"path":"/events/ludum-dare/45/cell-warp","parents":[1,5,9,159347],"love":0,"notes":33,"notes-timestamp":"2019-10-20T19:17:44Z","grade":{"grade-01":52,"grade-02":52,"grade-03":52,"grade-04":47,"grade-05":52,"grade-06":52},"magic":{"cool":124.43853837448,"feedback":37,"given":57.875,"grade":51.166666666667,"grade-01-average":3.51,"grade-01-result":501,"grade-02-average":3.39,"grade-02-result":466,"grade-03-average":3.83,"grade-03-result":146,"grade-04-average":1.767,"grade-04-result":1123,"grade-05-average":3.71,"grade-05-result":447,"grade-06-average":3.85,"grade-06-result":134,"smart":13.507764224237}}]}