{"status":200,"caller_id":0,"cached":[],"node":[{"id":170287,"parent":159347,"superparent":9,"author":165659,"type":"item","subtype":"game","subsubtype":"jam","published":"2019-10-07T21:52:14Z","created":"2019-10-05T23:01:35Z","modified":"2019-10-09T21:40:12Z","version":526747,"slug":"grow-your-wolf","name":"Grow Your Wolf","body":"![2019-10-09_23-39-35.gif](///raw/b17/82/z/293aa.gif)\n# Grow your own wolf!\nIn this game, you'll have a great opportunity to grow your own wolf! You start as a ball of fur with no legs, no eyes, not even a mouth! Collect body parts to grow and someday become a real wolf. However, collecting parts won't be an easy task as you need to kill other wolves and steal their bodies.\n\n### Controls\n - WSAD to move\n - SPACE to jump\n - Jump to kill enemies\n\n### Credits\n - Wolf sounds from Minecraft\n - Tilemap by Elthen, available here: https://elthen.itch.io/2d-pixel-art-forest-tileset\n - Music by Ozzed, available here: https://ozzed.net/music/8-bit-run-and-pun.shtml#tune09\n\n### Bug Fixes\n - Fixed background music stacking after death","meta":{"author":[165659,171256,147279],"cover":"///content/b17/82/z/26221.png","grade-06-out":"1","grade-05-out":"1","link-01-tag":[42336],"allow-anonymous-comments":"1","link-01":"http://luksor.me/GYW"},"path":"/events/ludum-dare/45/grow-your-wolf","parents":[1,5,9,159347],"love":0,"notes":19,"notes-timestamp":"2019-10-27T11:06:07Z","grade":{"grade-01":41,"grade-02":41,"grade-03":40,"grade-04":41,"grade-07":40,"grade-08":41},"magic":{"cool":124.87281665352,"feedback":11,"given":46,"grade":40.666666666667,"grade-01-average":3.385,"grade-01-result":634,"grade-02-average":3.615,"grade-02-result":287,"grade-03-average":3.474,"grade-03-result":350,"grade-04-average":3.705,"grade-04-result":284,"grade-07-average":3.737,"grade-07-result":123,"grade-08-average":3.231,"grade-08-result":662,"smart":11.848654249794}}]}