{"status":200,"caller_id":0,"cached":[],"node":[{"id":164010,"parent":159347,"superparent":9,"author":5277,"type":"item","subtype":"game","subsubtype":"jam","published":"2019-10-07T21:39:41Z","created":"2019-10-01T18:08:11Z","modified":"2019-10-19T19:35:39Z","version":531196,"slug":"dear-diary","name":"Dear Diary","body":"![gamejolt_header.jpg](///raw/d94/1/z/287df.jpg)\n\n## You found a diary and know nothing about it. Everything you have is it's bloody pages, who will guide you inside this terrible history.\n\n![2019-10-07_21h10_32.jpg](///raw/d94/1/z/28821.jpg)\n\n![2019-10-07_21h06_55.jpg](///raw/d94/1/z/28822.jpg)\n\n![2019-10-07_21h07_08.jpg](///raw/d94/1/z/28823.jpg)\n\n![2019-10-07_21h11_13.jpg](///raw/d94/1/z/28824.jpg)\n\n### Instructions:\n\nUse the WASD keys to move.\n\nUse the mouse to move the camera.\n\nPress 'E' to interact with items.\n\n### Credits\n\nConception, Idea, Programming, 3D Modeling, Design, Animation: **Rodrigo Denúbila**\n\nVoice Acting: [Dianna Conley](www.diannaconley.com)\n\nSFx: [Survival Game Sounds by Cafofo Estudio](https://assetstore.unity.com/packages/audio/sound-fx/survival-game-sounds-142948)\n\nScript Revision: Ben French\n\nSpecial thanks to Cris de Paula\n\n### Timelapse:\n\nhttps://youtu.be/YhwRZKu9qoM","meta":{"author":[5277],"link-01-tag":[42337],"link-01":"https://gamejolt.com/games/dear_diary/443472","cover":"///content/d94/1/z/287de.jpg"},"path":"/events/ludum-dare/45/dear-diary","parents":[1,5,9,159347],"love":0,"notes":52,"notes-timestamp":"2019-10-27T12:57:31Z","grade":{"grade-01":69,"grade-02":68,"grade-03":68,"grade-04":70,"grade-05":70,"grade-06":67,"grade-07":58,"grade-08":68},"magic":{"cool":96.054229965888,"feedback":94,"given":61.125,"grade":67.25,"grade-01-average":3.701,"grade-01-result":297,"grade-02-average":3.159,"grade-02-result":644,"grade-03-average":3.455,"grade-03-result":364,"grade-04-average":3.228,"grade-04-result":629,"grade-05-average":3.978,"grade-05-result":275,"grade-06-average":3.638,"grade-06-result":221,"grade-07-average":2.232,"grade-07-result":777,"grade-08-average":3.614,"grade-08-result":340,"smart":15.075283267575}}]}