{"status":200,"caller_id":0,"cached":[],"node":[{"id":164476,"parent":159347,"superparent":9,"author":164466,"type":"item","subtype":"game","subsubtype":"jam","published":"2019-10-07T22:02:24Z","created":"2019-10-02T14:12:12Z","modified":"2019-10-14T11:27:52Z","version":529794,"slug":"first-planet","name":"First planet","body":"Pass the main evolutionary stages. \nSend people from cave time to megacities and space flights.\n\n![planet_tutor.PNG](///raw/272/82/z/284e1.png)\n\nP.S.\nYou are a kind of entity that depends on the creatures that inhabit this planet. You want to spread to more planets, for this it is necessary that your creatures fly to other planets. You can influence the population of the planet. You need the planet’s population to develop science and build an inter-star ship.\n\nUnfortunately, we were not able to implement all the influence functions, they are in the code, but they do not work well. This is our first experience of such an event, tasks and time were allocated incorrectly.\n\nWe are thinking about implementing a full-fledged game on this topic, if you are interested in this, we are waiting for your wishes))","meta":{"author":[164466,164481],"grade-06-out":"1","cover":"///content/272/82/z/27f25.jpg","link-01":"https://drive.google.com/file/d/1BI49qpqxn_RGpy_UPI9mjq2gLptLZOP_/view?usp=sharing","link-01-tag":[42337],"link-02":"http://airycat.ru/firstplanet/","link-02-tag":[42336]},"path":"/events/ludum-dare/45/first-planet","parents":[1,5,9,159347],"love":0,"notes":12,"notes-timestamp":"2019-10-15T19:24:50Z","grade":{"grade-01":22,"grade-02":22,"grade-03":22,"grade-04":22,"grade-05":22,"grade-07":17,"grade-08":20},"magic":{"cool":106.27776827153,"feedback":8,"given":19.625,"grade":21,"grade-01-average":2.85,"grade-01-result":1014,"grade-02-average":2.2,"grade-02-result":1110,"grade-03-average":3.15,"grade-03-result":572,"grade-04-average":3.425,"grade-04-result":463,"grade-05-average":3.675,"grade-05-result":463,"grade-07-average":2.2,"grade-08-average":2.528,"grade-08-result":1007,"smart":4.8254362882562}}]}