{"status":200,"caller_id":0,"cached":[],"node":[{"id":167626,"parent":159347,"superparent":9,"author":1607,"type":"item","subtype":"game","subsubtype":"jam","published":"2019-10-07T22:49:33Z","created":"2019-10-04T20:32:34Z","modified":"2019-10-08T02:53:38Z","version":520993,"slug":"dungscoot","name":"Dungscoot","body":"![png3.png](///raw/746/z/289a6.png)\n\n\n![png4.png](///raw/746/z/289a7.png)","meta":{"author":[1607,6308],"link-01-tag":[42337],"link-01":"https://robinfield.itch.io/dungscoot","cover":"///content/746/z/289b0.png","allow-anonymous-comments":"1"},"path":"/events/ludum-dare/45/dungscoot","parents":[1,5,9,159347],"love":0,"notes":26,"notes-timestamp":"2019-10-24T15:57:15Z","grade":{"grade-01":28,"grade-02":28,"grade-03":28,"grade-04":28,"grade-05":28,"grade-06":26,"grade-07":27,"grade-08":28},"magic":{"cool":116.88443793331,"feedback":0,"given":36.375,"grade":27.625,"grade-01-average":3.981,"grade-01-result":113,"grade-02-average":3.827,"grade-02-result":145,"grade-03-average":3.577,"grade-03-result":283,"grade-04-average":3.519,"grade-04-result":410,"grade-05-average":4.212,"grade-05-result":134,"grade-06-average":3.646,"grade-06-result":216,"grade-07-average":3.08,"grade-07-result":385,"grade-08-average":3.846,"grade-08-result":183,"smart":13.724814061547}}]}