{"status":200,"caller_id":0,"cached":[],"node":[{"id":164231,"parent":159347,"superparent":9,"author":8624,"type":"item","subtype":"game","subsubtype":"jam","published":"2019-10-07T02:04:14Z","created":"2019-10-02T03:40:47Z","modified":"2019-10-08T06:06:56Z","version":521489,"slug":"full-moon","name":"Full Moon","body":"![Banner-Resize.png](///raw/0b1/2/z/26b91.png)\n\n\n**An elderly MAX SOLDIER recounts how he met his loving wife, Delores.**\n\n&nbsp;\n\n\n*\"Full Moon is a timeless story for the ages.\" - GameInformer*\n\n*\"This is simply the best game I have ever played.\" - IGN*\n\n*\"I'll be completely honest, I shed a tear at the end.\" - PCGamer*\n\n&nbsp;\n\n---\n\n&nbsp;\n\nFull Moon is our entry for Ludum Dare #45. You explore the mind of an old soldier of the MAX program as he regales his grandson with the tale of how he met his dear wife.\n\nLike Ludum Dare #44 we played pretty loose with the theme. We could have stuck closer to it, but we all fell in love with the game idea so deeply that we couldn't resist bringing it to life. We hope you enjoy playing as much as we did creating!\n\n&nbsp;\n\nFor the next few weeks, you can find VoDs of the gamejam at:\n\nhttp://mixer.com/slimabob\n\nhttp://mixer.com/chambre19\n\nhttp://mixer.com/divic\n\nhttp://mixer.com/thegrandpa\n\n&nbsp;\n\n**THANKS FOR PLAYING OUR GAME!**\n\n*The Team:*\n- Alex Houger (Music)\n- Collin Lyons (Level Design, Programming, Sound Design)\n- Divic (Sound Design, VO- MAX SOLDIER)\n- Ryan / Chambre19 (Concept Artist, Environment Design, Screenplay)\n- Tony Simmering (3d Artist, Level Design, Screenplay, VO- Grandson)\n\n&nbsp;\n\n*NOTE: Due to an issue with version control, I'm not able to push the most up-to-date version of the source. I'm trying to figure out how to resolve that issue. In the meantime, the current repo is a snapshot from about 2/3 of the way through development.*","meta":{"author":[8624,148858,90233,153824],"link-01-tag":[42337],"cover":"///content/0b1/2/z/26b90.png","link-01":"https://drive.google.com/open?id=1ixNm3WEcE3Vkb8STaWCO8CbbeXiG2pHn","link-01-name":"Windows","link-02":"https://drive.google.com/open?id=1z1NK-zu9Y-9NWdNULQ74kaL9x8KwGgaN","link-02-tag":[42339],"link-02-name":"Mac (Untested)","link-03":"https://drive.google.com/open?id=1KQE5D7Fe_tWS5I1hVyXWHG-AQr8373Dp","link-03-tag":[42341],"link-03-name":"Linux (Untested)","link-04":"https://github.com/slimabob/LD45","link-04-tag":[42332],"link-04-name":"Source Code"},"path":"/events/ludum-dare/45/full-moon","parents":[1,5,9,159347],"love":0,"notes":45,"notes-timestamp":"2019-10-25T20:59:07Z","grade":{"grade-01":55,"grade-02":53,"grade-03":53,"grade-04":52,"grade-05":54,"grade-06":53,"grade-07":54,"grade-08":52},"magic":{"cool":85.97874445238,"feedback":66,"given":38.625,"grade":53.25,"grade-01-average":3.142,"grade-01-result":843,"grade-02-average":2.863,"grade-02-result":881,"grade-03-average":2.735,"grade-03-result":891,"grade-04-average":2.41,"grade-04-result":1046,"grade-05-average":3.279,"grade-05-result":696,"grade-06-average":3.363,"grade-06-result":362,"grade-07-average":3.587,"grade-07-result":167,"grade-08-average":3.25,"grade-08-result":639,"smart":14.37740939898}}]}