{"status":200,"caller_id":0,"cached":[],"node":[{"id":167391,"parent":159347,"superparent":9,"author":71388,"type":"item","subtype":"game","subsubtype":"jam","published":"2019-10-07T22:30:04Z","created":"2019-10-04T19:38:18Z","modified":"2019-10-09T15:18:06Z","version":526038,"slug":"from-start-to-finish","name":"From Start to Finish (Web) ","body":"Typing game. In space. With letters.\n\nIt should react to typing in English.\nIf doesn't work, try reloading..\n\n![scr1.png](///raw/cd6/11/z/28c94.png)\n\n![scr2.png](///raw/cd6/11/z/28c97.png)\n\n![scr3.png](///raw/cd6/11/z/28c99.png)","meta":{"author":[71388],"cover":"///content/cd6/11/z/2823e.jpg","link-01":"https://oddmess.itch.io/start-with-nothing","link-01-tag":[42336],"grade-07-out":"1"},"path":"/events/ludum-dare/45/from-start-to-finish","parents":[1,5,9,159347],"love":0,"notes":10,"notes-timestamp":"2019-10-11T00:17:33Z","grade":{"grade-01":19,"grade-02":20,"grade-03":20,"grade-04":18,"grade-05":19,"grade-06":18,"grade-07":10,"grade-08":17},"magic":{"cool":102.2307576982,"feedback":6,"given":17.375,"grade":20.142857142857,"grade-01-average":2.794,"grade-01-result":1036,"grade-02-average":2.583,"grade-02-result":1023,"grade-03-average":2.972,"grade-03-result":719,"grade-04-average":3.438,"grade-05-average":2.824,"grade-05-result":910,"grade-06-average":3.219,"grade-07-average":1.688,"grade-08-average":2.733,"smart":0.57459036431794}}]}