{"status":200,"caller_id":0,"cached":[],"node":[{"id":168087,"parent":159347,"superparent":9,"author":1629,"type":"item","subtype":"game","subsubtype":"jam","published":"2019-10-07T21:53:18Z","created":"2019-10-04T21:41:39Z","modified":"2019-10-20T18:23:55Z","version":531357,"slug":"pitch-blank","name":"Pitch Blank","body":"![pitch_blank_footage_3big.gif](///raw/d56/z/29108.gif)\n\nDarkness all around you. Only your bullets can guide you, and let you find the right path.\n\nBut there is something else living in here...\n\n![compo - copia.png](///raw/d56/z/29bef.png)\n\n---\n\nCONTROLS\n\n**Z** to Jump\n\n**X** to Shoot\n\n**A**/**D** or **⇐**/**⇒** to Move\n\n**​R** to Restart\n\n---\n\n**Code** by [galbix](https://twitter.com/galbix)\n\n**Art** by [alartsfg](https://twitter.com/alartsfg)\n\n**Music** by [Patrick de Arteaga - GameOver](https://patrickdearteaga.com/royalty-free-music/)","meta":{"author":[1629,174946],"link-01-tag":[42337],"allow-anonymous-comments":"1","grade-07-out":"1","grade-06-out":"1","link-01":"https://jaun.itch.io/pitch-blank","cover":"///content/d56/z/29be1.png","link-02":"https://jaun.itch.io/pitch-blank","link-02-tag":[42336],"link-03":"https://jaun.itch.io/pitch-blank","link-03-tag":[42339]},"path":"/events/ludum-dare/45/pitch-blank","parents":[1,5,9,159347],"love":0,"notes":19,"notes-timestamp":"2019-10-29T08:46:18Z","grade":{"grade-01":22,"grade-02":22,"grade-03":22,"grade-04":22,"grade-05":22,"grade-08":23},"magic":{"cool":117.64352935882,"feedback":11,"given":21.625,"grade":22.166666666667,"grade-01-average":3.95,"grade-01-result":131,"grade-02-average":3.75,"grade-02-result":189,"grade-03-average":4,"grade-03-result":74,"grade-04-average":3.8,"grade-04-result":215,"grade-05-average":4.125,"grade-05-result":194,"grade-08-average":4.048,"grade-08-result":80,"smart":8.2064373941087}}]}