{"status":200,"caller_id":0,"cached":[],"node":[{"id":171009,"parent":159347,"superparent":9,"author":34866,"type":"item","subtype":"game","subsubtype":"compo","published":"2019-10-06T22:08:10Z","created":"2019-10-06T16:30:19Z","modified":"2019-10-06T22:08:10Z","version":503038,"slug":"a-shroomy-adventure","name":"A shroomy adventure","body":"This is a short narrative focused platformer with element of metroidvania.\n\nStart in a barren world with a weakened character. Restore the world and your powers!\n\nI overscoped a lot. So there is no sounds or music.\n\n![screen1.png](///raw/238/8/z/266ce.png)\n\n![screen0.png](///raw/238/8/z/266d3.png)\n","meta":{"author":[34866],"grade-06-out":"1","cover":"///content/238/8/z/266b9.png","link-01":"https://thetatautau.itch.io/a-shroomy-adventure","link-01-tag":[42336],"link-02":"https://thetatautau.itch.io/a-shroomy-adventure","link-02-tag":[42332]},"path":"/events/ludum-dare/45/a-shroomy-adventure","parents":[1,5,9,159347],"love":0,"notes":18,"notes-timestamp":"2019-10-14T19:08:19Z","grade":{"grade-01":24,"grade-02":24,"grade-03":24,"grade-04":24,"grade-05":24,"grade-07":22,"grade-08":22},"magic":{"cool":109.19284281983,"feedback":7,"given":23.25,"grade":23.428571428571,"grade-01-average":3.477,"grade-01-result":221,"grade-02-average":2.955,"grade-02-result":355,"grade-03-average":2.75,"grade-03-result":401,"grade-04-average":3.364,"grade-04-result":263,"grade-05-average":4.159,"grade-05-result":34,"grade-07-average":2.775,"grade-07-result":190,"grade-08-average":3.425,"grade-08-result":160,"smart":2.5654080153163}}]}