{"status":200,"caller_id":0,"cached":[],"node":[{"id":172019,"parent":159347,"superparent":9,"author":171905,"type":"item","subtype":"game","subsubtype":"jam","published":"2019-10-07T07:22:16Z","created":"2019-10-07T05:34:07Z","modified":"2019-10-10T07:19:40Z","version":527255,"slug":"spare-change","name":"Spare Change","body":"This is a submission for Ludum Dare 45. The theme was \"Start with nothing\". In this short game, you play as a business person who decided to stop by the local casino one day after work. Unfortunately, that one day led to a powerful addiction and over the course of a week, you lost everything. Your home, your job, your friends, etc. Your goal is to make enough money to go to rehab so that you can overcome your addiction and start rebuilding your life. \n\nNOTE: This is the unchanged Ludum Dare 45 submission version. I am currently working on a major update (more of a remake) of the game.\n\n![Promo1.png](///raw/18f/92/z/275f7.png)\n\n![Promo2.png](///raw/18f/92/z/275f9.png)\n\n![Promo3.png](///raw/18f/92/z/275fb.png)\n\n![Promo4.png](///raw/18f/92/z/275fd.png)\n\n![Promo5.png](///raw/18f/92/z/27600.png)","meta":{"author":[171905],"cover":"///content/18f/92/z/275f6.png","link-01":"https://swordishmage.itch.io/spare-change","link-01-tag":[42336]},"path":"/events/ludum-dare/45/spare-change","parents":[1,5,9,159347],"love":0,"notes":31,"notes-timestamp":"2019-10-27T02:09:40Z","grade":{"grade-01":32,"grade-02":33,"grade-03":33,"grade-04":33,"grade-05":33,"grade-06":31,"grade-07":33,"grade-08":33},"magic":{"cool":88.688289239456,"feedback":41,"given":24.875,"grade":32.625,"grade-01-average":2.95,"grade-01-result":969,"grade-02-average":2.548,"grade-02-result":1031,"grade-03-average":2.694,"grade-03-result":912,"grade-04-average":3.79,"grade-04-result":221,"grade-05-average":2.613,"grade-05-result":974,"grade-06-average":2.81,"grade-06-result":587,"grade-07-average":2.742,"grade-07-result":548,"grade-08-average":2.806,"grade-08-result":930,"smart":16.165501728446}}]}