{"status":200,"caller_id":0,"cached":[],"node":[{"id":167738,"parent":159347,"superparent":9,"author":1634,"type":"item","subtype":"game","subsubtype":"compo","published":"2019-10-06T22:33:33Z","created":"2019-10-04T20:53:10Z","modified":"2019-10-06T22:33:33Z","version":503678,"slug":"warden-of-void","name":"Warden of Void","body":"Simple 2D platformer, but you have to make your own path. \n\nWarden of Void helps you escape from prison by giving you Nothing. Nothing is very powerful and consumes everything except gray. There are also some torches to light if that's what makes you happy and worms that will not make you happy.\n\n![worms.gif](///raw/266/z/267f3.gif) The worms and Nothing\n\n\n![Light.gif](///raw/266/z/2682e.gif) Lighting the light\n\n\n","meta":{"author":[1634],"grade-06-out":"1","cover":"///content/266/z/26785.png","allow-anonymous-comments":"1","link-01":"https://bitbucket.org/kessutinnu/ld45","link-01-tag":[42332],"link-02":"https://kessutinnu.itch.io/warden-of-void-ld45","link-02-tag":[42336]},"path":"/events/ludum-dare/45/warden-of-void","parents":[1,5,9,159347],"love":0,"notes":18,"notes-timestamp":"2019-10-18T05:12:33Z","grade":{"grade-01":40,"grade-02":40,"grade-03":40,"grade-04":40,"grade-05":40,"grade-07":39,"grade-08":38},"magic":{"grade":39.571428571429,"given":39.375,"feedback":32,"smart":16.114636009644,"cool":108.21292517403,"grade-01-average":3.434,"grade-01-result":246,"grade-02-average":3.408,"grade-02-result":181,"grade-03-average":3.763,"grade-03-result":92,"grade-04-average":3.434,"grade-04-result":242,"grade-05-average":2.974,"grade-05-result":350,"grade-07-average":2.581,"grade-07-result":230,"grade-08-average":3.028,"grade-08-result":301}}]}