{"status":200,"caller_id":0,"cached":[],"node":[{"id":168859,"parent":159347,"superparent":9,"author":9626,"type":"item","subtype":"game","subsubtype":"jam","published":"2019-10-07T22:55:20Z","created":"2019-10-05T01:41:29Z","modified":"2019-10-10T22:26:04Z","version":527914,"slug":"farm-fortress-2","name":"Farm Fortress 2","body":"[![Cover Photo](///raw/a95/2/z/280a7.png)](https://kroltan.itch.io/farm-fortress-2)\nReal-time strategy with no units. Defend your growing farm empire against increasing hordes of enemies!\n\nThis is a resource management centric game, so please read all the building descriptions to understand the production chain!\n\n**Water -> wheat -> flour -> bread -> gold**\n\nAll the models, sprites and coding were done by me. Uses the Quattrocento font from Google Fonts.","meta":{"author":[9626],"cover":"///content/a95/2/z/2808b.png","grade-06-out":"1","grade-07-out":"1","allow-anonymous-comments":"1","link-01":"https://kroltan.itch.io/farm-fortress-2","link-01-tag":[42336],"link-02":"https://kroltan.itch.io/farm-fortress-2","link-02-tag":[42337]},"path":"/events/ludum-dare/45/farm-fortress-2","parents":[1,5,9,159347],"love":0,"notes":23,"notes-timestamp":"2019-10-26T19:46:12Z","grade":{"grade-01":31,"grade-02":30,"grade-03":30,"grade-04":30,"grade-05":30,"grade-08":29},"magic":{"cool":93.074114004241,"feedback":23,"given":18.625,"grade":30,"grade-01-average":3.534,"grade-01-result":476,"grade-02-average":3.393,"grade-02-result":461,"grade-03-average":2.554,"grade-03-result":991,"grade-04-average":3.393,"grade-04-result":490,"grade-05-average":3.661,"grade-05-result":477,"grade-08-average":2.926,"grade-08-result":865,"smart":0.20811677038276}}]}