{"status":200,"caller_id":0,"cached":[],"node":[{"id":172609,"parent":159347,"superparent":9,"author":12125,"type":"item","subtype":"game","subsubtype":"jam","published":"2019-10-07T17:12:30Z","created":"2019-10-07T17:06:45Z","modified":"2019-10-10T11:25:25Z","version":527417,"slug":"nothing-engine","name":"Nothing Engine","body":"There is no game, you have to create it using the Nothing Engine!\n\nMaking games is easy!*\n\nSimply drag the assets and mechanics you want in the game from the panels and hit Play when you're ready!\n\n![ezgif.com-gif-maker.gif](///raw/889/32/z/273e8.gif)\n\nIf you like memes and cattos/doggos, we got you covered.\n\n![Pongo.gif](///raw/d5f/2/z/273dc.gif) ![Bork.gif](///raw/d5f/2/z/273d3.gif)\n\n\nThis is a game made in Spelkollektivet.\nMade in Game Maker Studio 2, Piskelapp.\n\n\n![ezgif.com-resize.gif](///raw/889/32/z/273fb.gif)","meta":{"author":[12125,145800,163303,102139,146695,172623],"grade-06-out":"1","link-01-tag":[42337],"allow-anonymous-comments":"1","cover":"///content/d5f/2/z/273d8.png","link-01":"https://oakwarrior.itch.io/nothing-engine","link-02":"https://drive.google.com/file/d/1VfUbih-AKuTEED-XxaHFV15uS3XceIMr/view?usp=sharing","link-02-tag":[42337]},"path":"/events/ludum-dare/45/nothing-engine","parents":[1,5,9,159347],"love":0,"notes":33,"notes-timestamp":"2019-10-17T09:44:54Z","grade":{"grade-01":47,"grade-02":49,"grade-03":48,"grade-04":48,"grade-05":47,"grade-07":49,"grade-08":45},"magic":{"cool":122.53727847225,"feedback":40,"given":61,"grade":47.571428571429,"grade-01-average":3.711,"grade-01-result":287,"grade-02-average":3.766,"grade-02-result":176,"grade-03-average":3.946,"grade-03-result":100,"grade-04-average":4.065,"grade-04-result":99,"grade-05-average":3.889,"grade-05-result":317,"grade-07-average":4.021,"grade-07-result":50,"grade-08-average":3.395,"grade-08-result":504,"smart":17.073881400993}}]}