{"status":200,"caller_id":0,"cached":[],"node":[{"id":172310,"parent":159347,"superparent":9,"author":39,"type":"item","subtype":"game","subsubtype":"jam","published":"2019-10-07T22:02:20Z","created":"2019-10-07T12:53:41Z","modified":"2019-10-08T00:39:18Z","version":520372,"slug":"who-let-the-dog-out","name":"Who Let The Dog Out","body":"![img](///content/72/z/27f78.png)\n\nYou think you get something here?\nStart With Nothing!\n\nI made a development tool into a game.","meta":{"author":[39],"allow-anonymous-comments":"1","cover":"///content/72/z/27f78.png","link-01":"https://www.timbeaudet.com/goods/ludumdare/ld45/ludumdare45_1.0.0_windows.zip","link-01-tag":[42337],"link-02":"https://www.timbeaudet.com/goods/ludumdare/ld45/ludumdare45_1.0.0_macos.zip","link-02-tag":[42339],"link-03":"https://www.timbeaudet.com/goods/ludumdare/ld45/ludumdare45_1.0.0_linux.tar.gz","link-03-tag":[42341]},"path":"/events/ludum-dare/45/who-let-the-dog-out","parents":[1,5,9,159347],"love":0,"notes":16,"notes-timestamp":"2019-10-19T10:34:23Z","grade":{"grade-01":21,"grade-02":21,"grade-03":21,"grade-04":21,"grade-05":21,"grade-06":16,"grade-07":20,"grade-08":21},"magic":{"cool":112.23815125617,"feedback":0,"given":24.25,"grade":20.25,"grade-01-average":3.474,"grade-01-result":536,"grade-02-average":3.211,"grade-02-result":596,"grade-03-average":3.816,"grade-03-result":151,"grade-04-average":4.395,"grade-04-result":14,"grade-05-average":3,"grade-05-result":831,"grade-06-average":2.214,"grade-07-average":2.75,"grade-07-result":543,"grade-08-average":2.895,"grade-08-result":883,"smart":8.1052588357838}}]}