{"status":200,"caller_id":0,"cached":[],"node":[{"id":171880,"parent":159347,"superparent":9,"author":104697,"type":"item","subtype":"game","subsubtype":"jam","published":"2019-10-07T21:55:55Z","created":"2019-10-07T01:31:21Z","modified":"2019-10-09T15:16:34Z","version":526035,"slug":"palely","name":"Palely","body":"Atmospheric watercolor game in a moebius-esque world.\n![intro.gif](///raw/b1b/91/z/28d20.gif)\n\nSearch for letters to make words and create objects.\n![intro02.gif](///raw/b1b/91/z/28d39.gif)\n\nBut you cannot undo objects you haven't learned\n![intro03.gif](///raw/b1b/91/z/28d3c.gif)\n\nHave FUN\n![intro04.gif](///raw/b1b/91/z/28d3f.gif)\n\n# <!> This game requires a decent GPU to run ! <!>\n\n## Minimum recommended GPU : Nvidia Geforce GTX 5xx\n### Palely will also start in Vulkan if available. (On Windows)\n\nOur technique and artstyle requires a lot of GPU load, like many other games out there. Don't try running it on a toaster ! Thank you !\n\n# Controls\n\n## Mouse/Keyboard :\n- WASD/ZQSD : Movements\n- Mouse : Camera movements\n- Left Click : Pick up\n- Right Click (Short) : Throw\n- Right Click (Hold) : Destroy\n\n## Controller (X360/One) :\n- Left Stick : Movements\n- Right Stick : Camera movements\n- Right Trigger : Pick up\n- Left Trigger (Short) : Throw\n- Left Trigger (Hold) : Destroy\n\n","meta":{"author":[104697,105243,104904,172996],"link-01-tag":[42337],"cover":"///content/b1b/91/z/272a7.png","grade-06-out":"1","link-01":"https://anstabo.itch.io/palely","link-02":"https://anstabo.itch.io/palely","link-02-tag":[42341],"link-03":"","link-03-tag":null},"path":"/events/ludum-dare/45/palely","parents":[1,5,9,159347],"love":0,"notes":61,"notes-timestamp":"2019-10-28T05:33:43Z","grade":{"grade-01":62,"grade-02":61,"grade-03":63,"grade-04":63,"grade-05":64,"grade-07":53,"grade-08":62},"magic":{"cool":101.65300454651,"feedback":13,"given":54.25,"grade":61.142857142857,"grade-01-average":4.342,"grade-01-result":13,"grade-02-average":4.008,"grade-02-result":76,"grade-03-average":4.623,"grade-03-result":3,"grade-04-average":4.311,"grade-04-result":28,"grade-05-average":4.718,"grade-05-result":4,"grade-07-average":2.931,"grade-07-result":456,"grade-08-average":4.383,"grade-08-result":15,"smart":-6.8697384625433}}]}