{"status":200,"caller_id":0,"cached":[],"node":[{"id":172465,"parent":159347,"superparent":9,"author":172463,"type":"item","subtype":"game","subsubtype":"jam","published":"2019-10-07T19:44:41Z","created":"2019-10-07T15:17:41Z","modified":"2019-10-08T08:53:12Z","version":521891,"slug":"sim-the-poop","name":"💩","body":"you are nothing\n\njust a :poop:\n\ngo out\n\ndiscover yourself...\n\n![Screenshot_20191007-232542~2.png](///raw/fa1/a2/z/27bec.png)\n\n![273ca.png.320x256.fit.jpg](///raw/fa1/a2/z/27ba1.jpg)\n\n\n","meta":{"author":[172463,168324],"link-01-tag":[42336],"link-02-tag":[42337],"cover":"///content/fa1/a2/z/273ca.png","link-01":"https://markuslindgren.itch.io/spoop","link-01-name":"Itchio. Playable from browser","link-02":"https://github.com/Mackain/ldjam45/blob/master/downloads/windows.zip","link-03":"https://github.com/Mackain/ldjam45/blob/master/downloads/poop.app.zip","link-03-tag":[42339],"link-04":"https://github.com/Mackain/ldjam45/blob/master/downloads/linux.zip","link-04-tag":[42341],"link-05":"https://github.com/Mackain/ldjam45/blob/master/downloads/raspi.zip","link-05-tag":[42512],"link-05-name":"Raspberry Pi"},"path":"/events/ludum-dare/45/sim-the-poop","parents":[1,5,9,159347],"love":0,"notes":14,"notes-timestamp":"2019-10-25T15:48:41Z","grade":{"grade-01":21,"grade-02":21,"grade-03":21,"grade-04":21,"grade-05":21,"grade-06":21,"grade-07":21,"grade-08":20},"magic":{"cool":94.169658214851,"feedback":6,"given":17.625,"grade":20.875,"grade-01-average":3.368,"grade-01-result":646,"grade-02-average":3.526,"grade-02-result":356,"grade-03-average":2.737,"grade-03-result":888,"grade-04-average":2.868,"grade-04-result":862,"grade-05-average":3.447,"grade-05-result":612,"grade-06-average":3.237,"grade-06-result":432,"grade-07-average":3.474,"grade-07-result":217,"grade-08-average":3.083,"grade-08-result":760,"smart":-0.60060603324544}}]}