{"status":200,"caller_id":0,"cached":[],"node":[{"id":170045,"parent":159347,"superparent":9,"author":10979,"type":"item","subtype":"game","subsubtype":"compo","published":"2019-10-06T23:16:59Z","created":"2019-10-05T19:06:53Z","modified":"2019-10-18T22:35:55Z","version":531032,"slug":"doors","name":"Doors","body":"![ss.png](///raw/3ea/2/z/26dd4.png)\n\n## Description\n\nSafely navigate the galaxy by utilizing the largest amount of nothing in the universe: the vacuum of space! Depending on your choices throughout the game, there are 5 different endings!\n\nAs the Door Administration Locus (DAL), your purpose is to manage the doors on board a crucial Federation ship. Unfortunately for you, door AIs tend to have a poor reputation of becoming self-aware and killing the inhabitants of their ships. Open doors to the outside of the ship to let the oxygen out. This will put out fires and kill plant life, but also harm crew members.\n\nBalance the ship's __H__ealth meter and the crew's __S__uspicion meter while defeating threats to the mission's success. Beware, if the crew thinks you are attempting to kill them they will attempt to shut you off! The only way to shut you down is if one of the crew walks over to and accesses your terminal in the bottom-right of the ship. Lock the control room door to stall for time!\n\n## Controls\n\nLeft Click: Open/Close Door\n\nRight Click: Lock/Unlock Door - The crew must break down locked doors, rather than just walking through them\n\nZ - Open All Doors\n\nX - Close All Doors\n\nC - Lock All Doors\n\nV - Unlock All Doors\n\nEnter - Skip Text\n\n\n## Good Luck! The Federation is counting on you!\n\n","meta":{"author":[10979],"link-01":"https://natesampo.github.io/LD45/","link-01-tag":[42336],"link-02":"https://github.com/natesampo/LD45","link-02-tag":[42332],"cover":"///content/3ea/2/z/29b30.png"},"path":"/events/ludum-dare/45/doors","parents":[1,5,9,159347],"love":0,"notes":16,"notes-timestamp":"2019-10-29T20:09:55Z","grade":{"grade-01":24,"grade-02":24,"grade-03":24,"grade-04":23,"grade-05":24,"grade-06":22,"grade-07":23,"grade-08":23},"magic":{"cool":106.23048621332,"feedback":0,"given":25.25,"grade":23.375,"grade-01-average":3.705,"grade-01-result":117,"grade-02-average":3.727,"grade-02-result":82,"grade-03-average":3.795,"grade-03-result":84,"grade-04-average":2.762,"grade-04-result":430,"grade-05-average":3.341,"grade-05-result":234,"grade-06-average":3.525,"grade-06-result":106,"grade-07-average":3.405,"grade-07-result":73,"grade-08-average":3.833,"grade-08-result":52,"smart":0.75094922056179}}]}