{"status":200,"caller_id":0,"cached":[],"node":[{"id":159484,"parent":159347,"superparent":9,"author":630,"type":"item","subtype":"game","subsubtype":"jam","published":"2019-10-07T20:07:01Z","created":"2019-08-28T15:31:59Z","modified":"2019-10-09T09:33:25Z","version":525511,"slug":"i-aint-got-no-body","name":"I ain't got no body","body":"Oh no, you're dead! And what's even worse, looks like you got a-head of yourself 😉 You wake up in a graveyard infested by zombies. Find a way to get out... Maybe you're going to need a hand, literally!\n\nControls:\nThis game is mouse-only. Drag the cursor while holding the left button down to move in that direction. Press the right button to perform special actions.\n\n Credits:\nCode: WeaverDev\nArt: SquareDev\nMusic &SFX: Freesound.org, incompetech.com/music/\n\nEnding song from https://filmmusic.io\n\"Surf Shimmy\" by Kevin MacLeod (https://incompetech.com)\nLicense: CC BY (http://creativecommons.org/licenses/by/4.0/)\n\n\nWe had to rush things a bit towards the end so we didn't have a lot of time to playtest and whatnot. Please let us know if you run into any big bugs. We plan to tweak and fix the game in the coming week!\n[I_ain't_got_no_body_I_ain't_got_no_body_2019-10-07_22-11-04.png](///raw/8da/z/29131.png)\n![I_ain't_got_no_body_I_ain't_got_no_body_2019-10-07_22-12-05.png](///raw/8da/z/29132.png)![I_ain't_got_no_body_I_ain't_got_no_body_2019-10-07_22-13-11.png](///raw/8da/z/29133.png)\n![I_ain't_got_no_body_I_ain't_got_no_body_2019-10-07_22-11-04.png](///raw/8da/z/29137.png)","meta":{"author":[630,2776],"link-01-tag":[42337],"grade-06-out":"1","cover":"///content/8da/z/275e9.png","allow-anonymous-comments":"1","link-01":"https://squaredev.itch.io/i-aint-got-no-body-ludum-dare-45","link-02":"https://squaredev.itch.io/i-aint-got-no-body-ludum-dare-45","link-02-tag":[42336]},"path":"/events/ludum-dare/45/i-aint-got-no-body","parents":[1,5,9,159347],"love":0,"notes":19,"notes-timestamp":"2019-10-19T18:11:34Z","grade":{"grade-01":28,"grade-02":28,"grade-03":28,"grade-04":28,"grade-05":28,"grade-07":28,"grade-08":27},"magic":{"cool":62.479943305896,"feedback":6,"given":9.125,"grade":27.857142857143,"grade-01-average":4.269,"grade-01-result":21,"grade-02-average":4.135,"grade-02-result":38,"grade-03-average":3.942,"grade-03-result":101,"grade-04-average":4.192,"grade-04-result":58,"grade-05-average":4.692,"grade-05-result":6,"grade-07-average":4.231,"grade-07-result":18,"grade-08-average":4.3,"grade-08-result":23,"smart":-35.733598853665}}]}