{"status":200,"caller_id":0,"cached":[],"node":[{"id":163777,"parent":159347,"superparent":9,"author":162153,"type":"item","subtype":"game","subsubtype":"jam","published":"2019-10-07T01:33:44Z","created":"2019-10-01T09:54:08Z","modified":"2019-10-07T01:41:32Z","version":505388,"slug":"wipe-it","name":"Wipe It","body":"Start with nothing. Wipe with anything.\n\nIt’s your last chance to go to the toilet before your flight because nobody likes airplane toilets. And of course there's no toilet paper. There's only one thing to do.\nFind a way to clean your behind and avoid getting famous on social media.\n\n- All sounds and music made with our very own mouths\n- Innovative pantless sneaking controls\n- Creative butt wiping places\n- Gleeful people trying to capture your every proud moment\n\nTrailer:\n\nyoutu.be/XePFT0o5pLs\n\n![Airplane.jpg](///raw/969/72/z/26b24.jpg)\n![Falling.jpg](///raw/969/72/z/26b25.jpg)\n![Photoing.jpg](///raw/969/72/z/26b27.jpg)\n![Toilets.jpg](///raw/969/72/z/26b29.jpg)","meta":{"author":[162153],"allow-anonymous-comments":"1","cover":"///content/969/72/z/26b92.jpg","link-01":"https://barracudadisaster.itch.io/wipeit","link-01-tag":[42337]},"path":"/events/ludum-dare/45/wipe-it","parents":[1,5,9,159347],"love":0,"notes":28,"notes-timestamp":"2019-10-20T04:25:25Z","grade":{"grade-01":52,"grade-02":52,"grade-03":51,"grade-04":51,"grade-05":51,"grade-06":50,"grade-07":51,"grade-08":51},"magic":{"cool":97.729842906421,"feedback":42,"given":47.875,"grade":51.125,"grade-01-average":3.61,"grade-01-result":386,"grade-02-average":3.76,"grade-02-result":185,"grade-03-average":3.837,"grade-03-result":142,"grade-04-average":3.551,"grade-04-result":387,"grade-05-average":4.041,"grade-05-result":243,"grade-06-average":3.323,"grade-06-result":386,"grade-07-average":4.398,"grade-07-result":5,"grade-08-average":3.745,"grade-08-result":258,"smart":14.402298865662}}]}