{"status":200,"caller_id":0,"cached":[],"node":[{"id":168269,"parent":159347,"superparent":9,"author":25643,"type":"item","subtype":"game","subsubtype":"compo","published":"2019-10-06T23:11:02Z","created":"2019-10-04T21:59:21Z","modified":"2019-10-07T03:29:09Z","version":505753,"slug":"rest-in-peace","name":"Rest In Peace","body":"![TitleBig.png](///raw/b24/6/z/26a0a.png)\n## Preface\nI took a very different path in this game.  Inspired by my fear of death and wonder for how other will think of me when I am gone, I made this game to explore that a bit.  It isn't meant to be well thought out, it's just a manifestation of some of my worries and thought processes. \n\n**Disclaimer: This story is centered around loss and acceptance.  It isn't for everyone.**\n\n\n## The Background\nYou are Richard Parsons, a dead man.  You died 10 years ago at the age of 25 in a car crash at no fault of your own.  You're friend Caroline Swanson is a tech genius, verging on the edge of a mad Scientist.  She found your body, experimented day and night to finally find a way to revive you.  Finally she developed a method to keep you alive by impaling your body with volatile energy sources.  Upon waking up, you realize that it does no good for you to be alive this way.  All you do is anguish... and in turn cause her to do the same.\n\n## Objective\nCaroline is trying to keep you alive.  Your goal is to return to the nothing you started from: to die.  Use the power cells protruding from your body to help her move on and find your way to a peaceful rest.\n\n## Controls\nAD/RightLeft - horizontal movement\n\nW/Up         - Jump\n\nLeftClick    - Throw Power Rod\n\nSpace        - Explode Next Power Rod\n\n\n## Links\n\nSource Code - [Here](https://github.com/juicyslew/LD45-RIP)\n\nItch.Io - [Here](https://juicyslew.itch.io/rest-in-peace)\n\n\n# Snapshots\n\n![Snapshot.png](///raw/b24/6/z/26c69.png)\n\n![Snapshot2.png](///raw/b24/6/z/26c6e.png)\n\n![Snapshot3.png](///raw/b24/6/z/26c70.png)\n\n![RIPCoverPhoto.png](///raw/b24/6/z/26c72.png)","meta":{"author":[25643],"allow-anonymous-comments":"1","grade-07-out":"1","cover":"///content/b24/6/z/26c56.png","link-01":"https://github.com/juicyslew/LD45-RIP","link-01-tag":[50],"link-02-tag":[42337],"link-01-name":"Github","link-02":"https://juicyslew.itch.io/rest-in-peace","link-02-name":"Itch.io"},"path":"/events/ludum-dare/45/rest-in-peace","parents":[1,5,9,159347],"love":0,"notes":16,"notes-timestamp":"2019-10-27T22:02:34Z","grade":{"grade-01":20,"grade-02":20,"grade-03":20,"grade-04":20,"grade-05":20,"grade-06":20,"grade-08":20},"magic":{"grade":20,"given":17.25,"feedback":18,"smart":13.158641069874,"cool":102.24747162911,"grade-01-average":3.583,"grade-01-result":170,"grade-02-average":3.528,"grade-02-result":137,"grade-03-average":3.556,"grade-03-result":156,"grade-04-average":2.722,"grade-04-result":438,"grade-05-average":3.306,"grade-05-result":249,"grade-06-average":3.417,"grade-06-result":141,"grade-08-average":3.778,"grade-08-result":74}}]}