{"status":200,"caller_id":0,"cached":[],"node":[{"id":164909,"parent":159347,"superparent":9,"author":164906,"type":"item","subtype":"game","subsubtype":"compo","published":"2019-10-06T22:45:15Z","created":"2019-10-03T00:23:01Z","modified":"2019-10-09T04:02:52Z","version":525067,"slug":"word-salad","name":"Word Salad","body":"![showcase.gif](///raw/a24/82/z/2687e.gif)\n\n**WASD to move, click to attack. Escape to pause.** Your gun uses letters from the word \"nothing\" as ammo. You start with the word \"nothing\" (which does nothing). When you run out of ammo, you automatically switch to your fists.\n\n**Punch zombies to make them drop letters.** You can pick up the letters and they will go into your gun. If you are using your fists and pick up a letter, you automatically switch back to your gun.\n\n**Your gun does nothing unless you spell a word.** The gun just farts out dust if there's no active word spelled out in your gun. You can use this to your advantage to discard unwanted letters, one click at a time.\n\n**Pick up letters in the correct order to spell out words.** When your gun's letters are glowing red, you have spelled a valid word.\n\n**Spell a word to regain health and DESTROY your foes!** Each word is its own powered-up weapon. Click to fire out a projectile that kills scores of enemies! Shorter words like \"no\" and \"hot\" are quick ways to replenish lost health, and long words like \"thigh\" are effective weapons against crowds. For example:\n- `no` shoots a 'no' sign\n- `it` summons Pennywise the clown\n- `ting` does... some-ting :wink:\n- `hot` creates flames\n- `noon` acts as a revolver (6 shots)\n- `noggin` is the ultimate victory!\n\nThis game was built from scratch, in one C file, starting with nothing. :)\n*If the audio sounds like it's skipping or stuttering, please let me know. If your antivirus quarantines the game, try temporarily disabling your antivirus. If you maximize the window it will stretch the whole screen - I didn't have time to make it resize properly - sorry!*\n\nFull word list:\n- `it` `go` `gt` `no`\n- `ton` `hot` `hog` `hon` `ion` `inn`\n- `ting` `onto` `noon` `hint` `goth` `thot` `high` `gong` `goon`\n- `tooth` `thong` `thing` `thigh` `onion` `night` `ingot`\n- `noggin`\n\n**Patch v1.1 is here!**\n- Fixed bug where dying didn't restore \"noon\" revolver ammunition.\n- Fixed bug where some projectiles disappeared when hitting zombies.\n- Fixed bug where zombies and projectiles moved too fast.\n- Fixed bug where projectiles lived for too short.\n","meta":{"author":[164906],"cover":"///content/a24/82/z/265f5.png","allow-anonymous-comments":"1","link-01":"https://philliptrudeau.com/ld45.exe","link-01-tag":[42337],"link-01-name":"Executable","link-02":"https://philliptrudeau.com/ld45.c","link-02-tag":[42332],"link-02-name":"Full source (+ assets)"},"path":"/events/ludum-dare/45/word-salad","parents":[1,5,9,159347],"love":0,"notes":13,"notes-timestamp":"2019-10-29T19:51:01Z","grade":{"grade-01":21,"grade-02":21,"grade-03":21,"grade-04":21,"grade-05":21,"grade-06":21,"grade-07":19,"grade-08":19},"magic":{"cool":112.94427943198,"feedback":5,"given":24.875,"grade":20.5,"grade-01-average":3.079,"grade-01-result":401,"grade-02-average":3.026,"grade-02-result":338,"grade-03-average":3.711,"grade-03-result":110,"grade-04-average":3.5,"grade-04-result":210,"grade-05-average":2.658,"grade-05-result":428,"grade-06-average":3.026,"grade-06-result":246,"grade-07-average":3.324,"grade-07-result":85,"grade-08-average":2.559,"grade-08-result":436,"smart":4.6422476822817}}]}