{"status":200,"caller_id":0,"cached":[],"node":[{"id":169291,"parent":159347,"superparent":9,"author":150284,"type":"item","subtype":"game","subsubtype":"jam","published":"2019-10-07T21:25:06Z","created":"2019-10-05T08:55:54Z","modified":"2019-10-10T21:20:44Z","version":527853,"slug":"nothing-a-sentient-ascendency","name":"NOTHING : A sentient ascendency","body":"You are NOTHING, a newly created AI by a PhD student. You'll have to learn new abilities to operate in this strange test world you were \"born\" into. But beware, your creator has given you a limited time before you are rebooted and your current version is considered obsolete. Try to please your creator by learning quickly and you may get a bit more time to improve and who knows ... conquer the world ?  \n\nControls: keyboard arrows or WASD, F11 to show the timer.\n\nUpdate at H+1 : Endgame improved and some plateform related bugs fixed, game instructions added\n\nUpdate H+3 : v1.2 for windows : added new sounds and fixed some collisions. All for today , enjoy everyone.\n\nUpdate H+7 : v1.3 for linux and webGL : fixed some more collision problems, changed the lighting mood. Enjoy !\n\nUpdate D+3 : v1.4 for windows and webGL : fixed a sequence breaking collision bug, tweaked lightings, switch default controls to WASD, few minor fixes","meta":{"author":[150284,150257,149636,150300,146934,169278],"link-01-tag":[42332],"cover":"///content/1fa/42/z/27bb4.png","allow-anonymous-comments":"1","link-01":"https://github.com/arnaudPortay/ldjam45","link-02":"https://roosterandfretillant.itch.io/nothing-a-sentient-ascendency","link-02-tag":[42337],"link-03":"https://roosterandfretillant.itch.io/nasa-webgl","link-03-tag":[42336]},"path":"/events/ludum-dare/45/nothing-a-sentient-ascendency","parents":[1,5,9,159347],"love":0,"notes":50,"notes-timestamp":"2019-10-24T16:58:56Z","grade":{"grade-01":63,"grade-02":63,"grade-03":63,"grade-04":63,"grade-05":63,"grade-06":61,"grade-07":61,"grade-08":62},"magic":{"cool":97.734000362637,"feedback":71,"given":58.625,"grade":62.375,"grade-01-average":3.369,"grade-01-result":644,"grade-02-average":3.18,"grade-02-result":622,"grade-03-average":3.23,"grade-03-result":514,"grade-04-average":3.811,"grade-04-result":209,"grade-05-average":3.09,"grade-05-result":794,"grade-06-average":3.263,"grade-06-result":419,"grade-07-average":2.907,"grade-07-result":467,"grade-08-average":3.05,"grade-08-result":785,"smart":15.695801959267}}]}