{"status":200,"caller_id":0,"cached":[],"node":[{"id":171746,"parent":159347,"superparent":9,"author":171743,"type":"item","subtype":"game","subsubtype":"jam","published":"2019-10-07T21:53:29Z","created":"2019-10-06T23:04:40Z","modified":"2019-10-08T15:12:01Z","version":523007,"slug":"blank-1","name":"Blank (Demo)","body":"Here's our first Ludum Dare game ever! It was fun to see how much you can accomplish in 2 days :smiley_cat:\n\n\nIt's a short puzzle platformer in which you start with a blank canvas which goes along with the theme \"Start with nothing\". Choose the platforms which will lead you to the end of the level. There's the challenge of finding the right path as well as using your platforming skills to pass it.\n\n**Game Jolt:** https://gamejolt.com/games/blank-demo/443447\n\n**Controls:**\nLeft click on platforms to spawn / despawn them.\nWSAD or arrow keys to walk and jump.\n\n## If enough people are interested, we'll make it into a full game! :smile_cat:\n\n![Blank GIF.gif](///raw/fde/92/z/28d2f.gif)","meta":{"author":[171743],"allow-anonymous-comments":"1","grade-06-out":"1","link-01-tag":[42337],"cover":"///content/fde/92/z/26a69.png","link-01":"https://gamejolt.com/games/blank-demo/443447"},"path":"/events/ludum-dare/45/blank-1","parents":[1,5,9,159347],"love":0,"notes":49,"notes-timestamp":"2019-10-30T17:17:52Z","grade":{"grade-01":45,"grade-02":45,"grade-03":45,"grade-04":45,"grade-05":46,"grade-07":44,"grade-08":45},"magic":{"cool":93.083269785749,"feedback":57,"given":33.25,"grade":45,"grade-01-average":3.93,"grade-01-result":143,"grade-02-average":4,"grade-02-result":77,"grade-03-average":3.616,"grade-03-result":250,"grade-04-average":3.512,"grade-04-result":416,"grade-05-average":4.068,"grade-05-result":230,"grade-07-average":3.155,"grade-07-result":346,"grade-08-average":3.593,"grade-08-result":359,"smart":14.622414354002}}]}