{"status":200,"caller_id":0,"cached":[],"node":[{"id":162384,"parent":159347,"superparent":9,"author":142499,"type":"item","subtype":"game","subsubtype":"jam","published":"2019-10-07T22:12:24Z","created":"2019-09-27T13:03:32Z","modified":"2019-10-07T22:28:10Z","version":517048,"slug":"voidtech","name":"VoidTech","body":"What would you do if you woke up in a dark room, remembering nothing? Only the glow of a computer screen hinting at your next step. Can you gather something from the nothingness? Join Dave on a quest of discovery where your actions mean everything.\n\nPS: Make sure to explore a bit after you are done with your job!\n\n![Awakening.png](///raw/75f/12/z/27ebf.png)\n\n\n![title.png](///raw/75f/12/z/27ec5.png)\n\n\n![Oxygen.png](///raw/75f/12/z/27ecc.png)\n\n\n![Generator.png](///raw/75f/12/z/27ecf.png)","meta":{"author":[142499,139095,138971,146856],"link-01-tag":[42336],"cover":"///content/75f/12/z/27e56.png","link-01":"https://drusin.github.io/VoidTech/","link-02-tag":[42336]},"path":"/events/ludum-dare/45/voidtech","parents":[1,5,9,159347],"love":0,"notes":45,"notes-timestamp":"2019-10-26T23:03:49Z","grade":{"grade-01":57,"grade-02":57,"grade-03":56,"grade-04":57,"grade-05":58,"grade-06":57,"grade-07":50,"grade-08":56},"magic":{"cool":107.0259102019,"feedback":62,"given":63,"grade":56,"grade-01-average":3.682,"grade-01-result":314,"grade-02-average":3.564,"grade-02-result":324,"grade-03-average":3.111,"grade-03-result":610,"grade-04-average":3.191,"grade-04-result":657,"grade-05-average":3.857,"grade-05-result":337,"grade-06-average":3.636,"grade-06-result":222,"grade-07-average":2.917,"grade-07-result":462,"grade-08-average":3.861,"grade-08-result":176,"smart":15.708382375981}}]}