{"status":200,"caller_id":0,"cached":[],"node":[{"id":165565,"parent":159347,"superparent":9,"author":125533,"type":"item","subtype":"game","subsubtype":"jam","published":"2019-10-07T21:08:58Z","created":"2019-10-03T18:58:36Z","modified":"2019-10-07T23:24:01Z","version":519621,"slug":"ritual","name":"Ritual","body":"A short game about summoning a demon.\n\n\nThe game, programming, art, audio, and music was created by me during the jam period. \n\nThe only aspect of my game not created by me was the font used.\n\nPrologue\n\nYou find yourself in the middle of a strange, mysterious forest. With nothing to your name, all you know is that you must summon a demon.\n\nExplore the barren landscape in search of the ritual scroll and the objects required to summon a demon. Stay warm to survive the barren landscape long enough to summon a demon. Collect items, cut down trees, and interact with the \nenvironment to find tools and objects to aid in your survival. \n\nControls\nMovement: W A S D\nSwing Axe: Left Mouse Button\nBuild Fire: Right Mouse Button (NOTE. requires items to build)\nInteract: E\nMagnetize Items: E (NOTE. requires items to be within certain range)\nOpen/Close Inventory:  Tab \n\nKey Gameplay Aspects:\nStay near campfires to stay warm.\nOpen chests to collect items.\nCut down trees to collect sticks.\nBuild campfires.\nExplore the landscape.\nCheck item descriptions to find clues.\n\nCheck the https://unicorn-studios.itch.io/ritual page for a more detailed description. \n\n\n![Screenshot 4.png](///raw/d5a/e1/z/2866a.png)\n![Screenshot 6.png](///raw/d5a/e1/z/2866d.png)\n![Screenshot 3.png](///raw/d5a/e1/z/28670.png)\n![Screenshot 5.png](///raw/d5a/e1/z/286d2.png)","meta":{"author":[125533],"allow-anonymous-comments":"1","link-01":"https://unicorn-studios.itch.io/ritual","link-01-tag":[42337],"cover":"///content/d5a/e1/z/286bc.png"},"path":"/events/ludum-dare/45/ritual","parents":[1,5,9,159347],"love":0,"notes":18,"notes-timestamp":"2019-10-18T05:04:35Z","grade":{"grade-01":32,"grade-02":31,"grade-03":31,"grade-04":32,"grade-05":32,"grade-06":32,"grade-07":25,"grade-08":32},"magic":{"cool":77.621547282378,"feedback":25,"given":18,"grade":30.875,"grade-01-average":3.9,"grade-01-result":161,"grade-02-average":3.362,"grade-02-result":489,"grade-03-average":2.966,"grade-03-result":726,"grade-04-average":3.55,"grade-04-result":388,"grade-05-average":4.267,"grade-05-result":107,"grade-06-average":4.35,"grade-06-result":8,"grade-07-average":2.391,"grade-07-result":711,"grade-08-average":4.5,"grade-08-result":3,"smart":-0.60914272368179}}]}