{"status":200,"caller_id":0,"cached":[],"node":[{"id":162234,"parent":159347,"superparent":9,"author":162230,"type":"item","subtype":"game","subsubtype":"compo","published":"2019-10-06T21:06:23Z","created":"2019-09-26T17:31:55Z","modified":"2019-10-11T06:12:40Z","version":528094,"slug":"hello-buddy","name":"Hello Buddy!","body":"After the big bang, Alvin the atom feels alone and seeks company. Help him to find friends and evolve.\n\n* Collect friendly (green) atoms\n* Avoid hostile (red) atoms\n* Grow big and evolve, when you have collected enough atoms!\n\nDid you notice that you get more points, if you collect more atoms before you evolve? ;)\n\nThe WebGl-Port was added after the initial 48 hours, so more people can test the game.\n\n#Update 10.10.2019: Fixed game breaking bug, where Alvin would leave the playfield around evolution 20\n\n![hellobuddy3.png](///raw/6b9/72/z/2642a.png)","meta":{"author":[162230],"cover":"///content/6b9/72/z/2641e.png","link-01":"https://github.com/TheDarkWeasel/ldjam45-hellobuddy","link-01-tag":[50],"link-02":"https://d4rkweasel.itch.io/hello-buddy","link-02-tag":[42337],"link-03":"https://d4rkweasel.itch.io/hello-buddy","link-03-tag":[42339],"link-04":"https://d4rkweasel.itch.io/hello-buddy","link-04-tag":[42336]},"path":"/events/ludum-dare/45/hello-buddy","parents":[1,5,9,159347],"love":0,"notes":31,"notes-timestamp":"2019-10-17T18:39:15Z","grade":{"grade-01":37,"grade-02":38,"grade-03":38,"grade-04":38,"grade-05":36,"grade-06":36,"grade-07":33,"grade-08":35},"magic":{"cool":112.78673705954,"feedback":9,"given":45,"grade":36.375,"grade-01-average":3.186,"grade-01-result":349,"grade-02-average":3.333,"grade-02-result":203,"grade-03-average":3.194,"grade-03-result":260,"grade-04-average":3.111,"grade-04-result":342,"grade-05-average":2.853,"grade-05-result":383,"grade-06-average":3.118,"grade-06-result":221,"grade-07-average":2.758,"grade-07-result":194,"grade-08-average":2.818,"grade-08-result":385,"smart":16.654393070644}}]}