{"status":200,"caller_id":0,"cached":[],"node":[{"id":164933,"parent":159347,"superparent":9,"author":164932,"type":"item","subtype":"game","subsubtype":"compo","published":"2019-10-06T19:40:35Z","created":"2019-10-03T01:54:20Z","modified":"2019-10-06T19:48:44Z","version":500971,"slug":"egg-problem","name":"Egg Problem","body":"Weird eggs are taking over Birdville. Summon your bird friends to help fight off the evil egg army!\n\nA frantic tower defense mini-game. Made in under 48 hours!\n\nStack:\n- HTML5 & Javascript (PIXI.js, React)\n- Aseprite, TexturePacker (Graphics)\n- Bfxr (Audio)\n\n[**Play now in the web!**](https://spacetimedigital.com/static/ld45)\n\nNOTE: If the game is too small for you, you can zoom in/out with CTRL+/CTRL-\n\n![screenshot.png](///raw/444/82/z/261fe.png)","meta":{"author":[164932],"allow-anonymous-comments":"1","cover":"///content/444/82/z/2622a.png","link-01":"https://spacetimedigital.com/static/ld45","link-01-tag":[42336],"link-01-name":"Play HTML5 (web)","link-02":"https://bitbucket.org/bryan-d/ld45","link-02-tag":[42332],"link-02-name":"Source"},"path":"/events/ludum-dare/45/egg-problem","parents":[1,5,9,159347],"love":0,"notes":42,"notes-timestamp":"2019-10-18T23:14:46Z","grade":{"grade-01":50,"grade-02":50,"grade-03":50,"grade-04":50,"grade-05":50,"grade-06":50,"grade-07":48,"grade-08":46},"magic":{"cool":73.934574074132,"feedback":12,"given":26.375,"grade":49.25,"grade-01-average":4.031,"grade-01-result":25,"grade-02-average":4.125,"grade-02-result":9,"grade-03-average":2.813,"grade-03-result":386,"grade-04-average":2.906,"grade-04-result":400,"grade-05-average":3.74,"grade-05-result":121,"grade-06-average":3.24,"grade-06-result":196,"grade-07-average":3.228,"grade-07-result":99,"grade-08-average":3.159,"grade-08-result":246,"smart":-18.922234484948}}]}