{"status":200,"caller_id":0,"cached":[],"node":[{"id":171635,"parent":159347,"superparent":9,"author":42058,"type":"item","subtype":"game","subsubtype":"jam","published":"2019-10-07T19:26:20Z","created":"2019-10-06T22:24:45Z","modified":"2019-10-09T08:21:27Z","version":525394,"slug":"the-legend-of-bit","name":"The legend of Bit","body":"The legend of Bit is an epic adventure where you start with nothing .... and most likely die as a nothing or you may just be able to defeat the legendary boss and save the kingdom. \n\nUSE WASD or arrow keys to control the character. Use a mouse to aim the sword and stab with left mouse button. \n\nThe game and was made in 15 hours and most stuff was made by me, not the fancy music :o) \n\nPS The game is created to run at 1920x1080 16:9 aspect ratio, if you run it at another resolution it will probably flip out. \n\n![LD45_2019-10-07_21-08-12.png](///raw/a44/a/z/2761c.png)","meta":{"author":[42058],"link-01-tag":[42336],"grade-06-out":"1","cover":"///content/a44/a/z/275f0.png","link-01":"https://casualgamesnu.itch.io/the-legend-of-bit","link-02":"https://casualgamesnu.itch.io/the-legend-of-bit","link-02-tag":[42337],"grade-05-out":"1"},"path":"/events/ludum-dare/45/the-legend-of-bit","parents":[1,5,9,159347],"love":0,"notes":43,"notes-timestamp":"2019-10-29T13:37:24Z","grade":{"grade-01":47,"grade-02":47,"grade-03":47,"grade-04":47,"grade-07":46,"grade-08":47},"magic":{"cool":113.22770341446,"feedback":38,"given":43.75,"grade":46.833333333333,"grade-01-average":3.222,"grade-01-result":771,"grade-02-average":3.144,"grade-02-result":656,"grade-03-average":2.478,"grade-03-result":1020,"grade-04-average":2.9,"grade-04-result":847,"grade-07-average":3.443,"grade-07-result":231,"grade-08-average":3.678,"grade-08-result":298,"smart":15.139229863332}}]}