{"status":200,"caller_id":0,"cached":[],"node":[{"id":172214,"parent":159347,"superparent":9,"author":14698,"type":"item","subtype":"game","subsubtype":"jam","published":"2019-10-07T21:19:16Z","created":"2019-10-07T10:40:06Z","modified":"2019-10-08T11:57:01Z","version":522432,"slug":"fish-launderette","name":"Fish Launderette","body":"![27b85.png](///raw/a69/3/z/28c0b.png)\n\nYou're a fish, and you run a laundrette, but you've not got enough cables to plug in all of your machines at once! The washing loads are piling up by the washers (the number next to the machine): don't let them overflow! If any of them reaches 10, the game will end!\n\nYour points score is in the top left.\n\n​*Controls*\n\nMovement: WASD\n\nPick up/drop/connect cable: Space","meta":{"author":[14698],"allow-anonymous-comments":"1","link-01":"https://oskanberg.itch.io/launderette","link-01-tag":[42336],"cover":"///content/a69/3/z/27b85.png","link-02":"https://github.com/oskanberg/ld45","link-02-tag":[42332]},"path":"/events/ludum-dare/45/fish-launderette","parents":[1,5,9,159347],"love":0,"notes":15,"notes-timestamp":"2019-10-27T22:11:29Z","grade":{"grade-01":23,"grade-02":23,"grade-03":22,"grade-04":20,"grade-05":23,"grade-06":10,"grade-07":23,"grade-08":21},"magic":{"cool":70.485125141707,"feedback":13,"given":9.75,"grade":20.625,"grade-01-average":2.833,"grade-01-result":1018,"grade-02-average":3.143,"grade-02-result":657,"grade-03-average":3.175,"grade-03-result":554,"grade-04-average":2.278,"grade-04-result":1080,"grade-05-average":2.762,"grade-05-result":926,"grade-06-average":1.563,"grade-07-average":3.167,"grade-07-result":339,"grade-08-average":2.868,"grade-08-result":899,"smart":-12.294198069297}}]}