{"status":200,"caller_id":0,"cached":[],"node":[{"id":161662,"parent":159347,"superparent":9,"author":161661,"type":"item","subtype":"game","subsubtype":"compo","published":"2019-10-06T21:41:06Z","created":"2019-09-23T18:00:00Z","modified":"2019-10-06T21:56:18Z","version":502652,"slug":"14-billion-years","name":"14 billion years","body":"Travel threw the whole univers, will you survive threw this adventure ? A 14 billion year travel !\n\nPlay threw multi level as Quarks, Atomes, Asteroids and Planet ! Choose what you'll become ! Have fun\n\n![screen_ld_1.png](///raw/d77/72/z/26566.png)\n![screen_ld_2.png](///raw/d77/72/z/2656a.png)","meta":{"author":[161661],"link-01-tag":[42332],"link-02":"https://vhalenn.itch.io/14-billion-years","link-02-tag":[42336],"cover":"///content/d77/72/z/264c0.png","link-01":"https://drive.google.com/open?id=1qyOGbTSyBvkooIRR2pXZlzc4c4LNSL21","link-03":"https://vhalenn.itch.io/14-billion-years","link-03-tag":[42337]},"path":"/events/ludum-dare/45/14-billion-years","parents":[1,5,9,159347],"love":0,"notes":27,"notes-timestamp":"2019-10-17T13:30:54Z","grade":{"grade-01":30,"grade-02":31,"grade-03":31,"grade-04":31,"grade-05":31,"grade-06":31,"grade-07":24,"grade-08":31},"magic":{"cool":95.592526038821,"feedback":28,"given":26.5,"grade":30,"grade-01-average":3.732,"grade-01-result":110,"grade-02-average":3.345,"grade-02-result":201,"grade-03-average":3.793,"grade-03-result":86,"grade-04-average":4.207,"grade-04-result":31,"grade-05-average":3.862,"grade-05-result":92,"grade-06-average":3.586,"grade-06-result":88,"grade-07-average":2.045,"grade-07-result":351,"grade-08-average":3.793,"grade-08-result":68,"smart":16.189500386222}}]}