{"status":200,"caller_id":0,"cached":[],"node":[{"id":161341,"parent":159347,"superparent":9,"author":72974,"type":"item","subtype":"game","subsubtype":"jam","published":"2019-10-07T22:40:31Z","created":"2019-09-21T21:49:36Z","modified":"2019-10-07T23:07:23Z","version":519212,"slug":"the-pumpking","name":"The Pumpking","body":"In a field, in a castle, somewhere far away, you are the king of the castle! Well, you were until you were overthrown by the evil brussel sprouts. Now you must roll, dash, and sneak your way back into the castle and reclaim what is rightfully yours!\n\n*More screenshots on the itch.io page!*\n![coverImageBackground.jpg](///raw/e0d/11/z/2862d.jpg)\n![screenshot003.jpg](///raw/e0d/11/z/28636.jpg)\n\nControls:\n\nWASD to move around\n\nMouse to move the camera\n\nHold down space to charge up a dash!\n\nR to reload the scene!\n\nGame Dev's note: Unfortunately, I ran out of time to add audio, more levels, more enemy types, and more assets. I'm proud of what I made, however. This might become a full game one day. Tell me what you think about that as well in the comments!","meta":{"author":[72974],"link-01-tag":[42336],"link-01":"https://helmersoft.itch.io/the-pumpking","link-02":"https://helmersoft.itch.io/the-pumpking","link-02-tag":[42337],"cover":"///content/e0d/11/z/28621.jpg","grade-06-out":"1"},"path":"/events/ludum-dare/45/the-pumpking","parents":[1,5,9,159347],"love":0,"notes":14,"notes-timestamp":"2019-10-23T15:12:40Z","grade":{"grade-01":21,"grade-02":21,"grade-03":21,"grade-04":21,"grade-05":21,"grade-07":19,"grade-08":20},"magic":{"cool":49.259218307189,"feedback":3,"given":4.125,"grade":20.571428571429,"grade-01-average":2.474,"grade-01-result":1104,"grade-02-average":2.316,"grade-02-result":1097,"grade-03-average":2.447,"grade-03-result":1034,"grade-04-average":2.211,"grade-04-result":1085,"grade-05-average":2.868,"grade-05-result":896,"grade-07-average":2.647,"grade-07-result":586,"grade-08-average":2.556,"grade-08-result":1002,"smart":-50.079176613412}}]}