{"status":200,"caller_id":0,"cached":[],"node":[{"id":163901,"parent":159347,"superparent":9,"author":97594,"type":"item","subtype":"game","subsubtype":"compo","published":"2019-10-06T19:31:51Z","created":"2019-10-01T14:41:02Z","modified":"2019-10-06T19:31:51Z","version":500802,"slug":"start-with-nothing-survival-game","name":"Start with No\"thing\" (survival game)","body":"This game maybe not so finished as other games but i tried my best :D![header-01.png](///raw/a3d/71/z/261bb.png)","meta":{"author":[97594],"cover":"///content/a3d/71/z/261b0.png","allow-anonymous-comments":"1","link-01":"http://www.mediafire.com/file/6sgwrxn1uyfd8s2/SourceCodeLD45_1.zip/file","link-01-tag":[50],"link-02":"https://gamejolt.com/games/startwithnothing/443181","link-02-tag":[42337]},"path":"/events/ludum-dare/45/start-with-nothing-survival-game","parents":[1,5,9,159347],"love":0,"notes":27,"notes-timestamp":"2019-10-23T11:51:47Z","grade":{"grade-01":31,"grade-02":31,"grade-03":31,"grade-04":31,"grade-05":30,"grade-06":31,"grade-07":27,"grade-08":30},"magic":{"cool":96.076892283052,"feedback":31,"given":27,"grade":30.25,"grade-01-average":2.759,"grade-01-result":466,"grade-02-average":2.569,"grade-02-result":454,"grade-03-average":2.379,"grade-03-result":479,"grade-04-average":3.034,"grade-04-result":364,"grade-05-average":2.571,"grade-05-result":441,"grade-06-average":2.638,"grade-06-result":327,"grade-07-average":2.46,"grade-07-result":253,"grade-08-average":2.607,"grade-08-result":428,"smart":17.563337020442}}]}