{"status":200,"caller_id":0,"cached":[],"node":[{"id":166332,"parent":159347,"superparent":9,"author":97456,"type":"item","subtype":"game","subsubtype":"compo","published":"2019-10-06T21:49:07Z","created":"2019-10-04T10:47:12Z","modified":"2019-10-06T21:49:07Z","version":502442,"slug":"nothing-is-everything","name":"Nothing is Everything","body":"![ezgif.com-crop.gif](///raw/0bc/71/z/2659b.gif)\n\n**About**\n\nPlay as a slightly confused stick-person battling their way through the hazards of a notebook. Can you use the highlighter themed powers to beat all 6 levels, and avoid the red barrier of **doom**?\n\n\n**How to Play**\n\nMove/Jump/Hover - WASD/ZQSD/ZASD/Arrow Keys\nDash - Left click\nLaser - Hold Right Click\nGrappling Hook - Space Bar\n\n**Screenshots**\n![Screenshot1.jpg](///raw/0bc/71/z/264d0.jpg)\n\n![Screenshot2.jpg](///raw/0bc/71/z/264d3.jpg)\n\n![Screenshot3.jpg](///raw/0bc/71/z/264d4.jpg)","meta":{"author":[97456],"link-01-tag":[42332],"cover":"///content/0bc/71/z/264e5.jpg","link-01":"https://github.com/dagwoodland/NothingIsEverything","link-01-name":"GitHub","link-02":"https://gamejolt.com/games/nothing-is-everything/443215","link-02-tag":[42336],"link-03":"https://gamejolt.com/games/nothing-is-everything/443215","link-03-tag":[42337],"link-03-name":"Windows (untested)","link-04":"https://gamejolt.com/games/nothing-is-everything/443215","link-04-tag":[42339],"link-05":"https://gamejolt.com/games/nothing-is-everything/443215","link-05-tag":[42341],"link-05-name":"Linux (untested)"},"path":"/events/ludum-dare/45/nothing-is-everything","parents":[1,5,9,159347],"love":0,"notes":22,"notes-timestamp":"2019-10-22T08:00:30Z","grade":{"grade-01":27,"grade-02":27,"grade-03":27,"grade-04":26,"grade-05":27,"grade-06":25,"grade-07":23,"grade-08":23},"magic":{"cool":95.322056294667,"feedback":26,"given":22.375,"grade":25.625,"grade-01-average":3.84,"grade-01-result":77,"grade-02-average":3.62,"grade-02-result":107,"grade-03-average":3.58,"grade-03-result":145,"grade-04-average":3.729,"grade-04-result":130,"grade-05-average":4,"grade-05-result":57,"grade-06-average":3.065,"grade-06-result":230,"grade-07-average":3.262,"grade-07-result":93,"grade-08-average":3.548,"grade-08-result":126,"smart":16.36438396889}}]}