{"status":200,"caller_id":0,"cached":[],"node":[{"id":165928,"parent":159347,"superparent":9,"author":53009,"type":"item","subtype":"game","subsubtype":"jam","published":"2019-10-07T21:23:33Z","created":"2019-10-04T01:54:34Z","modified":"2019-10-10T14:13:48Z","version":527523,"slug":"snow-country-for-cold-men","name":"Snow Country For Cold Men","body":"I unfortunately couldn't start until Saturday and was busy most of Sunday. Anywho, here's the result. Everything created by me, using Reaper DAW, Aseprite, BFXR, and Unity 2019.2.\n\n**Instructions**\nA and D to steer left and right\nHit snow clumps and snow men for extra snow power. Dodge rocks and trees! Hit skiers for extra points, but make sure you're over halfway of snow power or take damage and lose points!\n\n","meta":{"author":[53009],"link-01":"https://github.com/SystemAddict85/LD45","link-01-tag":[50],"link-02":"https://systemaddict.itch.io/snow-country-for-cold-men","link-02-tag":[42336],"cover":"///content/11f/c/z/298e6.jpg"},"path":"/events/ludum-dare/45/snow-country-for-cold-men","parents":[1,5,9,159347],"love":0,"notes":19,"notes-timestamp":"2019-10-29T16:34:38Z","grade":{"grade-01":25,"grade-02":25,"grade-03":25,"grade-04":25,"grade-05":25,"grade-06":22,"grade-07":25,"grade-08":25},"magic":{"cool":97.860715186021,"feedback":21,"given":22.625,"grade":24.625,"grade-01-average":2.804,"grade-01-result":1031,"grade-02-average":2.935,"grade-02-result":837,"grade-03-average":2.391,"grade-03-result":1055,"grade-04-average":2.913,"grade-04-result":839,"grade-05-average":3,"grade-05-result":831,"grade-06-average":2.75,"grade-06-result":606,"grade-07-average":2.804,"grade-07-result":518,"grade-08-average":2.891,"grade-08-result":887,"smart":14.821947388076}}]}