{"status":200,"caller_id":0,"cached":[],"node":[{"id":173219,"parent":159347,"superparent":9,"author":3031,"type":"item","subtype":"game","subsubtype":"jam","published":"2019-10-07T21:44:18Z","created":"2019-10-07T21:11:53Z","modified":"2019-10-07T21:51:54Z","version":514720,"slug":"catachresis","name":"Catachresis","body":"*cue epic announcer voice*\n\n​In a world where big corporations are trying to take over the world with cybernetically enhanced cats, one woman will stand up for the little guys. This fall, join Rita on her epic quest to save the world from the nefarious organization, PITA. Along the way, she'll meet questionably useful side characters, super evil villains with strange choices in attire, and... cats. So. Many. CATS. (Trust us, they're cats). So buckle in for the ride of your life and watch as Rita finds out what it means to be a true 1337 haxx0r pr0! Also it's like a cyberpunk RPG or whatever.\n\nBrought to you by Gelato Labs.\n\n![1.png](///raw/7db/z/27d10.png)\n![2.png](///raw/7db/z/27d11.png)\n![3.png](///raw/7db/z/27d12.png)\n![4.png](///raw/7db/z/27d14.png)\n![5.png](///raw/7db/z/27d15.png)","meta":{"author":[3031,3021,8614,134774],"link-01-tag":[50],"cover":"///content/7db/z/27b12.png","allow-anonymous-comments":"1","grade-05-out":"1","grade-06-out":"1","link-01":"https://github.com/gelatolabs/catachresis","link-02":"https://gelatolabs.xyz/catachresis","link-02-tag":[42336],"link-03":"https://gelatolabs.itch.io/catachresis","link-03-tag":[42337],"link-04":"https://gelatolabs.itch.io/catachresis","link-04-tag":[42341]},"path":"/events/ludum-dare/45/catachresis","parents":[1,5,9,159347],"love":0,"notes":19,"notes-timestamp":"2019-10-14T15:40:09Z","grade":{"grade-01":40,"grade-02":40,"grade-03":40,"grade-04":40,"grade-07":40,"grade-08":40},"magic":{"cool":122.82592111013,"feedback":20,"given":43.75,"grade":40,"grade-01-average":3.053,"grade-01-result":907,"grade-02-average":2.842,"grade-02-result":899,"grade-03-average":2.566,"grade-03-result":985,"grade-04-average":3.158,"grade-04-result":689,"grade-07-average":3.395,"grade-07-result":245,"grade-08-average":3.132,"grade-08-result":728,"smart":15.920231193696}}]}