{"status":200,"caller_id":0,"cached":[],"node":[{"id":163327,"parent":159347,"superparent":9,"author":133277,"type":"item","subtype":"game","subsubtype":"jam","published":"2019-10-07T13:37:12Z","created":"2019-09-30T12:59:38Z","modified":"2019-10-08T09:42:48Z","version":522022,"slug":"unprotected-hex","name":"UNPROTECTED HEX","body":"![title_card.png](///content/c82/61/z/27007.png)\n\n___\n\nYou are STRANDED IN SPACE with a torn-apart ship, and bandits are on your tail.\n\nRebuild your vessel and destroy the enemy pilots. Try to keep their weapons and shields intact so that you can use them for yourself once the pilots are gone - they won't need them anymore!\n\nBuild your ship back up to its former glory and defeat the BANDIT LEADER once and for all.\n\nCONTROLS:\n - MOVE: W/A/S/D  \n - ROTATE: Q/E  \n - AIM: Mouse  \n - SHOOT: Left Mouse Button  \n\n___\n\n![gif1.gif](///raw/d98/02/z/27058.gif)\n\n![sc3.png](///raw/d98/02/z/2705f.png)","meta":{"author":[133277,90764],"link-01-tag":[50],"grade-06-out":"1","cover":"///content/d98/02/z/27060.png","link-01":"https://github.com/peterm94/lagom/tree/ld45/src/examples/LD45","link-02":"https://quackqack.itch.io/unprotected-hex","link-02-tag":[42336]},"path":"/events/ludum-dare/45/unprotected-hex","parents":[1,5,9,159347],"love":0,"notes":14,"notes-timestamp":"2019-10-16T12:23:34Z","grade":{"grade-01":23,"grade-02":23,"grade-03":23,"grade-04":23,"grade-05":23,"grade-07":19,"grade-08":19},"magic":{"cool":72.872112825046,"feedback":1,"given":9.625,"grade":21.857142857143,"grade-01-average":3.976,"grade-01-result":119,"grade-02-average":4.167,"grade-02-result":28,"grade-03-average":3.69,"grade-03-result":201,"grade-04-average":3.929,"grade-04-result":150,"grade-05-average":3.524,"grade-05-result":552,"grade-07-average":2.471,"grade-07-result":671,"grade-08-average":2.971,"grade-08-result":838,"smart":-31.938609027023}}]}