{"status":200,"caller_id":0,"cached":[],"node":[{"id":165586,"parent":159347,"superparent":9,"author":6470,"type":"item","subtype":"game","subsubtype":"jam","published":"2019-10-07T11:21:05Z","created":"2019-10-03T19:21:21Z","modified":"2019-10-07T11:28:11Z","version":507416,"slug":"survivor-slots","name":"Survivor Slots","body":"![ss1.png](///raw/649/1/z/26f6d.png)\n\n![ss4.png](///raw/649/1/z/26f6f.png)\n\n![ss2.gif](///raw/649/1/z/26f70.gif)\n\n![ss3.gif](///raw/649/1/z/26f71.gif)\n\n### Instructions\n\nGuide a band of castaways in a gripping game of luck and wits as you navigate a cursed island with your weapon of choice, slot machine reels!\n\n- Spin your slots and click the arrows to move your slots to different resources\n- Perform activities by placing reel resources ADJACENT and IN ORDER to each other\n- Get through the series of quests to get off the island!\n\n### Credits\n\nThis is actually my first solo LD project, I normally run some fairly large teams. This was a pretty big challenge for me but it also allowed me to try some more experimental stuff. Hope you like it!","meta":{"author":[6470],"grade-06-out":"1","link-01-tag":[42336],"cover":"///content/649/1/z/26f6b.png","link-01":"https://peachtreeoath.itch.io/survivor-slots"},"path":"/events/ludum-dare/45/survivor-slots","parents":[1,5,9,159347],"love":0,"notes":58,"notes-timestamp":"2019-10-26T04:20:59Z","grade":{"grade-01":55,"grade-02":55,"grade-03":55,"grade-04":55,"grade-05":55,"grade-07":51,"grade-08":53},"magic":{"cool":88.716514505991,"feedback":96,"given":36.5,"grade":54.142857142857,"grade-01-average":3.868,"grade-01-result":186,"grade-02-average":3.802,"grade-02-result":152,"grade-03-average":4.208,"grade-03-result":38,"grade-04-average":3.802,"grade-04-result":213,"grade-05-average":3.566,"grade-05-result":528,"grade-07-average":3,"grade-07-result":413,"grade-08-average":3.343,"grade-08-result":554,"smart":16.14287587655}}]}