{"status":200,"caller_id":0,"cached":[],"node":[{"id":163940,"parent":159347,"superparent":9,"author":141317,"type":"item","subtype":"game","subsubtype":"jam","published":"2019-10-07T21:44:30Z","created":"2019-10-01T15:56:10Z","modified":"2019-10-08T00:13:02Z","version":520182,"slug":"cultivation","name":"Cultivation","body":"## Red Owl Games - Making Games Together To Play Together\n\n\n![Screen Shot 2019-10-07 at 3.18.24 PM.png](///raw/508/22/z/28806.png)\n\nGrow a tree together.  Take your time.  Enjoy the sights.\n\n\n**Controls**\n\nCanopy - 1   |   Roots - 0 \n\nUse controls to toggle between growing and giving your partner energy.  Sit back and relax while the world grows around you. \n\n\nWe enjoyed our second jam together!  Hope you enjoy the game!\n\nIf you'd like us to play your game, please fill out this form!\n\nhttps://forms.gle/dQHgmS9RuHGAw3P46","meta":{"author":[141317,53841],"link-01-tag":[42336],"cover":"///content/508/22/z/27833.png","link-01":"https://redowlgames.itch.io/ld45"},"path":"/events/ludum-dare/45/cultivation","parents":[1,5,9,159347],"love":0,"notes":23,"notes-timestamp":"2019-10-13T10:36:29Z","grade":{"grade-01":34,"grade-02":34,"grade-03":34,"grade-04":34,"grade-05":34,"grade-06":33,"grade-07":29,"grade-08":34},"magic":{"cool":80.93446482741,"feedback":39,"given":21.125,"grade":33.25,"grade-01-average":3.422,"grade-01-result":594,"grade-02-average":2.922,"grade-02-result":849,"grade-03-average":3.609,"grade-03-result":255,"grade-04-average":3.75,"grade-04-result":244,"grade-05-average":3.469,"grade-05-result":593,"grade-06-average":3.677,"grade-06-result":201,"grade-07-average":2.222,"grade-07-result":780,"grade-08-average":3.844,"grade-08-result":187,"smart":8.1232975912887}}]}