{"status":200,"caller_id":0,"cached":[],"node":[{"id":166451,"parent":159347,"superparent":9,"author":166448,"type":"item","subtype":"game","subsubtype":"compo","published":"2019-10-06T15:28:32Z","created":"2019-10-04T12:24:41Z","modified":"2019-10-15T07:21:32Z","version":530113,"slug":"a-bards-journey","name":"A bard's Journey","body":"A Bard's Journey mixes Typing Game with RPG elements.\nPlay as a Bard during his initiatory trip to become a professional.\n\nFollow the rythm and convince people to be fan of your music !\n\nYou'll find music sheets on your way. Collect them to master your music and make it even more convincing !\n\n\nThis game was done in less than 48h for the Ludum Dare 45.\n\n\nAdditional Informations : \n- This game is an APK file, so it's for ANDROID only.\n- Some features that I really wanted to add are missing because of the time, but the main mechanics are here.\n\n\nI hope you'll enjoy playing the game as much as I enjoyed making it !\n\n![GameTitle.PNG](///raw/03a/82/z/26333.png)\n\n![GameScreenEnemies.PNG](///raw/03a/82/z/26334.png)\n\n![TutoScreen.PNG](///raw/03a/82/z/26336.png)","meta":{"author":[166448],"allow-anonymous-comments":"1","cover":"///content/03a/82/z/25ee0.png","link-01":"https://kanonix.itch.io/bard-journey","link-01-tag":[42342],"link-02":"https://kanonix.itch.io/bard-journey","link-02-tag":[42332]},"path":"/events/ludum-dare/45/a-bards-journey","parents":[1,5,9,159347],"love":0,"notes":57,"notes-timestamp":"2019-10-12T14:18:15Z","grade":{"grade-01":63,"grade-02":63,"grade-03":62,"grade-04":62,"grade-05":63,"grade-06":63,"grade-07":59,"grade-08":59},"magic":{"grade":61.75,"given":41.75,"feedback":91,"smart":17.449846330943,"cool":82.900108465183,"grade-01-average":3.303,"grade-01-result":293,"grade-02-average":3.262,"grade-02-result":227,"grade-03-average":3.117,"grade-03-result":292,"grade-04-average":2.708,"grade-04-result":439,"grade-05-average":3.016,"grade-05-result":338,"grade-06-average":3.402,"grade-06-result":145,"grade-07-average":3.246,"grade-07-result":96,"grade-08-average":3.254,"grade-08-result":207}}]}