{"status":200,"caller_id":0,"cached":[],"node":[{"id":171273,"parent":159347,"superparent":9,"author":146217,"type":"item","subtype":"game","subsubtype":"jam","published":"2019-10-07T19:19:46Z","created":"2019-10-06T19:38:30Z","modified":"2019-10-07T19:19:46Z","version":510730,"slug":"nothing-16","name":"Nothing","body":"Simple Deck Builder card game, where the goal is to play all cards in you deck.","meta":{"author":[146217],"grade-05-out":"1","grade-06-out":"1","grade-07-out":"1","grade-08-out":"1","cover":"///content/92b/32/z/286f1.png","link-01":"https://life-lich.itch.io/startwithnothing","link-01-tag":[42336]},"path":"/events/ludum-dare/45/nothing-16","parents":[1,5,9,159347],"love":0,"notes":20,"notes-timestamp":"2019-10-18T16:57:14Z","grade":{"grade-01":26,"grade-02":26,"grade-03":26,"grade-04":26},"magic":{"cool":141.42135623731,"feedback":6,"given":24,"grade":26,"grade-01-average":3.083,"grade-01-result":889,"grade-02-average":3.021,"grade-02-result":765,"grade-03-average":3.125,"grade-03-result":598,"grade-04-average":2.604,"grade-04-result":1003,"smart":0.93898773656797}}]}