{"status":200,"caller_id":0,"cached":[],"node":[{"id":173385,"parent":159347,"superparent":9,"author":173372,"type":"item","subtype":"game","subsubtype":"jam","published":"2019-10-07T22:01:20Z","created":"2019-10-07T21:43:03Z","modified":"2019-10-24T05:51:10Z","version":532012,"slug":"nothing-21","name":"Rhythmic Nothing","body":"__Rhythmic Nothing__ is a short relaxing rhythm game.\n\nMade with __GameMaker Studio 1.4__ and __LMMS__.\n\n![Rhythmic_Nothing.gif](///raw/c35/a2/z/29d05.gif)\n\n__Changelog__ \n\n__v1.1 - 24/10/2019 :__\n\n- fixed out of sync\n\n- some minor adjustments\n\n![screenshot_rhythmic_nothing_2.png](///raw/c35/a2/z/29d0b.png)\n\n__twitter :__ https://twitter.com/Vyndilis\n","meta":{"author":[173372],"link-01":"https://soundcloud.com/vyndilis/rhythmic-nothing-original-soundtrack","link-01-tag":[42440],"grade-07-out":"1","cover":"///content/c35/a2/z/284bc.png","link-02":"https://vyndilis.itch.io/rhythmicnothing","link-02-tag":[42337],"link-03":"https://vyndilis.itch.io/rhythmicnothing","link-03-tag":[42336],"link-04":"","link-04-tag":null,"link-04-name":"","link-01-name":"Soundtrack"},"path":"/events/ludum-dare/45/nothing-21","parents":[1,5,9,159347],"love":0,"notes":16,"notes-timestamp":"2019-10-28T07:59:18Z","grade":{"grade-01":30,"grade-02":30,"grade-03":30,"grade-04":30,"grade-05":30,"grade-06":30,"grade-07":5,"grade-08":30},"magic":{"cool":127.02466571687,"feedback":0,"given":41.75,"grade":30.714285714286,"grade-01-average":3.214,"grade-01-result":777,"grade-02-average":2.696,"grade-02-result":979,"grade-03-average":2.875,"grade-03-result":797,"grade-04-average":3.268,"grade-04-result":596,"grade-05-average":3.357,"grade-05-result":656,"grade-06-average":3.643,"grade-06-result":217,"grade-07-average":2.333,"grade-08-average":3.143,"grade-08-result":722,"smart":15.651571719497}}]}