{"status":200,"caller_id":0,"cached":[],"node":[{"id":166938,"parent":159347,"superparent":9,"author":103109,"type":"item","subtype":"game","subsubtype":"jam","published":"2019-10-06T22:35:25Z","created":"2019-10-04T16:56:31Z","modified":"2019-10-06T22:35:25Z","version":503725,"slug":"rainbow-restoration","name":"Rainbow Restoration","body":"Start with nothing. My nothing is no colour.\n\nShort platformer. Super simple.!\n[screenshot.png](///raw/5c2/91/z/26881.png)","meta":{"author":[103109],"cover":"///content/5c2/91/z/2683b.png","grade-07-out":"1","link-01":"https://crubeyawne.itch.io/rainbow-restoration","link-01-tag":[42337]},"path":"/events/ludum-dare/45/rainbow-restoration","parents":[1,5,9,159347],"love":0,"notes":20,"notes-timestamp":"2019-10-16T19:06:36Z","grade":{"grade-01":36,"grade-02":36,"grade-03":36,"grade-04":36,"grade-05":36,"grade-06":35,"grade-08":36},"magic":{"cool":101.4301032417,"feedback":38,"given":31.25,"grade":35.857142857143,"grade-01-average":3.368,"grade-01-result":646,"grade-02-average":3.191,"grade-02-result":615,"grade-03-average":3.132,"grade-03-result":592,"grade-04-average":3.5,"grade-04-result":418,"grade-05-average":2.853,"grade-05-result":902,"grade-06-average":3.212,"grade-06-result":442,"grade-08-average":3.529,"grade-08-result":399,"smart":15.211045067998}}]}