{"status":200,"caller_id":0,"cached":[],"node":[{"id":162388,"parent":159347,"superparent":9,"author":162354,"type":"item","subtype":"game","subsubtype":"jam","published":"2019-10-07T09:03:28Z","created":"2019-09-27T13:34:19Z","modified":"2019-10-07T10:31:04Z","version":507170,"slug":"keep-up-with-fashion","name":"Keep up with fashion","body":"![cover.png](///raw/23a/72/z/26e82.png)\nStart with nothing... Totally nude! Match your outfit to the latest trend or get killed by the fashionists :O\n\nUse arrow keys to control.\n\nOur first Ludum Dare Jam :D and no 3rd party assets used, hope you like it!!","meta":{"author":[162354,162369],"link-01-tag":[42336],"cover":"///content/23a/72/z/26e57.png","grade-06-out":"1","link-01":"https://gvekan.itch.io/keep-up-with-fashion","link-02":"https://github.com/gvekan/ludum-dare-45/blob/master/export/windows/Keep%20up%20with%20fashion.zip","link-02-tag":[42337],"link-03":"https://github.com/gvekan/ludum-dare-45/blob/master/export/linux/keep%20up%20with%20fashion.zip","link-03-tag":[42341],"link-04":"https://github.com/gvekan/ludum-dare-45","link-04-tag":[42332]},"path":"/events/ludum-dare/45/keep-up-with-fashion","parents":[1,5,9,159347],"love":0,"notes":19,"notes-timestamp":"2019-10-11T16:38:14Z","grade":{"grade-01":23,"grade-02":23,"grade-03":23,"grade-04":23,"grade-05":23,"grade-07":23,"grade-08":23},"magic":{"cool":100,"feedback":24,"given":19.125,"grade":23,"grade-01-average":3.381,"grade-01-result":637,"grade-02-average":3.452,"grade-02-result":409,"grade-03-average":3.214,"grade-03-result":523,"grade-04-average":3.952,"grade-04-result":142,"grade-05-average":3.071,"grade-05-result":801,"grade-07-average":3.976,"grade-07-result":62,"grade-08-average":3.119,"grade-08-result":740,"smart":10.480235123488}}]}