{"status":200,"caller_id":0,"cached":[],"node":[{"id":169376,"parent":159347,"superparent":9,"author":79270,"type":"item","subtype":"game","subsubtype":"jam","published":"2019-10-07T22:01:29Z","created":"2019-10-05T10:03:35Z","modified":"2019-10-10T17:46:57Z","version":527689,"slug":"warm-1","name":"warm","body":"![Группа 15 копия.png](///raw/6a5/31/z/281c9.png)\n![Слой 48.png](///raw/6a5/31/z/281d4.png)\nin this game you can done nothing... you have nothing! but! you also can ejoy mood. And nice music from \"aan ッ\" addition thanks to \"Clora Virgo\" for russia-engish language lesson!\nand sorry, after some time i just realize that game just not work in some things...","meta":{"author":[79270],"allow-anonymous-comments":"1","link-01-tag":[42336],"link-01":"https://rs11s21n.itch.io/warm","link-02":"https://rs11s21n.itch.io/warm","link-02-tag":[42337],"cover":"///content/6a5/31/z/281b2.png"},"path":"/events/ludum-dare/45/warm-1","parents":[1,5,9,159347],"love":0,"notes":24,"notes-timestamp":"2019-10-30T23:50:16Z","grade":{"grade-01":28,"grade-02":26,"grade-03":26,"grade-04":27,"grade-05":28,"grade-06":27,"grade-07":22,"grade-08":28},"magic":{"cool":117.36485761897,"feedback":3,"given":35.125,"grade":26.5,"grade-01-average":2.865,"grade-01-result":1011,"grade-02-average":2.333,"grade-02-result":1091,"grade-03-average":2.75,"grade-03-result":880,"grade-04-average":3.34,"grade-04-result":532,"grade-05-average":4.135,"grade-05-result":187,"grade-06-average":3.38,"grade-06-result":354,"grade-07-average":2.6,"grade-07-result":611,"grade-08-average":3.404,"grade-08-result":497,"smart":15.40442720356}}]}