{"status":200,"caller_id":0,"cached":[],"node":[{"id":172035,"parent":159347,"superparent":9,"author":41585,"type":"item","subtype":"game","subsubtype":"jam","published":"2019-10-07T16:58:42Z","created":"2019-10-07T05:53:55Z","modified":"2019-10-12T16:41:08Z","version":528940,"slug":"song-of-creation","name":"Song of Creation","body":"## Gameplay\n\nHum a tune or pick up an instrument to create beings from nothing to an empty world.\n\nThis game requires microphone input.\n\n## Controls\n\n- Make sure your microphone is enabled\n- Drag to move cursor\n- Pinch or scroll to zoom in\n- The symbols respond to pitch detected from the microphone. Try hitting different notes!\n\n## Screenshot\n\n![Screenshot 2019-10-07 at 19.47.43.png](///raw/172/a/z/27320.png)\n\n![Screenshot_20191007-202750.png](///raw/172/a/z/273aa.png)","meta":{"author":[41585,166455,172056],"cover":"///content/172/a/z/2734c.png","allow-anonymous-comments":"1","link-01":"https://github.com/anttiviljami/ld45","link-01-tag":[42332],"link-02":"https://github.com/anttiviljami/ld45/releases/tag/1.0.0","link-02-tag":[42337],"link-03":"https://github.com/anttiviljami/ld45/releases/tag/1.0.0","link-03-tag":[42341],"link-04":"https://github.com/anttiviljami/ld45/releases/tag/1.0.0","link-04-tag":[42342],"link-05":"https://github.com/anttiviljami/ld45/releases/tag/1.0.0","link-05-tag":[42339]},"path":"/events/ludum-dare/45/song-of-creation","parents":[1,5,9,159347],"love":0,"notes":18,"notes-timestamp":"2019-10-13T14:16:09Z","grade":{"grade-01":25,"grade-02":25,"grade-03":25,"grade-04":25,"grade-05":26,"grade-06":25,"grade-07":23,"grade-08":26},"magic":{"cool":108.49347138576,"feedback":11,"given":28.25,"grade":25,"grade-01-average":3.848,"grade-01-result":195,"grade-02-average":3.543,"grade-02-result":346,"grade-03-average":4.565,"grade-03-result":6,"grade-04-average":4.13,"grade-04-result":77,"grade-05-average":4.083,"grade-05-result":222,"grade-06-average":3.674,"grade-06-result":206,"grade-07-average":2.833,"grade-07-result":509,"grade-08-average":3.833,"grade-08-result":193,"smart":16.189500386222}}]}