{"status":200,"caller_id":0,"cached":[],"node":[{"id":160585,"parent":159347,"superparent":9,"author":160584,"type":"item","subtype":"game","subsubtype":"compo","published":"2019-10-06T23:03:58Z","created":"2019-09-13T23:54:06Z","modified":"2019-10-07T23:39:55Z","version":519850,"slug":"knight-dash","name":"Knight Dash","body":"This is likely not the best game in Ludum Dare, but I tried my best and that's what matters.\n\nControls\n\nA and D to go left and right\nW to jump (Double press to double jump)\nF to punch\nGameplay\n\nThe armor makes you go faster and jump higher. The sword then makes your attacks stronger.  Most people probably wont Get That far though because I put a lot of enemies","meta":{"author":[160584],"cover":"///content/843/72/z/26b72.png","link-01":"https://sam-hastings-1.itch.io/ludum-dare-45","link-01-tag":[42337],"link-02":"https://sam-hastings-1.itch.io/knight-dash-demo-ludum-dare-45-game","link-02-tag":[42336]},"path":"/events/ludum-dare/45/knight-dash","parents":[1,5,9,159347],"love":0,"notes":25,"notes-timestamp":"2019-10-26T11:42:42Z","grade":{"grade-01":32,"grade-02":32,"grade-03":32,"grade-04":32,"grade-05":18,"grade-06":31,"grade-07":31,"grade-08":29},"magic":{"cool":93.919969648046,"feedback":17,"given":25.25,"grade":29.625,"grade-01-average":2.667,"grade-01-result":482,"grade-02-average":2.317,"grade-02-result":486,"grade-03-average":2.267,"grade-03-result":493,"grade-04-average":3.25,"grade-04-result":299,"grade-05-average":3.313,"grade-06-average":2.966,"grade-06-result":259,"grade-07-average":2.517,"grade-07-result":240,"grade-08-average":2.889,"grade-08-result":355,"smart":3.3050664725273}}]}