{"status":200,"caller_id":0,"cached":[],"node":[{"id":169141,"parent":159347,"superparent":9,"author":162663,"type":"item","subtype":"game","subsubtype":"compo","published":"2019-10-05T21:47:01Z","created":"2019-10-05T06:45:08Z","modified":"2019-10-08T17:30:26Z","version":523545,"slug":"vaccum","name":"Vacuum","body":"starting with nothing surrounded by void, try and gather enough energy to create the universe.\n\nA really basic game I put together in couple of hours, figured this compo would be a good opportunity for practice.","meta":{"author":[162663],"allow-anonymous-comments":"1","link-01-tag":[42336],"grade-07-out":"1","grade-06-out":"1","cover":"///content/76b/72/z/25ae2.png","link-01":"https://zerptin.itch.io/vacuum","link-01-name":"game","link-02-tag":[42332],"link-02":"https://zerptin.itch.io/vacuum-source-code","link-03":"https://en.wikipedia.org/wiki/Vacuum_energy","link-03-tag":[42440],"link-03-name":"Explanation"},"path":"/events/ludum-dare/45/vaccum","parents":[1,5,9,159347],"love":0,"notes":12,"notes-timestamp":"2019-10-08T00:02:06Z","grade":{"grade-01":22,"grade-02":22,"grade-03":22,"grade-04":21,"grade-05":22,"grade-06":7,"grade-08":20},"magic":{"cool":125.93401049756,"feedback":11,"given":25.375,"grade":22.666666666667,"grade-01-average":2.65,"grade-01-result":486,"grade-02-average":2.325,"grade-02-result":484,"grade-03-average":2.625,"grade-03-result":426,"grade-04-average":3.5,"grade-04-result":210,"grade-05-average":2.375,"grade-05-result":459,"grade-06-average":1,"grade-08-average":2.389,"grade-08-result":452,"smart":15.444090924986}}]}