{"status":200,"caller_id":0,"cached":[],"node":[{"id":163798,"parent":159347,"superparent":9,"author":158506,"type":"item","subtype":"game","subsubtype":"compo","published":"2019-10-06T21:58:02Z","created":"2019-10-01T10:49:39Z","modified":"2019-10-09T11:22:01Z","version":525698,"slug":"blank-page","name":"Blank Page","body":"It's a puzzle game. Ready for a challenge?\n\n![Screen Shot 2019-10-07 at 8.31.38 AM.png](///raw/a2b/62/z/265cb.png)\n\nControls: mouse only\n\n-----\nPost deadline changes:\n\n* Bug fix: `.` could not retract if it had reached the end of the screen. [The change](https://github.com/ZufengW/blank-page/pull/2/commits/7b2134e848b4600111c10c5a901cef2785396aa4)","meta":{"author":[158506],"grade-06-out":"1","link-01":"https://github.com/zufengw/blank-page","link-01-tag":[42332],"link-01-name":"git repo with code","link-02":"https://zufengw.github.io/blank-page/","link-02-tag":[42336],"link-02-name":"Play it in your browser","cover":"///content/a2b/62/z/26857.png","grade-07-out":"1"},"path":"/events/ludum-dare/45/blank-page","parents":[1,5,9,159347],"love":0,"notes":50,"notes-timestamp":"2020-04-21T09:15:01Z","grade":{"grade-01":47,"grade-02":47,"grade-03":47,"grade-04":47,"grade-05":47,"grade-08":44},"magic":{"cool":124.93540766556,"feedback":38,"given":52.875,"grade":46.5,"grade-01-average":4.1,"grade-01-result":15,"grade-02-average":3.9,"grade-02-result":38,"grade-03-average":4.656,"grade-03-result":1,"grade-04-average":4.567,"grade-04-result":2,"grade-05-average":3.2,"grade-05-result":287,"grade-08-average":3.226,"grade-08-result":221,"smart":18.065210538049}}]}