{"status":200,"caller_id":0,"cached":[],"node":[{"id":172672,"parent":159347,"superparent":9,"author":172669,"type":"item","subtype":"game","subsubtype":"jam","published":"2019-10-07T21:55:57Z","created":"2019-10-07T17:37:07Z","modified":"2019-10-07T21:55:57Z","version":515070,"slug":"asomatous","name":"Asomatous","body":"Here is our submission!\n![screen_2.png](///raw/d72/a2/z/2753a.png)![unknown.png](///raw/d72/a2/z/27727.png)![unknown(1).png](///raw/d72/a2/z/2772c.png)","meta":{"author":[172669,172731,172826],"allow-anonymous-comments":"1","link-01-tag":[42336],"link-01":"https://roastedpotatoe.itch.io/asomatous","cover":"///content/d72/a2/z/279c2.png"},"path":"/events/ludum-dare/45/asomatous","parents":[1,5,9,159347],"love":0,"notes":17,"notes-timestamp":"2019-10-14T08:08:24Z","grade":{"grade-01":21,"grade-02":21,"grade-03":21,"grade-04":21,"grade-05":21,"grade-06":21,"grade-07":19,"grade-08":21},"magic":{"cool":118.00021454604,"feedback":1,"given":27.5,"grade":20.75,"grade-01-average":3.737,"grade-01-result":276,"grade-02-average":3.079,"grade-02-result":719,"grade-03-average":3.053,"grade-03-result":665,"grade-04-average":4.211,"grade-04-result":52,"grade-05-average":4.237,"grade-05-result":122,"grade-06-average":3.895,"grade-06-result":116,"grade-07-average":1.765,"grade-07-result":869,"grade-08-average":3.816,"grade-08-result":207,"smart":14.78880863671}}]}