{"status":200,"caller_id":0,"cached":[],"node":[{"id":160233,"parent":159347,"superparent":9,"author":160232,"type":"item","subtype":"game","subsubtype":"jam","published":"2019-10-07T19:06:04Z","created":"2019-09-09T10:23:26Z","modified":"2019-10-08T17:45:28Z","version":523595,"slug":"unstable-dungeon","name":"Unstable Dungeon","body":"roguelite dungeon action game for Ludum Dare 45\nmade in about 30 hours with my wife.\n\n![splashscreen_title.png](///raw/8e1/72/z/2756b.png)\n\n\n\nsome stats:\n\nMelee is 1 DMG + 2DMG per blue Upgrade (thats what you get after upgrade 5 times)\n\nRange is 4 DMG per blue upgrade and only usable at 1 blue upwards\n\nArmor is 20 HP + 20 per blue\n\nAmulette is 10 MP at first blue and +10 every after\n\nBag let you hold 10 per item per blue upgrade\n\n\nif you die you lose all\nso just teleport back to upgrade via B for Inventory and then T\n\n\n\n\n","meta":{"author":[160232],"cover":"///content/8e1/72/z/27558.png","link-01":"https://rhymar.itch.io/unstable-dungeon","link-01-tag":[42337]},"path":"/events/ludum-dare/45/unstable-dungeon","parents":[1,5,9,159347],"love":0,"notes":25,"notes-timestamp":"2019-10-26T10:54:42Z","grade":{"grade-01":51,"grade-02":51,"grade-03":50,"grade-04":50,"grade-05":50,"grade-06":48,"grade-07":42,"grade-08":46},"magic":{"cool":95.834286799223,"feedback":54,"given":43.625,"grade":48.5,"grade-01-average":2.918,"grade-01-result":983,"grade-02-average":2.571,"grade-02-result":1027,"grade-03-average":2.417,"grade-03-result":1051,"grade-04-average":2.906,"grade-04-result":844,"grade-05-average":2.75,"grade-05-result":929,"grade-06-average":2.293,"grade-06-result":678,"grade-07-average":2.05,"grade-07-result":828,"grade-08-average":2.705,"grade-08-result":969,"smart":17.105047854521}}]}