{"status":200,"caller_id":0,"cached":[],"node":[{"id":162310,"parent":159347,"superparent":9,"author":162309,"type":"item","subtype":"game","subsubtype":"jam","published":"2019-10-07T21:58:44Z","created":"2019-09-27T04:13:37Z","modified":"2019-10-07T22:14:39Z","version":516342,"slug":"zombug-slayer-1","name":"Zombug Slayer","body":"It's been a journey (with many miniature heart-attacks). After 72 grueling hours, this is the project in which I have to present to you all. This is my first Ludum Dare, so it is very exciting to show you all what I made. I'd love to know what you think and I would love to hear all of your feedback!\n\n![Screenshot (15).png](///raw/50a/72/z/28089.png)\n\n![Screenshot (16).png](///raw/50a/72/z/28091.png)\n\n![Screenshot (19).png](///raw/50a/72/z/2809e.png)\n\n![Screenshot (18).png](///raw/50a/72/z/280a9.png)","meta":{"author":[162309],"cover":"///content/50a/72/z/2820f.png","allow-anonymous-comments":"1","link-01":"https://jordanvang.itch.io/zombug-slayer","link-01-tag":[42336],"link-02":"","link-02-tag":null,"link-02-name":"","link-01-name":"Browser"},"path":"/events/ludum-dare/45/zombug-slayer-1","parents":[1,5,9,159347],"love":0,"notes":34,"notes-timestamp":"2019-10-14T00:29:37Z","grade":{"grade-01":39,"grade-02":40,"grade-03":39,"grade-04":39,"grade-05":40,"grade-06":39,"grade-07":39,"grade-08":40},"magic":{"cool":87.677228611186,"feedback":50,"given":29.5,"grade":39.375,"grade-01-average":3.608,"grade-01-result":387,"grade-02-average":3.645,"grade-02-result":262,"grade-03-average":2.838,"grade-03-result":822,"grade-04-average":3.203,"grade-04-result":645,"grade-05-average":3.539,"grade-05-result":540,"grade-06-average":3.108,"grade-06-result":497,"grade-07-average":3.703,"grade-07-result":135,"grade-08-average":3.276,"grade-08-result":615,"smart":16.908988528454}}]}