{"status":200,"caller_id":0,"cached":[],"node":[{"id":168814,"parent":159347,"superparent":9,"author":120051,"type":"item","subtype":"game","subsubtype":"jam","published":"2019-10-07T13:56:44Z","created":"2019-10-05T01:08:26Z","modified":"2019-10-10T02:33:50Z","version":527097,"slug":"factorinode","name":"FactoriNode","body":"Welcome to FactoriNode\n\nThis is a Factorio inspired game about connecting ingredients together in order to create larger and more advanced components.\nThe aim of this game is to grow the factory, to make more money, to grow the factory, to make more money, ad infinitum.\n\n![ezgif-4-67b1a06d8e86.gif](///raw/97e/2/z/26fc9.gif)\n\nYou can drag nodes around the space with left click and connect nodes together by dragging a red output to a corresponding blue input.\n\nOnce all the connections are set up, all the way back to the beginning resources you will see the nodes start running and the cogs spinning.\n\nUse the recipe list on the right to buy new nodes, and create \"End Products\" in order to earn more money.\n\nYou will start with nothing so your first priority should be obtaining an end product in order get some money coming in. More advanced end products will provide more money.\n\nThe factory must grow!\n\n![reveal.gif](///raw/97e/2/z/26ff0.gif)\n\nControls, Tips, and Tricks:\n\n* Left click drag over nodes to select a group.\n* Right click drag to move the camera\n* Scroll wheel to zoom in and out\n* Once selected 'D' duplicates the selection and 'Q' refunds the selection.\n* Purchase nodes buy selecting it in the recipe panel and dragging the preview node onto the grid.\n* Earn money buy connecting all the ingredients to construct an end product.\n* The more items you create, the more you discover.\n\n\nHave fun!\n\n\n\n** Note: Using Google Chrome may result in a low frame rate, we recommend using either Mozilla Firefox when playing the WebGL version **","meta":{"author":[120051,11897],"link-01-tag":[42336],"grade-06-out":"1","link-01":"https://ender-w.github.io/Factori-Node/","link-01-name":"WebGL (Firefox Or Edge Recommended)","cover":"///content/97e/2/z/27049.png","link-02":"https://github.com/Ender-w/Factori-Node/raw/master/FactoriNode-Windows.zip","link-02-tag":[42337],"link-03":"https://github.com/Ender-w/Factori-Node/raw/master/FactoriNode-Linux.tar.gz","link-03-tag":[42341]},"path":"/events/ludum-dare/45/factorinode","parents":[1,5,9,159347],"love":0,"notes":22,"notes-timestamp":"2019-10-24T08:47:31Z","grade":{"grade-01":27,"grade-02":27,"grade-03":27,"grade-04":27,"grade-05":27,"grade-07":25,"grade-08":25},"magic":{"cool":113.99276416723,"feedback":18,"given":28.75,"grade":26.428571428571,"grade-01-average":4.06,"grade-01-result":87,"grade-02-average":3.88,"grade-02-result":121,"grade-03-average":3.64,"grade-03-result":231,"grade-04-average":4.12,"grade-04-result":82,"grade-05-average":3.06,"grade-05-result":807,"grade-07-average":2.348,"grade-07-result":733,"grade-08-average":3.087,"grade-08-result":758,"smart":16.261016858278}}]}