{"status":200,"caller_id":0,"cached":[],"node":[{"id":160012,"parent":159347,"superparent":9,"author":34941,"type":"item","subtype":"game","subsubtype":"jam","published":"2019-10-07T20:32:16Z","created":"2019-09-05T17:35:14Z","modified":"2019-10-07T20:32:16Z","version":512076,"slug":"necrofenser-hero","name":"Necrofenser Hero","body":"**You finally discovered the Philosopher's Stone secret, but at the cost of all your undead army. The Lizzard King wants to destroy it!**\n\nStart with nothing and defend the stone!\n\nW A S D - Move\n\nE - Raise Dead\n\nMouse 1 - Attack\n\nMouse 2 - Command\n\n\n![real-main-screen.png](///raw/d78/8/z/277a5.png)\n\n![HowToPlay.PNG](///raw/d78/8/z/2783c.png)\n","meta":{"author":[34941,35748,47847,36194,36195],"link-01-tag":[42337],"allow-anonymous-comments":"1","cover":"///content/d78/8/z/27826.png","link-01":"https://digitalsynapsis.itch.io/necrofenser-hero","link-02":"https://digitalsynapsis.itch.io/necrofenser-hero","link-02-tag":[42339]},"path":"/events/ludum-dare/45/necrofenser-hero","parents":[1,5,9,159347],"love":0,"notes":63,"notes-timestamp":"2019-10-30T01:31:45Z","grade":{"grade-01":105,"grade-02":104,"grade-03":105,"grade-04":105,"grade-05":106,"grade-06":100,"grade-07":99,"grade-08":99},"magic":{"cool":84.335638967165,"feedback":107,"given":71.125,"grade":102.875,"grade-01-average":3.888,"grade-01-result":169,"grade-02-average":3.77,"grade-02-result":170,"grade-03-average":3.49,"grade-03-result":338,"grade-04-average":3.379,"grade-04-result":509,"grade-05-average":4.288,"grade-05-result":99,"grade-06-average":3.781,"grade-06-result":166,"grade-07-average":3.366,"grade-07-result":258,"grade-08-average":3.737,"grade-08-result":268,"smart":-3.4953118693238}}]}