{"status":200,"caller_id":0,"cached":[],"node":[{"id":173106,"parent":159347,"superparent":9,"author":4147,"type":"item","subtype":"game","subsubtype":"jam","published":"2019-10-07T22:22:31Z","created":"2019-10-07T20:38:02Z","modified":"2019-10-09T06:12:28Z","version":525242,"slug":"upward","name":"Upward!","body":"It's an experimental game combining deck-building with +-×÷\n\nWhen you put a num-card in a cell, it will be activated and use the operator between adjacent cells to update the number in each cells.\n\nGenerating number matching the lock to unlock new floor, put matching number in cell with gold-sign to earn extra gold.\n\n==========================\n\n**Introduction**\n0. **Win condtion**: reach the 20th floor; **Lose condtion**: drop out of play OR run out of gold and hand-cards;\n1. The cards at the bottom are your hand-cards (5 cards max), you can place hand-cards in play;\n2. The cards at the top are shop-cards, it will remove the 2 cards at left each time you play a hand-card;\n3. The symbol on cards could override the symbol in the play;\n4. The green \"refresh\" button will refresh both hand-card and shop-cards; (Price:1 gold)\n5. The red \"X\" button would let you destroy a hand-card (Price: 3 gold)\n6. The location button will let you move your position to any place (Price: 5 gold)\n7. The map will automatically move upward by one row after several refreshs, so don't stay in the bottom row for too long;\n8. You can unlock the new floor by generating required number in *ANY* cell\n9. Some cells have gold, you need to generate required number in *THAT* cell to get that;\n\n**Strategy guide:**\n\n1. Collect gold in early floors; Place card in gold cell early then put other cards around that cell to pile up the number;\n2. Remove most of the early cards from your deck;\n3. Buy big cards, it's best to have multiply sign;\n4. Plan your path, don't waste gold on jumping to far cells;\n\n\n\n![pic3.jpg](///raw/330/1/z/281f1.jpg)\n![pic1.jpg](///raw/330/1/z/281f6.jpg)\n![pic2.jpg](///raw/330/1/z/281fa.jpg)","meta":{"author":[4147],"grade-06-out":"1","cover":"///content/330/1/z/28030.jpg","link-01":"https://tmpxyz.itch.io/upward","link-01-tag":[42337],"link-02":"https://tmpxyz.itch.io/upward","link-02-tag":[42336],"grade-07-out":"1"},"path":"/events/ludum-dare/45/upward","parents":[1,5,9,159347],"love":0,"notes":11,"notes-timestamp":"2019-10-16T14:07:28Z","grade":{"grade-01":23,"grade-02":23,"grade-03":23,"grade-04":23,"grade-05":23,"grade-07":11,"grade-08":22},"magic":{"cool":119.22367933546,"feedback":16,"given":24.875,"grade":24.666666666667,"grade-01-average":2.929,"grade-01-result":978,"grade-02-average":2.738,"grade-02-result":965,"grade-03-average":3.405,"grade-03-result":402,"grade-04-average":2.5,"grade-04-result":1026,"grade-05-average":2.214,"grade-05-result":1023,"grade-07-average":1.722,"grade-08-average":2.35,"grade-08-result":1038,"smart":15.44566991751}}]}