{"status":200,"caller_id":0,"cached":[],"node":[{"id":161320,"parent":159347,"superparent":9,"author":161319,"type":"item","subtype":"game","subsubtype":"jam","published":"2019-10-07T15:30:15Z","created":"2019-09-21T18:41:46Z","modified":"2019-10-19T12:09:15Z","version":531121,"slug":"plant-or-die","name":"Plant or Die","body":"First off all, this is the first time that i am in a Ludum Dare, so i this game is not that good but i am open for Feedback\n\nControlls:\n\n1: To start the Game hit the Spacebar\n\n2: When you want too grab thing Like(Tree saplings) Press 1 too pick the glove, and then \"E\" to pick them up to drop them\n   Press\"Q.\n3: Too take the Watercan press 2 too Take and then Rightclick too pour.  the Tree saplings they will spawn in the water\n\n![1.png](///raw/726/72/z/273f0.png)![2.png](///raw/726/72/z/273f4.png)![3.png](///raw/726/72/z/273f5.png)![4.png](///raw/726/72/z/273f7.png)","meta":{"author":[161319],"allow-anonymous-comments":"1","link-01-tag":[42337],"grade-07-out":"1","link-01":"https://drive.google.com/open?id=1Ossw82vY4sX3ivlQ36QBmEGzpwy-NJj2","link-01-name":"x32","cover":"///content/726/72/z/2717f.png"},"path":"/events/ludum-dare/45/plant-or-die","parents":[1,5,9,159347],"love":0,"notes":16,"notes-timestamp":"2019-10-27T14:20:39Z","grade":{"grade-01":20,"grade-02":20,"grade-03":21,"grade-04":21,"grade-05":22,"grade-06":19,"grade-08":20},"magic":{"cool":107.15167512214,"feedback":12,"given":19.375,"grade":20.428571428571,"grade-01-average":2.333,"grade-01-result":1123,"grade-02-average":2.194,"grade-02-result":1113,"grade-03-average":2.553,"grade-03-result":992,"grade-04-average":2.842,"grade-04-result":877,"grade-05-average":2.3,"grade-05-result":1013,"grade-06-average":2.618,"grade-06-result":638,"grade-08-average":2.611,"grade-08-result":991,"smart":10.111640523787}}]}