{"status":200,"caller_id":0,"cached":[],"node":[{"id":170073,"parent":159347,"superparent":9,"author":170063,"type":"item","subtype":"game","subsubtype":"jam","published":"2019-10-07T21:49:13Z","created":"2019-10-05T19:31:24Z","modified":"2019-10-07T23:45:17Z","version":519915,"slug":"dantes-infernal-dig","name":"Dante's Infernal Dig","body":"Dante has never thought he would have to dig a hole to Hell with nothing, but shovel... Click and collect souls to upgrade yourself, summon minions and become a demon. *still in development\n\n![2019-10-08_00-30-17.png](///raw/f48/92/z/27d17.png)\n![2019-10-08_00-35-39.png](///raw/f48/92/z/27d1e.png)\n\nMade by Kirill \"TwinSides\" Gonin & Anastasia \"ASch\" Shmakova. It's our first game and jam.","meta":{"author":[170063,173229],"link-01-tag":[42336],"grade-06-out":"1","link-01":"gamejolt.com/games/ld45dantesinfernal/443461","cover":"///content/f48/92/z/2801d.png","link-02":"https://twinsides.itch.io/dantes-infernal-dig-ludum-dare-45","link-02-tag":[42336],"allow-anonymous-comments":"1"},"path":"/events/ludum-dare/45/dantes-infernal-dig","parents":[1,5,9,159347],"love":0,"notes":12,"notes-timestamp":"2019-10-09T10:04:00Z","grade":{"grade-01":26,"grade-02":28,"grade-03":28,"grade-04":27,"grade-05":28,"grade-07":22,"grade-08":26},"magic":{"cool":108.14303146406,"feedback":15,"given":25.875,"grade":26.428571428571,"grade-01-average":2.563,"grade-01-result":1091,"grade-02-average":2.269,"grade-02-result":1101,"grade-03-average":2.115,"grade-03-result":1103,"grade-04-average":3.08,"grade-04-result":748,"grade-05-average":2.462,"grade-05-result":996,"grade-07-average":2.125,"grade-07-result":813,"grade-08-average":2.271,"grade-08-result":1048,"smart":12.376057852099}}]}