{"status":200,"caller_id":0,"cached":[],"node":[{"id":168212,"parent":159347,"superparent":9,"author":78221,"type":"item","subtype":"game","subsubtype":"jam","published":"2019-10-07T21:19:51Z","created":"2019-10-04T21:54:53Z","modified":"2019-10-08T13:38:21Z","version":522737,"slug":"adultery-run","name":"Adultery run","body":"After your lover's husband has come home early, you must make a quick escape through the garden with ** Nothing ** on; dodge the neighbours and hide in ponds until you make it home safely.![ScreenShot_03.png](///raw/d81/31/z/28cb0.png)![EndScreen.png](///raw/d81/31/z/28cb1.png)![ScreenShot_02.png](///raw/d81/31/z/28cb3.png)","meta":{"author":[78221],"cover":"///content/d81/31/z/28cad.png","allow-anonymous-comments":"1","grade-06-out":"1","link-01":"https://drive.google.com/open?id=1APy8cIN5CtXHMxw1OkABFUJ02-7ftYfz","link-01-tag":[42337],"link-02":"https://gamejolt.com/games/Adultery-Run/443464","link-02-tag":[42337],"link-02-name":"GameJolt Link"},"path":"/events/ludum-dare/45/adultery-run","parents":[1,5,9,159347],"love":0,"notes":14,"notes-timestamp":"2019-10-22T11:37:57Z","grade":{"grade-01":21,"grade-02":21,"grade-03":21,"grade-04":21,"grade-05":22,"grade-07":22,"grade-08":22},"magic":{"cool":112.90030501836,"feedback":13,"given":22.625,"grade":21.428571428571,"grade-01-average":3.368,"grade-01-result":646,"grade-02-average":3.684,"grade-02-result":232,"grade-03-average":3.184,"grade-03-result":543,"grade-04-average":3.421,"grade-04-result":467,"grade-05-average":2.925,"grade-05-result":868,"grade-07-average":3.8,"grade-07-result":109,"grade-08-average":3.225,"grade-08-result":666,"smart":9.1902679723932}}]}