{"status":200,"caller_id":0,"cached":[],"node":[{"id":161863,"parent":159347,"superparent":9,"author":39235,"type":"item","subtype":"game","subsubtype":"jam","published":"2019-10-07T21:55:01Z","created":"2019-09-24T17:51:33Z","modified":"2019-10-09T11:59:46Z","version":525741,"slug":"jumpnventure","name":"Jump'n'Venture","body":"![title0000.png](///raw/349/9/z/27db3.png)\n\nMy stone-age friend Hrghh fell into a cave system. Due to severe head-trauma he lost the knowledge to do anything (even walk). Luckily his ancestors painted detailed instructions on basic jump-and-run-behavior. But first he must start from nothing.\n\nRecover your abilities on your climb back up. And dont't get lost...\n\n\n\nP.S. I forgot to enable music when the game starts... so you got to do it yourself in the options.\n","meta":{"author":[39235],"allow-anonymous-comments":"1","cover":"///content/349/9/z/27d83.png","link-01":"https://willoxs.itch.io/jumpnventure","link-01-tag":[42337]},"path":"/events/ludum-dare/45/jumpnventure","parents":[1,5,9,159347],"love":0,"notes":14,"notes-timestamp":"2019-10-16T18:44:44Z","grade":{"grade-01":22,"grade-02":22,"grade-03":22,"grade-04":21,"grade-05":22,"grade-06":22,"grade-07":22,"grade-08":21},"magic":{"cool":95.374973353436,"feedback":19,"given":18.875,"grade":21.75,"grade-01-average":3.525,"grade-01-result":486,"grade-02-average":3.5,"grade-02-result":379,"grade-03-average":3.25,"grade-03-result":495,"grade-04-average":4.342,"grade-04-result":23,"grade-05-average":3.75,"grade-05-result":409,"grade-06-average":3.2,"grade-06-result":448,"grade-07-average":3.5,"grade-07-result":201,"grade-08-average":3.368,"grade-08-result":533,"smart":11.680470416844}}]}