{"status":200,"caller_id":0,"cached":[],"node":[{"id":160570,"parent":159347,"superparent":9,"author":99384,"type":"item","subtype":"game","subsubtype":"jam","published":"2019-10-07T22:01:09Z","created":"2019-09-13T18:01:35Z","modified":"2019-10-07T22:01:09Z","version":515574,"slug":"athenaeum-1","name":"Athenaeum","body":"![Screen Shot 2019-10-07 at 5.45.10 PM.png](///raw/834/81/z/27e93.png)\n\nAthenaeum is a puzzle game where you will get to solve the kinds of riddles you have never seen before. Enter the game where nothing becomes something only if you can find the answer.  ","meta":{"author":[99384],"allow-anonymous-comments":"1","grade-07-out":"1","cover":"///content/834/81/z/27eb7.png","link-01":"https://nikos1011.itch.io/athenaeum","link-01-tag":[42336]},"path":"/events/ludum-dare/45/athenaeum-1","parents":[1,5,9,159347],"love":0,"notes":12,"notes-timestamp":"2019-10-16T00:32:30Z","grade":{"grade-01":20,"grade-02":20,"grade-03":20,"grade-04":20,"grade-05":20,"grade-06":20,"grade-08":20},"magic":{"cool":91.287092917528,"feedback":15,"given":13.75,"grade":20,"grade-01-average":3.556,"grade-01-result":451,"grade-02-average":3.333,"grade-02-result":505,"grade-03-average":3.833,"grade-03-result":143,"grade-04-average":3.083,"grade-04-result":743,"grade-05-average":3.222,"grade-05-result":728,"grade-06-average":3.417,"grade-06-result":337,"grade-08-average":3.667,"grade-08-result":302,"smart":-2.817468419245}}]}