{"status":200,"caller_id":0,"cached":[],"node":[{"id":171859,"parent":159347,"superparent":9,"author":54168,"type":"item","subtype":"game","subsubtype":"jam","published":"2019-10-07T22:34:14Z","created":"2019-10-07T01:18:48Z","modified":"2019-10-08T03:35:15Z","version":521116,"slug":"leaping-louie","name":"Leaping Louie","body":"![Leaping Louie Cover.jpg](///raw/893/d/z/289d6.jpg)\n\n# An awesome dinosaur platformer!\n# Too bad there aren't any levels.\n# I guess you will need to design your own while you play!\n\n![Leaping Louie.jpg](///raw/893/d/z/289da.jpg)\n\nNOTE: The HTML5 version had a web socket issue because we used windows only code to do our web calls. We had to refactor that to make the HTML5 version work. It has now been fixed. We also loaded a separate zip of the new and improved high score code for the windows platform, as well. The original version is called: \"http://classegames.com/LLGL/LeapingLouiePC.zip\" and the refactored web code version for windows is called: \"http://classegames.com/LLGL/LeapingLouiePCBugFix.zip\"\n","meta":{"author":[54168,1519,171858,7143],"link-01-tag":[42336],"cover":"///content/893/d/z/289d7.jpg","link-01":"http://classegames.com/LLGL/index.html","link-02":"http://classegames.com/LLGL/LeapingLouiePC.zip","link-02-tag":[42337],"link-02-name":"Windows (Original)","link-03":"http://classegames.com/LLGL/LeapingLouiePCBugFix.zip","link-03-tag":[42337],"link-03-name":"Windows (New High Score)"},"path":"/events/ludum-dare/45/leaping-louie","parents":[1,5,9,159347],"love":0,"notes":24,"notes-timestamp":"2019-10-26T10:00:38Z","grade":{"grade-01":29,"grade-02":29,"grade-03":29,"grade-04":29,"grade-05":30,"grade-06":30,"grade-07":30,"grade-08":30},"magic":{"cool":88.605175881449,"feedback":32,"given":22.375,"grade":29.5,"grade-01-average":3.426,"grade-01-result":588,"grade-02-average":3.167,"grade-02-result":632,"grade-03-average":3.426,"grade-03-result":390,"grade-04-average":3.296,"grade-04-result":567,"grade-05-average":3.571,"grade-05-result":525,"grade-06-average":3.768,"grade-06-result":172,"grade-07-average":3.768,"grade-07-result":118,"grade-08-average":3.286,"grade-08-result":608,"smart":12.16936842612}}]}