{"status":200,"caller_id":0,"cached":[],"node":[{"id":166236,"parent":159347,"superparent":9,"author":145956,"type":"item","subtype":"game","subsubtype":"jam","published":"2019-10-07T18:10:41Z","created":"2019-10-04T09:20:11Z","modified":"2019-10-08T19:33:59Z","version":523956,"slug":"upgrade-1","name":"UPgrade","body":"At start there was nothing and then landscape got created and someone(who probably shouldnt) got crazy power over this world.\nMake good choices and find all 6 endings.\n![screenshot.png](///raw/42a/32/z/2728f.png)\n\n(Yes I have made my non-existant audio)","meta":{"author":[145956],"link-01-tag":[42337],"cover":"///content/42a/32/z/27273.png","link-01":"https://nejcraft.itch.io/upgrade","link-02":"https://nejcraft.itch.io/upgrade","link-02-tag":[42342],"link-03":"https://nejcraft.itch.io/upgrade","link-03-tag":[42336],"link-04":"","link-04-tag":null},"path":"/events/ludum-dare/45/upgrade-1","parents":[1,5,9,159347],"love":0,"notes":17,"notes-timestamp":"2019-10-26T10:45:05Z","grade":{"grade-01":21,"grade-02":22,"grade-03":22,"grade-04":22,"grade-05":22,"grade-06":16,"grade-07":21,"grade-08":21},"magic":{"cool":97.773966001554,"feedback":0,"given":19,"grade":20.875,"grade-01-average":2.605,"grade-01-result":1078,"grade-02-average":2.625,"grade-02-result":1006,"grade-03-average":2.625,"grade-03-result":956,"grade-04-average":3.3,"grade-04-result":561,"grade-05-average":2.675,"grade-05-result":959,"grade-06-average":1.179,"grade-07-average":2.763,"grade-07-result":538,"grade-08-average":2.158,"grade-08-result":1057,"smart":-4.596664590877}}]}