{"status":200,"caller_id":0,"cached":[],"node":[{"id":160032,"parent":159347,"superparent":9,"author":482,"type":"item","subtype":"game","subsubtype":"jam","published":"2019-10-07T21:52:45Z","created":"2019-09-05T21:03:07Z","modified":"2019-10-08T22:36:49Z","version":524563,"slug":"trashquest","name":"Trashquest","body":"_Spirits of the Junkyard want to have some fun! They are going to decide who's going to be the king of the trash hill, and of course, the most sensible way to do that would be a TRIAL BY COMBAT!_\n\n![gameplay.gif](///raw/2e1/z/28faf.gif)\n\n-----------------------------------\n\nI usually write something moody and lore-heavy here, but today it's our 10th Ludum Dare as a team, so I want to steal this place and celebrate a bit. First and foremost, I want to say huge thanks to my friends Ruslan and Alexey here, thank you for dealing with all the shmuck I produce on a constant basis. You are awesome and I wouldn't grow nearly as far as I am now without you. \n\nThis game is simultaneously a nod to a great piece called Hammerfight (which is awesome and you should play it) and to our first ever jam entry called Ancient Contact, which was also a physics sandbox playground. You can go and check it sometime later to see how much did we manage to improve (or degrade?) over those years. It was a realy nice journey. Bumpy ride, of course, ups and downs, happiness and depression, and this fulfillment after the game is finally submitted and you can relax and enjoy it. It's what we are here for.\n\nLast, but not least, we'd want to thank all of you people, who spent your precious time playing our games, rating us, leaving feedback, and even buing our steam game. You, Ludum Darers, are absolutely fantastic bunch of people, wonderful in every way (except, maybe, picking a jam theme).\n\n*Thank you! And have a good time in rate weeks.*\n\n-----------------------------------\n\n#### CONTROLS:\n- Use mouse to fly around.\n- Hold **[LMB]** to activate your attach sockets - if there's an item nearby, it would be attached to you.\n- **[RMB]** to discard all your items.\n- **[SPACE]** to evacuate, but beware - your body will be destroyed. \n- **[ESC]** returns to menu. Sorry we didn't had time to make a confirmation prompt.\n\n![screen1.png](///raw/2e1/z/27e91.png)\n\n#### TOOLS:\n- [Unity 2019.2.8f1](https://unity.com)\n- [Audiotool](https://www.audiotool.com)\n- [Audacity](https://www.audacityteam.org)","meta":{"author":[482,484,448],"cover":"///content/2e1/z/28088.png","allow-anonymous-comments":"1","link-01":"https://graal.itch.io/trashquest","link-01-tag":[42336],"link-02":"https://graal.itch.io/trashquest","link-02-tag":[42337],"link-03":"https://graal.itch.io/trashquest","link-03-tag":[42339],"link-04":"https://bitbucket.org/volcanicgiraffe/ld45","link-04-tag":[42332]},"path":"/events/ludum-dare/45/trashquest","parents":[1,5,9,159347],"love":0,"notes":28,"notes-timestamp":"2019-10-19T14:44:50Z","grade":{"grade-01":44,"grade-02":44,"grade-03":44,"grade-04":44,"grade-05":44,"grade-06":41,"grade-07":43,"grade-08":42},"magic":{"cool":89.541897898637,"feedback":22,"given":33.875,"grade":43.25,"grade-01-average":4.095,"grade-01-result":74,"grade-02-average":4.083,"grade-02-result":48,"grade-03-average":4.214,"grade-03-result":35,"grade-04-average":4.214,"grade-04-result":51,"grade-05-average":4.393,"grade-05-result":53,"grade-06-average":3.974,"grade-06-result":81,"grade-07-average":3.732,"grade-07-result":126,"grade-08-average":3.763,"grade-08-result":242,"smart":-1.4977020435426}}]}