{"status":200,"caller_id":0,"cached":[],"node":[{"id":165271,"parent":159347,"superparent":9,"author":53185,"type":"item","subtype":"game","subsubtype":"compo","published":"2019-10-06T21:57:33Z","created":"2019-10-03T13:48:02Z","modified":"2019-10-07T13:39:39Z","version":507915,"slug":"vengeful-spirit","name":"Vengeful Spirit","body":"GAME -> https://butkeim.itch.io/vengeful-spirit\n\n/!\\ THERE IS AN END, IT'S NOT AN INF LOOP GAME /!\\\n\nRun for your life, as you're being chase by devils.\nAnd maybe take revenge...\n\n\nCommands (Keyboard + Xbox controller):\n\n- Mouvement: ARROW KEYS / LEFT JOYSTICK\n- Shooting:  SPACE / B\n- Validate : ENTER / A\n\n![Capture3.PNG](///raw/1cf/c/z/26644.png)\n\n![Capture2.PNG](///raw/1cf/c/z/266b8.png)\n\n![Capture4.PNG](///raw/1cf/c/z/26647.png)\n\n![Capture.PNG](///raw/1cf/c/z/26648.png)","meta":{"author":[53185],"grade-06-out":"1","cover":"///content/1cf/c/z/26e55.png","link-01":"https://butkeim.itch.io/vengeful-spirit","link-01-tag":[42336],"link-02":"https://www.dropbox.com/s/rxu243o7kgzyltl/Vengeful%20Spirit.zip?dl=0","link-02-tag":[42332],"link-03-tag":[42337]},"path":"/events/ludum-dare/45/vengeful-spirit","parents":[1,5,9,159347],"love":0,"notes":24,"notes-timestamp":"2019-10-10T16:15:35Z","grade":{"grade-01":24,"grade-02":24,"grade-03":24,"grade-04":25,"grade-05":25,"grade-07":22,"grade-08":23},"magic":{"cool":103.7049515748,"feedback":9,"given":21.375,"grade":23.857142857143,"grade-01-average":3.955,"grade-01-result":45,"grade-02-average":3.773,"grade-02-result":68,"grade-03-average":3,"grade-03-result":333,"grade-04-average":3.065,"grade-04-result":357,"grade-05-average":3.761,"grade-05-result":111,"grade-07-average":2.9,"grade-07-result":164,"grade-08-average":3.81,"grade-08-result":59,"smart":4.1432109320312}}]}