{"status":200,"caller_id":0,"cached":[],"node":[{"id":159430,"parent":159347,"superparent":9,"author":22345,"type":"item","subtype":"game","subsubtype":"compo","published":"2019-10-06T21:17:15Z","created":"2019-08-27T13:28:19Z","modified":"2019-10-08T20:56:24Z","version":524248,"slug":"claimbeer","name":"Claimbeer","body":"Claimbeer is a small metroidvania where you start in a dark room. \nYou was drunken and got here in this dark cave but you don't know how you cam in here.\nYou must get out of this cave.\n\nYou can collect your items and unlock abilities and things.\n\n- Candle: Enlight the world\n- Jump Boots: You can Jump now (with Space)\n- Arrow: You can shoot arrows with X\n- Dash: You can now dash with C\n\nEDIT: Some points to mention - there is no savegame system (as the theme say \"starts with nothing\" and so you do ...everytime :)) and as it is not a the biggest world at all.\n\nAlso i made two major hotfixes (collision bugs).\nJust to note.\n\n![Start.PNG](///raw/947/5/z/26365.png)\n\n![Screenshot3.PNG](///raw/947/5/z/26366.png)\n\n![Screenshot2.PNG](///raw/947/5/z/26368.png)\n\n","meta":{"author":[22345],"link-01-tag":[50],"cover":"///content/947/5/z/2635f.png","link-01":"https://github.com/neowhoru/LD45-Claimbeer","link-02-tag":[42337],"link-02":"https://www.nerdvision.net/LD45/download/Claimbeer_Windows.zip","link-03":"https://nerdvision.itch.io/claimbeer","link-03-tag":[42336]},"path":"/events/ludum-dare/45/claimbeer","parents":[1,5,9,159347],"love":0,"notes":52,"notes-timestamp":"2019-10-29T21:19:05Z","grade":{"grade-01":61,"grade-02":61,"grade-03":60,"grade-04":59,"grade-05":60,"grade-06":59,"grade-07":55,"grade-08":57},"magic":{"cool":76.845119648505,"feedback":32,"given":34.25,"grade":59,"grade-01-average":3.483,"grade-01-result":215,"grade-02-average":3.508,"grade-02-result":146,"grade-03-average":2.81,"grade-03-result":388,"grade-04-average":3.675,"grade-04-result":151,"grade-05-average":3.836,"grade-05-result":98,"grade-06-average":3.035,"grade-06-result":244,"grade-07-average":3.387,"grade-07-result":77,"grade-08-average":3.336,"grade-08-result":186,"smart":-10.33395291416}}]}