{"status":200,"caller_id":0,"cached":[],"node":[{"id":165524,"parent":159347,"superparent":9,"author":27741,"type":"item","subtype":"game","subsubtype":"compo","published":"2019-10-06T22:50:29Z","created":"2019-10-03T18:16:05Z","modified":"2019-10-07T00:16:44Z","version":504990,"slug":"endless-campground","name":"Endless Campground","body":"![EndlessCampground_cHe9MmWoUj.png](///raw/d5c/6/z/26919.png)\n\nEscape the endless campground!\n\n* Collect batteries for your headlamp before it gets dark.\n* Don't get eaten by wolves.\n* Use WASD or Arrow Keys to move.\n* Aim and throw tennis balls using the mouse.\n\n**NOTE**: WebGL has a fatal crash due to audio (its always audio.) Sorry about that, currently working on a fix.","meta":{"author":[27741],"cover":"///content/d5c/6/z/2691b.png","allow-anonymous-comments":"1","link-01":"https://minornine.com/games/files/endless_campground/endless_campground_win.zip","link-01-tag":[42337],"link-02":"https://minornine.com/games/files/endless_campground/endless_campground_src.zip","link-02-tag":[42332]},"path":"/events/ludum-dare/45/endless-campground","parents":[1,5,9,159347],"love":0,"notes":14,"notes-timestamp":"2019-10-29T01:03:19Z","grade":{"grade-01":20,"grade-02":20,"grade-03":20,"grade-04":20,"grade-05":21,"grade-06":20,"grade-07":19,"grade-08":20},"magic":{"cool":56.195148694902,"feedback":3,"given":6,"grade":20,"grade-01-average":3.583,"grade-01-result":170,"grade-02-average":3.583,"grade-02-result":122,"grade-03-average":3.306,"grade-03-result":235,"grade-04-average":2.5,"grade-04-result":471,"grade-05-average":3.816,"grade-05-result":100,"grade-06-average":2.806,"grade-06-result":295,"grade-07-average":2.676,"grade-07-result":209,"grade-08-average":3.139,"grade-08-result":251,"smart":-38.762756430421}}]}