{"status":200,"caller_id":0,"cached":[],"node":[{"id":164163,"parent":159347,"superparent":9,"author":164156,"type":"item","subtype":"game","subsubtype":"jam","published":"2019-10-07T22:12:16Z","created":"2019-10-01T23:23:00Z","modified":"2019-10-09T11:58:44Z","version":525739,"slug":"spacecube","name":"SpaceCube","body":"You are a square and you are stuck in space. You have to collect resources from asteroids to make an SOS probe to get home.\nPS. if you don't have enough items to place a part it will not place.\nGood luck.\n\nCONTROLS\n\nE: interact if close to certain parts.\nI: access inventory.\nesc: pause.\nclick: remove parts.\npress on part icon on right: place clicked part (if possible).\nMove: WASD or arrow keys\n\nCHANGELOG:\n\n - Fixed sos probe, now it triggers the win routine in the gamemanager.\n\n\nHINT:\n Silver is harder to find than other resources, if you find and refine silver, you will get access to the rest of the parts.","meta":{"author":[164156],"cover":"///content/c31/82/z/27fa6.png","link-01":"https://scidev.itch.io/spacecube-ld45","link-01-tag":[42336]},"path":"/events/ludum-dare/45/spacecube","parents":[1,5,9,159347],"love":0,"notes":16,"notes-timestamp":"2019-10-23T15:24:26Z","grade":{"grade-01":21,"grade-02":21,"grade-03":20,"grade-04":21,"grade-05":21,"grade-06":20,"grade-07":19,"grade-08":20},"magic":{"cool":111.58679538021,"feedback":0,"given":24.125,"grade":20.375,"grade-01-average":2.263,"grade-01-result":1126,"grade-02-average":1.974,"grade-02-result":1129,"grade-03-average":2.306,"grade-03-result":1073,"grade-04-average":2.763,"grade-04-result":934,"grade-05-average":1.921,"grade-05-result":1038,"grade-06-average":2.556,"grade-06-result":651,"grade-07-average":1.735,"grade-07-result":871,"grade-08-average":2.361,"grade-08-result":1033,"smart":8.8140193060895}}]}