{"status":200,"caller_id":0,"cached":[],"node":[{"id":159934,"parent":159347,"superparent":9,"author":85815,"type":"item","subtype":"game","subsubtype":"jam","published":"2019-10-07T21:42:05Z","created":"2019-09-04T13:53:09Z","modified":"2019-10-08T04:16:33Z","version":521247,"slug":"welcome-to-nothing","name":"WELCOME TO NOTHING","body":"**Work** ~~against~~ **with the** ~~antagonizing~~ **friendly AI to achieve something from nothing.**\n\n![drawing.gif](///raw/73f/41/z/27baf.gif)\n\n![gettingThrough.gif](///raw/73f/41/z/27d40.gif)\n\n------------------\n\nMouse: Use to draw\n\nWASD or Arrow Keys: Use to move\n\nClick \"BACK TO STEP ONE\" at the top-left corner if you get stuck!\n\n------------------\n\nI thought the theme of \"start with nothing\" described most games already, so I decided to take the theme very literally (as in you don't even have a character to start with).\n\nWas shooting for compo, but ended up taking it easy on Sunday. Everything was jammed by me in Unity. Original plan was to dev in LOVE2D but Unity's joint system makes certain things so easy. Hope you enjoy! :smiley_cat:","meta":{"author":[85815],"link-01":"https://theomaniacal.itch.io/welcome-to-nothing","link-01-tag":[42336],"cover":"///content/73f/41/z/27c8a.png","link-02":"https://theomaniacal.itch.io/welcome-to-nothing","link-02-tag":[42337],"link-03":"https://theomaniacal.itch.io/welcome-to-nothing","link-03-tag":[42339]},"path":"/events/ludum-dare/45/welcome-to-nothing","parents":[1,5,9,159347],"love":0,"notes":42,"notes-timestamp":"2019-10-29T02:42:38Z","grade":{"grade-01":47,"grade-02":47,"grade-03":47,"grade-04":47,"grade-05":45,"grade-06":43,"grade-07":47,"grade-08":45},"magic":{"grade":46,"given":41.125,"feedback":47,"smart":16.032502630369,"cool":95.597535998,"grade-01-average":4.167,"grade-01-result":49,"grade-02-average":4.211,"grade-02-result":25,"grade-03-average":4.211,"grade-03-result":37,"grade-04-average":4.211,"grade-04-result":52,"grade-05-average":3.663,"grade-05-result":475,"grade-06-average":3.037,"grade-06-result":520,"grade-07-average":4.089,"grade-07-result":39,"grade-08-average":3.884,"grade-08-result":163}}]}