{"status":200,"caller_id":0,"cached":[],"node":[{"id":169634,"parent":159347,"superparent":9,"author":3671,"type":"item","subtype":"game","subsubtype":"jam","published":"2019-10-07T16:19:59Z","created":"2019-10-05T13:48:45Z","modified":"2019-10-08T16:07:26Z","version":523234,"slug":"beat-boss","name":"Beat Boss!","body":"![title_skinny.png](///raw/75e/z/271dc.png)\n\nBe bum. Beat boss. Be boss.\n\n## Beat Boss!\n\n![Grab.gif](///raw/75e/z/271de.gif)![Punch.gif](///raw/75e/z/271e1.gif)![Mail.gif](///raw/75e/z/271e0.gif)\n\n### Throw items! Punch fists! Deliver mail! Beat your way to the top of the corporate ladder.\n\n![office fight_small.png](///raw/75e/z/271e6.png)\n\n### Multiple levels!\n\n![mail room fight_small.png](///raw/75e/z/271e9.png)\n\nCreated by **MessinaBrothers**\n  - AfroAnt - programming\n  - Deak - audio\n  - Evil_As_Shiz - graphics\n  - lylefreekz - character models\n\n### Post-Jam 1.01 Fixes\n  - Fixed combat and swap detection\n  - Characters now move diagonally\n  - Increased player speed\n  - Added text to hint circles\n  - Adjusted boss lighting, chair color, office bin placement\n  - Removed abilities to gain infinite health, and attack while grabbing","meta":{"author":[3671,4010,6819,76677],"link-01-tag":[42337],"allow-anonymous-comments":"1","link-01":"https://drive.google.com/file/d/1JW57ZEEN3-JpuveoC52W7XKlTfyieJ0s/view?usp=sharing","cover":"///content/75e/z/271fb.png","link-02":"https://drive.google.com/file/d/1pPryo33LXaqy8QSaV0myFx5_aeU56_DZ/view?usp=sharing","link-02-tag":[42337],"link-02-name":"Post-Jam Windows","link-03":"https://drive.google.com/file/d/1YwEX1iinBQ0QREIMI0KnZb4CV5Lrbv5-/view?usp=sharing","link-03-tag":[42339],"link-03-name":"Post-Jam maxOS","link-04":"https://drive.google.com/file/d/1PGCwVa93lr0RMgnWUvXxgalpb5bn5StR/view?usp=sharing","link-04-tag":[42341],"link-04-name":"Post-Jam Linux"},"path":"/events/ludum-dare/45/beat-boss","parents":[1,5,9,159347],"love":0,"notes":12,"notes-timestamp":"2019-10-15T03:02:43Z","grade":{"grade-01":25,"grade-02":24,"grade-03":24,"grade-04":25,"grade-05":25,"grade-06":22,"grade-07":24,"grade-08":24},"magic":{"cool":94.440028160304,"feedback":23,"given":20.625,"grade":24.125,"grade-01-average":2.913,"grade-01-result":987,"grade-02-average":2.818,"grade-02-result":912,"grade-03-average":2.455,"grade-03-result":1030,"grade-04-average":2.913,"grade-04-result":839,"grade-05-average":2.739,"grade-05-result":934,"grade-06-average":2.95,"grade-06-result":544,"grade-07-average":3.136,"grade-07-result":353,"grade-08-average":2.841,"grade-08-result":917,"smart":15.395243299565}}]}