{"status":200,"caller_id":0,"cached":[],"node":[{"id":118258,"parent":2,"superparent":1,"author":118258,"type":"user","subtype":"","subsubtype":"","published":"2018-08-23T02:05:51Z","created":"2018-08-23T02:05:51Z","modified":"2020-06-22T23:15:06Z","version":642757,"slug":"endssgamesstudio","name":"EndSSGamesStudio","body":"Game developer for over 10 years\nI used several game mechanisms over time.\nbut I'm faithful to the Blender Game engine.\n\ngames Ludum Dare:\n\nLD 44: https://ldjam.com/events/ludum-dare/44/the-cold\n\nLD 45: https://ldjam.com/events/ludum-dare/45/mission-interrupted\n\nLD 46: https://ldjam.com/events/ludum-dare/46/without-oxygenIn Dev...\n\nmain game: https://discord.gg/8zVc33A","meta":{"avatar":"///content/2fd/c1/z/29eff.png"},"path":"/users/endssgamesstudio","parents":[1,2],"love":0,"games":0,"articles":0,"posts":0}]}