{"status":200,"caller_id":0,"cached":[],"node":[{"id":85427,"parent":2,"superparent":1,"author":85427,"type":"user","subtype":"","subsubtype":"","published":"2018-04-21T01:23:45Z","created":"2018-04-21T01:23:45Z","modified":"2020-04-23T05:59:35Z","version":626167,"slug":"flyingkiwi","name":"FlyingKiwi","body":"A full time java backend developer who loves to craft weird indie games in LD using Javascript and Craftyjs!\n","meta":{"avatar":"///content/3bd/41/z/f5a1.jpg"},"path":"/users/flyingkiwi","parents":[1,2],"love":0,"games":0,"articles":0,"posts":0}]}