{"status":200,"caller_id":0,"cached":[],"node":[{"id":26231,"parent":2,"superparent":1,"author":26231,"type":"user","subtype":"","subsubtype":"","published":"2017-04-24T09:38:13Z","created":"2017-04-24T09:38:13Z","modified":"2018-04-27T19:04:18Z","version":279957,"slug":"belle","name":"Belle","body":"Co-founder and artist of Windmill Games.\n\nAlso drinks too much orange juice.\n\n","meta":{"avatar":"///content/776/6/z/144ec.jpg"},"path":"/users/belle","parents":[1,2],"love":0,"games":0,"articles":0,"posts":0}]}