{"status":200,"caller_id":0,"cached":[],"node":[{"id":1596,"parent":2,"superparent":1,"author":1596,"type":"user","subtype":"","subsubtype":"","published":"2016-11-28T18:22:16Z","created":"2016-11-28T18:22:16Z","modified":"2019-05-14T05:11:37Z","version":475059,"slug":"ogma","name":"Ogma","body":"Member of Capsy : @Caffeinated-Psychics / \n[CaPsy Twitter](https://twitter.com/CaPsyStudio) / \n[CaPsy Website](http://capsystudio.com/)\n\nMy Twitter : [NicolasDB57](https://twitter.com/NicolasDB57)\n\nLD44 Game : [Prostage](https://ldjam.com/events/ludum-dare/44/prostage)\n\nLD43 Game : [Feasts must be made!](https://ldjam.com/events/ludum-dare/43/feasts-must-be-made)\n\nLD42 Game : [Pastien Le Pingouin](https://ldjam.com/events/ludum-dare/42/pastien-le-pingouin)\n\nLD41 Game : [Brian & Tanaka](https://ldjam.com/events/ludum-dare/41/b-nts-questionable-quest)\n\nLD40 Game : [Booyah Bass](https://ldjam.com/events/ludum-dare/40/booyah-bass)\n\nLD39 Game : [PowerBot](https://ldjam.com/events/ludum-dare/39/powerbot-1)\n\nLD38 Game : [Shelf Hanger](https://ldjam.com/events/ludum-dare/38/shelfhanger)\n\n[Previous entries on the old LD website](http://ludumdare.com/compo/author/mrmordem/)","meta":{"avatar":"///content/c36/z/19a39.png"},"path":"/users/ogma","parents":[1,2],"love":0,"games":0,"articles":0,"posts":0}]}