{"status":200,"caller_id":0,"cached":[],"node":[{"id":11841,"parent":2,"superparent":1,"author":11841,"type":"user","subtype":"","subsubtype":"","published":"2017-04-16T04:26:36Z","created":"2017-04-16T04:26:36Z","modified":"2019-10-03T15:02:46Z","version":487788,"slug":"anne-ogborn","name":"Anne Ogborn","body":"Programmer. Ex Electronic Arts engineer. Have made serious games professionally recently. \nLots of 3D skills.\nProgrammer for Team SWI-Prolog, LD32 Jam!   https://github.com/SWI-PrologTeamLudumDare32\nProgrammer for Team Dead Muffin, LD38 Jam!   https://github.com/teamdeadmuffin\nLGBT+ La Grande team member, LD41\nTeam SWI-Prolog team member, LD44\nStupid enough to have done this more than once!\n\n","meta":[],"path":"/users/anne-ogborn","parents":[1,2],"love":0,"games":0,"articles":0,"posts":0}]}