{"status":200,"caller_id":0,"cached":[],"node":[{"id":168843,"parent":2,"superparent":1,"author":168843,"type":"user","subtype":"","subsubtype":"","published":"2019-10-05T01:30:53Z","created":"2019-10-05T01:30:53Z","modified":"2019-10-05T02:28:05Z","version":493550,"slug":"kenster","name":"kenster","body":"Software Engineer living in San Jose, CA. I typically do web programming livestreams in Python, JavaScript, and C++17.\n\n[Twitch Channel](https://www.twitch.tv/kingherring)\n[Youtube channel](https://www.youtube.com/channel/UC63JyBlOxP6M7mtKXiGixRQ)","meta":{"avatar":"///content/b83/92/z/25835.jpg"},"path":"/users/kenster","parents":[1,2],"love":0,"games":0,"articles":0,"posts":0}]}