{"status":200,"caller_id":0,"cached":[],"node":[{"id":162146,"parent":2,"superparent":1,"author":162146,"type":"user","subtype":"","subsubtype":"","published":"2019-09-26T09:55:06Z","created":"2019-09-26T09:55:06Z","modified":"2019-10-09T14:47:00Z","version":525994,"slug":"kazrath","name":"Kazrath","body":"University student currently doing my MSc. Just sign in to check out how much I can do during jams, and to help out my team!\n\n** Check out Trashwars, our LD45 entry!\nhttps://ldjam.com/events/ludum-dare/45/trashwars **\n![27773.png](///raw/269/72/z/2922b.png)","meta":[],"path":"/users/kazrath","parents":[1,2],"love":0,"games":0,"articles":0,"posts":0}]}