{"status":200,"caller_id":0,"cached":[],"node":[{"id":130,"parent":2,"superparent":1,"author":130,"type":"user","subtype":"","subsubtype":"","published":"2016-11-24T05:40:09Z","created":"2016-11-24T05:40:09Z","modified":"2018-09-03T15:12:31Z","version":356893,"slug":"linear","name":"Linear","body":"## About Me\n\n![me2.jpg](///raw/28/z/917b.jpg)\n\n28 year old game developer working on my first game in Atlanta.\n\n## My Entries\n\n[Scrambled (LD 40)](https://ldjam.com/events/ludum-dare/40/scrambled)\n\n[Fallen (LD 39)](https://ldjam.com/events/ludum-dare/39/games/fallen)\n\n[Older Entries from the old LD website](http://ludumdare.com/compo/author/linear/)\n","meta":{"avatar":"///content/28/z/917a.jpg"},"path":"/users/linear","parents":[1,2],"love":0,"games":0,"articles":0,"posts":0}]}