{"status":200,"caller_id":0,"cached":[],"node":[{"id":52941,"parent":2,"superparent":1,"author":52941,"type":"user","subtype":"","subsubtype":"","published":"2017-11-24T13:21:22Z","created":"2017-11-24T13:21:22Z","modified":"2018-12-02T15:21:47Z","version":379868,"slug":"zertho","name":"Zertho","body":"French Game Designer student that wants to become greater at coding. \nStill aiming to be Game Designer with great and innovative gameplay ideas !","meta":{"avatar":"///content/dce/c/z/9319.jpg"},"path":"/users/zertho","parents":[1,2],"love":0,"games":0,"articles":0,"posts":0}]}