{"status":200,"caller_id":0,"cached":[],"node":[{"id":3600,"parent":2,"superparent":1,"author":3600,"type":"user","subtype":"","subsubtype":"","published":"2016-12-03T13:33:14Z","created":"2016-12-03T13:33:14Z","modified":"2019-01-01T12:43:02Z","version":416601,"slug":"nusan","name":"nusan","body":"* Made [19 entries in Ludum Dare](http://ludumdare.com/compo/author/nusan/)\n* Find some of my game on [nusan.itch.io](https://nusan.itch.io/)\n* Follow me on [@NuSan_fx](https://twitter.com/NuSan_fx)","meta":{"avatar":"///content/01e/z/8549.png"},"path":"/users/nusan","parents":[1,2],"love":0,"games":0,"articles":0,"posts":0}]}