{"status":200,"caller_id":0,"cached":[],"node":[{"id":26572,"parent":2,"superparent":1,"author":26572,"type":"user","subtype":"","subsubtype":"","published":"2017-04-24T15:53:16Z","created":"2017-04-24T15:53:16Z","modified":"2017-12-05T15:41:54Z","version":197204,"slug":"zedecks","name":"Zedecks","body":"[LD-40, One Night to Score](https://ldjam.com/events/ludum-dare/40/one-night-to-score)\n\n[LD-39, Running on the Power of Love](https://ldjam.com/events/ludum-dare/39/running-on-the-power-of-love/)\n\n[LD-38, The World of Zolcraft](https://ldjam.com/events/ludum-dare/38/the-world-of-zolcraft/)\n\n[LD-37, Out of Sight](http://ludumdare.com/compo/ludum-dare-37/?action=preview&uid=90328)\n\n[LD-36, Legend of Zol - Lightbringer](http://ludumdare.com/compo/ludum-dare-36/?action=preview&uid=90328)\n\n[LD-35, Bounds](http://ludumdare.com/compo/ludum-dare-35/?action=preview&uid=90328)\n\nhttps://nervouscomposers.itch.io/","meta":[],"path":"/users/zedecks","parents":[1,2],"love":0,"games":0,"articles":0,"posts":0}]}