{"status":200,"caller_id":0,"cached":[],"node":[{"id":5936,"parent":2,"superparent":1,"author":5936,"type":"user","subtype":"","subsubtype":"","published":"2016-12-07T12:58:07Z","created":"2016-12-07T12:58:07Z","modified":"2019-05-02T12:00:39Z","version":469227,"slug":"grena","name":"grena","body":"- LD37: Paul Terguei, the Glory Room Keeper (https://grena.itch.io/paul-terguei-glory-room-keeper)\n- LD38: POD 2000 (https://ldjam.com/events/ludum-dare/38/pod2000)\n- LD39: Lionel's Weekend (https://ldjam.com/events/ludum-dare/39/lionels-weekend)\n- LD40: Going Nuts (https://ldjam.com/events/ludum-dare/40/going-nuts)\n- LD43: Fórnir (https://ldjam.com/events/ludum-dare/43/fornir)\n- LD44: Stranger Coins (https://ldjam.com/events/ludum-dare/44/stranger-coins)","meta":{"avatar":"///content/037/1/z/1eede.jpg"},"path":"/users/grena","parents":[1,2],"love":0,"games":0,"articles":0,"posts":0}]}