{"status":200,"caller_id":0,"cached":[],"node":[{"id":12723,"parent":2,"superparent":1,"author":12723,"type":"user","subtype":"","subsubtype":"","published":"2017-04-18T15:50:38Z","created":"2017-04-18T15:50:38Z","modified":"2020-04-22T00:23:31Z","version":620767,"slug":"boumusic","name":"boumusic","body":"french game dev student - vfx artist https://www.artstation.com/pataya","meta":{"avatar":"///content/3b1/3/z/473d.png"},"path":"/users/boumusic","parents":[1,2],"love":0,"games":0,"articles":0,"posts":0}]}