{"status":200,"caller_id":0,"cached":[],"node":[{"id":98540,"parent":2,"superparent":1,"author":98540,"type":"user","subtype":"","subsubtype":"","published":"2018-07-16T01:55:47Z","created":"2018-07-16T01:55:47Z","modified":"2019-09-29T19:25:59Z","version":484398,"slug":"ossi","name":"Ossi","body":"I'm an Independent Game Developer currently working on an RPG!\n\n[My Twitter!](https://twitter.com/Ossi101)\n\n-- Previous Ludum Dare Jams --\n\n[Book Crook - LD 42](https://ldjam.com/events/ludum-dare/42/book-crook)\n\n[Your Opinion, Adventurer? - LD32](http://ludumdare.com/compo/ludum-dare-32/?action=preview&uid=26674)\n\n[Desk Top! - LD31](http://ludumdare.com/compo/ludum-dare-31/?action=preview&uid=26674)\n\n[Quick! Crook Faster! - LD27](http://ludumdare.com/compo/ludum-dare-27/?action=preview&uid=26674)","meta":{"avatar":"///content/ce0/81/z/15468.png"},"path":"/users/ossi","parents":[1,2],"love":0,"games":0,"articles":0,"posts":0}]}