{"status":200,"caller_id":0,"cached":[],"node":[{"id":135658,"parent":2,"superparent":1,"author":135658,"type":"user","subtype":"","subsubtype":"","published":"2018-12-04T21:53:30Z","created":"2018-12-04T21:53:30Z","modified":"2019-10-09T15:23:15Z","version":526054,"slug":"ncarrico","name":"NCarrico","body":"Hey! I'm a programmer with Unity and C#. I also really enjoy game design. :D \n\nPeace! :dove::v: ","meta":[],"path":"/users/ncarrico","parents":[1,2],"love":0,"games":0,"articles":0,"posts":0}]}