{"status":200,"caller_id":0,"cached":[],"node":[{"id":10732,"parent":2,"superparent":1,"author":10732,"type":"user","subtype":"","subsubtype":"","published":"2017-04-11T10:15:28Z","created":"2017-04-11T10:15:28Z","modified":"2019-05-01T11:55:04Z","version":467098,"slug":"fusionnist","name":"fusionnist","body":"Programmer / Artist / Musician / Writer guy, still learning and enjoying the ride!\n\nMost activity here:\nhttps://twitter.com/Fusionnist\n\nContact:\nhttps://twitter.com/Fusionnist","meta":{"avatar":"///content/ce9/2/z/3cac.jpg"},"path":"/users/fusionnist","parents":[1,2],"love":0,"games":0,"articles":0,"posts":0}]}