{"status":200,"caller_id":0,"cached":[],"node":[{"id":162644,"parent":2,"superparent":1,"author":162644,"type":"user","subtype":"","subsubtype":"","published":"2019-09-28T21:40:38Z","created":"2019-09-28T21:40:38Z","modified":"2020-04-16T02:01:34Z","version":548703,"slug":"93eduardoresende","name":"93eduardoresende","body":"Sound designer and composer at tengukaze. @tengukazestudio on instagram","meta":[],"path":"/users/93eduardoresende","parents":[1,2],"love":0,"games":0,"articles":0,"posts":0}]}