{"status":200,"caller_id":0,"cached":[],"node":[{"id":4018,"parent":2,"superparent":1,"author":4018,"type":"user","subtype":"","subsubtype":"","published":"2016-12-04T18:25:14Z","created":"2016-12-04T18:25:13Z","modified":"2019-10-10T09:11:14Z","version":527321,"slug":"iluvatar","name":"Iluvatar","body":"Adventure games lover, writer and creator of worlds.\n\nMy games that I made alone or with my team - \n \nDigital Mosaic Games: https://digital-mosaic-games.itch.io/\n\nTwitter: https://twitter.com/Thanyx2","meta":{"avatar":"///content/2bf/z/2540b.jpg"},"path":"/users/iluvatar","parents":[1,2],"love":0,"games":0,"articles":0,"posts":0}]}