{"status":200,"caller_id":0,"cached":[],"node":[{"id":104308,"parent":2,"superparent":1,"author":104308,"type":"user","subtype":"","subsubtype":"","published":"2018-08-08T21:40:06Z","created":"2018-08-08T21:40:06Z","modified":"2019-09-30T19:38:04Z","version":485067,"slug":"chocolat-endive","name":"Chocolat-Endive","body":"Hello !\n\nWe're a two person team, aiming at creating games for fun. One of us is more specialised into code and graphics, and the other one in music, game design and also graphics.","meta":{"avatar":"///content/477/91/z/15306.png"},"path":"/users/chocolat-endive","parents":[1,2],"love":0,"games":0,"articles":0,"posts":0}]}