{"status":200,"caller_id":0,"cached":[],"node":[{"id":164051,"parent":2,"superparent":1,"author":164051,"type":"user","subtype":"","subsubtype":"","published":"2019-10-01T19:47:15Z","created":"2019-10-01T19:47:15Z","modified":"2020-05-03T19:38:00Z","version":636476,"slug":"dummydojo","name":"dummydojo","body":"Some dummies learning about game development.\n\nhttps://dummydojo.com\n\nCheck us out at:\n\nhttps://twitter.com/DummyDojo\n\nand\n\nhttps://www.instagram.com/dummydojo/\n","meta":{"avatar":"///content/3d0/82/z/285ca.png"},"path":"/users/dummydojo","parents":[1,2],"love":0,"games":0,"articles":0,"posts":0}]}