{"status":200,"caller_id":0,"cached":[],"node":[{"id":120786,"parent":2,"superparent":1,"author":120786,"type":"user","subtype":"","subsubtype":"","published":"2018-11-09T09:14:28Z","created":"2018-11-09T09:14:28Z","modified":"2018-11-27T08:06:34Z","version":365120,"slug":"jannick-larsen","name":"Jannick Larsen","body":"Game Dev, 3D artist.\nTwitter: https://twitter.com/JBL_1995","meta":{"avatar":"///content/2d7/d1/z/1b006.jpg"},"path":"/users/jannick-larsen","parents":[1,2],"love":0,"games":0,"articles":0,"posts":0}]}