{"status":200,"caller_id":0,"cached":[],"node":[{"id":8975,"parent":2,"superparent":1,"author":8975,"type":"user","subtype":"","subsubtype":"","published":"2016-12-10T13:34:01Z","created":"2016-12-10T13:34:01Z","modified":"2017-12-05T03:12:58Z","version":193262,"slug":"versatile-box","name":"Versatile Box","body":"@VersatileBox\nhttps://twitter.com/versatilebox","meta":{"avatar":"///content/f03/2/z/2eda.png"},"path":"/users/versatile-box","parents":[1,2],"love":0,"games":0,"articles":0,"posts":0}]}