{"status":200,"caller_id":0,"cached":[],"node":[{"id":425,"parent":2,"superparent":1,"author":425,"type":"user","subtype":"","subsubtype":"","published":"2016-11-25T09:44:00Z","created":"2016-11-25T09:44:00Z","modified":"2020-04-17T22:04:33Z","version":556738,"slug":"levidsmith","name":"LeviDSmith","body":"- [Website - levidsmith.com](https://levidsmith.com)\n- [Twitter, GaTechGrad (personal)](https://twitter.com/GaTechGrad)\n- [Facebook - LeviDSmithGames](https://www.facebook.com/LeviDSmithGames)\n- [YouTube](http://www.youtube.com/c/levidsmith)\n- [Patreon](https://www.patreon.com/levidsmith)\n\nPast Ludum Dare Games - http://ludumdare.com/compo/author/gatechgrad/\n- LD45 - [Mahjong Drop](https://ldjam.com/events/ludum-dare/45/mahjong-drop)\n- LD44 - [Yen Master](https://ldjam.com/events/ludum-dare/44/yen-master)\n- LD43 - [Stratospheric Aerosol Injection](https://ldjam.com/events/ludum-dare/43/stratospheric-aerosol-injection)\n- LD42 - [Crazy Delivery](https://ldjam.com/events/ludum-dare/42/crazy-delivery)\n- LD41 - [Blocks of Nibiru](https://ldjam.com/events/ludum-dare/41/blocks-of-nibiru)\n- LD40 - [Irwin McSpenders](https://ldjam.com/events/ludum-dare/40/irwin-mcspenders)\n- LD39 - [Slowbot](https://ldjam.com/events/ludum-dare/39/slowbot)\n- LD38 - [World Fighter](https://ldjam.com/events/ludum-dare/38/world-fighter)\n- LD37 - [Free the Frog](http://ludumdare.com/compo/ludum-dare-37/?action=preview&uid=19778)\n- LD36 - [Ancient Adventure](http://ludumdare.com/compo/ludum-dare-36/?action=preview&uid=19778)\n- LD35 - [Shape Quest](http://ludumdare.com/compo/ludum-dare-35/?action=preview&uid=19778)\n- LD34 - [Mutant Veggie Arena](http://ludumdare.com/compo/ludum-dare-34/?action=preview&uid=19778)\n- LD33 - [Monster Hotel](http://ludumdare.com/compo/ludum-dare-33/?action=preview&uid=19778)\n- LD32 - [Expand-O-Ray](http://ludumdare.com/compo/ludum-dare-32/?action=preview&uid=19778)\n- LD31 - [TV World](http://ludumdare.com/compo/ludum-dare-31/?action=preview&uid=19778)\n- LD30 - [Dream World](http://ludumdare.com/compo/ludum-dare-30/?action=preview&uid=19778)\n- LD29 - [Archaeology](http://ludumdare.com/compo/ludum-dare-29/?action=preview&uid=19778)\n- LD28 - [One Gunman](http://ludumdare.com/compo/ludum-dare-28/?action=preview&uid=19778)\n- LD27 - [Bomb Squad](http://ludumdare.com/compo/ludum-dare-27/?action=preview&uid=19778)\n- LD26 - [Amish Brothers](http://ludumdare.com/compo/ludum-dare-26/?action=preview&uid=19778)","meta":{"avatar":"///content/9a1/z/3375e.jpg"},"path":"/users/levidsmith","parents":[1,2],"love":0,"games":0,"articles":0,"posts":0}]}