{"status":200,"caller_id":0,"cached":[],"node":[{"id":164138,"parent":2,"superparent":1,"author":164138,"type":"user","subtype":"","subsubtype":"","published":"2019-10-01T22:22:42Z","created":"2019-10-01T22:22:42Z","modified":"2019-10-08T07:00:42Z","version":521591,"slug":"moonlighthiker","name":"Moonlighthiker","body":"### I am a multidisciplinary artist. \nI really enjoy every field of art and I always like to try something new. \n\nMy methods and workflow are therefore unusual, but mostly quite effective. \nWell, I like experiments.\n\nOpen source software is very important to me. \nI would say I am an advocate of it. \nAfter all, Blender and Krita gave me the opportunity to discover myself.\n\nFind me on my [website](https://moonlighthiker.de/). \nMaybe I can do something for you... I am happy about every nice word.\n\nOr visit our [AgoutiGames website](http://game.moonlighthiker.de/).","meta":{"avatar":"///content/a21/82/z/254a5.png"},"path":"/users/moonlighthiker","parents":[1,2],"love":0,"games":0,"articles":0,"posts":0}]}