{"status":200,"caller_id":0,"cached":[],"node":[{"id":8851,"parent":2,"superparent":1,"author":8851,"type":"user","subtype":"","subsubtype":"","published":"2016-12-10T05:14:50Z","created":"2016-12-10T05:14:50Z","modified":"2018-08-16T01:43:30Z","version":348389,"slug":"thomas-olsson","name":"thomas-olsson","body":"Indie developer and musician based in Kyoto, one man team game creator at Skeleton Crew Studio and co-organizer of the Kyoto indie meet up. \n(twitter:@VegaMukiwa)","meta":{"avatar":"///content/392/2/z/17ddc.png"},"path":"/users/thomas-olsson","parents":[1,2],"love":0,"games":0,"articles":0,"posts":0}]}