{"status":200,"caller_id":0,"cached":[2986],"node":[{"id":2986,"parent":2,"superparent":1,"author":2986,"type":"user","subtype":"","subsubtype":"","published":"2016-12-01T20:39:10Z","created":"2016-12-01T20:39:10Z","modified":"2019-10-07T18:11:27Z","version":509952,"slug":"fashionbatman","name":"fashionbatman","body":"https://ldjam.com/events/ludum-dare/45/winter\n\nhttps://fashionbatman.itch.io\n\nhttps://twitter.com/fashionbatman\n\n\n\n","meta":{"avatar":"///content/aab/z/aabd.png"},"path":"/users/fashionbatman","parents":[1,2],"love":0,"games":0,"articles":0,"posts":0}]}