{"status":200,"caller_id":0,"cached":[],"node":[{"id":9780,"parent":2,"superparent":1,"author":9780,"type":"user","subtype":"","subsubtype":"","published":"2017-04-06T11:23:15Z","created":"2017-04-06T11:23:15Z","modified":"2018-08-20T22:19:31Z","version":353283,"slug":"kaiclavier","name":"kaiclavier","body":"sample text\n\n[My Website](kaiclavier.com)\n\n[My itch.io](https://kaiclavier.itch.io/)\n\n[My Twitter](https://twitter.com/KaiClavier)","meta":{"avatar":"///content/436/2/z/1a567.jpg"},"path":"/users/kaiclavier","parents":[1,2],"love":0,"games":0,"articles":0,"posts":0}]}