{"status":200,"caller_id":0,"cached":[],"node":[{"id":59706,"parent":2,"superparent":1,"author":59706,"type":"user","subtype":"","subsubtype":"","published":"2017-12-01T23:18:23Z","created":"2017-12-01T23:18:23Z","modified":"2019-10-08T18:59:16Z","version":523827,"slug":"boyturnedrobot","name":"boyTurnedRobot","body":"Hi, I like to make games. Especially 80s themed, retro inspired, neon colored 2D games.\n\nhttps://bts-ash.itch.io/\n\nhttps://twitter.com/ash_eff","meta":{"avatar":"///content/a39/e/z/29355.jpg"},"path":"/users/boyturnedrobot","parents":[1,2],"love":0,"games":0,"articles":0,"posts":0}]}