{"status":200,"caller_id":0,"cached":[],"node":[{"id":163956,"parent":2,"superparent":1,"author":163956,"type":"user","subtype":"","subsubtype":"","published":"2019-10-01T16:18:43Z","created":"2019-10-01T16:18:43Z","modified":"2019-10-01T16:20:37Z","version":485723,"slug":"kalucifer","name":"Kalucifer","body":"![ggjcuadrado.jpg](///raw/470/82/z/25485.jpg)\nHanging around with some kids I teach.\nLooking forward to finish an awesome product along with them...","meta":[],"path":"/users/kalucifer","parents":[1,2],"love":0,"games":0,"articles":0,"posts":0}]}