{"status":200,"caller_id":0,"cached":[],"node":[{"id":1083,"parent":2,"superparent":1,"author":1083,"type":"user","subtype":"","subsubtype":"","published":"2016-11-27T20:18:59Z","created":"2016-11-27T20:18:59Z","modified":"2017-05-21T08:51:25Z","version":86100,"slug":"benjamin","name":"benjamin","body":"Hello I'm benjamin Soulé.\nI leave in France Lacanau where I spend most of my free time crafting small games.\n\n- :video_game:You can check them here : http://benjaminsoule.fr/\n- :bird:Follow me on twitter: https://twitter.com/benjamin_soule_","meta":{"avatar":"///content/b34/z/4881.png"},"path":"/users/benjamin","parents":[1,2],"love":0,"games":0,"articles":0,"posts":0}]}