{"status":200,"caller_id":0,"cached":[],"node":[{"id":159685,"parent":2,"superparent":1,"author":159685,"type":"user","subtype":"","subsubtype":"","published":"2019-09-02T00:42:04Z","created":"2019-09-02T00:42:03Z","modified":"2019-10-04T21:32:32Z","version":491864,"slug":"aurailus","name":"Aurailus","body":"*Say something I'm giving up on you..*\n\n[Join me on Twitch!](https://twitch.tv/Aurailus)","meta":{"avatar":"///content/5cf/62/z/268f1.png"},"path":"/users/aurailus","parents":[1,2],"love":0,"games":0,"articles":0,"posts":0}]}