{"status":200,"caller_id":0,"cached":[],"node":[{"id":161156,"parent":2,"superparent":1,"author":161156,"type":"user","subtype":"","subsubtype":"","published":"2019-09-19T21:24:38Z","created":"2019-09-19T21:24:38Z","modified":"2020-04-20T03:40:37Z","version":580832,"slug":"sneakyfox","name":"SneakyFox","body":"Welcome to my page.\n\nI'm a Unity developer.\n\nIf you want to contact me: andrew11415@gmail.com","meta":{"avatar":"///content/485/72/z/2921f.gif"},"path":"/users/sneakyfox","parents":[1,2],"love":0,"games":0,"articles":0,"posts":0}]}