{"status":200,"caller_id":0,"cached":[],"node":[{"id":4192,"parent":2,"superparent":1,"author":4192,"type":"user","subtype":"","subsubtype":"","published":"2016-12-05T06:29:17Z","created":"2016-12-05T06:29:17Z","modified":"2017-04-11T05:53:37Z","version":10925,"slug":"hunttis","name":"hunttis","body":"Made Mobile Java games back in the day, played with some furious fowl a few years back and now doing business stuff. Games are still a passion, so playing and creating those in my free time.","meta":{"avatar":"///content/060/1/z/4154.png"},"path":"/users/hunttis","parents":[1,2],"love":0,"games":0,"articles":0,"posts":0}]}