{"status":200,"caller_id":0,"cached":[],"node":[{"id":164860,"parent":2,"superparent":1,"author":164860,"type":"user","subtype":"","subsubtype":"","published":"2019-10-02T22:52:51Z","created":"2019-10-02T22:52:51Z","modified":"2019-10-10T13:44:00Z","version":527490,"slug":"danielcmcg","name":"Danielcmcg","body":"Hey!\n[danielcmcg.github.io](https://danielcmcg.github.io)","meta":{"avatar":"///content/cf3/82/z/25714.png"},"path":"/users/danielcmcg","parents":[1,2],"love":0,"games":0,"articles":0,"posts":0}]}