{"status":200,"caller_id":0,"cached":[],"node":[{"id":51455,"parent":2,"superparent":1,"author":51455,"type":"user","subtype":"","subsubtype":"","published":"2017-11-17T17:42:15Z","created":"2017-11-17T17:42:15Z","modified":"2017-12-01T18:32:58Z","version":155530,"slug":"6smith","name":"6smith","body":"sometimes i make games :robot:\n[twitt](https://twitter.com/bpmw_)","meta":{"avatar":"///content/ff8/c/z/956f.png"},"path":"/users/6smith","parents":[1,2],"love":0,"games":0,"articles":0,"posts":0}]}