{"status":200,"caller_id":0,"cached":[],"node":[{"id":448,"parent":2,"superparent":1,"author":448,"type":"user","subtype":"","subsubtype":"","published":"2016-11-25T12:30:54Z","created":"2016-11-25T12:30:54Z","modified":"2018-12-04T12:48:42Z","version":403547,"slug":"a333","name":"a333","body":"a333.games(a)gmail.com\n\n#### ------------------------------\n\nLD 43: [NOPE](https://ldjam.com/events/ludum-dare/43/nope) - jam, top-down NOPE  \nLD 42: [POLYARNIK](https://ldjam.com/events/ludum-dare/42/polyarnik) - jam, penguin apocalypse survival  \nLD 41: [Infernoculus](https://ldjam.com/events/ludum-dare/41/infernoculus) - jam, demonic soccer, HoMM III style  \nLD 40: [Xenonanny](https://ldjam.com/events/ludum-dare/40/xenonanny) - jam, hordes of companions wreak your platforming  \nLD 39: [Galvanica](https://ldjam.com/events/ludum-dare/39/galvanica) - jam, a stupid space adventure   \nLD 38: [Protolife](https://ldjam.com/events/ludum-dare/38/protolife) - jam, biotic tower defence    \nLD 37: [Rent for 30 seconds](http://ludumdare.com/compo/ludum-dare-37/?action=preview&uid=111242) - jam, speed airbnb simulator  \nLD 36: [Ancient Contact](http://ludumdare.com/compo/ludum-dare-36/?action=preview&uid=111242) - jam, boulder abduction simulator  \n   \nLD 35: [Shapeless Escape](http://ludumdare.com/compo/ludum-dare-35/?action=preview&uid=38947)  - compo, slime shapeshift platformer  \nLD 34: [Temple of Doom and Friendship](http://ludumdare.com/compo/ludum-dare-34/?action=preview&uid=38947)  - compo, plant growing platformer   \nLD 32: [Dr.Eccentric](http://ludumdare.com/compo/ludum-dare-32/?action=preview&uid=38947)  - compo, horrible action platformer   \nLD 30: [Conglomerates](http://ludumdare.com/compo/ludum-dare-30/?action=preview&uid=38947)  - compo, space geometry strategy \n\n\n### :copyright: Volcanic Giraffe Team:\n\nhttps://ldjam.com/users/a333 -  :computer: :art: [deviantart](http://a334.deviantart.com)\n\nhttps://ldjam.com/users/graal - :computer: :musical_score: [audiotool](https://www.audiotool.com/user/alexey_grishin/tracks)\n\nhttps://ldjam.com/users/icxon - :computer: :newspaper:","meta":{"avatar":"///content/0c1/z/3f2a.png"},"path":"/users/a333","parents":[1,2],"love":0,"games":0,"articles":0,"posts":0}]}