{"status":200,"caller_id":0,"cached":[],"node":[{"id":93526,"parent":2,"superparent":1,"author":93526,"type":"user","subtype":"","subsubtype":"","published":"2018-04-24T19:15:59Z","created":"2018-04-24T19:15:59Z","modified":"2019-10-11T13:39:19Z","version":528269,"slug":"tenlki","name":"tenlki","body":"Hi, I'm a programmer/musician, part of @cosmic-adventure-squad!\n\nMost of my Game Jam tracks (and other piano/chiptune music) are posted here:\n\nhttp://soundcloud.com/tenlki \n","meta":[],"path":"/users/tenlki","parents":[1,2],"love":0,"games":0,"articles":0,"posts":0}]}