{"status":200,"caller_id":0,"cached":[],"node":[{"id":160989,"parent":2,"superparent":1,"author":160989,"type":"user","subtype":"","subsubtype":"","published":"2019-09-18T13:03:58Z","created":"2019-09-18T13:03:58Z","modified":"2019-09-18T13:41:23Z","version":481565,"slug":"felix-letheren","name":"Felix Letheren","body":"⁣   😶😶😶😶😶  \n  😶😶😶😶😶😶\n 😶😶😶😶😶😶😶\n😶😶😶💣💣😶😶😶\n💣💣💣💿💿💣💣💣\n💣💣💣💿💿💣💣💣\n😶😶😶💣💣😶😶😶\n😶😶😶😶😶😶😶😶\n😶😶💣😶😶💣😶😶\n😶😶⁣😶💣💣😶😶😶\n👖😶😶😶😶😶😶👖\n😶👖👖👖👖👖👖😶\n😶👖👖👖👖👖👖😶\n👖👖👖👖👖👖👖👖\n👖👖👖👖👖👖👖👖\n👖👖👖    👖👖👖\n👖👖👖    👖👖👖\n  👞        👞","meta":[],"path":"/users/felix-letheren","parents":[1,2],"love":0,"games":0,"articles":0,"posts":0}]}