{"status":200,"caller_id":0,"cached":[],"node":[{"id":55945,"parent":2,"superparent":1,"author":55945,"type":"user","subtype":"","subsubtype":"","published":"2017-11-29T23:28:02Z","created":"2017-11-29T23:28:01Z","modified":"2018-04-23T19:50:51Z","version":256362,"slug":"kierkle","name":"kierkle","body":"Computer programmer. Check out my portfolio here: http://trickytoken.com/kierkle.html","meta":{"avatar":"///content/98a/d/z/b2ea.png"},"path":"/users/kierkle","parents":[1,2],"love":0,"games":0,"articles":0,"posts":0}]}