{"status":200,"caller_id":0,"cached":[],"node":[{"id":147930,"parent":2,"superparent":1,"author":147930,"type":"user","subtype":"","subsubtype":"","published":"2019-04-26T19:42:43Z","created":"2019-04-26T19:42:43Z","modified":"2019-10-06T23:55:25Z","version":504885,"slug":"rdcooper","name":"rdcooper","body":"Composer | Producer | Musician | Technician\n\nrossdavidcooper.com/","meta":{"avatar":"///content/ad1/42/z/26ad0.jpg"},"path":"/users/rdcooper","parents":[1,2],"love":0,"games":0,"articles":0,"posts":0}]}