{"status":200,"caller_id":0,"cached":[],"node":[{"id":45142,"parent":2,"superparent":1,"author":45142,"type":"user","subtype":"","subsubtype":"","published":"2017-07-31T07:44:58Z","created":"2017-07-31T07:44:58Z","modified":"2020-01-20T17:38:08Z","version":534656,"slug":"memel06","name":"Memel06","body":"## Info\nJammer based in Catania, Sicily IT. \n\n## Bio\nAddicted to videogame development!\nAn all around guy, with a lot of different skills!\nI love coding, composing music, drawing artworks and develop game design projects.\n\n## Job\nI'm a frontend developer for Pane&Design \n\n","meta":{"avatar":"///content/650/b/z/f300.png"},"path":"/users/memel06","parents":[1,2],"love":0,"games":0,"articles":0,"posts":0}]}