{"status":200,"caller_id":0,"cached":[],"node":[{"id":166328,"parent":2,"superparent":1,"author":166328,"type":"user","subtype":"","subsubtype":"","published":"2019-10-04T10:43:31Z","created":"2019-10-04T10:43:31Z","modified":"2019-10-08T01:32:12Z","version":520690,"slug":"falu","name":"Falu","body":"Our game for LD45:\nhttps://ldjam.com/events/ludum-dare/45/draconomics\n![2888e.gif](///raw/8b9/82/z/2890c.gif)","meta":{"avatar":"///content/8b9/82/z/25610.png"},"path":"/users/falu","parents":[1,2],"love":0,"games":0,"articles":0,"posts":0}]}