{"status":200,"caller_id":0,"cached":[],"node":[{"id":50696,"parent":2,"superparent":1,"author":50696,"type":"user","subtype":"","subsubtype":"","published":"2017-11-12T19:37:35Z","created":"2017-11-12T19:37:34Z","modified":"2020-04-22T06:36:37Z","version":621698,"slug":"kultisti","name":"Kultisti","body":"solo game developer from Finland ^^\n\nhopefully you are having a great day <3\n\ngames n stuff: https://kultisti.itch.io/\n\nvideos n stuff: https://bit.ly/3eQAjh8","meta":{"avatar":"///content/806/c/z/2d316.png"},"path":"/users/kultisti","parents":[1,2],"love":0,"games":0,"articles":0,"posts":0}]}