{"status":200,"caller_id":0,"cached":[],"node":[{"id":141057,"parent":2,"superparent":1,"author":141057,"type":"user","subtype":"","subsubtype":"","published":"2019-04-08T13:49:06Z","created":"2019-04-08T13:49:06Z","modified":"2019-10-08T14:15:22Z","version":522860,"slug":"mikethehuman","name":"Mikethehuman","body":"I did the sound design and music on The Bizare Bazaar for LD45 https://ldjam.com/events/ludum-dare/45/the-bizarre-bazaar","meta":[],"path":"/users/mikethehuman","parents":[1,2],"love":0,"games":0,"articles":0,"posts":0}]}