{"status":200,"caller_id":0,"cached":[],"node":[{"id":163239,"parent":2,"superparent":1,"author":163239,"type":"user","subtype":"","subsubtype":"","published":"2019-09-30T09:22:47Z","created":"2019-09-30T09:22:47Z","modified":"2020-04-17T08:03:57Z","version":552017,"slug":"chuchuw","name":"chuchuw","body":"Spare time love2d developer.\n\nhttps://chuchuw.itch.io\n\nhttps://twitter.com/chuchuw_","meta":{"avatar":"///content/7ad/72/z/2a6f7.png"},"path":"/users/chuchuw","parents":[1,2],"love":0,"games":0,"articles":0,"posts":0}]}