{"status":200,"caller_id":0,"cached":[],"node":[{"id":64058,"parent":2,"superparent":1,"author":64058,"type":"user","subtype":"","subsubtype":"","published":"2017-12-03T15:26:37Z","created":"2017-12-03T15:26:37Z","modified":"2017-12-03T15:28:17Z","version":167491,"slug":"aurelien-montero","name":"Aurélien Montero","body":"Hello there.I'm Aurelien Montero and I'm an International Music Composer & Sound-Designer based in Paris,France. I'm currently working on many interesting projects including  Propaganda, Huge Bang Bang, VR project or some secret cool projects.\nI'm also doing some talks about Game Audio & Music on Youtube, events & in conferences. Trying to spread knowledge and demystifying the Audio World.","meta":{"avatar":"///content/a3a/f/z/9fc0.png"},"path":"/users/aurelien-montero","parents":[1,2],"love":0,"games":0,"articles":0,"posts":0}]}