{"status":200,"caller_id":0,"cached":[],"node":[{"id":56871,"parent":2,"superparent":1,"author":56871,"type":"user","subtype":"","subsubtype":"","published":"2017-11-30T19:27:39Z","created":"2017-11-30T19:27:39Z","modified":"2020-04-21T01:52:19Z","version":607972,"slug":"sebastianscaini","name":"sebastianscaini","body":"![header.png](///raw/72e/d/z/1ad6e.png)\n\nI make games.\n\n- [Website](https://www.sebastianscaini.com/)\n- [Twitter](https://twitter.com/sebastianscaini)\n- [itch](https://sebastianscaini.itch.io/)\n- [Gamejolt](https://sebastianscaini.gamejolt.io/)\n- [Newgrounds](https://sebastianscaini.newgrounds.com/)\n\n# Ludum Dare 46\n## [The Flame](https://sebastianscaini.itch.io/the-flame)\n![Gathering.gif](///raw/72e/d/z/2ef19.gif)\n\n# Ludum Dare 45\n## [Real-time Gardener](https://sebastianscaini.itch.io/real-time-gardener)\n![Flower.gif](///raw/72e/d/z/25c42.gif)\n\n# Ludum Dare 43\n## [Dark Roads](https://sebastianscaini.itch.io/dark-roads)\n![Gameplay 1.gif](///raw/72e/d/z/1ecc7.gif)\n\n# Ludum Dare 42\n## [When Life Gives You Lemons](https://sebastianscaini.itch.io/when-life-gives-you-lemons)\n![Gameplay 2.gif](///raw/72e/d/z/193e7.gif)\n\n# Ludum Dare 41\n## [Super Slime Slasher Ultra](https://sebastianscaini.itch.io/super-slime-slasher-ultra)\n![1172b.gif](///raw/72e/d/z/150cf.gif)\n\n# Ludum Dare 40\n## [Cult Classic](https://sebastianscaini.itch.io/cult-classic)\n![9VeTgu.png](///raw/72e/d/z/150d0.png)","meta":{"avatar":"///content/72e/d/z/1abc5.jpg"},"path":"/users/sebastianscaini","parents":[1,2],"love":0,"games":0,"articles":0,"posts":0}]}