{"status":200,"caller_id":0,"cached":[],"node":[{"id":40622,"parent":2,"superparent":1,"author":40622,"type":"user","subtype":"","subsubtype":"","published":"2017-07-29T00:09:27Z","created":"2017-07-29T00:09:27Z","modified":"2018-08-10T16:51:13Z","version":302245,"slug":"amastryukov","name":"AMastryukov","body":"I make games by experimenting with new ideas and gameplay mechanics.\n\nhttps://twitter.com/AMastryukov\n\nhttps://github.com/AMastryukov","meta":{"avatar":"///content/eae/9/z/317a2.png"},"path":"/users/amastryukov","parents":[1,2],"love":0,"games":0,"articles":0,"posts":0}]}