{"status":200,"caller_id":0,"cached":[],"node":[{"id":35692,"parent":2,"superparent":1,"author":35692,"type":"user","subtype":"","subsubtype":"","published":"2017-07-24T16:03:50Z","created":"2017-07-24T16:03:50Z","modified":"2019-09-29T15:12:51Z","version":484236,"slug":"r4ndomthunder","name":"R4ndomThunder","body":"**Hi! I'm Samuele Padalino, game and software developer, working in videogames industry as freelance. If you have a project that needs a developer and some creative injection then that's where I come in!**\n\n\nI started to develop in 2010, when I was still 13 years old. I started with a little 'trivial HTML and then continue with Game Maker and RPG Maker. Passing on Unity, a world opened up, I published my first videogame on the Google Play Store in 2016 and today I'm working on several projects that I hope one day will see the light.\n\n\nFor work needs I had to learn other things such as: Ruby, C ++, Java and more. Having studied C# applied to Unity, however, I focused on the study of the .Net framework that already had knowledge of C# was half the work. So to finish I can be considered a .Net Developer with the passion for the development of video games but without disdaining the other programming languages.\n\n**If you want you can see some of my works [here](https://samuelepadalino.dev)**\n","meta":{"avatar":"///content/c6b/8/z/253d8.jpg"},"path":"/users/r4ndomthunder","parents":[1,2],"love":0,"games":0,"articles":0,"posts":0}]}