{"status":200,"caller_id":0,"cached":[],"node":[{"id":161731,"parent":2,"superparent":1,"author":161731,"type":"user","subtype":"","subsubtype":"","published":"2019-09-24T07:29:06Z","created":"2019-09-24T07:29:06Z","modified":"2019-10-10T13:17:07Z","version":527472,"slug":"jnsoff","name":"JNSOFF","body":"Musicproducer and Sounddesigner for \"Time Shelter\", made for LD45.","meta":{"avatar":"///content/3c7/72/z/2532c.jpg"},"path":"/users/jnsoff","parents":[1,2],"love":0,"games":0,"articles":0,"posts":0}]}