{"status":200,"caller_id":0,"cached":[],"node":[{"id":144828,"parent":2,"superparent":1,"author":144828,"type":"user","subtype":"","subsubtype":"","published":"2019-04-24T07:08:12Z","created":"2019-04-24T07:08:12Z","modified":"2019-04-24T13:55:46Z","version":426559,"slug":"bauke-regnerus","name":"Bauke Regnerus","body":"Front-end developer, game designer, hiker, percussionist, loves World Rally Championship and drinks Grolsch beer.","meta":{"avatar":"///content/cb5/32/z/20386.jpg"},"path":"/users/bauke-regnerus","parents":[1,2],"love":0,"games":0,"articles":0,"posts":0}]}