{"status":200,"caller_id":0,"cached":[],"node":[{"id":164381,"parent":2,"superparent":1,"author":164381,"type":"user","subtype":"","subsubtype":"","published":"2019-10-02T11:45:29Z","created":"2019-10-02T11:45:29Z","modified":"2019-10-24T07:32:08Z","version":532018,"slug":"dontre","name":"Dontre","body":"Hello! My name is Manakhov Nadir and you can read  about me on my github page https://manakhovn.github.io\nMy account on old website http://ludumdare.com/compo/author/Dontre/","meta":[],"path":"/users/dontre","parents":[1,2],"love":0,"games":0,"articles":0,"posts":0}]}