{"status":200,"caller_id":0,"cached":[],"node":[{"id":33249,"parent":2,"superparent":1,"author":33249,"type":"user","subtype":"","subsubtype":"","published":"2017-07-13T09:20:42Z","created":"2017-07-13T09:20:42Z","modified":"2020-04-12T20:22:56Z","version":543928,"slug":"solah","name":"Solah","body":"Hi everybody! I'm Brice, from France. I'm currently an engineer in computer sciences and plan to run my own video game studio someday. I love music, mainly Heavy Metal (bands like Benighted, Opeth, Within Destruction, Estatic Fear...), Cinema (Blade Runner, The Wind Rises, 2001: A Space Odyssey, etc.) and for sure video Games. I really love the Metal Gear Solid, Pokemon and Zelda series.\n\nI mainly work with Unity and plan to start using FL Studio for music. One day or another I'll make 3D models with Blender and stop using GIMP for any sprite/UI element I swear ^^\".\n\nSee ya!","meta":{"avatar":"///content/1e1/8/z/2156f.png"},"path":"/users/solah","parents":[1,2],"love":0,"games":0,"articles":0,"posts":0}]}