{"status":200,"caller_id":0,"cached":[],"node":[{"id":57647,"parent":2,"superparent":1,"author":57647,"type":"user","subtype":"","subsubtype":"","published":"2017-12-01T07:50:43Z","created":"2017-12-01T07:50:43Z","modified":"2017-12-08T09:42:38Z","version":205111,"slug":"zanzavar","name":"zanzavar","body":"[Twitter](https://twitter.com/Zanzavar)\n\n[LinkedIn](https://www.linkedin.com/in/manoskalaitzoglou/)","meta":{"avatar":"///content/f21/e/z/dab4.jpg"},"path":"/users/zanzavar","parents":[1,2],"love":0,"games":0,"articles":0,"posts":0}]}