{"status":200,"caller_id":0,"cached":[],"node":[{"id":141104,"parent":2,"superparent":1,"author":141104,"type":"user","subtype":"","subsubtype":"","published":"2019-04-08T20:29:32Z","created":"2019-04-08T20:29:32Z","modified":"2019-04-21T10:11:21Z","version":423825,"slug":"zubspace","name":"zubspace","body":"Fulltime C# developer.\nFreetime game designer.\nCasual Blogger.\nMade in Switzerland.\n\nMostly working in Unity.\n\n[Here's my Website.](https://www.zubspace.com)","meta":{"avatar":"///content/037/22/z/203be.png"},"path":"/users/zubspace","parents":[1,2],"love":0,"games":0,"articles":0,"posts":0}]}