{"status":200,"caller_id":0,"cached":[],"node":[{"id":36509,"parent":2,"superparent":1,"author":36509,"type":"user","subtype":"","subsubtype":"","published":"2017-07-26T01:28:16Z","created":"2017-07-26T01:28:16Z","modified":"2017-08-02T03:18:51Z","version":132290,"slug":"terribly-awesome-games","name":"Terribly Awesome Games","body":"We're two students of architecture that decided that making games is pretty fun too...!","meta":{"avatar":"///content/d9e/8/z/8533.jpg"},"path":"/users/terribly-awesome-games","parents":[1,2],"love":0,"games":0,"articles":0,"posts":0}]}