{"status":200,"caller_id":0,"cached":[],"node":[{"id":155868,"parent":2,"superparent":1,"author":155868,"type":"user","subtype":"","subsubtype":"","published":"2019-05-02T03:58:08Z","created":"2019-05-02T03:58:08Z","modified":"2019-10-13T17:07:39Z","version":529510,"slug":"pedroso","name":"Pedroso","body":"Hello, nice to see you here :smiley:\n\nI'm Eduardo Pedroso, a brazilian game programmer and game design student. :space_invader:\n\nMy first Ludum Dare was the 45th.","meta":{"avatar":"///content/cd0/62/z/2543d.jpg"},"path":"/users/pedroso","parents":[1,2],"love":0,"games":0,"articles":0,"posts":0}]}