{"status":200,"caller_id":0,"cached":[],"node":[{"id":162351,"parent":2,"superparent":1,"author":162351,"type":"user","subtype":"","subsubtype":"","published":"2019-09-27T09:08:38Z","created":"2019-09-27T09:08:38Z","modified":"2019-10-08T05:14:15Z","version":521364,"slug":"sharkwithlasers","name":"SharkWithLasers","body":"Software Engineer by day, but have recently been dipping my toes into the world of game development. It's been a lot of fun!","meta":{"avatar":"///content/f2a/72/z/28a5e.jpg"},"path":"/users/sharkwithlasers","parents":[1,2],"love":0,"games":0,"articles":0,"posts":0}]}