{"status":200,"caller_id":0,"cached":[],"node":[{"id":162886,"parent":2,"superparent":1,"author":162886,"type":"user","subtype":"","subsubtype":"","published":"2019-09-29T14:15:54Z","created":"2019-09-29T14:15:54Z","modified":"2019-10-12T15:34:53Z","version":528909,"slug":"nordicebear","name":"nordicebear","body":"Game Dev as hobby.\n\n- [Itch.io](https://nordicebear.itch.io)\n\n- [Github](https://github.com/Nordicebear-Games)","meta":{"avatar":"///content/64c/72/z/25468.png"},"path":"/users/nordicebear","parents":[1,2],"love":0,"games":0,"articles":0,"posts":0}]}