{"status":200,"caller_id":0,"cached":[],"node":[{"id":81262,"parent":2,"superparent":1,"author":81262,"type":"user","subtype":"","subsubtype":"","published":"2018-04-19T11:25:17Z","created":"2018-04-19T11:25:17Z","modified":"2020-04-07T09:33:04Z","version":541010,"slug":"axel-louarn","name":"Axel LOUARN","body":"Follow me on my itch.io : https://axeyubi.itch.io/\n\n![1528390137-6860-card.png](///raw/e6d/31/z/2a2ac.png)","meta":[],"path":"/users/axel-louarn","parents":[1,2],"love":0,"games":0,"articles":0,"posts":0}]}