{"status":200,"caller_id":0,"cached":[],"node":[{"id":161910,"parent":2,"superparent":1,"author":161910,"type":"user","subtype":"","subsubtype":"","published":"2019-09-24T22:04:37Z","created":"2019-09-24T22:04:37Z","modified":"2019-09-24T22:11:59Z","version":482865,"slug":"emily-ghostbreze","name":"Emily Ghostbreze","body":"https://emily-ghostbreze.itch.io/","meta":{"avatar":"///content/678/72/z/29f1a.png"},"path":"/users/emily-ghostbreze","parents":[1,2],"love":0,"games":0,"articles":0,"posts":0}]}