{"status":200,"caller_id":0,"cached":[],"node":[{"id":464,"parent":2,"superparent":1,"author":464,"type":"user","subtype":"","subsubtype":"","published":"2016-11-25T14:00:48Z","created":"2016-11-25T14:00:48Z","modified":"2017-04-29T19:12:27Z","version":71541,"slug":"move127","name":"Move127","body":"I am currently working on my Ph.D. in philosophy. Ludum Dare is the only chance I get to make games now. Hopefully, that will change after I graduate.","meta":{"avatar":"///content/0d1/z/2bdc.png"},"path":"/users/move127","parents":[1,2],"love":0,"games":0,"articles":0,"posts":0}]}