{"status":200,"caller_id":0,"cached":[],"node":[{"id":165007,"parent":2,"superparent":1,"author":165007,"type":"user","subtype":"","subsubtype":"","published":"2019-10-03T05:30:13Z","created":"2019-10-03T05:30:13Z","modified":"2019-10-04T21:51:44Z","version":492139,"slug":"evlko","name":"evlko","body":"Today is exactly six months, as I finish the design document tomorrow.","meta":{"avatar":"///content/f84/82/z/25748.jpg"},"path":"/users/evlko","parents":[1,2],"love":0,"games":0,"articles":0,"posts":0}]}