{"status":200,"caller_id":0,"cached":[],"node":[{"id":8365,"parent":2,"superparent":1,"author":8365,"type":"user","subtype":"","subsubtype":"","published":"2016-12-09T22:49:38Z","created":"2016-12-09T22:49:38Z","modified":"2020-04-26T21:04:16Z","version":632816,"slug":"kevinworkman","name":"kevinworkman","body":"Hello! By day I work at Google, by night I write coding tutorials and example at [HappyCoding.io](https://happycoding.io).\n\nI'm on twitter [here](https://twitter.com/KevinAWorkman).\n\nHere is a picture of my cat Stanley:\n\n![Stanley](///raw/da0/2/z/2d050.jpg)\n\n","meta":{"avatar":"///content/da0/2/z/2d04c.png"},"path":"/users/kevinworkman","parents":[1,2],"love":0,"games":0,"articles":0,"posts":0}]}