{"status":200,"caller_id":0,"cached":[],"node":[{"id":97197,"parent":2,"superparent":1,"author":97197,"type":"user","subtype":"","subsubtype":"","published":"2018-05-20T13:21:27Z","created":"2018-05-20T13:21:27Z","modified":"2020-04-22T13:22:49Z","version":623075,"slug":"oda","name":"oda","body":"Hello!\n\nI'm a 29 years old French web developer, making games as a hobby.  \nI usually use Pico-8 or Godot engine, Aseprite, Inkscape and bfxr\n\nhttps://oda.itch.io/","meta":{"avatar":"///content/dab/71/z/14eea.png"},"path":"/users/oda","parents":[1,2],"love":0,"games":0,"articles":0,"posts":0}]}