{"status":200,"caller_id":0,"cached":[],"node":[{"id":8735,"parent":2,"superparent":1,"author":8735,"type":"user","subtype":"","subsubtype":"","published":"2016-12-10T01:52:53Z","created":"2016-12-10T01:52:53Z","modified":"2018-08-17T06:29:08Z","version":350312,"slug":"strega","name":"Strega","body":"Play Keeper of Balance my team's Ludum 42 Jam entry here:\n\nhttps://ldjam.com/events/ludum-dare/42/keeper-of-balance\n\n.","meta":{"avatar":"///content/f12/2/z/384d.jpg"},"path":"/users/strega","parents":[1,2],"love":0,"games":0,"articles":0,"posts":0}]}