{"status":200,"caller_id":0,"cached":[],"node":[{"id":761,"parent":2,"superparent":1,"author":761,"type":"user","subtype":"","subsubtype":"","published":"2016-11-26T18:30:26Z","created":"2016-11-26T18:30:26Z","modified":"2017-05-01T16:04:44Z","version":74653,"slug":"cyberstarlight","name":"CyberStarLight","body":"Ludum Dare 38 entry: https://ldjam.com/events/ludum-dare/38/orchardstra","meta":{"avatar":"///content/9f2/z/4108.png"},"path":"/users/cyberstarlight","parents":[1,2],"love":0,"games":0,"articles":0,"posts":0}]}