{"status":200,"caller_id":0,"cached":[],"node":[{"id":2932,"parent":2,"superparent":1,"author":2932,"type":"user","subtype":"","subsubtype":"","published":"2016-12-01T18:24:36Z","created":"2016-12-01T18:24:36Z","modified":"2019-09-15T20:24:14Z","version":481243,"slug":"thatrumme","name":"ThatRumme","body":"Rune Sønder. 23 years old. From Denmark. Programmer & level designer working in Unity + c#. \n\n[Twitter: ThatRumme](www.twitter.com/ThatRumme)\n","meta":{"avatar":"///content/47b/z/6b6e.png"},"path":"/users/thatrumme","parents":[1,2],"love":0,"games":0,"articles":0,"posts":0}]}