{"status":200,"caller_id":0,"cached":[409],"node":[{"id":409,"parent":2,"superparent":1,"author":409,"type":"user","subtype":"","subsubtype":"","published":"2016-11-25T06:37:12Z","created":"2016-11-25T06:37:12Z","modified":"2017-04-26T22:05:24Z","version":68740,"slug":"geckoo1337","name":"Geckoo1337","body":"Nothing really interesting :) excepted a real addiction for making games. I live in France near to Luxembourg - the country where I work. I started to develop games 5 years ago, using Unity since 4 years. \n\nЯ умею говорить по-русски - мой второй язык. Мне очень нравится славянская культура. Надеюсь, что смогу путешествовать по Кавказу в недалеком будущем. Вот! Вы знаете самое главное обо мне :)\n    \nLe cas échéant, si vous le voulez, je suis sur Twitter. Merci et bonne continuation à vous ++","meta":{"avatar":"///content/991/z/33f7.jpg"},"path":"/users/geckoo1337","parents":[1,2],"love":0,"games":0,"articles":0,"posts":0}]}