{"status":200,"caller_id":0,"cached":[],"node":[{"id":159955,"parent":2,"superparent":1,"author":159955,"type":"user","subtype":"","subsubtype":"","published":"2019-09-04T19:01:24Z","created":"2019-09-04T19:01:24Z","modified":"2019-09-04T19:11:29Z","version":480135,"slug":"kipkat","name":"kipkat","body":"#### A simple programmer. Anime fan, dubstep lover.\n\n**Github:** [github.com/kipkat](https://github.com/kipkat)\n\n**Itch.io:** [itch.io/profile/kipkat](https://itch.io/profile/kipkat)\n\n**Twitter:** [@_kipk](https://twitter.com/_kipk)\n","meta":{"avatar":"///content/3d0/72/z/251ef.png"},"path":"/users/kipkat","parents":[1,2],"love":0,"games":0,"articles":0,"posts":0}]}