{"status":200,"caller_id":0,"cached":[],"node":[{"id":140095,"parent":2,"superparent":1,"author":140095,"type":"user","subtype":"","subsubtype":"","published":"2019-03-25T12:08:56Z","created":"2019-03-25T12:08:56Z","modified":"2019-04-25T13:00:42Z","version":427916,"slug":"syudzius","name":"syudzius","body":"Artist \n\n[Twitter](https://twitter.com/syudzius)\n\n[Instagram](https://www.instagram.com/syudzius/)\n\n[ArtStation](https://www.artstation.com/syudzius)\n","meta":{"avatar":"///content/f33/22/z/28db9.jpg"},"path":"/users/syudzius","parents":[1,2],"love":0,"games":0,"articles":0,"posts":0}]}