{"status":200,"caller_id":0,"cached":[],"node":[{"id":2318,"parent":2,"superparent":1,"author":2318,"type":"user","subtype":"","subsubtype":"","published":"2016-11-30T00:17:09Z","created":"2016-11-30T00:17:09Z","modified":"2018-09-05T04:03:38Z","version":357725,"slug":"mao","name":"mao","body":"Mao, as in the sound a cat makes.\n\n---\n\nI'm going to use this space to rant about installers. If you have the option, make sure your game does not have one. They require admin privileges (nasty viruses!) and leave stuff on my computer.","meta":{"avatar":"///content/e09/z/2c00.png"},"path":"/users/mao","parents":[1,2],"love":0,"games":0,"articles":0,"posts":0}]}