{"status":200,"caller_id":0,"cached":[],"node":[{"id":1975,"parent":2,"superparent":1,"author":1975,"type":"user","subtype":"","subsubtype":"","published":"2016-11-29T09:01:16Z","created":"2016-11-29T09:01:16Z","modified":"2020-07-14T12:39:46Z","version":643169,"slug":"crazyrems","name":"crazyrems","body":"Making games for over 8 years.\n\nProgrammer/Artist/Sound Designer, I can make on my own or with a team.\n\nFeel free to check my games in the appropriate section or on my [itch profile][1].\n\nIf you really want to go deep, why not giving a look at all my places on this [Linktree][2]?\n\nThank you for passing by ❤ _(I already love you)_!\n\n[1]: https://crazyrems.itch.io/\n[2]: https://linktr.ee/crazyrems","meta":{"avatar":"///content/7b7/z/25314.png"},"path":"/users/crazyrems","parents":[1,2],"love":0,"games":0,"articles":0,"posts":0}]}