{"status":200,"caller_id":0,"cached":[],"node":[{"id":68283,"parent":2,"superparent":1,"author":68283,"type":"user","subtype":"","subsubtype":"","published":"2017-12-05T09:31:51Z","created":"2017-12-05T09:31:51Z","modified":"2020-04-22T11:33:15Z","version":622701,"slug":"tekses","name":"Tekses","body":"I make things pretty.\n\nA proud member of Beebo Studios. Check out our other games! \nhttps://ldjam.com/users/beebo-studios/games\n\n![BiBoStudios_Splashscreen.png](///raw/bba/01/z/1f526.png)","meta":{"avatar":"///content/bba/01/z/1f525.png"},"path":"/users/tekses","parents":[1,2],"love":0,"games":0,"articles":0,"posts":0}]}