{"status":200,"caller_id":0,"cached":[],"node":[{"id":138748,"parent":2,"superparent":1,"author":138748,"type":"user","subtype":"","subsubtype":"","published":"2019-01-24T08:06:11Z","created":"2019-01-24T08:06:11Z","modified":"2019-10-08T12:26:52Z","version":522540,"slug":"samuel-hollywood-summers","name":"Samuel Hollywood-Summers","body":"Sound Designer and Composer working in adaptive audio for games.\n\nhttps://samuelhollywoodsummers.wordpress.com/\n\nhttps://soundcloud.com/samuelhollywoodsummers\n\nhttps://twitter.com/shsSoundDesign","meta":{"avatar":"///content/cfd/12/z/28c34.jpg"},"path":"/users/samuel-hollywood-summers","parents":[1,2],"love":0,"games":0,"articles":0,"posts":0}]}