{"status":200,"caller_id":0,"cached":[],"node":[{"id":172015,"parent":2,"superparent":1,"author":172015,"type":"user","subtype":"","subsubtype":"","published":"2019-10-07T05:27:11Z","created":"2019-10-07T05:27:11Z","modified":"2019-10-08T20:04:47Z","version":524081,"slug":"aden","name":"Aden","body":"Im a new game dev with only 1 game released so far called Play & Quit","meta":{"avatar":"///content/fef/92/z/28ef9.png"},"path":"/users/aden","parents":[1,2],"love":0,"games":0,"articles":0,"posts":0}]}