{"status":200,"caller_id":0,"cached":[],"node":[{"id":15622,"parent":9405,"superparent":9,"author":11988,"type":"item","subtype":"game","subsubtype":"jam","published":"2017-04-25T01:40:48Z","created":"2017-04-21T21:00:36Z","modified":"2017-04-25T01:40:48Z","version":60634,"slug":"planetary-expansion","name":"Planetary Expansion","body":"![firefox_2017-04-24_17-47-21.png](///raw/4de/2/z/1dbd.png)\n\nYour planet is small but your population is constantly growing. Building factories and houses can keep your citizens happy for a while, but the limited space will eventually become a problem. \nBut there is a solution! With your trusty spaceship you can venture into the deep space, find rare minerals to improve the production rate of your factories and size of your houses, but also to blow up other tiny planets and use their remains to physically in crease your own planets size! \n\nOn top of that, a lot of things can be improved through research. \n\nIf your citizens are unhappy, you will eventually lose. How long can you survive?\n\n\n**Credits:**\n* **Programming & Concept:** SeriousCreeper (https://twitter.com/serious_creeper)\n* **Art:** Brock (http://arttilt.com/)\n\n\n**Play the game:**\n* **[WebGL](https://dl.dropboxusercontent.com/u/1658875/inDev/LD38/webgl/index.html)**\n* **[Windows](https://dl.dropboxusercontent.com/u/1658875/inDev/LD38/planetaryexpansion.zip)** \n* **[Source](https://bitbucket.org/Kiyaku/ld38)**\n\n\n![firefox_2017-04-24_17-48-30.png](///raw/4de/2/z/1dca.png)\n![firefox_2017-04-24_17-49-15.png](///raw/4de/2/z/1ddc.png)\n![firefox_2017-04-24_17-50-05.png](///raw/4de/2/z/1de7.png)\n![Unity_2017-04-24_17-52-38.png](///raw/4de/2/z/1df1.png)\n","path":"/events/ludum-dare/38/planetary-expansion","parents":[1,5,9,9405],"meta":[],"link":{"author":[11988]},"love":0,"notes":2,"notes-timestamp":"2017-05-01T19:14:05Z"}]}