{"status":200,"caller_id":0,"cached":[],"node":[{"id":15731,"parent":9405,"superparent":9,"author":10732,"type":"item","subtype":"game","subsubtype":"jam","published":"2017-04-24T22:32:19Z","created":"2017-04-21T21:07:36Z","modified":"2017-04-25T17:10:16Z","version":66179,"slug":"mayor-decisions","name":"Mayor Decisions","body":"A little point and click about everyday life as a small island's mayor...\nNote: there are three different endings, you might want to check them out ;)!\n\n![startmenu.png](///raw/ce9/2/z/18c5.png)\n\n![tttt.png](///raw/ce9/2/z/2633.png)\n\n-Links\n--Windows: (and maybe other desktops)\nhttps://drive.google.com/open?id=0B2jcBsJI3QMLRU5CYm9HZW44R0U\n\nFusionnist: Code + Art\nRobert Keder: Sound + Art\nDistorter: Code","path":"/events/ludum-dare/38/mayor-decisions","parents":[1,5,9,9405],"meta":{"cover":"///content/ce9/2/z/3971.png"},"link":{"author":[10732]},"love":0,"notes":3,"notes-timestamp":"2017-05-03T20:36:05Z"}]}