{"status":200,"caller_id":0,"cached":[],"node":[{"id":16322,"parent":9405,"superparent":9,"author":3010,"type":"item","subtype":"game","subsubtype":"compo","published":"2017-04-24T00:58:52Z","created":"2017-04-21T21:55:55Z","modified":"2017-05-03T05:17:30Z","version":77479,"slug":"small-world-resort-manager","name":"Small World Resort Manager","body":"Dive into the exciting world of holiday resort management, courtesy of Small World Resorts!\n\n![ld38.jpg](///raw/2cb/z/337f.jpg)ively complete, barring any bugs (this is my first Compo entry so the time pressure hit much harder). Let me know if you encounter any issues, I'll fix them as soon as I can. Due to time constraints, I wasn't able to get two features in that I really wanted: \"garbage on the island + janitors\" and \"buying new land\". It sucks, because it probably would have taken only two more hours...\n\nThe controls should be relatively self-explanatory. It's a pixelated tycoon-type game. \n\nDidn't have time for music, so you might want to queue up some Reggae or something ;)\n\nPost your highscore in the comments below!\n\n# Links\n\nWindows: http://openfu.com/ld/ld38-files/SmallWorldResortManager_Windows.zip\n\nMac OS X: http://openfu.com/ld/ld38-files/SmallWorldResortManager_OSX.zip\n\nLinux: http://openfu.com/ld/ld38-files/SmallWorldResortManager_Linux.zip\n\nWeb: http://openfu.com/ld/ld38/ (only tested on Chrome, try the download version if unsure)\n\nSource: http://openfu.com/ld/ld38-files/ld38.compo.zip\n\nTimelapse: https://www.youtube.com/watch?v=kabcjCC_FMc\n\n# Post-LD Changelog\n\n- fixed a bug that would sometimes cause a harbor building not to show up when playing the browser version\n- fixed a problem with the max tourist spawn (it's now limited by the number of harbors)\n- hopefully fixed a bug that sometimes causes overlays not to show up\n- removed MP3 version of the sound effects, as that might cause some browsers to hickup\n- based on user feedback: revised the cost of buildings so you can't screw your game up at the beginning\n\n# How it was made\n\nThis game was made from scratch with the Pixi.js (http://www.pixijs.com/) library, also: Howler.js (https://howlerjs.com/), jQuery (https://jquery.com/), Minibars (https://github.com/udo/minibars), Pathfinding.js (https://github.com/qiao/PathFinding.js/), and a custom font: http://www.dafont.com/press-start-2p.font","path":"/events/ludum-dare/38/small-world-resort-manager","parents":[1,5,9,9405],"meta":{"cover":"///content/2cb/z/3380.jpg"},"link":{"author":[3010]},"love":0,"notes":11,"notes-timestamp":"2017-05-04T01:33:04Z"}]}