{"status":200,"caller_id":0,"cached":[],"node":[{"id":15276,"parent":9405,"superparent":9,"author":1432,"type":"item","subtype":"game","subsubtype":"compo","published":"2017-04-24T01:23:41Z","created":"2017-04-21T20:41:05Z","modified":"2017-04-24T01:23:41Z","version":44375,"slug":"tinyworldtd","name":"TinyWorldTD","body":"![1.png](///raw/895/z/c91.png)\n\n\n**TinyWorldTD** Is a partially completed Tower Defence game involving moons defending a small planetoid.\n\n## Links\n* **PLAY IT!:** http://tobypinderludumdare38.herokuapp.com/\n* **TWITTER:** https://twitter.com/tobypinder\n* **MASTODON:** https://mastodon.social/@tobypinder\n* **PERSONAL SITE (MORE LD GAMES!):** http://tobypinder.com\n* **SOURCE CODE:** https://github.com/tobypinder/ludumdare38\n\n## More Screenshots\n![2.png](///raw/895/z/c93.png)","path":"/events/ludum-dare/38/tinyworldtd","parents":[1,5,9,9405],"meta":[],"link":{"author":[1432]},"love":0,"notes":2,"notes-timestamp":"2017-05-04T01:29:35Z"}]}