{"status":200,"caller_id":0,"cached":[],"node":[{"id":16720,"parent":9405,"superparent":9,"author":9947,"type":"item","subtype":"game","subsubtype":"compo","published":"2017-04-23T23:33:26Z","created":"2017-04-21T22:28:54Z","modified":"2017-05-01T13:54:09Z","version":74233,"slug":"small-planets","name":"Mini Planets","body":"Our cylindrical hero is stuck in space among many small planets! Get between them by jumping and using cannons to get to the end of the level! Collect coins, but beware the strange T-posed things!\n\n# Made with:\n\n * [Unity 5](https://unity3d.com) game engine\n * [Blender](https://www.blender.org) for models\n * [The GIMP](https://gimp.org) for textures\n * [beepbox](http://beepbox.co) for music\n * [bfxr](http://www.bfxr.net) for sound effects\n\n# Links:\n\n * [Play on web (more buggy than other versions, and sky might be bright blue)](https://williambl.github.io/LD38/)\n * [Mac](https://williambl.github.io/LD38/miniPlanets-mac.zip)\n * [Linux](https://williambl.github.io/LD38/miniPlanets-linux.zip)\n * [Windows](https://williambl.github.io/LD38/miniPlanets-win.zip)\n * [Source Code](https://github.com/williambl/LD38/)\n\n# Known Issues:\n\n * Currently, none!\n ","path":"/events/ludum-dare/38/small-planets","parents":[1,5,9,9405],"meta":{"cover":"///content/bd6/2/z/343d.png","grade-08-out":"1","grade-07-out":"1"},"link":{"author":[9947]},"love":0,"notes":6,"notes-timestamp":"2017-05-03T21:24:00Z"}]}