{"status":200,"caller_id":0,"cached":[],"node":[{"id":15179,"parent":9405,"superparent":9,"author":15091,"type":"item","subtype":"game","subsubtype":"jam","published":"2017-04-24T20:27:36Z","created":"2017-04-21T20:34:10Z","modified":"2017-04-25T19:57:29Z","version":66622,"slug":"keypuppers","name":"KeyPuppers","body":"![keypuppers_splashv2.png](///raw/3fa/3/z/15e6.png)\n\nPlay the game here:\n\nhttps://antaresvaldemar.itch.io/keypuppers\n\nThis is my entry to LDJam 38!\nYour keyboard is a small world, and these small but energetic puppers love it! Can you keep up with them?\n\n![keypuppers_screenshot1b.jpg](///raw/3fa/3/z/185a.jpg)\n\n![keypuppers_screenshot2.jpg](///raw/3fa/3/z/17d9.jpg)\n\nThis is my first time entering a game jam, and my first time creating a complete game.\n\nWatch a game creation timelapse here:\nhttps://www.youtube.com/watch?v=IVGMHO0HJ4A\n\nIf you enjoyed the game please let me know!\n\nTools used:\n\nUnity5\nBlender\nClip Studio Paint\nProtools","path":"/events/ludum-dare/38/keypuppers","parents":[1,5,9,9405],"meta":{"cover":"///content/3fa/3/z/334c.png"},"link":{"author":[15091]},"love":0,"notes":41,"notes-timestamp":"2017-05-03T18:32:45Z"}]}