{"status":200,"caller_id":0,"cached":[],"node":[{"id":16058,"parent":9405,"superparent":9,"author":13971,"type":"item","subtype":"game","subsubtype":"jam","published":"2017-04-25T02:02:29Z","created":"2017-04-21T21:32:39Z","modified":"2017-04-25T16:05:57Z","version":66012,"slug":"astrokeeper","name":"AstroKeeper","body":"![astro_ss.png](///raw/396/3/z/20bd.png)\n\nAstroKeeper is a shoot-em-up where you need to defend your little planet from threat by shooting.\n\nThis is our first finished game.\n\n### Commands:\n* 'A' and 'D' to rotate\n* 'Left Mouse Button' to Shoot.\n\n### Download page (Windows/Linux):\nhttps://luk3.itch.io/astrokeeper\n\n_(Updated to include Linux and x64 builds)_","path":"/events/ludum-dare/38/astrokeeper","parents":[1,5,9,9405],"meta":[],"link":{"author":[13971,15039,15089]},"love":0,"notes":1,"notes-timestamp":"2017-05-04T03:43:48Z"}]}