{"status":200,"caller_id":0,"cached":[],"node":[{"id":16669,"parent":9405,"superparent":9,"author":12551,"type":"item","subtype":"game","subsubtype":"jam","published":"2017-04-25T01:04:23Z","created":"2017-04-21T22:25:25Z","modified":"2017-04-30T23:26:23Z","version":72551,"slug":"outworn-instinct","name":"OUTWORN INSTINCT","body":"We would like to present our game to you. This is a psychological drama with elements of surrealism. The room of the protagonist became a trap for him. Leaving it, he always returns to it. Only the tasks change. The fate of the protagonist and his internal conflicts are embodied in reality. He will have to find answers to questions that have long tormented him or forever lost his way in the phantasmagoric world.\n\n* **SCREENSHOTS:**\n\n![Screen 1.png](///raw/701/3/z/252f.png)\n\n![Screen 2.png](///raw/701/3/z/2533.png)\n\nhttps://www.youtube.com/watch?v=jcwzRh8ZIVE\n\n## Links\n* **WebGL:** http://u92313dg.bget.ru\n\n* **Windows:** https://siberiancyborgs.itch.io/outworn-instinct\n\n\n\n","path":"/events/ludum-dare/38/outworn-instinct","parents":[1,5,9,9405],"meta":[],"link":{"author":[12551]},"love":0,"notes":7,"notes-timestamp":"2017-05-01T17:20:20Z"}]}