{"status":200,"caller_id":0,"cached":[],"node":[{"id":15459,"parent":9405,"superparent":9,"author":12882,"type":"item","subtype":"game","subsubtype":"jam","published":"2017-04-25T10:33:48Z","created":"2017-04-21T20:52:09Z","modified":"2017-05-01T21:23:29Z","version":75395,"slug":"tiny-ranger","name":"Tiny Ranger","body":"A miniature Metroidvania made in 72 hours for LD 38.\n\nStarring Tyrone Ragnarok (AKA Tiny Ranger),\nAs he attempts to escape The Dungeon.\nWith a (Small) Open world with Different routes to take,\nCarve your own path through the Dungeon and emerge Victorious\n\nNOTE BEFORE PLAYING:Currently there is a bug in the WebGL version,\nwherein the UI doesn't show up for a reason I'm not sure of,\nThe game is perfectly playable without it, but to fix it, enter fullscreen on the website.\nWeb Version & Download-\nhttps://crimid.itch.io/tiny-ranger\n\nNOTICE:\nWe plan on continuing development on tiny ranger and releasing a more polished (and fun) build,\nfollow the TinyRanger twitter page to get notified when we release the final version.\nhttps://twitter.com/TinyRangerGame","path":"/events/ludum-dare/38/tiny-ranger","parents":[1,5,9,9405],"meta":{"grade-06-out":"1","cover":"///content/252/3/z/31f4.png"},"link":{"author":[12882]},"love":0,"notes":15,"notes-timestamp":"2017-05-02T17:37:11Z"}]}