{"status":200,"caller_id":0,"cached":[],"node":[{"id":16616,"parent":9405,"superparent":9,"author":9631,"type":"item","subtype":"game","subsubtype":"compo","published":"2017-04-23T20:16:30Z","created":"2017-04-21T22:21:13Z","modified":"2017-04-23T20:16:30Z","version":37467,"slug":"no-parking","name":"No Parking","body":"\n![towin.PNG](///raw/f95/2/z/3c3.png)\n\n**No Parking** is a game about planets and what happens when they are illegally parked. See, the thing about towing planets is that you have to be extra careful. If the planet gets destroyed, there's no one around to pay the ticket!\n\n## CONTROLS:\n\nWASD or Arrow Keys -> Move\n\nEnter -> Start game\n\nEscape -> Quit game\n\n## Links:\n\n[WebGL](http://agumander.s3-website-us-east-1.amazonaws.com/LD38/)\n\n[WINDOWS](https://s3.amazonaws.com/agumander/LD38/PlanetTow-Win.zip)\n\n[OSX](https://s3.amazonaws.com/agumander/LD38/PlanetTow-OSX.zip)\n\n[LINUX](https://s3.amazonaws.com/agumander/LD38/PlanetTow-Linux.zip)\n\n\nThanks for checking out my project, and here's the whole project on [GitHub](https://github.com/clydeshaffer/LD38)!","path":"/events/ludum-dare/38/no-parking","parents":[1,5,9,9405],"meta":{"cover":"///content/f95/2/z/35ff.png"},"link":{"author":[9631]},"love":0,"notes":1,"notes-timestamp":"2017-05-02T19:46:07Z"}]}