{"status":200,"caller_id":0,"cached":[],"node":[{"id":16423,"parent":9405,"superparent":9,"author":12791,"type":"item","subtype":"game","subsubtype":"jam","published":"2017-04-25T02:03:14Z","created":"2017-04-21T22:04:48Z","modified":"2017-04-25T03:11:28Z","version":63224,"slug":"yuugen","name":"Yuugen (幽玄)","body":"![1Y7glml.png](///raw/7f1/3/z/20a6.png)\n​_Yuugen (幽玄)_ is a game about life and death, existence, and the lack thereof. Enjoy viewing a low poly world as it grows, and eventually falls.![QstlOYK.jpg](///raw/7f1/3/z/202a.jpg)\n\nhttp://twitter.com/drcreo - Programming, 3D Models, FX  \nhttp://twitter.com/DeathGameDev - Programming, UI, FX  \nKeys - Sound (Will add twitter handle when he wakes up, :P )  \n  \n**Download Link:**\nhttp://deathdev.itch.io/yuugen","path":"/events/ludum-dare/38/yuugen","parents":[1,5,9,9405],"meta":{"cover":"///content/7f1/3/z/322c.png"},"link":{"author":[12791]},"love":0,"notes":2,"notes-timestamp":"2017-05-01T18:05:02Z"}]}