{"status":200,"caller_id":0,"cached":[],"node":[{"id":16060,"parent":9405,"superparent":9,"author":14925,"type":"item","subtype":"game","subsubtype":"jam","published":"2017-04-25T00:33:36Z","created":"2017-04-21T21:32:40Z","modified":"2017-04-25T12:12:34Z","version":65363,"slug":"miniracer","name":"MiniRacer","body":"![screenshot1.PNG](///raw/d4a/3/z/1cd3.png)\nA fast-pace endless arcade obstacle course/racing... with toy cars.\n\nControls:\n\nwasd/arrow keys to move\npress R to restart \n\nCredits:\n\nConcept: CoderC\n\nCoding: CoderC, boredDev, Ayy\n\nMusic/Sounds: Benjo\n\nLevel Design: boredDev, Ayy\n\nArt: Ayy\n\n\nWEB(Itch.io) https://ayyamthe1.itch.io/miniracer\n","path":"/events/ludum-dare/38/miniracer","parents":[1,5,9,9405],"meta":[],"link":{"author":[14925]},"love":0,"notes":1,"notes-timestamp":"2017-04-25T13:08:57Z"}]}