{"status":200,"caller_id":0,"cached":[],"node":[{"id":15284,"parent":9405,"superparent":9,"author":9842,"type":"item","subtype":"game","subsubtype":"compo","published":"2017-04-23T22:02:11Z","created":"2017-04-21T20:41:25Z","modified":"2017-04-28T19:20:15Z","version":70860,"slug":"woodcutters","name":"Woodcutters","body":"A little Web Puzzle Game. \n\nIts about setting tiles correct to earn resources that are needed to pass the levels.\n\nIt only works on Desktop with a Web Browser.\n\nYou can control the field where you want to set your tile by pressing the arrow keys on your keyboard. The place to set your tile is visualized as a semitransparent yellow overlay. Press Space to place a Tile in a free field. \n\nYou can play it [here](https://florianfe.github.io/woodcutters).\n\n\nScreenshots:\n\nhttp://florianfe.github.io/woodcutters/screenshots/screenshot-1.png\nhttp://florianfe.github.io/woodcutters/screenshots/screenshot-2.png\nhttp://florianfe.github.io/woodcutters/screenshots/screenshot-3.png\n\n","path":"/events/ludum-dare/38/woodcutters","parents":[1,5,9,9405],"meta":[],"link":{"author":[9842]},"love":0,"notes":3,"notes-timestamp":"2017-05-04T04:13:47Z"}]}