{"status":200,"caller_id":0,"cached":[],"node":[{"id":15353,"parent":9405,"superparent":9,"author":12827,"type":"item","subtype":"game","subsubtype":"jam","published":"2017-04-25T01:06:54Z","created":"2017-04-21T20:45:20Z","modified":"2017-04-25T14:45:53Z","version":65742,"slug":"frayliens","name":"Frayliens","body":"Aliens! Duh! Kill 'em!\nHow many waves of 'em can you survive?\n\nMade in 72 hours from scratch.\n\nLink(Windows): https://sohomsahaun.itch.io/frayliens","path":"/events/ludum-dare/38/frayliens","parents":[1,5,9,9405],"meta":[],"link":{"author":[12827]},"love":0,"notes":2,"notes-timestamp":"2017-05-03T21:50:39Z"}]}