{"status":200,"caller_id":0,"cached":[],"node":[{"id":15385,"parent":9405,"superparent":9,"author":14406,"type":"item","subtype":"game","subsubtype":"jam","published":"2017-04-24T14:33:44Z","created":"2017-04-21T20:47:15Z","modified":"2017-04-24T14:33:44Z","version":49725,"slug":"to-kill-a-planetingbird","name":"To Kill a Planetingbird","body":"\n![planetingBirdScreenshot2.PNG](///raw/648/3/z/1236.png)\n![planetingBirdScreenshot.PNG](///raw/648/3/z/123a.png)\n\nI first wanted to release this for the compo, but alas rl got into the way. Here it is then in Jam-form. \n\nYour goal in this game is to get as many points with as few \"weapons\" as possible. It's a puzzle/simulation game. You get more points if you hit cities, then factories and then hamlets/towns. The more people you manage to destroy the better. You lose points for each weapon you use, each citizen left standing, as well as hitting the moon.\n\n\nFeatures:\n\n-Fully automated asteroid hurling\n\n-Homing missiles\n\n-Destruction on a small world scale\n\n-Amazing looping theme by yours truly\n\n-Caffeine fueled graphics\n\n-_Almost_ stable codebase\n\n**DOWNLOAD:**https://djfurbal.itch.io/to-kill-a-planetingbird\n\n**SOURCE:** https://goo.gl/7lH4wU","path":"/events/ludum-dare/38/to-kill-a-planetingbird","parents":[1,5,9,9405],"meta":[],"link":{"author":[14406]},"love":0,"notes":4,"notes-timestamp":"2017-05-02T18:02:49Z"}]}