{"status":200,"caller_id":0,"cached":[],"node":[{"id":15213,"parent":9405,"superparent":9,"author":13930,"type":"item","subtype":"game","subsubtype":"compo","published":"2017-04-24T00:59:22Z","created":"2017-04-21T20:36:35Z","modified":"2017-05-02T15:01:13Z","version":76598,"slug":"gravity-trails","name":"Gravity Trails","body":"![2ddb.png](///raw/a66/3/z/39d8.png)\n\n![Untitled-2.png](///raw/a66/3/z/2dda.png)\n\nhop from tiny planet to tiny planet to deliver a letter!\n\n- **[game here](https://electr1ca.itch.io/gravity-trails)**\n\n- **[source code here (includes html and game maker files)](https://www.dropbox.com/s/lggj7k1csh1bgio/gtrails.zip?dl=0)**\n\nmade using gamemaker: studio, fl studio, and bfxr","path":"/events/ludum-dare/38/gravity-trails","parents":[1,5,9,9405],"meta":{"cover":"///content/a66/3/z/39b9.png"},"link":{"author":[13930]},"love":0,"notes":4,"notes-timestamp":"2017-05-03T23:02:13Z"}]}