{"status":200,"caller_id":0,"cached":[],"node":[{"id":15806,"parent":9405,"superparent":9,"author":2485,"type":"item","subtype":"game","subsubtype":"jam","published":"2017-04-24T21:08:31Z","created":"2017-04-21T21:12:23Z","modified":"2017-04-26T11:08:38Z","version":67935,"slug":"my-small-world-1","name":"My Small World","body":"![Ld38_073.png](///raw/5b9/z/16ff.png)\n\nNot much of a game rather the idea of the game it could become (but didn't).\n\nKeep the protagonist from the suicide by preforming simple activities.\n\n* **[▶ Play Online](https://miriti.itch.io/my-small-world)**\n* [Source Code (haxe)](https://github.com/miriti/ld38)","path":"/events/ludum-dare/38/my-small-world-1","parents":[1,5,9,9405],"meta":[],"link":{"author":[2485]},"love":0,"notes":0}]}