{"status":200,"caller_id":0,"cached":[],"node":[{"id":15999,"parent":9405,"superparent":9,"author":9979,"type":"item","subtype":"game","subsubtype":"jam","published":"2017-04-25T01:08:18Z","created":"2017-04-21T21:27:00Z","modified":"2017-04-25T02:23:49Z","version":62213,"slug":"a-small-world-16","name":"A Small World","body":"![fishImage.png](///raw/bf6/2/z/20f6.png)\n\n \n## Links\n* Game: https://drunkbearzz.itch.io/a-small-world-jam\n* SourceCode: https://github.com/Matej69/ASmallWorld \n\n","path":"/events/ludum-dare/38/a-small-world-16","parents":[1,5,9,9405],"meta":[],"link":{"author":[9979]},"love":0,"notes":1,"notes-timestamp":"2017-05-01T04:04:04Z"}]}