{"status":200,"caller_id":0,"cached":[],"node":[{"id":15227,"parent":9405,"superparent":9,"author":821,"type":"item","subtype":"game","subsubtype":"compo","published":"2017-04-23T21:19:12Z","created":"2017-04-21T20:37:21Z","modified":"2017-05-01T18:40:48Z","version":74990,"slug":"a-small-world","name":"A small world","body":"![screengrab.PNG](///raw/533/z/474.png)\n\nThis is more of a short (really really short) story than a game, a bit experimental by my standards, as I wanted to try build more narrative into my games.  Unfortunately I wasn't able to fully commit this weekend but because of the occasion I wanted to contribute something.\n\nThe game is built with godot, and builds are available for html, windows, linux and mac.  Any issue please let me know, unfortunately I cannot test the mac build.\n\nPlease leave a comment below so I can play your game also.\n\nThanks\n\nEdit: I have noticed a bug where text does not play on the closing scene, so far I have only seen it happen in the web build.\n\nHtml5, Win, Linux + Mac: https://coderdozer.itch.io/a-small-world\n\nSource: https://github.com/wtarr/Ludum-Dare-38\n\n","path":"/events/ludum-dare/38/a-small-world","parents":[1,5,9,9405],"meta":{"cover":"///content/533/z/3592.png"},"link":{"author":[821]},"love":0,"notes":12,"notes-timestamp":"2017-05-02T23:36:10Z"}]}