{"status":200,"caller_id":0,"cached":[],"node":[{"id":16132,"parent":9405,"superparent":9,"author":2685,"type":"item","subtype":"game","subsubtype":"compo","published":"2017-04-23T21:07:53Z","created":"2017-04-21T21:40:06Z","modified":"2017-04-24T00:49:13Z","version":42929,"slug":"its-a-small-world-so-lets-crash-it-into-things","name":"It's a Small World, So Let's Crash It into Things","body":"**Explore a universe of over 18 quintillion planets, and crash into them.**\n\n[**Download and play it here (WebGL version available, download recommended)**](https://simonhutchinson.itch.io/its-a-small-world-so-lets-crash-it-into-things)\n\n![Screen Shot 2017-04-23 at 3.56.08 PM.png](///raw/d7a/z/5fb.png)\n\n*Use the arrows to crash into worlds smaller than yours to increase your planet's surface area, and allow for a larger population! Avoid the Dark Star until your population is ready!*\n\n(With regards to *Katamari* and *Sinistar*)\n\n[Source](https://www.dropbox.com/s/mcxeaj3qjox3f02/Ludum%20Dare%2038.zip?dl=0)","path":"/events/ludum-dare/38/its-a-small-world-so-lets-crash-it-into-things","parents":[1,5,9,9405],"meta":{"cover":"///content/d7a/z/3250.png"},"link":{"author":[2685]},"love":0,"notes":81,"notes-timestamp":"2017-05-04T08:58:10Z"}]}