{"status":200,"caller_id":0,"cached":[],"node":[{"id":15912,"parent":9405,"superparent":9,"author":1810,"type":"item","subtype":"game","subsubtype":"compo","published":"2017-04-23T22:58:55Z","created":"2017-04-21T21:20:17Z","modified":"2017-04-23T22:59:43Z","version":40366,"slug":"the-world-of-bees","name":"The World of Bees","body":"Step into the *small world* of bees!\n\nFor my second Ludum Dare I tackled a strategy game focused on the lives of bees in a honeycomb. The mechanics of the game are here, though in it's current state, the game has no win or loss conditions. I'd like to mark it down as a proof of concept, and the experience I've gained from it has been highly valuable.\n\nI hope whoever plays fills in the blanks and understands where the scope of the game was headed, so enjoy!\n\n**Gameplay:**\nIn this turn-based strategy game, send your bees into the wild to bring back pollen and create honey for your colony to survive. Keep your bees happy by feeding them well, and providing them with adequate housing, to avoid overcrowding.\n\nHere is a link to the game while the site gets patched up: https://laurenceduffy.itch.io/the-world-of-bees","path":"/events/ludum-dare/38/the-world-of-bees","parents":[1,5,9,9405],"meta":{"grade-06-out":"1","grade-07-out":"1","grade-08-out":"1"},"link":{"author":[1810]},"love":0,"notes":1,"notes-timestamp":"2017-04-24T17:35:24Z"}]}