{"status":200,"caller_id":0,"cached":[],"node":[{"id":16261,"parent":9405,"superparent":9,"author":3777,"type":"item","subtype":"game","subsubtype":"jam","published":"2017-04-25T03:39:36Z","created":"2017-04-21T21:51:11Z","modified":"2017-05-02T00:42:49Z","version":75711,"slug":"a-weeks-passing","name":"A Week's Passing","body":"![Cover3.png](///raw/1ce/z/2773.png)\n![screen_3840x2160_2017-04-25_18-43-13.png](///raw/1ce/z/2771.png)\n\n# Description\n\n*A Week's Passing* is a short video game made for Ludum Dare 38. In it, you take the role of a student over the course of a school week.\n\nThis game *does* implement the theme.\n\nEverything was made by Iseeicy on the Unity Engine, with the exception of most ambient noise, and Unity's default FPSController. This means that I had to code, model, texture (sort of), write, and design the entire game. Most of the sound effects were actually recorded by me, but for ambiance I had to cave and download some online.\n\n# Voting Category Opt-outs\n\n- Audio\n\n# Links\n\nIf you have Windows, please play the Windows version of my game. It runs better, looks nicer, and is much more stable in general.\n\nThe web version of A Week's Passing is a bit unstable. In the rare case that you run into mouse problems or you fall through the world, download the Windows version instead.\n\n- [Web (EXPERIMENTAL HTML5)(v1.1)](https://iseeicy.itch.io/a-weeks-passing-html5)\n- [Windows (All Versions)](https://iseeicy.itch.io/a-weeks-passing)\n\n\n### |- CHANGELOG -|\n\n* (v1.1) - Fixed collisions on the PC\n* (v1.1) - Fixed UI scaling bug\n\n\n* (v1.2 POST-LD) - Touched up the home area by adding more stuff and making the front door more apparent\n* (v1.2 POST-LD) - Added new footstep sounds\n* (v1.2 POST-LD) - Made student's shirts randomize colors\n* (v1.2 POST-LD) - Updated the bus stop area to look a bit nicer\n* (v1.2 POST-LD) - Gave interactable objects an arrow that appears above them\n* (v1.2 POST-LD) - Added music to the main menu\n* (v1.2 POST-LD) - Fixed a texture import bug where NPC textures were filtered incorrectly\n* (v1.2 POST-LD) - Fixed a bug where the \"quest\" text would flash before fading in\n\n\n* (v1.3 POST-LD) - Tweaked a few sounds\n* (v1.3 POST-LD) - Added a camera focusing feature that moves the camera towards an NPC that's addressing the player.\n* (v1.3 POST-LD) - Modeled a cool alarm clock","path":"/events/ludum-dare/38/a-weeks-passing","parents":[1,5,9,9405],"meta":{"grade-06-out":"1","cover":"///content/1ce/z/3b58.png"},"link":{"author":[3777]},"love":0,"notes":15,"notes-timestamp":"2017-05-01T19:35:25Z"}]}