{"status":200,"caller_id":0,"cached":[],"node":[{"id":16126,"parent":9405,"superparent":9,"author":14244,"type":"item","subtype":"game","subsubtype":"compo","published":"2017-04-23T21:28:02Z","created":"2017-04-21T21:39:35Z","modified":"2017-04-23T22:26:05Z","version":39774,"slug":"skyways","name":"SkyWays","body":"SkyWays.\n\nSkyWays is a game inspired by Skyroads with its own twist. Navigate the solar system and find new planets to take on their \"Sky HighWays\". Fly into the planets' rings to begin your stage. \n\nP.S. Be sure to look at the planets map screenshot showing the location of each of the 4 planets!\n\nGLHF:)\n\n\n\nGoogle Drive Link: \nhttps://drive.google.com/drive/folders/0B13g3FsdXQ4MUGp5anQzb20zams?usp=sharing \n","path":"/events/ludum-dare/38/skyways","parents":[1,5,9,9405],"meta":[],"link":{"author":[14244]},"love":0,"notes":15,"notes-timestamp":"2017-05-04T07:10:56Z"}]}