{"status":200,"caller_id":0,"cached":[],"node":[{"id":16334,"parent":9405,"superparent":9,"author":16326,"type":"item","subtype":"game","subsubtype":"jam","published":"2017-04-25T03:01:57Z","created":"2017-04-21T21:56:41Z","modified":"2017-05-03T05:59:18Z","version":77498,"slug":"eater-of-worlds","name":"Eater of Worlds","body":"![title.png](///raw/6cf/3/z/2273.png)\n\nEat to survive! Controls are WASD, ram planets with enough speed to destroy them!  \n\n*Edit 5/2/2017 Smoother camera follow, hopefully no more migraine, and reduced webGL quality in build hopefully that fixes crashes.*  \n\nSource: https://github.com/curopium/Eater-Of-Worlds\n\nOnline Player: https://curopium.github.io/Eater-Of-Worlds/\n\nDownload: https://github.com/curopium/Eater-Of-Worlds/releases/download/0.1.1/EaterOfWorlds.zip","path":"/events/ludum-dare/38/eater-of-worlds","parents":[1,5,9,9405],"meta":{"grade-06-out":"1"},"link":{"author":[16326,15512]},"love":0,"notes":1,"notes-timestamp":"2017-05-01T10:13:30Z"}]}