{"status":200,"caller_id":0,"cached":[],"node":[{"id":15588,"parent":9405,"superparent":9,"author":246,"type":"item","subtype":"game","subsubtype":"jam","published":"2017-04-25T01:40:45Z","created":"2017-04-21T20:58:43Z","modified":"2017-04-25T01:40:45Z","version":60632,"slug":"spherit","name":"Spherit","body":"![Media_Render_04.jpg](///raw/6f/z/1ee0.jpg)\n\nMrDinosaur Here, Looks like my partner, Holofire, might not be around during submission. And hes the programmer, so I'm a little stuck. I only have a debugging build to submit.\n\nFollow the adventures of Alexa as she builds up her spirit to take on a larger world.\n\nYou play as Alexa in small world that you can expand as time progresses and you complete tasks; assigned by the spirit tree.\n\nDownload: https://dinofiregames.itch.io/spherit\n\nFurther updates will be added in future. Namely, when Holofire resurfaces.","path":"/events/ludum-dare/38/spherit","parents":[1,5,9,9405],"meta":[],"link":{"author":[246,3880]},"love":0,"notes":1,"notes-timestamp":"2017-04-29T11:21:21Z"}]}