{"status":200,"caller_id":0,"cached":[],"node":[{"id":15171,"parent":9405,"superparent":9,"author":11902,"type":"item","subtype":"game","subsubtype":"compo","published":"2017-04-24T01:47:32Z","created":"2017-04-21T20:33:47Z","modified":"2017-04-30T12:50:11Z","version":72045,"slug":"small-kingdoms-1","name":"Small Kingdoms","body":"[![update02b.gif](///raw/e7e/2/z/da3.gif)](https://anarbitrarymustache.itch.io/ld38-small-kingdom!)\n\nA (very) simple, turn-based strategy game that plays on only a 5x3 grid.\n\nYour goal is the destroy/capture your opponents base using your race's hero/avatar. The hero's strength is determined by the size of their kingdom (number of tiles controlled). Didn't have time to really create the AI that I had hoped, so don't expect a challenge. However, there is local multi-player as a consolation. The \"+\" ability uses your turn to increase all occupied tiles by 1 (has a cooldown that increases with each use). \n\nThanks for playing! Comments welcome and encouraged.\n\n[Play on itch.io](https://anarbitrarymustache.itch.io/ld38-small-kingdom!)\n\n[Postmortem](https://ldjam.com/events/ludum-dare/38/small-kingdoms-1/small-kingdoms-postmortem)\n\n[Timelapse](https://youtu.be/tRM7cSgAt-w)\n\n## Combat Rules\n* attack value is the combined total of all controlled tiles\n* the attack value determines how many dice are rolled, the highest two rolls are used\n* the tile \"control\" (number on flag) determines how many defense die are used, again only top 2 are used\n * if an opposing hero is occupying the tile you are attacking, +1 is added to the roll (it's actually the opponents level added to the dice roll, but because I never finished the leveling up system, it's always 1)\n* if the attack roll is greater than the def roll, then -1 to the tile control\n * if an opposing hero is occupying the tile, -1 to his life and the opponent is \"bounced\" back (unless his life drops below 1, which he is then killed - waiting to spawn at their base)\n * if the tile control drops below 1, then the attacking hero \"takes\" the tile\n * if the attack roll is more than 2 times the defense roll - critical hit! This deals 2 damage to both the tile and opponent hero if applicable. If this takes the tile then you start with a tile control of 2 instead of 1.\n* if the attack roll is less than the def roll, then -1 to the attacking hero\n* if the attack roll and the def roll are the same, nothing happens - this was a by-product of not knowing exactly how to handle this and it unfortunately stayed blank (this may appear as a bug when it happens, but is just incomplete design)\n\n","path":"/events/ludum-dare/38/small-kingdoms-1","parents":[1,5,9,9405],"meta":{"cover":"///content/e7e/2/z/3580.gif"},"link":{"author":[11902]},"love":0,"notes":21,"notes-timestamp":"2017-05-02T19:37:23Z"}]}