{"status":200,"caller_id":0,"cached":[],"node":[{"id":15170,"parent":9405,"superparent":9,"author":278,"type":"item","subtype":"game","subsubtype":"jam","published":"2017-04-25T10:06:12Z","created":"2017-04-21T20:33:39Z","modified":"2017-05-03T19:24:34Z","version":78036,"slug":"a-lot-of-life-in-a-small-world","name":"A lot of life in a small world","body":"![ALlSW.png](///raw/611/z/2505.png)\n\nYou run a kind of zoo with extinct animals, your job is to increase their number and not make them extinct again. Inside the game there are seasons and casual events that affect animals.\n\n\nUnfortunately I did not have the time and knowledge to finish all the details of the game. So I could only have 3 animals in a very unconventional way. You change the variable by clicking on the button . \n\nThe needs of the 3 animals are\n\nMammuth = maxTemp: 30, minTemp = -10, minFood (Fruit): 5;\nDodo = maxTemp: 28, minTemp = 5, minFood (Fruit): 10, minWater: 10;\nT-Rex = maxTemp: 40, minTemp = 10, minFood (Meat): 10;\n\nTell me what you think of the idea, which will surely continue even after the ludum dare\n\nHere the game\n\nONLY WINDOWS FOR NOW\nhttps://drive.google.com/open?id=0B97lheb8tOD-UEZQSEJIcnpjU2c","path":"/events/ludum-dare/38/a-lot-of-life-in-a-small-world","parents":[1,5,9,9405],"meta":{"grade-05-out":"1","grade-06-out":"1","cover":"///content/611/z/3dc3.png"},"link":{"author":[278]},"love":0,"notes":14,"notes-timestamp":"2017-05-04T09:27:11Z"}]}