{"status":200,"caller_id":0,"cached":[],"node":[{"id":15505,"parent":9405,"superparent":9,"author":14727,"type":"item","subtype":"game","subsubtype":"compo","published":"2017-04-23T21:29:41Z","created":"2017-04-21T20:54:35Z","modified":"2017-05-02T15:46:08Z","version":76678,"slug":"spabullare","name":"Spabullare","body":"Have you ever wanted to play a game where you can experience:\n- Super chaotic mouse movement system?\n- Totally unbalanced space battle?\n- Fighting against red circles (enemy ships) and bigger grey circles (asteroids)?\n- No sound effects, no explosions, no polish?\n\nI am sure you have! And you are in luck! You can now play a game with such qualities right now!\n\n**Game - WebGL or Windows download** http://gamejolt.com/games/spabullare/251736\n\nDownloading the game allows progress saving.\n\n---------------------------------------------------------\n\nMove with mouse, shoot with WASD.\n\nWhen you die, you get to the upgrade screen, where you can click on each cannon or the hull and upgrade their properties.\n\nNew level serves as a checkpoint and regerenates all of your HP. It also increases the difficulty and money gain.\n\nEach level consists of several waves. Destroy the red ships to advance to the next one.\n\n---------------------------------------------------------\n\n**Unity project file** https://drive.google.com/open?id=0B265oEoopzN9YjdBZmRrNG9lelk\n\n![spabullare thumbnail.png](///raw/789/3/z/662.png)\n\nYes, this is my first Ludum Dare.\n\nYes, those circles were supposed to be just placeholders.\n\nYes, i ran out of time.\n\nThe name is combination of space, bullet and dare. Yes, i'm bad with names.","path":"/events/ludum-dare/38/spabullare","parents":[1,5,9,9405],"meta":{"cover":"///content/789/3/z/39ff.png"},"link":{"author":[14727]},"love":0,"notes":6,"notes-timestamp":"2017-05-04T08:05:20Z"}]}