{"status":200,"caller_id":0,"cached":[],"node":[{"id":15374,"parent":9405,"superparent":9,"author":277,"type":"item","subtype":"game","subsubtype":"jam","published":"2017-04-25T01:33:06Z","created":"2017-04-21T20:46:22Z","modified":"2017-05-01T11:32:43Z","version":73834,"slug":"stopwatch","name":"StopWatch","body":"![LD Thumb.gif](///raw/511/z/3203.gif)\n\nMade in 72 hours for LD 38.\n\n\nVVVVVLinkVVVVV\n\nWeb HTML and Standalone\n\nhttps://skullpixel.itch.io/stopwatch\n\nControls-----\n\nWASD or arrow keys to move.\n\nSpace to do the thing.\n\nGamepad uses X for PS and A for Xbox.\n\nR to restart.\n\n\n\nCredits-----\n\nClockwise2000- Sound stuff and music.\n\nSkullPixel- Art and coding.\n\nSkullPixel's Mom- Schoolwork.\n\nSome other people- Misc ideas, encouragement, and procrastination.","path":"/events/ludum-dare/38/stopwatch","parents":[1,5,9,9405],"meta":{"cover":"///content/511/z/3186.gif"},"link":{"author":[277,1035]},"love":0,"notes":27,"notes-timestamp":"2017-05-03T20:28:54Z"}]}