{"status":200,"caller_id":0,"cached":[15312],"node":[{"id":15312,"parent":9405,"superparent":9,"author":11,"type":"item","subtype":"game","subsubtype":"jam","published":"2017-04-23T20:06:43Z","created":"2017-04-21T20:43:02Z","modified":"2017-04-25T16:46:59Z","version":66116,"slug":"ludum-dare-dot-com","name":"Ludum Dare dot com","body":"![ldjamcom.png](///raw/b/z/4e1.png)\n\n**Ludumdare.com** is a ~~game~~ game jam website. It's pretty buggy, but we're working on it!\n\n## Links\n* **SITE:** https://ldjam.com\n* **TWITTER:** https://twitter.com/ludumdare\n* **SOURCE CODE:** https://github.com/ludumdare/ludumdare \n","path":"/events/ludum-dare/38/ludum-dare-dot-com","parents":[1,5,9,9405],"meta":{"grade-06-out":"1","grade-07-out":"1","grade-08-out":"1","cover":"///content/b/z/2f0b.png","grade-05-out":"1"},"link":{"author":[11,29,11408]},"love":0,"notes":19,"notes-timestamp":"2017-05-01T04:39:19Z"}]}