{"status":200,"caller_id":0,"cached":[],"node":[{"id":16592,"parent":9405,"superparent":9,"author":8033,"type":"item","subtype":"game","subsubtype":"compo","published":"2017-04-23T21:25:50Z","created":"2017-04-21T22:18:08Z","modified":"2017-04-23T21:25:50Z","version":38632,"slug":"ld38-planetary-command","name":"LD38: Planetary Command","body":"![gameplayfinal.gif](///raw/16f/1/z/46c.gif)\n\nTake control of the planet defender, the starship that protects the earth from an asteroid attack. While your ship is impervious to asteroid impacts, beware of the UFOs that can destroy your ship, evade their shots while destroying asteroids.\n\n## Controls:\n\n* Move in the planet orbit using the left and right keys (A and D keys are an alternative as well).\n\n* Fire your missiles to destroy the asteroids with the Fire Button (Default Ctrl, Left Click as an alternative).\n\n## Links:\n\n* Itch.io (Download/Play Online):\nhttps://schiapu.itch.io/planetary-command\n\n* Twitter:\nhttps://twitter.com/schiapu\n\n* Alternate Twitter:\nhttps://twitter.com/forzerodev\n\n* Source Code:\nhttps://github.com/schiapu/PlanetaryCommand\n\n## Tools:\n\n* Unity 5.5\n* Inkscape\n* Bfxr\n* Bosca Ceoil\n* ScreenToGif\n","path":"/events/ludum-dare/38/ld38-planetary-command","parents":[1,5,9,9405],"meta":[],"link":{"author":[8033]},"love":0,"notes":4,"notes-timestamp":"2017-05-01T15:04:46Z"}]}