{"status":200,"caller_id":0,"cached":[],"node":[{"id":15630,"parent":9405,"superparent":9,"author":799,"type":"item","subtype":"game","subsubtype":"compo","published":"2017-04-24T00:54:30Z","created":"2017-04-21T21:01:05Z","modified":"2017-05-03T13:48:28Z","version":77771,"slug":"cosmos-minimus","name":"Cosmos Minimus","body":"![TitleScreen.png](///raw/f13/z/b7d.png)\n## Description\nCosmos Minimus is a space 2d platformer-explorer-metroidvania. You play as a astronaut using his rocket to fly from planet to planet.\n\nThe controls are explained in game.\n![1.png](///raw/f13/z/b84.png)\n## Downloads\n[Downloads](https://tygrak.itch.io/cosmos-minimus)\n![2.png](///raw/f13/z/b88.png)\n## Tools\nCreated using Unity 5.6, Photoshop, Illustrator and Bosca Ceoil.\n\nYou can watch a timelapse of the creation of the game here: https://www.youtube.com/watch?v=-plPWHyaXDE&feature=youtu.be","path":"/events/ludum-dare/38/cosmos-minimus","parents":[1,5,9,9405],"meta":{"cover":"///content/f13/z/3c84.png"},"link":{"author":[799]},"love":0,"notes":4,"notes-timestamp":"2017-05-04T00:28:08Z"}]}