{"status":200,"caller_id":0,"cached":[],"node":[{"id":16163,"parent":9405,"superparent":9,"author":10018,"type":"item","subtype":"game","subsubtype":"compo","published":"2017-04-23T23:04:12Z","created":"2017-04-21T21:42:11Z","modified":"2017-05-01T16:42:30Z","version":74748,"slug":"against-the-void","name":"Against The Void","body":"![logo.png](///raw/227/2/z/7f0.png)\n\nAgainst The Void is a mix between Tower Defense and Shoot 'em Up in an endless void.\nDefeat your base against alien spaceships and collect coins along the way!\n\n- **wasd/arrows** to move\n- **space** to shoot\n- **left mouse button** to build\n- **right mouse button** to inspect buildings (and to recycle!)\n\nThe number of waves is currently limited, but is set to \"endless\" mode - didn't have enough time.\n\nEnjoy!\n\nThis game was created as a solo project within the span of the sunday.\nThe playable version here includes fixes for bugs collected over the week (pink screen, one-hit kill of the spaceships, platform-money bug, wave counter does not reset).\n\n**Download:**\n- [Windows](http://static.spaceemotion.net/LD38/AgainstTheVoid.zip)\n- [Mac](http://static.spaceemotion.net/LD38/AgainstTheVoid_Mac.zip)\n- [Linux](http://static.spaceemotion.net/LD38/AgainstTheVoid_Linux.zip)\n- [WebGL](http://static.spaceemotion.net/LD38/AgainstTheVoid/) (No shadows, worse performance than standalone)\n\n**Source:**\n[Github](https://github.com/spaceemotion/LD38-Against-The-Void)\n\n\n# [> click here for a Gameplay Gfycat <](https://gfycat.com/UntidyJadedItalianbrownbear)\n\n![screenshot2.png](///raw/227/2/z/2618.png)\n","path":"/events/ludum-dare/38/against-the-void","parents":[1,5,9,9405],"meta":{"grade-07-out":"1","cover":"///content/227/2/z/31ad.png"},"link":{"author":[10018]},"love":0,"notes":10,"notes-timestamp":"2017-05-02T04:47:55Z"}]}