{"status":200,"caller_id":0,"cached":[],"node":[{"id":15615,"parent":9405,"superparent":9,"author":245,"type":"item","subtype":"game","subsubtype":"jam","published":"2017-04-25T01:35:59Z","created":"2017-04-21T21:00:19Z","modified":"2017-04-28T16:09:05Z","version":70762,"slug":"cowmets","name":"Cowmets","body":"![Banner.jpg](///raw/5f/z/2900.jpg)\n\nHey space cowboy, get on your horsemet, take out your lariat gun and go catch some cowmets! \n\n**Be carefull** that cowmets are not simple to catch, so you have to **chase them down** until they stop. Yay!   \n\n### Links\n\n- **WIN-MAC-LINUX:** http://gamejolt.com/games/Cowmets/252115\n\n- **Twitter:** https://twitter.com/NickZangus\n\n- **Email:** contact@nickzangus.com\n\nhttps://www.youtube.com/watch?v=ubu6SADvWTc&feature=youtu.be\n\n---\n\n### Controls: \n\n- **WASD** - move around \n- **Mouse** - rotate the view\n- **Right Mouse Button** - Aim\n- **Left Mouse Button** - Shoot \n\n\n**Tip:** there are 4 category of cowmets, each with a different catch difficulty level\n1. White/Black - Easy\n2. Beige - Medium\n3. Black - Hard\n4. Red with flames - Very Hard!\n\n--- \n\n\n**NOTE:** Linux an Mac versions not tested, if you experience any problem, please let me know! \n","path":"/events/ludum-dare/38/cowmets","parents":[1,5,9,9405],"meta":{"grade-06-out":"1","cover":"///content/5f/z/38b1.jpg"},"link":{"author":[245]},"love":0,"notes":16,"notes-timestamp":"2017-05-04T07:04:39Z"}]}