{"status":200,"caller_id":0,"cached":[],"node":[{"id":15808,"parent":9405,"superparent":9,"author":9680,"type":"item","subtype":"game","subsubtype":"jam","published":"2017-04-24T23:32:01Z","created":"2017-04-21T21:12:27Z","modified":"2017-05-03T09:48:01Z","version":77599,"slug":"a-small-step-for-life","name":"A small step for life","body":"\n\nGame done by team Nellie:\n\n![screen1.PNG](///raw/0d5/2/z/1aa1.png)\n\n![screen2.PNG](///raw/0d5/2/z/1aa8.png)\n\n![screen3.PNG](///raw/0d5/2/z/1aa9.png)\n\nThe year is 2050.\n\nAnd earth has failed...\n\nIt is now up to you to man the giant satellite and protect your new home, Earth V2.0, from incoming asteroids in this 2d arcade shooter.\n\n## Links\nItch.io : https://timonys1998.itch.io/small-step-for-life\nSource: https://drive.google.com/open?id=0B9ezWH2GgxY2dlR5Ni1Oa1p6RmM\n\nThis was our first time using unity and we had to learn it all in 1 weekend!\n\nEnjoy and please leave feedback! \n","path":"/events/ludum-dare/38/a-small-step-for-life","parents":[1,5,9,9405],"meta":[],"link":{"author":[9680,9718,12822]},"love":0,"notes":3,"notes-timestamp":"2017-05-03T15:10:15Z"}]}