{"status":200,"caller_id":0,"cached":[],"node":[{"id":15158,"parent":9405,"superparent":9,"author":2202,"type":"item","subtype":"game","subsubtype":"jam","published":"2017-04-24T22:49:30Z","created":"2017-04-21T20:32:52Z","modified":"2017-04-24T23:33:08Z","version":56502,"slug":"teddy-the-tardigrade","name":"Teddy The Tardigrade","body":"Welcome to the world of Teddy the Tardigrade!\n![Menu.png](///raw/a98/z/1a0c.png)\n\nTarigrades are small creatures that can sustain the most extrem conditions that the universe has to offer,\nyet they are as small as a needlepin. But somehow one of them had a little genetic disorder..\n\nThis Tardigrade is different then other tardigrades. He just won't stop growing.\nEat your way through this world and grow as you eat anything that seems eatable.\nYou start at the bacterial level in a waterdrop on a leaf... and who knows when you will stop growing?\n\nImpressions:\n![level1.png](///raw/a98/z/1a09.png)\n\n![level2.png](///raw/a98/z/1a3d.png)\n\n![level3.png](///raw/a98/z/1a40.png)\n\nControls:\nA/D: Walk\nSpacebar: Jump\n-> look at the Tutorial-Page for instructions.\n\nTools: Unity, PyxelEdit, Audacity\n\nPlay:\nUnity Web-Player: http://ldjam38.sebastian-weiss.online/\n\nDownload for Windows: https://www.dropbox.com/sh/6h8rko55tml2apw/AAAPq0bQuzZyeUwtxzmqkg4ra?dl=0\n\nDownload for MacOS: https://www.dropbox.com/sh/osqijh9n1eje3hh/AABF-pcHMUsqAPPNDHnpAHCsa?dl=0\n","path":"/events/ludum-dare/38/teddy-the-tardigrade","parents":[1,5,9,9405],"meta":{"cover":"///content/a98/z/3b12.png"},"link":{"author":[2202,5279,15283]},"love":0,"notes":1,"notes-timestamp":"2017-04-27T19:52:59Z"}]}