{"status":200,"caller_id":0,"cached":[],"node":[{"id":15448,"parent":9405,"superparent":9,"author":13602,"type":"item","subtype":"game","subsubtype":"jam","published":"2017-04-24T21:04:16Z","created":"2017-04-21T20:51:41Z","modified":"2017-04-24T21:08:21Z","version":53551,"slug":"locker-c-18","name":"Locker C-18","body":"### Dowload\n-----------\n- [https://github.com/simonmnt/Locker_C-18](https://github.com/simonmnt/Locker_C-18)\n- [**Play online :** https://simonmnt.itch.io/locker-c-18](https://simonmnt.itch.io/locker-c-18)\n\n### Story\n---------\nAfter a long and dangerous journey. Gasnam and the people of Tafsum, passed the borders of planet Earth.\nWhen suddently… Crack ! Kabooom ! The ship breaks apart…\n\nMoments later, our young hero wakes up, but he is surrounded by darkness…\nAn only faint ray of light comes to light up his prison from time to time…\n\n### Goal\n-------\nThe goal is to lead our little worm friend out of a mysterious maze.!\n\n### How to play ?\n-----------------\nKeyboard arrows to control Gasnam.\n\n### CREDITS\n-----------\n\n- Mickaël BROISAT!\n- Alexandre DONAZZAN\n- Simon MINET\n- Stephen MORA\n- Gaël PHILIPPE\n- Tahar SADEKI\n","path":"/events/ludum-dare/38/locker-c-18","parents":[1,5,9,9405],"meta":[],"link":{"author":[13602,15491,13722,15573,15636,16702]},"love":0,"notes":1,"notes-timestamp":"2017-04-27T18:06:22Z"}]}