{"status":200,"caller_id":0,"cached":[],"node":[{"id":15987,"parent":9405,"superparent":9,"author":9894,"type":"item","subtype":"game","subsubtype":"jam","published":"2017-04-24T00:15:38Z","created":"2017-04-21T21:25:58Z","modified":"2017-04-24T00:15:38Z","version":41902,"slug":"combojumpman","name":"ComboJumpMan","body":"IDK WHERE I SHOULD PUT THE GAME but thats allright, we didn't like the theme so we didn't go with it, we didn't manage to finish our game but here its our platformer, with combos! https://berith.itch.io/combojumpman","path":"/events/ludum-dare/38/combojumpman","parents":[1,5,9,9405],"meta":[],"link":{"author":[9894,9893,13972]},"love":0,"notes":2,"notes-timestamp":"2017-04-24T17:51:30Z"}]}