{"status":200,"caller_id":0,"cached":[],"node":[{"id":16378,"parent":9405,"superparent":9,"author":6811,"type":"item","subtype":"game","subsubtype":"jam","published":"2017-04-24T04:10:54Z","created":"2017-04-21T22:00:56Z","modified":"2017-05-02T02:36:36Z","version":75817,"slug":"neon-genesis-pluto","name":"Neon Genesis Pluto","body":"\n\n![introScreen.png](///raw/b9a/1/z/f40.png)\n\n\n\nGuide **Pluto** as he makes his way through the Solar System in order to avenge his remotion as a planet by the most important space organization in  Earth, the NESA. Will he be succesful in his mission?\n\n## Controls: Mouse, space and numbers\n\n## Links\n\n* **Windows:** https://drive.google.com/file/d/0B99OCqs-ByVCam4yM0FhLUdYeEk/view?usp=sharing\n* **Linux:**https://drive.google.com/file/d/0B99OCqs-ByVCRjc1WlZaelFXbFU/view?usp=sharing\n* **OSX:** https://drive.google.com/file/d/0B99OCqs-ByVCRWg0N1E1YlVvQlE/view?usp=sharing\n* **SOURCE CODE:** https://drive.google.com/file/d/0B99OCqs-ByVCeGx3dlR0dVlkOFU/view?usp=sharing\n\n\n","path":"/events/ludum-dare/38/neon-genesis-pluto","parents":[1,5,9,9405],"meta":{"cover":"///content/b9a/1/z/37c5.png"},"link":{"author":[6811,12963,26478]},"love":0,"notes":10,"notes-timestamp":"2017-05-04T05:30:26Z"}]}