{"status":200,"caller_id":0,"cached":[],"node":[{"id":16071,"parent":9405,"superparent":9,"author":9958,"type":"item","subtype":"game","subsubtype":"compo","published":"2017-04-24T00:25:27Z","created":"2017-04-21T21:33:35Z","modified":"2017-04-24T01:31:35Z","version":44655,"slug":"fat-cats","name":"Fat Cats","body":"Global warming, Anarcho-Capitalist, Party Game.\n\n![Gameplay.jpg](///raw/6e6/2/z/9e7.jpg)\n\nYour task is to create a monopoly of earth by 'sinking' the other fat cats to build your industry.\n\n![MARCORP.jpg](///raw/6e6/2/z/a2e.jpg)\n\nThis game can be played via:\n\n1 keyboard 3 controllers\n\n4 controllers\n\nAlthough it is fun with more people, it is playable solo - With the added bonus that the other cats will gang up on you!\n\n![Syndicate.jpg](///raw/6e6/2/z/a3e.jpg)\n\nThis is my first Jam, and my first Compo! \n:rofl:\n\nLink:\nhttps://ponchoguy.itch.io/fat-cats","path":"/events/ludum-dare/38/fat-cats","parents":[1,5,9,9405],"meta":{"cover":"///content/6e6/2/z/39cb.png"},"link":{"author":[9958]},"love":0,"notes":0}]}