{"status":200,"caller_id":0,"cached":[],"node":[{"id":15460,"parent":9405,"superparent":9,"author":1869,"type":"item","subtype":"game","subsubtype":"jam","published":"2017-04-24T14:51:11Z","created":"2017-04-21T20:52:11Z","modified":"2017-04-24T22:48:36Z","version":55476,"slug":"virus-cleaner","name":"Virus Cleaner_","body":"![Capture01.JPG](///raw/d47/z/1811.jpg)\nShooter - virus attack and you have to stop them before they destroy your computer!\n\nMove: wasd or arrows\n\nShoot: spacebar or left mouse\n\nStop the virus that come near the CPU. \n\n**Download**: \n**(Win)**\nhttps://balbinoaylagas.itch.io/virus-cleaner-\n\n**Web**: \n**(Html5)**\nhttps://itch.io/embed-upload/455715?color=333333\n\n**Twitter**:  \nhttps://twitter.com/BalbinoAylagas","path":"/events/ludum-dare/38/virus-cleaner","parents":[1,5,9,9405],"meta":[],"link":{"author":[1869]},"love":0,"notes":1,"notes-timestamp":"2017-05-02T02:52:29Z"}]}