{"status":200,"caller_id":0,"cached":[16439],"node":[{"id":16439,"parent":9405,"superparent":9,"author":12366,"type":"item","subtype":"game","subsubtype":"compo","published":"2017-04-23T22:40:36Z","created":"2017-04-21T22:05:55Z","modified":"2017-05-01T15:10:08Z","version":74481,"slug":"bus-driver","name":"BUS DRIVER","body":"![ss1.png](///raw/e40/3/z/76f.png)  \n\n\n![ss2.png](///raw/e40/3/z/7ca.png)  \n\n\n\n![highScore.png](///raw/e40/3/z/275d.png)\n_This is my actual highest score! (44 passengers). If you can beat me please tweet a screenshot :D It'll be fun_\n\n\nhttps://youtu.be/LupeX1TydOc\n\n\n---\n\n\nYou are the only bus driver in this tiny world, so work you have plenty.\n\nPickup all the passengers before they get bored and cease to exist while avoiding buildings at all costs!!\n\nEach level brings a speed boost to the mix.\n\nHow many passengers can you pick up?!?!?!\n\n\n** On the main menu press any key to start **\n\n\n----\n\n## Tools  \n\n**Engine**: My fork of Flixel-GDX https://github.com/Rombusevil/flixel-gdx  \n**Sprites**: All sprites where hand drawn on paper, then digitalized, resized and colored in Gimp.  \n**Music & SFX**: Music was done in Korg M01D and SFX on Korg DSN-12 both on a Nintendo 2DS.  \n\n## Links\n\n**TWITTER**: https://twitter.com/rmbsevl  \n**SOURCE CODE**: **https://github.com/Rombusevil/LudumDare38**  \n**GAME MUSIC**: https://soundcloud.com/rombusevilbones/bikedayinthe80s  \n**DOWNLOAD GAME**: https://rombus.itch.io/bus-driver  \n\n## Personal\n\nThis is my first LDJAM and maybe I went a little too simple on it.  \nI had trouble figuring out a game given the theme, and this game was the second idea that came to me.  \nI'm a software developer and musician, but I suck at doing graphics, so that's why I decided to draw everything on paper, as it's the most friendly medium I have to make graphics.  \nDoing art was the thing that took me most of the time (and the art sucks! :P)\n\n\n\n\n\n","path":"/events/ludum-dare/38/bus-driver","parents":[1,5,9,9405],"meta":{"grade-08-out":"1","cover":"///content/e40/3/z/3365.png"},"link":{"author":[12366]},"love":0,"notes":24,"notes-timestamp":"2017-05-02T12:05:12Z"}]}