{"status":200,"caller_id":0,"cached":[],"node":[{"id":15716,"parent":9405,"superparent":9,"author":388,"type":"item","subtype":"game","subsubtype":"jam","published":"2017-04-25T01:44:36Z","created":"2017-04-21T21:06:58Z","modified":"2017-04-27T00:36:09Z","version":68884,"slug":"420-planets-1","name":"420 Planets","body":"# 420 Planets\n![Screenshot1.png](///raw/481/z/236e.png)\nIn honor of the very recent 20th of April, we present to you 420 Planets, a game made by @Kakureta and @nightedge3141.\n![Screenshot2.png](///raw/481/z/2370.png)\nIn this game, you take on the role of a very high lad who seems to have rolled a blunt or two, so much that he finds himself bad-tripping because he thinks he's in space. You must therefore advance through multiple small worlds each different from one another, solving puzzles and jumping on platforms in order to reach the end, where a **__special surprise__** awaits you.\n\n**Controls:** Use the A and D keys to move and the space bar to jump. Clicking with the left mouse button will allow you to interact with certain objects (such as signs or doors).\n![Screenshot4.png](///raw/481/z/237a.png)\n## Links:\n- **Web:** http://www.kongregate.com/games/Dito_3/420-planets\n\n- **Windows:** https://www.dropbox.com/s/my32dce1b3u5g32/420PlanetsKakureta%26NightEdgeLD38.zip?dl=0\n\n- **Mac:** https://www.dropbox.com/s/o97ezv96a7gnvzy/420PlanetsKakureta%26NightEdgeLD38Mac.zip?dl=0\n\n- **Linux:** https://www.dropbox.com/s/b08hwqctwu0sxqo/420PlanetsKakureta%26NightEdgeLD38Linux.zip?dl=0\n\n## Known Issues: \n- Sometimes, the planet will not stop rotating when the player collides with a wall, causing the character to fall into the endless void\n- You can click on doors from anywhere on the map\n- The background doesn't extend far enough on the grasslands planet (world 6)\n- The animation at the end of a level will not always be centered on the player\n- In certain instances, clicking the \"next level\" button at the end of a level will click on the \"quit\" button instead\n\n![Screenshot3.png](///raw/481/z/237b.png)\n**Credits:**\n\nProgramming, graphics and audio: @Kakureta\n\nGame design and ideas: @nightedge3141\n\nSong Because I got high by Afroman.","path":"/events/ludum-dare/38/420-planets-1","parents":[1,5,9,9405],"meta":{"cover":"///content/481/z/3734.png"},"link":{"author":[388,26716]},"love":0,"notes":4,"notes-timestamp":"2017-05-03T10:09:05Z"}]}