{"status":200,"caller_id":0,"cached":[],"node":[{"id":15759,"parent":9405,"superparent":9,"author":21,"type":"item","subtype":"game","subsubtype":"jam","published":"2017-04-25T00:46:36Z","created":"2017-04-21T21:09:20Z","modified":"2017-04-25T21:11:45Z","version":66789,"slug":"village-pillage","name":"The Village","body":"![cover2.png](///raw/51/z/1d5d.png)\n![screen1.png](///raw/51/z/1d77.png)\n\nIt is tough to manage small flying roadside village.  \nTravelers always want something and they want it fast.  \nKnights want their spears to be repaired by best blacksmith.  \nPeasants want girls in taverns and pumpkin juice.  \nMerchant want to park their horses only in two-storied stables...\n\nCan you pull this off? Dare to try?\n\n[PLAY ON ITCH.IO (WebGL, Win, Mac)](https://gipzo.itch.io/the-village)\n\nSome tips:\n\n* Upgrade your buildings to provide best service to travelers!\n* You can collect pumpkins to earn some spare gold!\n* Please your travelers with shower of pure gold coins!\n* Craters can be fixed with gold too!\n\n*HAVE FUN!*\n\n​Team​  \nArtem Shambalev @gipzo - Programming, Game Design, Sound  \nVitali Poliakou @chimerasnest​ - Art, Game Design  \nKatrina Bohush @katrina-bohush​ - Art  \n\nMusic by \nKevin MacLeod (incompetech.com)  \nLicensed under Creative Commons: By Attribution 3.0 License  \nhttp://creativecommons.org/licenses/by/3.0/​  \n\n\nUpdate 26.04.2016:  \nFixed bug with disappearing buildings.  \nAdded small text tutorial at start of level. I hope this doesn't count as feature... :pray:","path":"/events/ludum-dare/38/village-pillage","parents":[1,5,9,9405],"meta":{"grade-06-out":"1","cover":"///content/51/z/3009.png"},"link":{"author":[21,9275,9501]},"love":0,"notes":5,"notes-timestamp":"2017-05-03T20:11:42Z"}]}