{"status":200,"caller_id":0,"cached":[],"node":[{"id":16120,"parent":9405,"superparent":9,"author":3977,"type":"item","subtype":"game","subsubtype":"jam","published":"2017-04-24T21:01:43Z","created":"2017-04-21T21:38:47Z","modified":"2017-04-24T21:01:43Z","version":53401,"slug":"slot-racer","name":"Slot Racer","body":"![Screenshot.PNG](///raw/98f/z/16a4.png)\n\nThe kitchen table is the ultimate racing battleground!\n\nCreated in Unity and Visual Studio.\n\nAll art and sound resources came from the asset store.  Please do not include art or sound in judging!\n\n\n\n## Links\n* **WINDOWS:** https://miotis.itch.io/slot-racer\n","path":"/events/ludum-dare/38/slot-racer","parents":[1,5,9,9405],"meta":[],"link":{"author":[3977]},"love":0,"notes":1,"notes-timestamp":"2017-05-02T09:20:25Z"}]}