{"status":200,"caller_id":0,"cached":[],"node":[{"id":15218,"parent":9405,"superparent":9,"author":1548,"type":"item","subtype":"game","subsubtype":"compo","published":"2017-04-24T01:46:45Z","created":"2017-04-21T20:36:53Z","modified":"2017-04-24T11:55:31Z","version":48947,"slug":"germ","name":"GERM","body":"![screenshot_1.png](///raw/c06/z/d42.png)\n\nGERM is an old DOOM style FPS where you play as a white blood cell on a mission to destroy all attacking viruses.  Standard WASD + mouse controls apply.  Hold CTRL to sprint.  Avoid touching any viruses as one touch destroys you.  Don't let that happen!\n\nCan you get to the end and defeat the super virus?\n\nHints: Listen carefully around corners.  It could save your life.  You can sprint to save time, but it can be risky!\n\nNotes: The shot collision detection is slightly buggy.  It works 99% of the time, but occasionally a bullet will fly through an enemy.  This only happened in my final release build, so I didn't have time to address it before submission.\n\nMade with the following tools: Visual Studio 2013 (using my [custom C++ game library](https://github.com/jharler/ZeroTolerance)), Photoshop CS 5, Blender 2.7, Audacity 2, FL Studio 12, Notepad++.\n\nThanks for playing and rating/commenting.  Constructive criticism is welcome!\n\n\nMore Screenshots:\n\n![screenshot_2.png](///raw/c06/z/d52.png)![screenshot_3.png](///raw/c06/z/d57.png)\n\n[Windows Download](http://joshuaharler.net/ludumdare/LD38/LD38_GERM.zip) \n\n[Source Download](http://joshuaharler.net/ludumdare/LD38/LD38_SRC.zip)","path":"/events/ludum-dare/38/germ","parents":[1,5,9,9405],"meta":{"cover":"///content/c06/z/3067.gif"},"link":{"author":[1548]},"love":0,"notes":6,"notes-timestamp":"2017-04-27T00:07:43Z"}]}