{"status":200,"caller_id":0,"cached":[],"node":[{"id":15559,"parent":9405,"superparent":9,"author":15153,"type":"item","subtype":"game","subsubtype":"jam","published":"2017-04-24T18:08:46Z","created":"2017-04-21T20:57:13Z","modified":"2017-04-24T18:08:46Z","version":51263,"slug":"ceo-a-bunny-in-the-pocket-omniverse","name":"Ceo - A bunny in the pocket omniverse","body":"![e293761f38c727ef60c52124ebab6d22.png](///raw/13b/3/z/743.png)\n### In comes Ceo, an orange bun living in their little island world!\n### They hope to one day explore the far reaches of the omniverse and find a multitude of strange worlds...\n\n#### ...But for now they're confined to their small home.\n\n\nThis is our first ever game jam game, we're very inexperienced and have learned much from working on this!\nThere's little to do here and the movement leaves something to be desired but it's playable at the end of the day!\nThere are no screenshots because these would spoil the entire experience, trust me there's not a lot going on here.\n\n### Twitter:\n\nhttp://twitter.com/Ropnolc\n\nhttp://twitter.com/Badmilkchef \n\n## Download and Source Code\n# https://ropnolc.itch.io/ceo","path":"/events/ludum-dare/38/ceo-a-bunny-in-the-pocket-omniverse","parents":[1,5,9,9405],"meta":[],"link":{"author":[15153,14998]},"love":0,"notes":4,"notes-timestamp":"2017-05-03T19:09:29Z"}]}