{"status":200,"caller_id":0,"cached":[],"node":[{"id":16570,"parent":9405,"superparent":9,"author":6654,"type":"item","subtype":"game","subsubtype":"jam","published":"2017-04-25T04:35:57Z","created":"2017-04-21T22:16:23Z","modified":"2017-04-25T05:01:28Z","version":64172,"slug":"is-fast","name":"Is fast","body":"# Better skip this one.\n## Kinda sorta fly a jet plane through a track made up of \"tunnels\".\nIt's infinitely far from finished, but I'm uploading this game here as a sort of memorial for this weekend. I was here! \n\n### Controls\n* R - Reset\n* W,S - Throttle Control ( sry non qwerts )\n* A,D - Yaw\n* UP,DOWN - Pitch\n* RIGHT,LEFT - Roll\n\n**I don't want to compete** or be judged or however it works on this site, because, A. the game is stupidly unfinished and I don't need to hear what's wrong with it. B. I intend to keep working on it for a little bit ( using the same repository, so it would be unfair if someone plays the game a week from now. ( I might use itch.io to host the original version , in that case I'll change this text!!! ) Now Zzz.\n\nP.S. Darn what an awful theme. D: What's wrong with y'all?!\n\n## Links\n* Browser: https://qristofer.github.io\n* Source: https://github.com/qristofer/qristofer.github.io\n","path":"/events/ludum-dare/38/is-fast","parents":[1,5,9,9405],"meta":[],"link":{"author":[6654]},"love":0,"notes":6,"notes-timestamp":"2017-05-03T04:01:05Z"}]}