{"status":200,"caller_id":0,"cached":[],"node":[{"id":15197,"parent":9405,"superparent":9,"author":316,"type":"item","subtype":"game","subsubtype":"jam","published":"2017-04-25T02:01:07Z","created":"2017-04-21T20:35:50Z","modified":"2017-04-26T05:08:25Z","version":67686,"slug":"more-room","name":"More Room!","body":"![1.png](///raw/c31/z/21d0.png)\n\n*To execute the jar file, you need Java 8 installed on your machine. The game was tested on Windows and Linux.*\n\n### Description\nIt is well known that humanity is multiplying like bunnies, thus we need more and more room. What to do, when we run out of space?\n\n\n### Gameplay\nIn this game you have to conquer all worlds in each level. You can send out units, produced automatically in your worlds, to other connected worlds to reinforce or conquer them. The enemies all have different behaviours, so beware of their counter tactics. Have fun playing. :grin:\n\n\n### Technical Details\nThe game was made in Java using libGDX (http://libgdx.badlogicgames.com/). We made all the graphics ourself with the tool PyxelEdit (http://pyxeledit.com/). The background music was made using LMMS (https://lmms.io/). All the sound effects were created with assets of the 'The #GameAudioGDC Bundle' (Part 3) (http://www.sonniss.com/gameaudiogdc2017/).\n\n\n### Made by\nSkosnowich  \nMatjes\n\n# Links (Download)\n[itch.io - Version 1.0.0](https://skosnowich.itch.io/more-room)\n\n[Dropbox - Version 1.0.0](https://www.dropbox.com/s/vi0cwm0c98k6iac/More%20Room-1.0.0.jar?dl=0)\n\n# Complete Playthrough\nhttps://www.youtube.com/watch?v=T5ixousHKzU","path":"/events/ludum-dare/38/more-room","parents":[1,5,9,9405],"meta":{"cover":"///content/c31/z/2f8e.png"},"link":{"author":[316,2585]},"love":0,"notes":3,"notes-timestamp":"2017-05-01T21:05:02Z"}]}