{"status":200,"caller_id":0,"cached":[],"node":[{"id":16617,"parent":9405,"superparent":9,"author":5137,"type":"item","subtype":"game","subsubtype":"compo","published":"2017-04-24T01:25:56Z","created":"2017-04-21T22:21:14Z","modified":"2017-04-24T11:26:58Z","version":48848,"slug":"a-small-world-karkh-attack","name":"A Small World : Kar'kh attack","body":"A Small World... Well that was the worst theme you know ?\n\n![W5JuIw.png](///raw/114/1/z/113c.png)\n\n# Kar'kh attack\nMy game, named **Kar'kh attack**, **Kar'kh war** and **A Small War** because I can't find a name; is sort of a beat-em-all.\n\nYou control a crusader on a small planet, fighting a religious war against the deamon Kar'kh. \nAfter 5 min he will duel you; so you have 5 minutes to gain levels, get stronger, controls the church and the cimetery gaining bonuses and finally defeat the devil.\n\n## Controls\n* ZQSD / WASD : Move (mainly horizontal)\n* SPACE: Jump\n* Shift: Kneel (allow to aim lower)\n* Spells\n    * A/Q: Cutting Crucifix spell\n    * Z/W: Holy Faith spell\n    * E: pray to enforce your next spell and conquer buildings\n\n## Advices\n* When game starts, quickly jump to a building and conquer it (pressing **E**)\n* Once you're done, defend it OR go to the second knowing you will lose the first\n* Gain as much xp as possible, the final duel is hardly possible\n* Conquer the church when you have low HP\n* Use Holy Faith to become invincible for a short duration \n\n**Link to the game**: https://vegevan.itch.io/karkh-war\n\n**Source code** : https://gitlab.com/esilvert/LDJAM_38/\n\n**Contact Twitter:** @vanrevlis\n","path":"/events/ludum-dare/38/a-small-world-karkh-attack","parents":[1,5,9,9405],"meta":[],"link":{"author":[5137]},"love":0,"notes":2,"notes-timestamp":"2017-05-01T10:51:51Z"}]}