{"status":200,"caller_id":0,"cached":[],"node":[{"id":16549,"parent":9405,"superparent":9,"author":10391,"type":"item","subtype":"game","subsubtype":"jam","published":"2017-04-25T18:07:58Z","created":"2017-04-21T22:14:04Z","modified":"2017-04-25T18:07:58Z","version":66382,"slug":"fungi-dash","name":"Fungi Dash","body":"![wipgif.gif](///raw/798/2/z/2657.gif)\n\n# Fungi Dash\n\nTotally unfinished, but it was really fun making this and maybe ( maybe! ) we will make a new version of this soon with some actual gameplay :)\n\n## Controls:\n- X to dash\n- Arrows to move\n\n## Download:\n\n- Win32:\nhttps://www.dropbox.com/sh/rc4kjh1umg1769x/AADfTDNB7cx3yowVLxPVMOkZa?dl=0\n- Win64:\nhttps://www.dropbox.com/sh/g9b8h1oj0nan781/AAD9CZxH2r5fyLExQLFqlMOOa?dl=0\n\n(sorry for not making it playable on browser, I can't put it on dropbox or gdrive anymore and it's not finished to upload it to kongregate or another gaming website)\n","path":"/events/ludum-dare/38/fungi-dash","parents":[1,5,9,9405],"meta":[],"link":{"author":[10391,13377]},"love":0,"notes":11,"notes-timestamp":"2017-05-01T20:21:22Z"}]}