{"status":200,"caller_id":0,"cached":[],"node":[{"id":15216,"parent":9405,"superparent":9,"author":9603,"type":"item","subtype":"game","subsubtype":"jam","published":"2017-04-25T00:06:31Z","created":"2017-04-21T20:36:45Z","modified":"2017-04-25T00:06:31Z","version":57376,"slug":"protector","name":"Protector","body":"![Fly.png](///raw/385/2/z/1b5a.png)\n\n\nThis game lets you take control of Astro the Protectronaught who is charged with defending a tiny planet from a barrage of evil asteroids and meteors. \n\n\n\nThis is our first Ludum Dare jam and we are super excited to keep going at it every year.\n\n\nLink To Game: https://www.dropbox.com/s/wsb99xjdjr5go2e/Protector_LudumDare38.zip?dl=0\n\nCredits:\n\nProgramming/Design: Ben Hodge\nArt/Design: Xavier Sanchez\n\nMusic: Doug Haynes\n\n\n**Notes:\nRan out of time to add the Fuel System for the platform.\nSome Sound Effects\nSome Camera Controls\nSome Art Assets\n\n\n\nWe had a ton of fun making this, up until day 2, then we were sad. We kept at it and started having fun again.\n\nUsing:\n\nUnity3D 5.6,\nPhotoshop,\nDropbox,\nVisual Studio,\nL337 5ki11z","path":"/events/ludum-dare/38/protector","parents":[1,5,9,9405],"meta":[],"link":{"author":[9603]},"love":0,"notes":1,"notes-timestamp":"2017-04-25T00:06:46Z"}]}