{"status":200,"caller_id":0,"cached":[],"node":[{"id":15753,"parent":9405,"superparent":9,"author":5188,"type":"item","subtype":"game","subsubtype":"jam","published":"2017-04-24T23:50:17Z","created":"2017-04-21T21:09:03Z","modified":"2017-05-03T14:27:18Z","version":77805,"slug":"escape-from-the-bygone","name":"Escape From The bygone","body":"![](///content/444/1/z/3c92.png)\n\nEscape From The Bygone is a puzzle game disguised as a platformer. Complete each ruin to find your way off the planet!\n\nWASD to move\nE to interact\nSpace to jump\n\nI fell ill on the first day, so the game is incomplete, there's one puzzle, once you've solved it you will see the blue ball, that's all there is. You can wander around the planet if you wish too.\n\nhttps://dotslashgames.itch.io/eftb\n\n","path":"/events/ludum-dare/38/escape-from-the-bygone","parents":[1,5,9,9405],"meta":{"cover":"///content/444/1/z/3c92.png","grade-07-out":"1"},"link":{"author":[5188,9541,22507]},"love":0,"notes":0}]}