{"status":200,"caller_id":0,"cached":[],"node":[{"id":16318,"parent":9405,"superparent":9,"author":10500,"type":"item","subtype":"game","subsubtype":"compo","published":"2017-04-24T00:44:31Z","created":"2017-04-21T21:55:37Z","modified":"2017-05-01T06:55:23Z","version":73165,"slug":"rogue-basement","name":"Rogue Basement","body":"**A silly wizard has opened a portal to the Nethervoid in his basement. You must clean it out.**\n\nRogue Basement is a very simple roguelike. Its distinguishing features are:\n\n* There is only one level, but there is still progression\n\n* An experienced player can win in less than 10 minutes, but it still has a discovery process for new players\n\n* A pretty decent soundtrack that changes with the environment\n\nA full experience with the game will probably take between 15 and 45 minutes, depending on much of a completionist you are.\n\n* [OS X & Windows downloads](https://irskep.itch.io/roguebasement)\n* [Online manual](https://ldjam.com/events/ludum-dare/38/rogue-basement/rogue-basement-manual)\n* [Source](https://github.com/irskep/rogue_basement)\n* [Original soundtrack (free!)](https://soundcloud.com/irskep/sets/rogue-basement-ost)\n* [Development progression screen shots](http://imgur.com/gallery/LLfvK)\n* [Video dev log playlist](https://www.youtube.com/playlist?list=PLuzdytAQSpVhUCVgJvtgDNEQ2DI41KiKr)\n* [Design and implementation analysis article](http://steveasleep.com/rogue_basement_post/)\n\n![Screenshot 2017-04-23 19.45.41.png](///raw/409/2/z/ee6.png)\n\n![Screenshot 2017-04-23 19.08.35.png](///raw/409/2/z/ee7.png)\n\n[Development timelapse](https://www.youtube.com/watch?v=Jo8d34N3tdY)\n\n## Bugs fixed post-deadline\n\nThese are all in the spirit of the rules, i.e. minor unintentional stuff that takes a single line or less to fix. No changes to monster data.\n\n* Fixed typo which caused game to be super easy: 'strenght' -> 'strength'\n* Fixed exit stairs placement\n* Fixed health bar not updating after a heal\n* Fixed crash when throwing a rock at an enemy who is adjacent to you\n* Fixed crash when starting a second game in the same session\n* Improved performance; gets better frame rate and uses less CPU","path":"/events/ludum-dare/38/rogue-basement","parents":[1,5,9,9405],"meta":{"cover":"///content/409/2/z/2f74.png"},"link":{"author":[10500]},"love":0,"notes":33,"notes-timestamp":"2017-05-04T02:51:53Z"}]}