{"status":200,"caller_id":0,"cached":[],"node":[{"id":15763,"parent":9405,"superparent":9,"author":14242,"type":"item","subtype":"game","subsubtype":"jam","published":"2017-04-25T02:19:11Z","created":"2017-04-21T21:09:32Z","modified":"2017-05-01T01:27:01Z","version":72704,"slug":"glop-plots","name":"Glop Plots","body":"My first Ludum Dare entry! Glop Plots is an idle/puzzle game where you must build buildings to gather resources using a very limited number of spaces. Try to maximize your resource output through careful arrangement and management of buildings in the ultimate goal to create never-ending (and completely identical) worlds!\n\n![Screen Shot 2017-04-24 at 6.45.09 PM.png](///raw/2a7/3/z/20d8.png)\n\n## Link (Plays in browser)\nhttps://loch-nesrac.itch.io/glop-plots\n\n### Basic Controls\n**W/A/S/D** controls your character (the little white square).\n\n**E** opens the Build menu when standing on a plot of land.\n\n**Arrow Keys** to navigate the Build menu when standing on a plot of land.\n\n**Enter/Return** to purchase a building.\n\n\nThe controls are indicated in-game for the most part in case you need them, though.","path":"/events/ludum-dare/38/glop-plots","parents":[1,5,9,9405],"meta":{"grade-06-out":"1","grade-08-out":"1","cover":"///content/2a7/3/z/2f3e.png"},"link":{"author":[14242]},"love":0,"notes":16,"notes-timestamp":"2017-05-03T22:16:32Z"}]}