{"status":200,"caller_id":0,"cached":[],"node":[{"id":16200,"parent":9405,"superparent":9,"author":32,"type":"item","subtype":"game","subsubtype":"compo","published":"2017-04-24T03:56:40Z","created":"2017-04-21T21:46:10Z","modified":"2017-05-03T11:40:53Z","version":77667,"slug":"signal","name":"Signal?","body":"https://www.youtube.com/watch?v=nheGDB0Xfng\nA 80% complete game that takes place within a VCR. Missing the VCR bits though :V\n\nMouse + WASD + Z/SPACE\n\nIMPORTANT: IF NECESSARY YOU CAN ADJUST CONTROLLER/MOUSE SENSITIVTY USING THE + AND - KEYS BY DEFAULT\n\nDownloado fromo [itch.io](https://voxel.itch.io/signal)","path":"/events/ludum-dare/38/signal","parents":[1,5,9,9405],"meta":[],"link":{"author":[32]},"love":0,"notes":9,"notes-timestamp":"2017-05-03T11:40:42Z"}]}