{"status":200,"caller_id":0,"cached":[],"node":[{"id":15185,"parent":9405,"superparent":9,"author":542,"type":"item","subtype":"game","subsubtype":"jam","published":"2017-04-25T01:01:15Z","created":"2017-04-21T20:34:42Z","modified":"2017-05-01T06:35:58Z","version":73140,"slug":"i-just-wanted-groceries","name":"I Just Wanted Groceries","body":"### *[Play the game!](https://excaliburjs.com/ludum-38/)*\n\n![groceries-1.png](///raw/e12/z/1d4d.png)\n![groceries-2.png](///raw/e12/z/1d52.png)\n![grocery-gif-1.gif](///raw/e12/z/1d80.gif)\n![grocery-gif-2.gif](///raw/e12/z/1d89.gif)\n\nYou're shopping for groceries, and are trying to avoid talking to anyone. To your dismay, more and more people you know are showing up at the store!\n\nControls:\nMove: WASD or arrow keys\n\n## Links\n* Web (HTML5): https://excaliburjs.com/ludum-38/\n* Source Code: https://github.com/excaliburjs/ludum-38\n\nWorks best in Chrome and Firefox\n","path":"/events/ludum-dare/38/i-just-wanted-groceries","parents":[1,5,9,9405],"meta":{"grade-06-out":"1","cover":"///content/e12/z/2f3c.png"},"link":{"author":[542,9510,1859,10651,10652]},"love":0,"notes":7,"notes-timestamp":"2017-05-03T04:42:49Z"}]}