{"status":200,"caller_id":0,"cached":[],"node":[{"id":15182,"parent":9405,"superparent":9,"author":532,"type":"item","subtype":"game","subsubtype":"compo","published":"2017-04-24T02:06:55Z","created":"2017-04-21T20:34:29Z","modified":"2017-05-01T17:15:38Z","version":74807,"slug":"your-planet-too-big","name":"Your Planet: Too Big","body":"![TooBigLogo.png](///raw/412/z/29fd.png)\n> *The alien council has determined your planet is too big!*\n\n> Nothing against you or your fellow humans, you know, the aliens pretty much think all planets are too big. Lucky for you, they see your potential! They take you with them before pummeling Earth into a (reasonably small) lump of asteroid. You've been promoted to intern space junker, so you can help them in their insane quest for smaller worlds across the galaxy! ... yay!\n\n### Links\n* **PLAY IN BROWSER:** http://egotron.com/share/TooBig/\n* **SOURCE CODE:** https://github.com/scriptorum/LD38\n* **TWITTER:** https://twitter.com/scriptorum\n* **I'M IN POST:** https://ldjam.com/events/ludum-dare/38/your-planet-too-big/like-flynn\n\n### Details\nThis is a twist on the game of Collapse, with central gravity. Click on any part of the planet to demolish it ***and any connected matching terrain***. You must reduce the planet to ***four parts or fewer*** to pass the level. There are ten regular levels, and then random levels thereafter. Some of the random levels can be super hard. It's random. :)\n\n**Spacebar:** Continue to next level or restart current level.  \n**Right square bracket:** Skip level, you little cheat.\n\n![toobig-anim-sm.gif](///raw/412/z/29e2.gif)\n\n### Late Bug Fixes\n:heavy_check_mark: Ding volume is supposed to be lower, instead of irritatingly loud  \n:heavy_check_mark: Tracker bar highlights get messed up if you start next level before pointer completes movement  \n:heavy_check_mark: Replaying a random mission (level 10+) should reset the original level, not re-randomize  \n:heavy_check_mark: Bombs get misaligned when switching to fullscreen\n\n*Tags for [Feedback Friends](http://feedback.ld.intricati.com/): Unity Web*","path":"/events/ludum-dare/38/your-planet-too-big","parents":[1,5,9,9405],"meta":{"cover":"///content/412/z/2f1c.png"},"link":{"author":[532]},"love":0,"notes":24,"notes-timestamp":"2017-05-04T08:49:49Z"}]}