{"status":200,"caller_id":0,"cached":[],"node":[{"id":15406,"parent":9405,"superparent":9,"author":378,"type":"item","subtype":"game","subsubtype":"jam","published":"2017-04-24T03:44:19Z","created":"2017-04-21T20:48:30Z","modified":"2017-04-24T03:44:19Z","version":46929,"slug":"the-torus-world","name":"The Torus World","body":"![Screen Shot 2017-04-23 at 9.38.00 PM.png](///raw/a71/z/f3d.png)\n\n**The Torus World** is a game about running around a torus a certain number of times in order to escape while hitting enemies with your sword and avoiding hitting a platform from the side.\n\nControls:\n\n* Jump: Space\n* Attack: Left Mouse\n\n## Links\n* **Play it:** https://github.com/anthonytsmith/LudumDare38/releases/download/Complete/LudumDare38.zip\n* **Source code:** https://github.com/anthonytsmith/LudumDare38/archive/Complete.zip","path":"/events/ludum-dare/38/the-torus-world","parents":[1,5,9,9405],"meta":{"grade-06-out":"1"},"link":{"author":[378,11383]},"love":0,"notes":1,"notes-timestamp":"2017-05-03T20:06:42Z"}]}