{"status":200,"caller_id":0,"cached":[],"node":[{"id":16511,"parent":9405,"superparent":9,"author":11029,"type":"item","subtype":"game","subsubtype":"jam","published":"2017-04-24T20:47:54Z","created":"2017-04-21T22:11:12Z","modified":"2017-04-28T10:52:10Z","version":70492,"slug":"emojixy-wars","name":"Emojixy Wars","body":"Hey mates! This is my first Ludum Dare, hope you enjoy my first weird game! :joy:\n\n![emojixy_1.png](///raw/51b/2/z/1672.png)\n\n*Emojixy Wars* is an **awesome** 2d endless multi-directional shooter. Play as the Sun to protect the Solar System from Pluto's mercenary, an ancient technological being called Emoji :new_moon_with_face:\n\n![emojixy_2.png](///raw/51b/2/z/1675.png)\nTry to hold the Emojy enemies as many time as possible!\n![emojixy_3.png](///raw/51b/2/z/1678.png)\nAnd try to beat your highscore!\n![highscore.png](///raw/51b/2/z/168e.png)\n\n**CONTROLS**\n\n**IN-MENU:** \n- *LB* to select Top option\n- *RB* to select Down option\n\n**IN-GAME:** \n- *START* to pause game\n- *LEFT JOY* to move\n- *RIGHT JOY* to attack\n- *LB/RB* SWAP bullet type\n\n\n*Created & developed by: Andy Lázaro aka Dextreon*\n\n**FOLLOW ME ON SOCIAL MEDIA:** *https://twitter.com/dexgamedev*\n\n\n\n\n**GAME DOWNLOAD:** *https://drive.google.com/open?id=0BwWYrdf5YbUNdk0ycjV0RDVHemM*","path":"/events/ludum-dare/38/emojixy-wars","parents":[1,5,9,9405],"meta":[],"link":{"author":[11029]},"love":0,"notes":4,"notes-timestamp":"2017-04-28T15:26:42Z"}]}