{"status":200,"caller_id":0,"cached":[],"node":[{"id":16117,"parent":9405,"superparent":9,"author":15690,"type":"item","subtype":"game","subsubtype":"jam","published":"2017-04-25T00:07:04Z","created":"2017-04-21T21:38:38Z","modified":"2017-04-25T22:10:27Z","version":66949,"slug":"a-tiny-place","name":"A Tiny Place","body":"![Preview.png](///raw/a4d/3/z/1bad.png)\n\nIn a big world of face paced drama, find A Tiny Place.  A small reprieve to relax and shoot robots.\n\nIt's a tiny, tiny place.\n\n**Please consider what you DIDN'T like about the game and leave that as constructive criticism in your response, since that's the only way I'll improve as a designer.\n**My review of your game will in no way be retribution for an upsetting or disappointing review of my game, I promise.\n**Please be honest, and help be become better at the thing we all love, thanks!\n\n## Links\n* **SITE:** http://www.newgrounds.com/portal/view/692452?updated=1493078657","path":"/events/ludum-dare/38/a-tiny-place","parents":[1,5,9,9405],"meta":[],"link":{"author":[15690,18505]},"love":0,"notes":2,"notes-timestamp":"2017-05-01T21:10:15Z"}]}