{"status":200,"caller_id":0,"cached":[],"node":[{"id":16626,"parent":9405,"superparent":9,"author":103,"type":"item","subtype":"game","subsubtype":"jam","published":"2017-04-24T18:11:25Z","created":"2017-04-21T22:21:46Z","modified":"2017-04-25T12:54:11Z","version":65462,"slug":"prototype-of-a-crash-landing","name":"Prototype of a Crash Landing","body":"This is a work still in progress. I've scoped too high for LD38, but I intent to work further on it.\n\nThe only thing the game has yet is the protagonist. She got some sprites, she got some animations, and a name: Sara.\n\nFor now, she's trapped in the world of emptyness. But her mission is yet to unveil right in front of her eyes...\n\nLink: https://muel.itch.io/clprototype\n\n![preview_04.jpg](///raw/76/z/2586.jpg)","path":"/events/ludum-dare/38/prototype-of-a-crash-landing","parents":[1,5,9,9405],"meta":{"grade-06-out":"1","cover":"///content/76/z/3919.jpg"},"link":{"author":[103]},"love":0,"notes":1,"notes-timestamp":"2017-05-01T15:01:47Z"}]}