{"status":200,"caller_id":0,"cached":[],"node":[{"id":15797,"parent":9405,"superparent":9,"author":6137,"type":"item","subtype":"game","subsubtype":"jam","published":"2017-04-24T01:54:32Z","created":"2017-04-21T21:11:44Z","modified":"2017-04-24T03:15:50Z","version":46789,"slug":"small-world-4","name":"Small World","body":"There many cities in this small world, but you're the only one who can get them to trade. Match resources made by one city with boxes in other cities to get points.\n\n[Windows exe](https://www.dropbox.com/s/z09fvwnl5dasp60/LD38.zip?dl=0)\n\n![Screenshot](///raw/9f7/1/z/e0e.png)","path":"/events/ludum-dare/38/small-world-4","parents":[1,5,9,9405],"meta":[],"link":{"author":[6137]},"love":0,"notes":0}]}