{"status":200,"caller_id":0,"cached":[],"node":[{"id":15876,"parent":9405,"superparent":9,"author":2698,"type":"item","subtype":"game","subsubtype":"jam","published":"2017-04-25T01:22:59Z","created":"2017-04-21T21:17:26Z","modified":"2017-04-30T00:49:34Z","version":71776,"slug":"super-tiny-adventure-game","name":"Super Tiny Adventure Game","body":"![title.png](///raw/a8a/z/25ef.png)\n\nSo basically what it is, is a 2D \"collectathon\" made in under 72 hours. It contains four worlds and one hub world. I wanted to see if it's possible to make one of these under the time limit and it turns out it is *just* possible. \n\nI had to sadly cut a world out (it was either that or have music for the game.) I also didn't have time to add in a options menu, or cut-scenes that I originally had planned, but oh well, it's a LDjam game, it wouldn't be the same if things weren't cut or hurriedly finished. So sorry about the lack of polish here and there :?\n\nControls:\n\nArrow keys = Move\nZ = Jump (You can double jump!)\nX = Roll (or Ground Pound while in the air)\nC = Shoot (When you have the gun power up activated)\nPress Down to Skip Dialogue Text\nPress Up to Enter and Exit Worlds (while over the machines)\n\nSCREENSHOTS:\n![smallgif.gif](///raw/a8a/z/25eb.gif) ![boggy.gif](///raw/a8a/z/25e7.gif)\n![lostr.gif](///raw/a8a/z/25e8.gif) \n\nExe File:  http://www.sinclairstrange.com/SUPERTINYADVENTUREGAMEv1.5c.zip\n(Had to change from dropbox because they're utter crap and keep blocking downloads.\n\n(There might be some stuttering for some Windows 10 users, thanks to Microsoft's, utterly utterly crap \"Curators\" update. Alt+Enter to enter full screen should cure this :) ","path":"/events/ludum-dare/38/super-tiny-adventure-game","parents":[1,5,9,9405],"meta":[],"link":{"author":[2698]},"love":0,"notes":5,"notes-timestamp":"2017-05-02T17:25:10Z"}]}