{"status":200,"caller_id":0,"cached":[],"node":[{"id":15455,"parent":9405,"superparent":9,"author":817,"type":"item","subtype":"game","subsubtype":"jam","published":"2017-04-25T01:37:17Z","created":"2017-04-21T20:51:55Z","modified":"2017-05-01T17:16:32Z","version":74810,"slug":"planet-of-babel","name":"Planet of Babel","body":"![Cover art](///raw/133/z/2a8d.png)\n\n## [Web (Jam)](http://ludum.thenet.sk/ld38/) | [Source (Haxe)](http://ludum.thenet.sk/ld38/planetofbabel_src.zip) | Timelapse (soon) | [Post-mortem](http://www.thenet.sk/game/0015/post/0000) ##\n\n---\n\nPlanet of Babel is a small planet that players connect to and fight over simultaneously in a turn-based tactical strategy.\n\nControl using the mouse. Click on your units (the ones with brown circles near them) to select them, then click on the surrounding flashing tiles to move them there, or an enemy (if close enough) to attack them. Be careful, units counter-attack! Click on empty tiles that you own to be able to build new units. You can use your units to capture tiles and make them your own.\n\nHold the mouse close to the edges of the visible map to turn the planet (the cursor changes).\n\nThere are two primary resources - ***Starlight*** and ***Energy***:\n\n - ***Starlight SL*** falls from the sky at random locations that change every single turn. If Starlight falls on a tile that you own, or a **Starlight catcher** that you own, you will receive it.\n - ***Energy NRG*** is generated by **Generators** every turn. In game, it is display as e.g. `7 / 15` – `15` in this case is the energy actually produced by the generators. `7` is the energy still available to be used this turn. Some actions (building certain units, capturing land) take a one-time charge of energy. Maintaining land and units requires a constant energy supply, so you will find that you don't have all your energy available at the beginning of your turn.\n\n#### Build menu ####\n\n - **Tower block** - building this might crash your game, so don't do it :smile:\n - **Generator** (`10 SL`, `0+0 NRG`) - generates `15 NRG` per turn, unless it is moving.\n - **SL catcher** (`15 SL`, `1+1 NRG`) - any `SL` caught is worth 2x as much (3x on land you own).\n - **Boot** (`2 SL`, `0+1 NRG`) - basic melee fighter.\n - **Bow and arrow** (`3 SL`, `0+1 NRG`) - ranged attacker.\n - **Trebuchet** (`5 SL`, `0+2 NRG`) - slow ranged attacker.\n - **Dynamite** (`7 SL`, `5+5 NRG`) - cannot attack or capture; if killed, explodes, dealing its damage to all surrounding units (friendly or not). (Warning: probably doesn't actually work)\n - **Cloak & dagger** (`10 SL`, `0+5 NRG`) - fast and strong, but killed very easily.\n\n(It was supposed to be a lot more, but oh well. Also didn't get to put in the beautiful music :( Post-jam fix coming!)\n\nIf the game is stuck at \"Connecting …\", the server is probably down. I try to keep it running but it crashes every now and then. Let me know on twitter and I'll do it ASAP.","path":"/events/ludum-dare/38/planet-of-babel","parents":[1,5,9,9405],"meta":{"cover":"///content/133/z/32da.png"},"link":{"author":[817,23390]},"love":0,"notes":3,"notes-timestamp":"2017-05-01T14:10:48Z"}]}