{"status":200,"caller_id":0,"cached":[],"node":[{"id":15292,"parent":9405,"superparent":9,"author":1917,"type":"item","subtype":"game","subsubtype":"jam","published":"2017-04-23T23:23:09Z","created":"2017-04-21T20:42:05Z","modified":"2017-05-01T05:30:46Z","version":73020,"slug":"mouth-rescue","name":"Mouth Rescue","body":"Discover the world inside your mouth.\n\nMouth rescue is a fun Pixel platformer where you play K9, a tooth whose mission is to rescue lost teeth captured by the plaquarmy.\n\nConcept art made with PyXel\n[dentiumtileset.png](///raw/d77/z/a25.png)![mouthrescue.png](///raw/d77/z/a2d.png)\nLogo Design\n![mrLogo.png](///raw/d77/z/1936.png)\n\n![mouthrescue.png](///raw/d77/z/19b9.png)\nHowever i created all the art from scratch\n\nGame Links\n\nWindows/WebGL - http://bit.ly/mouth-rescue-itch\n","path":"/events/ludum-dare/38/mouth-rescue","parents":[1,5,9,9405],"meta":{"grade-06-out":"1"},"link":{"author":[1917]},"love":0,"notes":5,"notes-timestamp":"2017-05-02T12:16:06Z"}]}