{"status":200,"caller_id":0,"cached":[],"node":[{"id":16089,"parent":9405,"superparent":9,"author":10098,"type":"item","subtype":"game","subsubtype":"compo","published":"2017-04-24T00:59:46Z","created":"2017-04-21T21:36:03Z","modified":"2017-04-28T16:38:44Z","version":70789,"slug":"afterall","name":"Afterall","body":"The universe is dying. Take out some planets before the last star burns out. Planets are hard to find but you'll know when you find one. Score appears in window title at game over. Collision with stars, planets, and planet debris causes death.\n\n![Id1INtr.gif](///raw/277/2/z/2abc.gif)\n\nCONTROLS\n\nW or Up - pitch up\n\nS or Down - pitch down\n\nA or Left - roll left\n\nD or Right - roll right\n\nspace - accelerate\n\nleft shift - decelerate\n\nk - shoot\n\nDOWNLOADS\n\nSource: https://goo.gl/UGGL8L\n\nWindows: https://goo.gl/PfgaAf","path":"/events/ludum-dare/38/afterall","parents":[1,5,9,9405],"meta":{"cover":"///content/277/2/z/3855.png"},"link":{"author":[10098]},"love":0,"notes":0}]}