{"status":200,"caller_id":0,"cached":[],"node":[{"id":15315,"parent":9405,"superparent":9,"author":1155,"type":"item","subtype":"game","subsubtype":"jam","published":"2017-04-25T01:54:57Z","created":"2017-04-21T20:43:15Z","modified":"2017-04-30T20:11:09Z","version":72379,"slug":"insect-attack","name":"Insect Attack","body":"I totally trashed my idea for the card game I was working on and instead bring you this very crappy shooter!  Aren't you excited?  Other than the time limit, this entry would have qualified for the Compo but between life butting in and my other idea falling short, I had limited options.\n\nI'm sure there are more than a few bugs.  About 6 hours of work is all I put into this.\n\nTools:\n* Unity 3D\n* Bfrx for the lovely sound effects\n* Paint.Net for the even more lovely graphics :rofl:\n\nYour player is a bug spray can in the center of the screen, right clicking fires the sprayer once per click.  Aim with your mouse in the direction you want to fire.\n\nShooting bugs (ants actually, never got a chance to implement anything else) increases your time limit and your score.\nMissing with a puff of spray completely removes 1 second from your timer.\nBugs hitting you remove score as well as seconds from your timer.\n\nWord of warning, bug spawning can literally occur anywhere within the camera's view, including right next to the player.  If it immediately collides it just destroys the bug with no penalty but sometimes they'll be so close that you can't hit them.\n\nIf I have time over the next couple days I'll try to work out bugs but work will take up a lot of my time this week and not to mention I awoke this morning to some sort of crud.  \n\n[Download the Game](https://drive.google.com/open?id=0B-ffmjRLPVREU0hlQjNnV3l3Uzg)\n\n[HTML5 Version on Itch.IO](https://simplepotential.itch.io/insect-attack-ludum-dare-38)\n\n[Source Code for Unity Project](https://drive.google.com/open?id=0B-ffmjRLPVREd0lHbnBtcnR6eUU)\n\n[Post Mortem Video](https://youtu.be/1DWkmXYh-zU)\n\n![LD38_Clip2a1.gif](///raw/384/z/25af.gif)\n\n![screen1.png](///raw/384/z/257e.png)\n\n![screen2.png](///raw/384/z/2580.png)\n\n\nKnown Bug on Game Over screen, bottom left label should save \"High Score\"\n![screen3.png](///raw/384/z/2581.png)\n\nOther Known Bugs:\n\n* Sometimes a bullet/spray puff will get stuck on the screen.  It'll destroy itself after 5 seconds.  Cause?  Not really sure.  They can only collide with bugs and should destroy immediately after hitting but my best guess is there is an occasion where that doesn't occur correctly and a bug spawns right at the location where the bullet is at creating some sort of conflict.\n\n* Bugs spawn completely randomly anywhere within the camera view.  This should be changed to spawn either at the camera edges, just beyond the edge, or perhaps within a radius at certain points on the screen.\n\nPlanned Features:\n\n* More bugs.  Bees are on the list.  Perhaps a roach as well.\n\n* Weapons.  A bug bomb is on the list.  Also want to add some sort of cooldown to the current sprayer or a limited number of shots within a given time frame.  Basically need to balance the game still.\n\n* Music\n\n* Animations\n\n\n","path":"/events/ludum-dare/38/insect-attack","parents":[1,5,9,9405],"meta":{"cover":"///content/384/z/369a.png"},"link":{"author":[1155]},"love":0,"notes":10,"notes-timestamp":"2017-05-03T17:56:45Z"}]}