{"status":200,"caller_id":0,"cached":[],"node":[{"id":16584,"parent":9405,"superparent":9,"author":9868,"type":"item","subtype":"game","subsubtype":"compo","published":"2017-04-24T17:14:20Z","created":"2017-04-21T22:17:49Z","modified":"2017-04-26T20:15:23Z","version":68615,"slug":"goosing-traxler-park","name":"Goosing Traxler Park","body":"Real life interupted at 21 hours. Had two things to add to make the game fully playable (it is playable as you can loose and you can starve). The F command and enemies that shoot back. The artwork came from kolourpaint, my phones camera and a overview shot from google maps. (not sure how no derivative that is but I did at least create the image durng compeition time). Saturday am I took the pics and found some talkative geese and ducks. The sound on the Screech command (S) is my car. Processed through audacity don't ask me how I did it - played with it will I liked what I heard. \n\nhttp://www.mikewagman.com/mgs/ludum/\n\nhttp://www.mikewagman.com/mgs/ludum/ludum.zip","path":"/events/ludum-dare/38/goosing-traxler-park","parents":[1,5,9,9405],"meta":[],"link":{"author":[9868]},"love":0,"notes":1,"notes-timestamp":"2017-04-24T17:08:48Z"}]}