{"status":200,"caller_id":0,"cached":[],"node":[{"id":16457,"parent":9405,"superparent":9,"author":15068,"type":"item","subtype":"game","subsubtype":"jam","published":"2017-04-24T21:41:13Z","created":"2017-04-21T22:06:48Z","modified":"2017-05-03T18:18:02Z","version":77984,"slug":"palm-planets","name":"Palm Planets","body":"![Screen_7.png](///raw/cda/3/z/164e.png)\n\n![Screen_6.png](///raw/cda/3/z/164d.png)\n\nPalm Planets is a short and simple, atmospheric RPG. Help little Billy collect all of the planets from his model solar system. Feel free to take your time and enjoy!\n\n## Links\nDownload(Windows): http://gamejolt.com/games/PalmPlanets/252005 \n\n\n","path":"/events/ludum-dare/38/palm-planets","parents":[1,5,9,9405],"meta":{"grade-07-out":"1","cover":"///content/cda/3/z/3cd5.png"},"link":{"author":[15068]},"love":0,"notes":0}]}