{"status":200,"caller_id":0,"cached":[],"node":[{"id":16569,"parent":9405,"superparent":9,"author":13910,"type":"item","subtype":"game","subsubtype":"compo","published":"2017-04-24T01:00:29Z","created":"2017-04-21T22:16:14Z","modified":"2017-04-29T00:08:01Z","version":71056,"slug":"afterbirth","name":"Afterbirth","body":"My submission for Ludum Dare 38.\n\n**Downloads Link:** https://xxdoombox.itch.io/afterbirth \n\n**Source Code:** GameMaker Studio project file is available in the downloads link above.\n \n![afterbirth_ss2.png](///raw/656/3/z/db5.png)\n\n![afterbirth_ss1.png](///raw/656/3/z/db3.png)\n\n\n\n","path":"/events/ludum-dare/38/afterbirth","parents":[1,5,9,9405],"meta":{"cover":"///content/656/3/z/377a.png"},"link":{"author":[13910]},"love":0,"notes":54,"notes-timestamp":"2017-05-04T02:05:05Z"}]}