{"status":200,"caller_id":0,"cached":[],"node":[{"id":15750,"parent":9405,"superparent":9,"author":630,"type":"item","subtype":"game","subsubtype":"jam","published":"2017-04-25T02:13:48Z","created":"2017-04-21T21:08:54Z","modified":"2017-05-01T10:29:23Z","version":73655,"slug":"pip-sweep","name":"Pip Sweep","body":"![image.png](///raw/672/z/2438.png)\n\nTake the role of **Pip the Bounty Hunter** as he rubs, strokes, pets, and sweeps his way to the **Ultimate Prize!**\n\n# [\\[Play\\]](https://pikopik.itch.io/pip-sweep)\n\n\n \n \n### Authors\n* [Taxiderby](http://twitter.com/taxiderby)\n* [Pikopik](http://twitter.com/_pikopik)\n* [WeaverDev](http://twitter.com/weaver_dev)\n\n### Screenshots\n![imggg.jpg](///raw/672/z/2852.jpg)\n\n\n\n\n\n","path":"/events/ludum-dare/38/pip-sweep","parents":[1,5,9,9405],"meta":{"cover":"///content/672/z/38c8.png"},"link":{"author":[630,28697]},"love":0,"notes":9,"notes-timestamp":"2017-05-04T04:16:53Z"}]}