{"status":200,"caller_id":0,"cached":[],"node":[{"id":15425,"parent":9405,"superparent":9,"author":10008,"type":"item","subtype":"game","subsubtype":"compo","published":"2017-04-24T00:56:57Z","created":"2017-04-21T20:49:59Z","modified":"2017-05-01T16:00:49Z","version":74638,"slug":"the-time-of-our-lives","name":"The Time of Our Lives","body":"![Screen Shot 2017-04-23 at 6.55.26 PM.png](///raw/817/2/z/b99.png)\n\n_Long time, no see! Aaron, right? Oh. Sorry, Mike. Well, it's... uh... good to see you again. Um. I gotta run._\n\n## Concept\nInteracting with long-lost acquaintances can be difficult but rewarding. In _The Time of Our Lives_, you'll run across acquaintances you vaguely remember from your High School yearbook. The start screen will show you your first two acquaintances, and a new one will be added after each level. The right interactions will create friendships and help you climb the social ladder. Wave, fist-bump, and hug your way to the top.\n\nHowever, interacting with strangers or breaking social norms could cause a crushing blow to your social life. How high can you rise before it dies completely?\n\n\n## Play\n [Play Online](https://rucres.com/)\n\n\n## CONTROLS\n**Arrow Keys** — Move\n\n**Z** — Wave — Wave at acquaintances when you have eye contact to become friends.\n\n**X** — Fist-bump — Fist-bump friends when you have eye contact and are an appropriate distance away to become BFFs.\n\n**C** — Hug — Hug BFFs when you have eye contact and are an appropriate distance away.\n\n## Source Code\n[Bitbucket](https://bitbucket.org/tddawson/ld38).","path":"/events/ludum-dare/38/the-time-of-our-lives","parents":[1,5,9,9405],"meta":{"grade-06-out":"1","cover":"///content/817/2/z/346c.png"},"link":{"author":[10008]},"love":0,"notes":0}]}