{"status":200,"caller_id":0,"cached":[],"node":[{"id":15492,"parent":9405,"superparent":9,"author":206,"type":"item","subtype":"game","subsubtype":"compo","published":"2017-04-24T00:00:39Z","created":"2017-04-21T20:53:58Z","modified":"2017-05-03T11:38:23Z","version":77665,"slug":"home-escaper","name":"Home Escaper","body":"![Home Escaper screenshot-4.png](///raw/ec/z/3902.png)\n\n# What you need\nYou will need to have at least Java 1.7 installed to run this.\n\n## Desc\nMade in 48 hours by [@h2n0](https://twitter.com/h2n0).\nYou have been tasked with overseeing the construction of a new colony on a far off world.\nYou know not what challenges you will face but you are determined to overcome them.\n\n### Controls\n* A,D - rotate the planet left and right\n* Left mouse - place down new buildings\n* P - Save a screenshot\n\n\n## Links\n* Itch - [Home Escaper](https://h2n0.itch.io/ld38)\n* Source - [Github](https://github.com/h2n0/LD38)","path":"/events/ludum-dare/38/home-escaper","parents":[1,5,9,9405],"meta":{"grade-06-out":"1","cover":"///content/ec/z/3901.png","grade-07-out":"1","grade-08-out":"1"},"link":{"author":[206]},"love":0,"notes":4,"notes-timestamp":"2017-05-03T19:47:02Z"}]}