{"status":200,"caller_id":0,"cached":[],"node":[{"id":15167,"parent":9405,"superparent":9,"author":6710,"type":"item","subtype":"game","subsubtype":"jam","published":"2017-04-25T01:15:47Z","created":"2017-04-21T20:33:17Z","modified":"2017-05-03T15:43:23Z","version":77852,"slug":"core-breakdown-1","name":"Core Breakdown!","body":"![city.png](///raw/63a/1/z/33d2.png)\n# Welcome to Core Breakdown!\n\n## Story\nYou are explore uncharted planets in the H732 Solar System with your core powered space ship. However, your key power, the core, suddenly breaks and falls into the planet below. You must find it before you can continue!\n\n## Features \n- Sheep herding minigame!\n- Spider extermination mini game!\n- Smooth scene changes!\n- Dialog between player and npc!\n\n## Uncompleted Future Elements\n- A third minigame\n- More NPCs\n\nThanks for playing! :grin:\n\n## Play Link\n[Mac and Windows](https://firstdream.itch.io/core-breakdown)\n\n## Credits\nGeoffrey, Programmer, [Profile](https://ldjam.com/users/firstdream/)\n\nMathew, Programmer\n\nEmi, Graphic Designer, [Profile](https://ldjam.com/users/emicb/)\n\nDylan, Graphic Designer","path":"/events/ludum-dare/38/core-breakdown-1","parents":[1,5,9,9405],"meta":{"cover":"///content/63a/1/z/3303.png","grade-06-out":"1"},"link":{"author":[6710]},"love":0,"notes":9,"notes-timestamp":"2017-05-03T13:03:03Z"}]}