{"status":200,"caller_id":0,"cached":[],"node":[{"id":16232,"parent":9405,"superparent":9,"author":1599,"type":"item","subtype":"game","subsubtype":"jam","published":"2017-04-24T16:24:58Z","created":"2017-04-21T21:48:51Z","modified":"2017-04-27T16:30:37Z","version":69593,"slug":"souvenirs","name":"Souvenirs","body":"Small game about adding some warmth to a small world.\n\nhttps://magnum-opus.itch.io/souvenirs\n\nAnd our github is here: https://github.com/xenoexplorator/3CatsInAFlat\n\nMusic by Jay Man: http://ourmusicbox.com/","path":"/events/ludum-dare/38/souvenirs","parents":[1,5,9,9405],"meta":{"grade-06-out":"1","grade-07-out":"1"},"link":{"author":[10597,1599,10589]},"love":0,"notes":0}]}