{"status":200,"caller_id":0,"cached":[],"node":[{"id":15771,"parent":9405,"superparent":9,"author":318,"type":"item","subtype":"game","subsubtype":"jam","published":"2017-04-25T01:51:35Z","created":"2017-04-21T21:09:49Z","modified":"2017-04-27T20:52:06Z","version":69864,"slug":"command-ant-conquer","name":"Command Ant Conquer","body":"![Screenshot](///raw/e31/z/25b2.png)\n\n\nWinter is coming and the ant colonies are preparing for gathering food.\nUnfortunately, there's not enough for everyone this year... conflict is approaching.\nAssume the role of a majestic ant queen and command your forces to conquer Ant Island.\n\n* Gather massive ammounts of food to satisfy your gluttony\n* Give birth to hundreds of hungry ants to gather even more food for even more hungry ants\n* Steal the eggs of other colonies and make them believe they'r your sons, because you're a bad person.\n* Attack defenseless worker ants while they try to make a living.\n* Play with up to 4 friends. Show them who's the queen.\n\n---------------------------------------\n\n# Play / Download\n\n* ** https://judelco.itch.io/command-ant-conquer ** (WebGL & Windows)\n\n---------------------------------------\n\n# Controls\n\nKeyboard 1: **W,A,S,D** to move, '**V**' to gather ants around you.\n\nKeyboard 2: **←,↑,→,↓** to move, '**,**' to gather ants around you.\n\nGamepads: **←,↑,→,↓** to move, '**A**' to gather ants around you.\n\n**NOTE**: Up to 4 players can play with any combination of keyboard/gamepads.\n\n---------------------------------------\n\n# Credits\n\n#### Game Design\n* Javier Cepa (@JaviCepa , https://twitter.com/javicepa)\n\n#### Programming\n* Juan Delgado (@JuDelCo , https://twitter.com/judelco)\n* Miguel Criado (@Macro , https://twitter.com/macro)\n\n#### Music / Sound Design\n* Daniel Parejo (https://twitter.com/parejomusic)\n\n#### Artist\n* Athenea Reche (@Zaxhui , https://twitter.com/Zaxhui)\n\n---------------------------------------\n\n![Title](///raw/e31/z/215c.png)\n\n![Instructions](///raw/e31/z/2170.png)\n","path":"/events/ludum-dare/38/command-ant-conquer","parents":[1,5,9,9405],"meta":{"cover":"///content/e31/z/3118.png"},"link":{"author":[318,297,1499,21671]},"love":0,"notes":11,"notes-timestamp":"2017-05-04T07:31:34Z"}]}