{"status":200,"caller_id":0,"cached":[],"node":[{"id":15302,"parent":9405,"superparent":9,"author":1789,"type":"item","subtype":"game","subsubtype":"compo","published":"2017-04-24T01:22:00Z","created":"2017-04-21T20:42:16Z","modified":"2017-04-28T17:58:41Z","version":70819,"slug":"space-hummus","name":"Space Hummus","body":"![1.png](///raw/df6/z/c8a.png)\nSpace platformer in the quest for space-pitas!\n## Links\n* **ITCH.IO:** https://dietzribi.itch.io/space-hummus\n* **NEWGROUNDS:** http://www.newgrounds.com/portal/view/692390\n* **GAMEJOLT:** http://gamejolt.com/games/space-hummus/251928\n* **TWITTER:** https://twitter.com/dietzribi\n* **SOURCE CODE:** https://www.dropbox.com/s/06uaxhwvbcid3mw/LudumDare38.gmz?dl=0\n\nI made a change since people had a hard time understanding the mechanics.\nHopefully now the game will be more obvious.\nThis level has changed from this:\n![fdas.gif](///raw/df6/z/dca.gif)\n\nTo this:\n![after.gif](///raw/df6/z/2ac4.gif)","path":"/events/ludum-dare/38/space-hummus","parents":[1,5,9,9405],"meta":{"cover":"///content/df6/z/30dd.png"},"link":{"author":[1789]},"love":0,"notes":38,"notes-timestamp":"2017-05-04T00:46:58Z"}]}