{"status":200,"caller_id":0,"cached":[],"node":[{"id":15414,"parent":9405,"superparent":9,"author":185,"type":"item","subtype":"game","subsubtype":"compo","published":"2017-04-24T01:02:47Z","created":"2017-04-21T20:49:15Z","modified":"2017-04-26T23:35:00Z","version":68829,"slug":"liftoff","name":"liftoff","body":"## Controls\n\nIn game:\n - left-key: rotate the ship counter-clockwise\n - right-key: rotate the ship clockwise\n - space: go! boosts the ship\n - up-/down-leys: go through menu options\n - enter: select menu option (buy / sell) \n\n## Links\n\n - **Windows:** https://remco.itch.io/liftoff\n - **Source:** https://remco.itch.io/liftoff\n - **Linux:** https://remco.itch.io/liftoff\n\nUpdated with Linux port, exactly the same game, exactly(?) the same bug(s)! :smile:\n\n![liftoff_thumbnail.png](///raw/9b/z/af0.png)\n \n## Synopsis\n\nTrade. In Space!\n\nFly your little space-ship between small worlds, buying and selling trade items for ENERGON*, the universal resource / shield / future-money-replacement.\nWell, until your luck runs out and the orange warning lights start blaring at least...\n\nFuel is automatically 'bought' from your ENERGON reserves (5 ENERGON to get a full tank) when you run out, but it's Game-Over when the ENERGON itself runs out!\n\n*) I uh... can you believe that reference is unintentional? I never watched the show as a kid. Sorry to get anyones hopes up!\n\nScoring:\n - Credz are earned everytime ENERGON is maxxed out at 100, but you still sell items.\n - You've made a Trip when you've landed (or crashed) on a planet that wasn't the same as the last planet you've landed on. \n\nYou've only got 2 cargo-holds, so use them wisely!\n \nOh, and watch out for the green 'farce-field' :wink:\n\n## Notes\n\n - Content Note: Oblique reference to alcohol.\n - Bug: Score-screen (on game over) may show score of the game *before* the one that just ended. :sweatdrop:\n - Workaround for bug: When game-over, go back to main, then select the 'continue' option (as opposed to start). It will now show the score for last time.\n - The help-screen may be a lot more confusing than the description here, sorry!\n - Font: Quirk Medium.\n - Made with: \\\n   code: C++ & SDL2 (& some cleaned-up base code from last 2 times), \\\n   images: The GIMP2, \\\n   music: BeepBox.co, \\\n   sounds-fx: Bfxr\n - The game(-files) itself (and source) is still identical to the one I uploaded before the end of the compo, but I have overhauled both this *description-page* and the *description* on itch.io completely!\n \n## Sceenies\n\n![screenie_liftoff_B.png](///raw/9b/z/af2.png)\n\n![screenie_liftoff_C.png](///raw/9b/z/af3.png)\n\n![screenie_liftoff_D.png](///raw/9b/z/af4.png)\n\n![screenie_liftoff_A.png](///raw/9b/z/af6.png)\n\n## Obligatory Humorous Disclaimer\n\n**small print** *May not be suitable for physicists: Only very loosely based on the real world (if at all). Future results may not predict past performance. Consult doctor if rash persists. Keep out of Martian childeren.*\n","path":"/events/ludum-dare/38/liftoff","parents":[1,5,9,9405],"meta":{"cover":"///content/9b/z/36b1.png"},"link":{"author":[185]},"love":0,"notes":19,"notes-timestamp":"2017-05-03T19:30:54Z"}]}