{"status":200,"caller_id":0,"cached":[],"node":[{"id":15940,"parent":9405,"superparent":9,"author":2646,"type":"item","subtype":"game","subsubtype":"jam","published":"2017-04-25T02:11:38Z","created":"2017-04-21T21:22:32Z","modified":"2017-04-25T17:48:21Z","version":66323,"slug":"hibernaculum","name":"Hibernaculum","body":"![ld38-1.png](///raw/65a/z/2466.png)\n\n--------\n\n### Play online now: https://codebite.xyz/ld38/ (personal website)\n\n--------\n\n# Hibernaculum \n\n\n## Description:\n\nHibernaculum is a puzzle game in which you take a role of a person who is stuck in Snow Globe. Your goal is to make your way out. But... :open_mouth: you cannot move in any other direction but left and right. Fortunately, someone is helping you by rotating the \"Small world\" of yours to help you out. While the globe rotates, you don't. Exploit this to your advantage. :wink: \n\n--------\n\n## Downloads:\n\n* PC (Windows, macOS, Linux): https://drive.google.com/drive/folders/0B9pCbeofxFCNRmREZ0xOUGREcms?usp=sharing\n* GameJolt (WebGL, Windows, macOS, Linux): http://gamejolt.com/games/hibernaculum/252147\n* WebGL: https://codebite.xyz/ld38/\n\n--------\n\n\n## Controls:\n\n* Character movement: `A` and `D`\n* Globe rotation: `Left Click` and drag\n* Item pick up: `E`\n* Close dialogues: `X`\n* Pause menu: `ESC` or `P`\n\nIf you have trouble controlling the character, scroll down to hints category.\n\nIf you encounter a game breaking bug, please contact @geekdima (me), or @Quaternius on twitter. You can also reach me at *dmytro.v.kalchenko* at gmail.\n\n--------\n\n## About:\n\nMade by Qure team for Ludum Dare Jam 38 in less than 72 hours.\n\n### Team members:\n\n* @redpanda\n* @Quaternius\n\n### Work responsibility:\n\n* @redpanda:\n\t* Game idea;\n\t* Feature ideas;\n\t* Gameplay programming;\n\t* Level design;\n\t* Support art.\n* @Quaternius:\n\t* Art;\n\t* Music;\n\t* Level design;\n\t* Support programming;\n\t* Feature ideas.\t\n\n\n--------\n\n## Screenshots: \n\n![ld38-2.png](///raw/65a/z/2490.png)\n\n![ld38-3.png](///raw/65a/z/2491.png)\n\n![ld38-4.png](///raw/65a/z/2492.png)\n\n![ld38-5.png](///raw/65a/z/2493.png)\n\n![ld38-6.png](///raw/65a/z/2494.png)\n\n![ld38-7.png](///raw/65a/z/2495.png)\n\n--------\n\n\n## Video:\n\n**VIDEO CONTAINS ALL GAMEPLAY aka SPOILERS**\n\nhttps://www.youtube.com/watch?v=OUSsYR3xYHI\n\n--------\n\n## Hints/Walkthrough:\n\n* You can jump and rotate, the player will stay in the air while you rotate;\n* Wile you rotate interesting things have lens flares;\n* Read the item *descriptions*;\n* When the world just resets after the rotation, it means the player would've stuck, so it didn't allow it;\n* Sometimes you can get inside some places that look solid.\n\n\n**SPOILERS!**\n\n* Level 1: \n    * Collect the sword in the ruins;\n    * Collect the knight's helmet next to spawn;\n    * Collect the shield behind the forest near the mountain;\n    * Go back to the spawn, enter the newly spawned portal;\n    * Riddle answer: *\"Sword\"*.\n* Level 2:\n    * Rotate into igloo to collect the snow balls;\n    * Jump on the crate, jump rotate to land on the 2 crates, jump rotate to land on the 3 crates, collect Snowflake;\n    * Jump and rotate into the mountains, collect the carrot;\n    * Go back to the spawn, enter the newly spawned portal;\n    * Riddle answer: *\"Snowman\"*.\n\n--------\n\n","path":"/events/ludum-dare/38/hibernaculum","parents":[1,5,9,9405],"meta":{"cover":"///content/65a/z/33e8.png"},"link":{"author":[2646,3465]},"love":0,"notes":57,"notes-timestamp":"2017-05-03T16:09:15Z"}]}