{"status":200,"caller_id":0,"cached":[],"node":[{"id":15217,"parent":9405,"superparent":9,"author":35,"type":"item","subtype":"game","subsubtype":"compo","published":"2017-04-24T01:53:27Z","created":"2017-04-21T20:36:48Z","modified":"2017-05-02T20:35:34Z","version":77032,"slug":"w-r-l-d-world-reconnaissance-elite-defense","name":"W.R.L.D. (World Reconnaissance eLite Defense)","body":"![final.gif](///raw/32/z/dce.gif)\n\n```\n                                               *** ATTENTION! ***\n\n                             The person with the highest score at the end of the \n                             rating period gets a beautiful trophy!\n\n                                     (Or the equivalent on the new site)\n\n                             Please leave a comment with your username and the\n                             name on the highscore table if they don't match.\n\n```\n\n# [Download Here!](https://terracottafrog.itch.io/wrld)\n**There has been an update, fixing some issues with high score uploading, and changing the words \"your highscore\" to \"[username]'s highscore.\"**\n\n### [View Full Scoreboard](http://terracottafrog.com/wrld-scores.php)\n\n### Press F or f11 for fullscreen!\n\n### If you experience issues with buttons not working, switch from arrow keys and z to wasd and space, or vice versa!\n\nIt is the year 2060. Your world has faced all manner of threats. Climate change, plagues, and meteor strikes have left it desperate.\n\nNow, another threat looms.\n\n***ALIENS***.\n\n\nThey have placed your world in a giant metal cube, as ***ALIENS*** do.\n\nThe ***ALIENS*** may outnumber you **∞**/1, but you feel confident in your ability to fend them off!\n\n## Instructions\n\nDestroy ***ALIENS*** by **shooting** them.\n\nYou have a limited amount of **health**, which is always draining. *You must act quickly to avoid death!* This health regenerates between rounds.\n\nYou can **ram** enemies, which hurts you but hurts the enemy more. This isn't always the right choice but it can be effective.\n\nPick up green **satellites** to regain some health.\n\nDestroy all enemies to go to the next **round.** Your health refills between each round.\n\n**Highscores** are kept globally, so try to get to the top of the board!\n\n### ***ALIENS***\n\n#### Satellites\n\n![img-satelites.png](///raw/32/z/117a.png)\n\nSatellites give you extra health. Pick them up when you are running low.\n\n#### Orbital Cannons\n\n![img-orbiters.png](///raw/32/z/1196.png)\n\nOrbiters slowly rotate around the planet, launching streams of bullets at the player. They have a medium amount of health\n\n#### Carriers\n\n![img-carrier.png](///raw/32/z/11a9.png)\n\nCarriers launch volleys of missiles at the player. They have a large amount of health.\n\n#### Missiles\n\n![img-missiles.png](///raw/32/z/11b3.png)\n\nMissiles follow the player, and deal a small amount of damage on hit. They are launched by carriers and take one hit to destroy.\n\n#### Orbiters\n\n![img-rotators.png](///raw/32/z/11b2.png)\n\nOrbiters rotate around the player, draining health. They also block the players shots. The light below the player turns red when under the effect of an orbiter.\n\n#### Flyers\n\n![img-flyers.png](///raw/32/z/11aa.png)\n\nFlyers are harmless, and orbit around the planet. They don't need to be destroyed to proceed in the level.\n\n#### Debris\n\n![img-debtris.png](///raw/32/z/11b6.png)\n\nDebris are the asteroids around the level. They deal a small amount of damage when they hit the player.\n\n\n\n\n### Controls\n\n#### Turning\n\nUse ``` A ``` and ``` D ``` or ``` ⬅️ ``` and ``` ➡️ ``` to turn.\n\n#### Throttle\n\nControl the throttle with ``` W ```, ``` ⬆️ ```, or ``` X ```\n\n#### Laser\n\nFire your laser with ``` SPACE ```, or ``` Z ```\n\n\n##### Credits\n\nAll resources original except:\n\nThe font [Silkscreen](http://kottke.org/plus/type/silkscreen/), from Jason Kottke​.\n\nThe font [3Dventure](http://www.dafont.com/3dventure.font), from Aaron D. Chand. \n\n","path":"/events/ludum-dare/38/w-r-l-d-world-reconnaissance-elite-defense","parents":[1,5,9,9405],"meta":{"cover":"///content/32/z/3336.gif"},"link":{"author":[35]},"love":0,"notes":29,"notes-timestamp":"2017-05-04T09:15:59Z"}]}