{"status":200,"caller_id":0,"cached":[],"node":[{"id":16346,"parent":9405,"superparent":9,"author":11469,"type":"item","subtype":"game","subsubtype":"compo","published":"2017-04-24T00:52:09Z","created":"2017-04-21T21:57:45Z","modified":"2017-04-24T14:17:53Z","version":49633,"slug":"worlddefcoop","name":"WorldDefCoop","body":"A local coop muliplayer where you can use tools to defend your world. The planet has 5 hit points.\nPlayer1(Orange): a d move player w s move tool\nPlayer2(Purple): left and right arrows move player up and down arrows move tool\n\n\nPS: This a unfinished six - eight hours game :sweat_smile:\n\nSource\nhttps://drive.google.com/open?id=0BxIpuMf63LvpWEcxUW80eDI3ZU0\n\nBuild\nhttps://drive.google.com/file/d/0BxIpuMf63LvpVDlSZ2NKSjEtVVk/view?usp=sharing","path":"/events/ludum-dare/38/worlddefcoop","parents":[1,5,9,9405],"meta":[],"link":{"author":[11469]},"love":0,"notes":0}]}