{"status":200,"caller_id":0,"cached":[],"node":[{"id":15578,"parent":9405,"superparent":9,"author":9689,"type":"item","subtype":"game","subsubtype":"compo","published":"2017-04-24T00:13:42Z","created":"2017-04-21T20:58:06Z","modified":"2017-05-02T14:24:46Z","version":76568,"slug":"a-relatively-small-world","name":"A Relatively Small World","body":"![GameMaker Studio.png](///raw/9d5/2/z/9d3.png)  \n### Best played with headphones!\n\n## Downloads \n#### [Compo - Windows](http://bitly.com/2oGR7At)  \nPlease read the How To Play as there are no instructions in the game. \n#### [Compo - Source](http://bit.ly/2qfvxmD)\n\n#### [Post Compo - Windows Version 1.1](http://bit.ly/2pHsuUz) - Just a fix for some text drawing in the wrong place. Not sure if this counts as a bug fix, as I forgot about it while I was making the game.\n#### [Walkthrough](https://ldjam.com/events/ludum-dare/38/a-relatively-small-world/walkthrough-for-a-relatively-small-world)\n#### [Post Mortem](https://ldjam.com/events/ludum-dare/38/a-relatively-small-world/ld38-post-mortem-a-relatively-small-world)  \n#### [Soundtrack](http://bitly.com/2pAU9FE)\n\n### How To Play\nPress X to pick up cities or the dog. Press X to put them down again. You can only 'carry' one thing at a time, so you have to put it down to pick another thing up. See the walkthrough above if you get stuck on any of the puzzles.\n\n#### Note: To skip the quote at the beginning of the game, hold right shift when you press Play.\n\n## Description\nDr. Artemus Blackcraft has made himself a giant. Play Dr. Blackcraft as he saves the world from various invaders and nefarious villains.  \nComplete with:  \n    An original guitar soundtrack  \n    Hand-drawn art  \n    Spoken sound effects   \n    RECONFIGURABLE CONTROLS!  \n    A pug!\n  \n## NOTE:  \nIf someone has the time to make a Mac port using their copy of Game Maker, it would be much appreciated.","path":"/events/ludum-dare/38/a-relatively-small-world","parents":[1,5,9,9405],"meta":{"cover":"///content/9d5/2/z/3389.png"},"link":{"author":[9689]},"love":0,"notes":45,"notes-timestamp":"2017-05-04T06:38:09Z"}]}