{"status":200,"caller_id":0,"cached":[],"node":[{"id":15162,"parent":9405,"superparent":9,"author":11291,"type":"item","subtype":"game","subsubtype":"jam","published":"2017-04-25T02:01:46Z","created":"2017-04-21T20:33:09Z","modified":"2017-05-03T03:03:46Z","version":77405,"slug":"eine-kleine-insektmusik","name":"Eine Kleine Insektmusik","body":"![titleScreenShare.png](///raw/b1c/2/z/21b2.png)\n___________________________________\n\nThis is only my second Ludum Dare, and the first Ludum Dare for the rest of my team!\nEine Kleine Insektmusik is a music-based game where you play as a bug stuck in a piano. As the hammers strike the strings to play the song, you have to dodge out of the way to avoid getting squished.\n\nThe game is written in Monkey-X. Art made in Aseprite.\n\n--David Lazar (@davidthelazar) wrote all the code. \n\n--Brylee Treadway (@Brylee) made all the art. It was her first time using aseprite and her first time making video game art! \n\n--Lucas Bishop (@lukatroopa) made the music for the main game mode and some additional sounds. It was also his first time with all this stuff!\n\nIn audio, we're only asking to be judged based on the music in the main Play mode; the bonus songs are just for fun. The Play mode piece starts as a play on Eine Kleine Nachtmusik.\n\nI'm super proud of our team for making our first game together in only 3 days!\n\nWe just wrapped up work on the game right as time ran out for the jam, so the game is pretty content-light. I look at it as mostly a proof-of-concept we hope to expand on later (more songs! a difficulty ramp! collectibles!).\n\nLook at this little dude!\n![bugBlink.gif](///raw/b1c/2/z/21bc.gif)\n\n## Links:\n\n**Game (HTML5):** http://davidthelazar.com/ludumdare38/MonkeyGame.html\n\n**Twitter:** http://twitter.com/davidthelazar\n\nIn-game, use the left and right arrows (or WASD) to hop left and right to avoid the hammers striking down with the music.\n\n\n________________________________________________________________________________\n\n**Post-Jam Version (HTML5):** http://davidthelazar.com/einekleine/MonkeyGame.html\n\nThe post-jam version fixes a screen flicker bug, adds randomly-spawning collectibles, and significantly reduces the visual warning time before hammers drop.\n\n\n\n\n","path":"/events/ludum-dare/38/eine-kleine-insektmusik","parents":[1,5,9,9405],"meta":{"cover":"///content/b1c/2/z/3393.png"},"link":{"author":[11291,13934,12406]},"love":0,"notes":36,"notes-timestamp":"2017-05-04T08:18:00Z"}]}