{"status":200,"caller_id":0,"cached":[],"node":[{"id":15860,"parent":9405,"superparent":9,"author":10283,"type":"item","subtype":"game","subsubtype":"jam","published":"2017-04-24T23:48:01Z","created":"2017-04-21T21:16:06Z","modified":"2017-05-02T04:07:01Z","version":75923,"slug":"battle-toys","name":"Battle Toys","body":"Game taking place a back yard! It's actually more of an unfinished prototype due to several reasons which I'll go over in a postmortem. Suffice to say, I participated to experience and learn and that's what I did. Despite not finishing my game I'm still glad I took part in Ludum Dare!\n\n[Download for Windows on Google Drive](https://drive.google.com/file/d/0B90CahYYvdyRU2hhc3QtZXBPTkk/view?usp=sharing)\n\nSource on GitHub: https://github.com/pagefile/BattleToys\n\n![20170424181528_1.jpg](///raw/b28/2/z/1a15.jpg)\n![20170424181536_1.jpg](///raw/b28/2/z/1a18.jpg)\n![20170424181551_1.jpg](///raw/b28/2/z/1a1a.jpg)","path":"/events/ludum-dare/38/battle-toys","parents":[1,5,9,9405],"meta":{"grade-06-out":"1","cover":"///content/b28/2/z/380e.png"},"link":{"author":[10283]},"love":0,"notes":2,"notes-timestamp":"2017-05-02T23:32:19Z"}]}