{"status":200,"caller_id":0,"cached":[],"node":[{"id":15794,"parent":9405,"superparent":9,"author":11474,"type":"item","subtype":"game","subsubtype":"compo","published":"2017-04-23T22:36:29Z","created":"2017-04-21T21:11:40Z","modified":"2017-05-03T13:18:17Z","version":77760,"slug":"zeus-vs-mole","name":"ZEUS VS MOLES","body":"I apologize if I made language mistakes, I'm not English native speaker, it's hard for me to know if my sentences are corrects.\n\nThis is my first submission for Ludum Dare 38, a game made by myself in 48 hours with the theme : **A Small World**.\n\n:zap:On the Zeus’s planet, a tragic event takes place: a moles invasion. Help this god to hunt all these pests.:zap:\n\n## How to play:\n\n- Point and click to move, touch the moles to hurt them\n- Moles become darker when they are hurt (do not be hard with their dead body)\n- That's all\n\n## Using:\n\n- **Unity3D** to program (C#)\n\n- **GarageBand** to make the soundtrack and **Bfxr** to make the sound effects\n\n- **Magicavoxel** to create the characters and the environment\n\n- **Gimp2** to make the 2D elements\n\n\n## Links:\n\n* **Windows / Mac / Linux : ** [**Download link**](https://fouralex.itch.io/zeus-vs-moles)\n\n\n* **Browser : ** [**Web**](https://fouralex.itch.io/zeus-vs-moles-html) (font and controls issues : please prefer dowloadable version)\n\n\n* **Android 6.0 & + : **  [**APK**](https://drive.google.com/open?id=0B52QNwin6wBfamMtak16XzB0Ykk)\n\n\n* **Source code : ** [**Drive**](https://drive.google.com/drive/folders/0B52QNwin6wBfV3ZSc2hJYzIwUE0?usp=sharing)\n\n## Images:\n\nIcon | Banner\n---------|-----------\n![Icon.png](///raw/2dc/2/z/2adb.png) |![Affront.png](///raw/2dc/2/z/2adc.png)\n\nGIF |Screen Shot\n---------|-----------\n![gif](///raw/2dc/2/z/262a.gif) | ![ScreenShot.png](///raw/2dc/2/z/68a.png)\n","path":"/events/ludum-dare/38/zeus-vs-mole","parents":[1,5,9,9405],"meta":{"cover":"///content/2dc/2/z/3013.png"},"link":{"author":[11474]},"love":0,"notes":39,"notes-timestamp":"2017-05-04T00:23:33Z"}]}