{"status":200,"caller_id":0,"cached":[],"node":[{"id":15822,"parent":9405,"superparent":9,"author":10109,"type":"item","subtype":"game","subsubtype":"compo","published":"2017-04-24T00:10:10Z","created":"2017-04-21T21:13:21Z","modified":"2017-04-24T00:10:10Z","version":41754,"slug":"little-mouse-planet","name":"Little Mouse Planet","body":"![title800.png](///raw/d77/2/z/9c3.png)\n\nYou are a small mouse on a small planet trying to survive! Luckily, seeds are just falling from space onto your planet. But sometimes, also other things come for a visit...\n\nControl with arrow keys and space bar.\n\nSounds have been generated with bfxr during the Compo, others been recorded and modified with Audacity. Music has been initially generated with Autotracker and processed with mplayer. Graphics were drawn with the built-in editor of Scratch and occasionally further edited with Corel Photo Paint.\n\nPackaging was done with Junebeetles .sb2 to swf converter and the swfzip tool.\n\nThe game, including all its assets are provided as open source under CC-BY-SA-3.0\nThis game was made with Scratch, a versatile graphical programming language developed by the Lifelong Kindergarten Group at the MIT Media Lab. See http://scratch.mit.edu.\n\n# Links\n- Game (plays in browser): https://frodewin.itch.io/little-mouse-planet\n- Source Code download at https://frodewin.itch.io/little-mouse-planet\n- Source Code opening in Scratch online editor: https://scratch.mit.edu/projects/156772967/#editor\n","path":"/events/ludum-dare/38/little-mouse-planet","parents":[1,5,9,9405],"meta":{"cover":"///content/d77/2/z/307e.png"},"link":{"author":[10109]},"love":0,"notes":21,"notes-timestamp":"2017-05-04T01:51:16Z"}]}