{"status":200,"caller_id":0,"cached":[],"node":[{"id":15780,"parent":9405,"superparent":9,"author":13137,"type":"item","subtype":"game","subsubtype":"jam","published":"2017-04-25T00:06:50Z","created":"2017-04-21T21:10:31Z","modified":"2017-04-25T12:41:01Z","version":65425,"slug":"my-dearest-child","name":"My Dearest Child","body":"![Title.png](///raw/153/3/z/1bc0.png)\n\nA text-based horror adventure for your web browser.\n\nKeira is a little girl that rules what's left of the world.  Her god-like powers have the neighborhood children living in fear.\nHer whims are wild.  Her temper is short.  And she wants to come over to play.\n\nUse WASD, arrow keys, or gamepad buttons to play.\n\nhttp://www.tuxntabgames.com/my-dearest-child/","path":"/events/ludum-dare/38/my-dearest-child","parents":[1,5,9,9405],"meta":[],"link":{"author":[13137]},"love":0,"notes":1,"notes-timestamp":"2017-05-01T19:45:41Z"}]}