{"status":200,"caller_id":0,"cached":[],"node":[{"id":16216,"parent":9405,"superparent":9,"author":10726,"type":"item","subtype":"game","subsubtype":"jam","published":"2017-04-25T02:27:15Z","created":"2017-04-21T21:47:33Z","modified":"2017-05-02T11:55:29Z","version":76387,"slug":"who-knows-does-it-even-work","name":"Fossil Blastr","body":"![fossil-blaster2.gif](///raw/6e9/2/z/2b40.gif)\n\n# Play it online on [itch.io](https://castpixel.itch.io/ld38) .\n\nmade by @castpixel using Construct 2 and photoshop CS5\n\n\n## **How to play:**\n\n- ​select a dig site (randomly generated)\n- dig until you find a fossil\n- pick it up (Z button) and throw it (Z button) at the starting area to collect\n- use the drill to block slimes and to always have some digging going on\n\n## ** Controls:** arrow keys, [Z]: dig, [X]: drill​\n\nI wanted a bomberman clone plus archeology. Gameplay isn't very good yet, and it's buggy, and there's no sound, but I got a ton working:\n\n- a random skeleton generator. the idea was, after each level you try to piece together the fossils you collect, like a jigsaw\n- a random level generator, with soil, rock or obstacles\n- a semi-working tile based top down view\n- a semi-working and annoying enemy slime\n\nthings the game needs that didn't get in:\n\n- ​slimes trapped in soil, so there's a little more suspense\n- balancing the game\n- an indication that you're near a fossil, when you dig nearby\n- powerup and money drops\n- a powerup that reveals all fossils on the map\n- 2-player support with competitive scoring\n\n\n# **Links:**  \n## [Web](https://castpixel.itch.io/ld38) ","path":"/events/ludum-dare/38/who-knows-does-it-even-work","parents":[1,5,9,9405],"meta":{"grade-06-out":"1","grade-07-out":"1","cover":"///content/6e9/2/z/3324.png","grade-08-out":"1"},"link":{"author":[10726]},"love":0,"notes":7,"notes-timestamp":"2017-05-02T17:21:33Z"}]}