{"status":200,"caller_id":0,"cached":[],"node":[{"id":15432,"parent":9405,"superparent":9,"author":755,"type":"item","subtype":"game","subsubtype":"jam","published":"2017-04-24T03:13:24Z","created":"2017-04-21T20:50:17Z","modified":"2017-04-25T02:06:02Z","version":61751,"slug":"far-as-the-eye-can-see","name":"Far as the Eye Can See","body":"![Screenshot from 2017-04-24 21-03-12.png](///raw/3f2/z/20d7.png)\n\n\nFar as the Eye Can See, a game about perspective in a small world that once seems large.\n\nMade in 72 hours for Ludum Dare 38 by ExileGL and GroovyUnicyclist.\n\n-\n\nHOW TO PLAY:\n\nThe goal of the game is to kill the next type of enemy you can find along your path, which then turns your units into that type of creature and you zoom out, seeing how tiny the past creatures were.\n\nYou hold left click on any area of the screen to both shoot there. WASD or arrow keys for general movement. Read the text in the game and you'll know what to do.\n\n# [Play it!](https://www.dropbox.com/s/kphwybjw9nt02ca/far_as_the_eye_can_see_ld38.jar?dl=1)\n","path":"/events/ludum-dare/38/far-as-the-eye-can-see","parents":[1,5,9,9405],"meta":[],"link":{"author":[755]},"love":0,"notes":0}]}