{"status":200,"caller_id":0,"cached":[],"node":[{"id":15317,"parent":9405,"superparent":9,"author":1889,"type":"item","subtype":"game","subsubtype":"jam","published":"2017-04-24T21:11:16Z","created":"2017-04-21T20:43:26Z","modified":"2017-04-28T17:22:42Z","version":70808,"slug":"warhex","name":"Warhex","body":"![small-world-spin.gif](///raw/167/z/16fa.gif)\n\nWarhex is a a city-building tactics wargame. Construct a town, build an army, and take over a small world inhabited by three enemy kingdoms. Build a farm to give nearby units the ability to heal. Construct a tower to form mage armies. Make a catapult that rains down fire on your enemies. Use battering rams to knock down enemy buildings.\n\nUNFINISHED PROTOTYPE - DO YOU LIKE WHAT I HAVE SO FAR?\n\nIn the interests of honest full disclosure I recuse myself from the competition and submit this simple game as my way of participating in Ludum Dare by working on something inspired by the theme.\n\nVoting opt-outs: everything! Why? Because nothing was done from scratch. I started from the source code to an abandoned project called \"Familiars Guild\" that I started in 2014. The game was too complex, too ambitious, and too advanced for me to complete, but I'd always held on to the unity source with regret, unable to let it go. This weekend was the perfect way for me to cut out tons of broken stuff and publish SOMETHING for fun. It gave me closure.\n\nAll I did this weekend was chop out buggy things from my messy unfinished bigger game, and I used a new curved world vertex shader to \"fake\" a sphere using an extreme fisheye lens. I threw on a few asset store meshes, and voila, a prototype of a tactics game engine.\n\nRe-tooling my past project helped me let go of the pain and regret of a huge effort I had cancelled, and somehow makes me feel a lot better about the months of \"wasted effort\" now that I have a game that shows of a bit of what my engine can do. I can now let go of this codebase -  messy, buggy, and burdened with tech debt - and move on to smaller games, made from scratch, without the burden of a longstanding failure weighing so heavily on my shoulders for so many years.\n\nI feel free. I learned a lot. No regrets.\n\nI LOVE LUDUM DARE!\n\nDownload for Windows:\nhttp://www.warhex.com/download/warhex-win.zip\n\nWarhex Icon:\n![warhex_icon_256x256.png](///raw/167/z/16cf.png)\n\nScreenshot:\n![screenshot-04-22-2017-2.png](///raw/167/z/1703.png)\n","path":"/events/ludum-dare/38/warhex","parents":[1,5,9,9405],"meta":[],"link":{"author":[1889]},"love":0,"notes":0}]}