{"status":200,"caller_id":0,"cached":[],"node":[{"id":16488,"parent":9405,"superparent":9,"author":9702,"type":"item","subtype":"game","subsubtype":"jam","published":"2017-04-25T00:49:24Z","created":"2017-04-21T22:09:23Z","modified":"2017-04-25T00:49:24Z","version":58758,"slug":"taipa-1","name":"Taipa","body":"![GIFrecord_2017-04-24_211359.gif](///raw/6e5/2/z/1c66.gif)\n\nThis is a game where Taia (the character) explore Taipa. \nUnfortunately, I couldn't finish it in time, so this is only a prototype.\nThe objective of the game would be to explore and explore and play around.\nThe run would end where you either die or you get to leave the planet(win).\n\nAs my first jam ever I am sad that I couldn't finish it, but I learned a lot and hope that next time I can get around to finish my entry. I had no idea how much I could do and seems I was off by quite a bit. \n\n## LINKS:\n\n* **Site:** http://taipa.jmcriat.com\n* **Github:** https://github.com/jmcriat/ld38\n* **Downloads:** https://github.com/jmcriat/ld38/releases\n","path":"/events/ludum-dare/38/taipa-1","parents":[1,5,9,9405],"meta":[],"link":{"author":[9702]},"love":0,"notes":0}]}