{"status":200,"caller_id":0,"cached":[],"node":[{"id":15918,"parent":9405,"superparent":9,"author":10478,"type":"item","subtype":"game","subsubtype":"compo","published":"2017-04-23T22:49:09Z","created":"2017-04-21T21:20:59Z","modified":"2017-05-02T02:59:41Z","version":75849,"slug":"core-fall","name":"Core Fall","body":"What would happen if the world was only a few hundred meters across? Well for starters you could fall through the middle from Canada to China in just a few seconds!\n\nI'm very proud to present you with my first Ludum Dare entry. I am very pleased with how it went, I feel like I had a decent idea that was just the right size and complexity for a weekend project. I hope you enjoy it! I'm looking forward to checking out your submissions!\n\n![Combo.png](///raw/ee8/2/z/85a.png)\n\nJust for fun, here is Core Fall running on my arcade cabinet:\n![IMG_20170430_130927.jpg](///raw/ee8/2/z/2da2.jpg)\nhttps://gfycat.com/AnnualBountifulBream\n\n**Engine:** Unity 5.6 with SuperTilemap Editor\n\n**Tools:** GIMP, Audacity, bfxr\n\n**Total Dev Time:** 21hrs\n\n## Links\n* **PLAY HERE:** https://pickler.itch.io/corefall\n* **DOWNLOAD WIN32 (standalone build added on May 1st):** https://www.dropbox.com/s/0ukgyci4z7ihk7r/corefall_win32.zip?dl=0\n* **TWITCH:** https://www.twitch.tv/piklr\n* **SOURCE CODE:** https://gitlab.com/mcietwie/corefall\n* **REQUIRED ASSET:** https://www.assetstore.unity3d.com/en/#!/content/56339\n","path":"/events/ludum-dare/38/core-fall","parents":[1,5,9,9405],"meta":{"cover":"///content/ee8/2/z/37bf.png"},"link":{"author":[10478]},"love":0,"notes":17,"notes-timestamp":"2017-05-04T04:59:47Z"}]}