{"status":200,"caller_id":0,"cached":[],"node":[{"id":16260,"parent":9405,"superparent":9,"author":10232,"type":"item","subtype":"game","subsubtype":"jam","published":"2017-04-25T00:36:58Z","created":"2017-04-21T21:51:04Z","modified":"2017-05-01T16:33:43Z","version":74725,"slug":"small-world-of-mine","name":"Small World of Mine","body":"![screenshot.jpg](///raw/8f7/2/z/1b69.jpg)\n## Small World of Mine\n\n** Play the game :** https://0uicmoi.itch.io/small-world-of-mine\n\n** Download :** https://drive.google.com/uc?id=0B8zpPygVLvYQbTN1WV9POVFxUG8&export=download\n\nSmall World of Mine is a point and click in wich you visit your brother in the hospital. Your actions determines wether or not he feels better...but it can be at the expense of your own sanity. \n\nIt was our first Ludum Dare and we hope you'll like what we've done :) It's recommended to use headphone to play.\n\n(cursor don't really work in the web version)","path":"/events/ludum-dare/38/small-world-of-mine","parents":[1,5,9,9405],"meta":{"grade-06-out":"1","cover":"///content/8f7/2/z/34c0.jpg"},"link":{"author":[10232,12195,12807,12811,21974,22990]},"love":0,"notes":3,"notes-timestamp":"2017-05-04T08:36:00Z"}]}