{"status":200,"caller_id":0,"cached":[],"node":[{"id":15846,"parent":9405,"superparent":9,"author":10181,"type":"item","subtype":"game","subsubtype":"compo","published":"2017-04-23T20:55:59Z","created":"2017-04-21T21:15:21Z","modified":"2017-04-24T09:08:33Z","version":48257,"slug":"escaping-the-well","name":"Escaping The Well","body":"\"Just relax and wait for the right one to come by and let you journey out into the world.\"\n - E'min\n\n![SS001.png](///raw/5c7/2/z/511.png)\n\nYou, the electron E'min, are stuck in the small world of an atom. Collecting energetic photons, with the right energies, will allow you to get get enough energy to escape the atom entirely.\n\nEnjoy jumping from atom to atom, maybe you will even remember some of the names :)\n\nThere is no end to the game, just an endless line of atoms. Score are only for your own enjoyment, and has no consequences to the player.\n\nControls: Mouse only\n\nGame rules:\n\nThe energy of the photons needed to escape is indicated by the color of the outermost orbit color. In the bottom you have the same information, plus a valid range of energies (colors) that you can safely hit. If you collect a photon with to much energy, you will be overexcited for a couple of seconds, if you hit a photon with to little energy you will just be pushed around a bit.\n\n![SS002.png](///raw/5c7/2/z/52b.png)\n\nWhen absorbing a photon, locate yourself so the momentum will carry you out of the atom to escape.\n\nAtoms with very low and very high masses, are very hard to escape from.\nPhotons needed to escape the low Atoms are limited in energy and most have way to much energy.\nFor atoms with high masses only few photons have enough energy to allow you to escape.\nI know it's hard, but just keep came, the right photon will show up.\n\nEverything was created within the 48 hours of the Ludum Dare 38 - Theme: A Small World\n\nThanks for playing. :)\n\n\nLinks:\n\n[itch.io Hosted](https://incd021.itch.io/escape-the-well)\n\n[itch.io embedded](https://itch.io/embed-upload/451519?color=000000)\n\n[Source Code](https://drive.google.com/file/d/0B4yTMINoNEheZlFPbEZJQWhqZEk/view?usp=sharing)","path":"/events/ludum-dare/38/escaping-the-well","parents":[1,5,9,9405],"meta":{"cover":"///content/5c7/2/z/3683.png"},"link":{"author":[10181]},"love":0,"notes":0}]}