{"status":200,"caller_id":0,"cached":[],"node":[{"id":15510,"parent":9405,"superparent":9,"author":194,"type":"item","subtype":"game","subsubtype":"compo","published":"2017-04-23T21:29:33Z","created":"2017-04-21T20:54:59Z","modified":"2017-05-01T13:31:38Z","version":74162,"slug":"troll-castle","name":"Troll Castle","body":"Build a Troll Castle by mining, fishing, farming mushrooms and avoiding monsters! _Top-down 2D resource management in a tiny world._\n\n**Download:**: (requires Java) https://dl.dropboxusercontent.com/s/syzt542rkjty8gd/troll-castle-ld38-compo-berkano.jar\n\n**Source:** https://github.com/berkano/katsu (commit ccd4564 is my compo entry)\n\n**Movement and Selection**\n  * Click a Troll to select it.\n  * Tell a Troll to go somewhere by clicking a point on the map.\n  * Click a Troll a second time to de-select it (when no Troll is\n    selected you can inspect any object on the map by clicking it).\n  * You can also drag the map with the mouse.\n\n**Actions**\n  * Pressing Space carries out an action such as Mine, Eat Mushroom,\n    Eat Fish, etc. depending on where the Troll is standing.\n  * Mining allows a Troll to gather Stone and Gold (see details\n    below), but also risks an encounter with a Monster!\n  * If a Troll gets tired of Mining it may demand some Fish.\n  * Trolls are afraid of Water, so in order for them to swim to a\n    fishing ground, they need to eat a Psychedelic Mushroom for\n    courage.\n  * Mushrooms can be planted on Mud patches. Once a mushroom is\n    fully grown it can be eaten by a Troll.\n\n**Mining, Resources & Building**\n  * Mining allows the Trolls to gather Stone and Gold.\n  * These are used to build the Troll Castle (which is the objective\n    of the game).\n  * The status bar at the top of the screen shows how much Stone and\n    Gold the Trolls have, as well as the progress towards building\n    the Troll Castle.\n  * Walls must be built first - completely covering the yellow Sand\n    square. After that, a Tower must be built on each corner.\n    Finally, each Tower can be upgraded to a Gold Tower by pressing\n    Space. This completes the Castle and the game.\n\n**Walkthrough:** (in case you get stuck) https://www.youtube.com/watch?v=y3N2lFpLLNo&feature=youtu.be\n\n**Screenshot**\n![2017-04-23_22-32-06.png](///raw/2c/z/3061.png)\n\nThe following platforms are supported:\n\nwindows\n\nmac\n\nlinux (not tested)","path":"/events/ludum-dare/38/troll-castle","parents":[1,5,9,9405],"meta":{"cover":"///content/2c/z/3059.png"},"link":{"author":[194]},"love":0,"notes":24,"notes-timestamp":"2017-05-03T15:58:44Z"}]}