{"status":200,"caller_id":0,"cached":[],"node":[{"id":15475,"parent":9405,"superparent":9,"author":406,"type":"item","subtype":"game","subsubtype":"compo","published":"2017-04-24T01:19:31Z","created":"2017-04-21T20:52:54Z","modified":"2017-04-24T01:19:31Z","version":44184,"slug":"snail-away","name":"Snail Away","body":"//\nDownload here --> https://coderjoe.itch.io/snail-away <--\n//\nMade in 48 hours for Ludum Dare 38\nSnails are slow. So why not glide around under a leaf?\nEnjoy a relaxing journey as you fly around avoiding obstacles.\nW A S D - movement\nI ran out of time to add more variety to the generation, but this was my second LD (first completed Compo game) and my first 3D Unity game. Thanks for playing!\n![ss3.PNG](///raw/691/z/c4e.png)\n","path":"/events/ludum-dare/38/snail-away","parents":[1,5,9,9405],"meta":[],"link":{"author":[406]},"love":0,"notes":4,"notes-timestamp":"2017-05-04T04:58:31Z"}]}