{"status":200,"caller_id":0,"cached":[],"node":[{"id":16400,"parent":9405,"superparent":9,"author":10874,"type":"item","subtype":"game","subsubtype":"compo","published":"2017-04-24T00:35:49Z","created":"2017-04-21T22:02:53Z","modified":"2017-04-24T03:23:57Z","version":46841,"slug":"a-small-world-6","name":"A Small World","body":"![menu.png](///raw/a7a/2/z/a24.png)\n# **A Small World**\n\nMost of the time when people use the term \"a small world\", they're referring to two or more of their friends knowing each other, without the first party ever knowing, hence the term \"a small world\".\n\nThat's pretty much what this game is about. You have to make as many friends as you can in under five minutes. These friends of yours will get to know your other friends, etc.\n\nHave fun! And be sure to tweet your score to Its0AS0\n\n**Note: This game runs on Java**\n\n# **Links**\n- Download: https://s3.amazonaws.com/ld38/A-Small-World.jar\n- Source Code: https://github.com/0AndrewShepherd0/LD38\n- Twitter: https://twitter.com/Its0AS0","path":"/events/ludum-dare/38/a-small-world-6","parents":[1,5,9,9405],"meta":[],"link":{"author":[10874]},"love":0,"notes":3,"notes-timestamp":"2017-05-03T04:23:56Z"}]}