{"status":200,"caller_id":0,"cached":[],"node":[{"id":16540,"parent":9405,"superparent":9,"author":16512,"type":"item","subtype":"game","subsubtype":"jam","published":"2017-04-24T23:41:29Z","created":"2017-04-21T22:13:07Z","modified":"2017-04-24T23:41:29Z","version":56693,"slug":"arctic-memories","name":"Arctic Memories","body":"A futile territorial squabble in a snow globe as the world crumbles around you.\n\n![cover.png](///raw/080/4/z/1aec.png)\n\n![ingame.png](///raw/080/4/z/1aee.png)\n\n* Jar: http://alynn.co.uk/bits/arcticmemories.jar\n* Standalone Mac OS: http://alynn.co.uk/bits/arcticmemories-mac.zip\n* Standalone Win32: http://alynn.co.uk/bits/arcticmemories-win32.zip\n","path":"/events/ludum-dare/38/arctic-memories","parents":[1,5,9,9405],"meta":[],"link":{"author":[16512]},"love":0,"notes":0}]}