{"status":200,"caller_id":0,"cached":[],"node":[{"id":15538,"parent":9405,"superparent":9,"author":12522,"type":"item","subtype":"game","subsubtype":"jam","published":"2017-04-24T18:51:48Z","created":"2017-04-21T20:56:13Z","modified":"2017-04-24T19:00:18Z","version":51785,"slug":"battle-planet","name":"Battle Planet","body":"A little Battle City reimagination on a sphere, made in Unreal.\n\n![SS1.png](///raw/ae0/3/z/14a9.png)\n\n![SS2.png](///raw/ae0/3/z/14aa.png)\n\nCode by me, 3D assets by Fizikee, Music/Sounds by NobleThief.\n\nPress WASD to move around in the tank, spacebar to pew pew. Protect your tank from blowing up, and don't let anyone hit your golden eagle! Destroy all enemy tanks to win.\n\n[Download 64bit Windows build](https://www.dropbox.com/s/eaak8fzi7atixi9/BattlePlanet.zip?dl=0)","path":"/events/ludum-dare/38/battle-planet","parents":[1,5,9,9405],"meta":[],"link":{"author":[12522]},"love":0,"notes":2,"notes-timestamp":"2017-05-02T06:35:13Z"}]}