{"status":200,"caller_id":0,"cached":[],"node":[{"id":16620,"parent":9405,"superparent":9,"author":7502,"type":"item","subtype":"game","subsubtype":"compo","published":"2017-04-24T01:21:59Z","created":"2017-04-21T22:21:17Z","modified":"2017-05-03T14:04:36Z","version":77784,"slug":"shrinking-planet","name":"Shrinking Planet","body":"![Screenshot.PNG](///raw/e4d/1/z/b55.png)\n\n**Feel the wind in your hair as you race through an ever-shrinking world. But be careful! Meteors are raining upon the planet.** :fire:\n\n**DOWNLOAD**\n\n- **[WEB](http://brackeys.com/LD/Shrinking-Planet/WebGL/index.html)**\n- **[WINDOWS](http://brackeys.com/LD/Shrinking-Planet/Windows/shrinking-planet.zip)** (20MB)\n- **[MAC](http://brackeys.com/LD/Shrinking-Planet/Mac/shrinking-planet.zip)** (20MB)\n- **[SOURCE](http://brackeys.com/LD/Shrinking-Planet/shrinking-planet-source.zip)** (240MB)\n\n**Controls**:\nA and D to steer.\n\n**Behind The Scenes Video**:\n\nhttps://www.youtube.com/watch?v=XldCg9sQYx0\n\n**Made in 48 hours by**:\nBrackeys - Asbjørn Thirslund.\n\n**Tools used**\n- Unity 5.6 (C#) \n- Visual Studio \n- Photoshop CC \n- Blender\n- Adobe Audition \n- Bosca Ceoil\n\n**Font**:\nRoboto ","path":"/events/ludum-dare/38/shrinking-planet","parents":[1,5,9,9405],"meta":{"cover":"///content/e4d/1/z/3c18.png"},"link":{"author":[7502]},"love":0,"notes":43,"notes-timestamp":"2017-05-04T07:09:19Z"}]}