{"status":200,"caller_id":0,"cached":[15487],"node":[{"id":15487,"parent":9405,"superparent":9,"author":10083,"type":"item","subtype":"game","subsubtype":"jam","published":"2017-04-24T22:39:31Z","created":"2017-04-21T20:53:39Z","modified":"2017-04-24T22:39:58Z","version":55260,"slug":"small-world-keep-away","name":"World Keep-Away","body":"![TitleScreen.png](///raw/367/2/z/18cc.png)\n## Info and Links\nLink to Itch.io page: https://dracominer.itch.io/world-keep-away\n\nThe premise of the game is that the Earth has been shrunk down to the size of a ball. Astronauts on the moon think that it is a soccer ball and want to use it as such. You play as the astronaut who sees it as the Earth. Help the earth to escape and make it out alive yourself.\n\nSource code for the game is hosted on GitHub here: https://github.com/dracominer/ludum-dare-38-World-Keep-Away\nMy game library I made and am using for this is here: https://github.com/dracominer/DNA-Game-Builder\n\n## Screenshots:\n![shot0.PNG](///raw/367/2/z/18d0.png)\n![shot1.PNG](///raw/367/2/z/18d1.png)\n![shot2.png](///raw/367/2/z/18d3.png)","path":"/events/ludum-dare/38/small-world-keep-away","parents":[1,5,9,9405],"meta":{"cover":"///content/367/2/z/39ed.png"},"link":{"author":[10083,13606]},"love":0,"notes":12,"notes-timestamp":"2017-05-03T21:14:50Z"}]}