{"status":200,"caller_id":0,"cached":[],"node":[{"id":15993,"parent":9405,"superparent":9,"author":6984,"type":"item","subtype":"game","subsubtype":"jam","published":"2017-04-25T00:38:34Z","created":"2017-04-21T21:26:25Z","modified":"2017-04-25T00:43:55Z","version":58560,"slug":"noworlds","name":"NoWorlds","body":"The game is Here: https://www.dropbox.com/sh/8mojwyir1kk8qx1/AABphrxyFfZcHQ9wIY_xGpFga?dl=0\n(there was no time to edit the entry nicely)\n\nThis is a RTS-Prototype... aaand I am glad that i came so far that AI do something and so on.\nThere are quite a few bugs in it, and GUI is more than clunky, but i think it has some potential.\n\nIn this game you construct your fleet and try to annihilate the other faction, else it does that with you (the game is not difficult actually)\n![ScreenShotHumansB.png](///raw/84b/1/z/1cfe.png)\n![ScreenShotAntarrans.png](///raw/84b/1/z/1d0f.png)","path":"/events/ludum-dare/38/noworlds","parents":[1,5,9,9405],"meta":[],"link":{"author":[6984]},"love":0,"notes":0}]}