{"status":200,"caller_id":0,"cached":[],"node":[{"id":15251,"parent":9405,"superparent":9,"author":12627,"type":"item","subtype":"game","subsubtype":"jam","published":"2017-04-24T23:38:08Z","created":"2017-04-21T20:39:40Z","modified":"2017-04-24T23:48:56Z","version":56884,"slug":"blub","name":"BLUB!","body":"![BLUBscreenshot.png](///raw/351/3/z/1ab2.png)\n\nClick here to play BLUB!: https://itch.io/embed-upload/456189?color=333333\n\n\nBLUB! is a game made for Ludum Dare 38 by:\n\n- Javier Cobos (Game design & Programming)\n\n- Raquel Cholbi & Dámaris Herrera (Art & Design)\n\n- Iris González (Sound & Writing)\n\n- Yago de Hita (Voice & Writing)\n\nAlthough most of the decisions were taken collectively.\n\nMost assets are original works made for this game during the Jam. Some sound effects, however, are edited versions of sounds found and downloaded on http://freesound.org/ .\n\nhttps://javicobos.itch.io/blub\n\nFeel free to contact me by tweeting at https://twitter.com/leagueofcobos","path":"/events/ludum-dare/38/blub","parents":[1,5,9,9405],"meta":[],"link":{"author":[12627,10210,12538,13913,15099]},"love":0,"notes":0}]}