{"status":200,"caller_id":0,"cached":[],"node":[{"id":15637,"parent":9405,"superparent":9,"author":987,"type":"item","subtype":"game","subsubtype":"jam","published":"2017-04-24T20:50:33Z","created":"2017-04-21T21:01:31Z","modified":"2017-04-24T20:56:19Z","version":53287,"slug":"miniscule-frenzy","name":"Miniscule Frenzy","body":"Miniscule Frenzy is a retro platformer which tops off fluid movements and tight controls with nostalgic art and a soundtrack to die for!\n\nGame: https://mieeh.itch.io/miniscule-frenzy\n\nArt by Dante Lundell - Theihe\nProgramming by David Styrbjörn - Mieeh\nMusic by Eli Coutch – Re:Coutch\n\nControls:\nWASD or Arrow Keys to move. Spacebar also works for jumping.\nShift or Z to sprint.\nE or X to activate your toggle.\nESC to pause.\nX when paused to go back to level select\nM to mute\n\n\nJoin us on Discord! https://discord.gg/8s4thNx\nTheihe’s Twitter: https://twitter.com/Theihe803\nMieeh’s Twitter: https://twitter.com/DavidStyrbjrn\nRe:Coutch’s Twitter: https://twitter.com/EliCoutch\n\n![Skärmklipp4.PNG](///raw/bd3/z/15f3.png)\n![Skärmklipp3.PNG](///raw/bd3/z/15f4.png)\n![Skärmklipp2.PNG](///raw/bd3/z/15f5.png)","path":"/events/ludum-dare/38/miniscule-frenzy","parents":[1,5,9,9405],"meta":{"cover":"///content/bd3/z/3465.png"},"link":{"author":[987,2203]},"love":0,"notes":4,"notes-timestamp":"2017-05-02T19:30:42Z"}]}