{"status":200,"caller_id":0,"cached":[],"node":[{"id":16013,"parent":9405,"superparent":9,"author":46,"type":"item","subtype":"game","subsubtype":"jam","published":"2017-04-25T02:11:54Z","created":"2017-04-21T21:28:12Z","modified":"2017-05-01T19:41:35Z","version":75143,"slug":"wigglefish","name":"Wigglefish","body":"![May 1 11.59.01am(640x512)Capture.png](///raw/e2/z/3095.png)\n\n![May 1 12.00.20pm(640x512)Capture.png](///raw/e2/z/3096.png)\n\n![whatdidIDO.png](///raw/e2/z/2189.png)\n\n\n\nA game inspired by silverfish living in my bathroom lol\n\nhint: eat dustballs, don't get hit by broom or toilet waterballs\n\nWindows, OSX and linux builds here: https://farelle.itch.io/wigglefish\n(if there are problems, especially with OSX and linux, please tell me)\n\n","path":"/events/ludum-dare/38/wigglefish","parents":[1,5,9,9405],"meta":{"cover":"///content/e2/z/3093.png"},"link":{"author":[46]},"love":0,"notes":4,"notes-timestamp":"2017-05-01T17:10:40Z"}]}