{"status":200,"caller_id":0,"cached":[],"node":[{"id":16596,"parent":9405,"superparent":9,"author":13695,"type":"item","subtype":"game","subsubtype":"jam","published":"2017-04-23T22:11:04Z","created":"2017-04-21T22:18:25Z","modified":"2017-05-01T15:59:13Z","version":74631,"slug":"slightly-angry-max","name":"Slightly Angry Max","body":" :radioactive:**Opt out** : **graphics** and **music** (used CC0 music, font and [base sprites from CobraLad](https://opengameart.org/users/cobralad) - all credited in game and in descriptions).\n\n![cover_q.png](///raw/f75/3/z/3477.png)\n\n:radioactive:**Tools used**: Unity (C#), SFXR/BFXR, Gimp.\n\n:radioactive:**Gameplay:**\n\nhttps://www.youtube.com/watch?v=fuCQwZIAZMQ&feature=youtu.be\n\n:radioactive:My first LD submission!\nRetro-styled shooter, with protagonist - Max - stranded on a tiny, post-apocalyptic desert island, the last dry land on earth ('Small world' - yes, I know it's a stretch). Enemies, pickups, overheating rifle and all that jazz. ~~Probably~~ Definitely needs some balance tweaks, I'd like to develop it further in the future - more content, better scaling, more weapons, balanced pickups, faster pacing etc :)\n\nHow to play: see in-game help :)\n\n* **DIRECT DOWNLOAD (WIN 32/64)** http://takusan.pl/angrymax.zip\n* **ITCH.IO:** https://takusan.itch.io/slightly-angry-max\n\n### :radioactive: Assets\n* Base sprites: **CobraLad** -  [Opengameart link](https://opengameart.org/content/post-apocalyptic-16x16-tileset-update1) and **keith karnage** [Opengameart link](https://opengameart.org/content/post-apocalyptic-expansion) [CC-BY_SA 3.0]\n* Music: **Juhani Junkala** - https://juhanijunkala.com/ [CC 0 - public domain]\n* Explosion sprite, font: **Kenney** - http://kenney.nl [CC 0 - public domain]\n\n### :radioactive: LINKS\n* **DIRECT DOWNLOAD (WIN 32/64)** http://takusan.pl/angrymax.zip\n* **ITCH.IO:** https://takusan.itch.io/slightly-angry-max\n* **SITE:** http://takusan.pl/angrymax.html\n* **TWITTER:** https://twitter.com/takusan_pl\n\n:radioactive: **Changelog** : [27.04.2016] - fixed error in credits (wrong credit link due to lack of sleep), fixed bug in terrain hitbox which made player stuck on a tree\n\n:radioactive:**Opt out** : **graphics** and **music** (used CC0 music, font and [base sprites from CobraLad](https://opengameart.org/users/cobralad) - all credited in game and in descriptions).\n","path":"/events/ludum-dare/38/slightly-angry-max","parents":[1,5,9,9405],"meta":{"grade-05-out":"1","grade-06-out":"1","cover":"///content/f75/3/z/3473.png"},"link":{"author":[13695]},"love":0,"notes":75,"notes-timestamp":"2017-05-03T20:32:03Z"}]}