{"status":200,"caller_id":0,"cached":[],"node":[{"id":16324,"parent":9405,"superparent":9,"author":12400,"type":"item","subtype":"game","subsubtype":"jam","published":"2017-04-25T00:06:21Z","created":"2017-04-21T21:56:04Z","modified":"2017-04-26T05:09:29Z","version":67687,"slug":"microchip","name":"MicroCHIP","body":"A miniaturized player must fight off a virus and repair components to get the firewall back up.\n\nThis game was built by OC Indie Developers, a meetup group of indie developers in Orange County, California.\n\n![ROBOT_CHIP_TITLEv3.png](///raw/070/3/z/1cd6.png)\n\n![giphy.gif](///raw/070/3/z/27ec.gif)\n\nDownload (mac and windows 64-bit): https://sharkapps.itch.io/microchip\n\nWebGL: https://itch.io/embed-upload/458080?color=333333\n\n","path":"/events/ludum-dare/38/microchip","parents":[1,5,9,9405],"meta":[],"link":{"author":[12400]},"love":0,"notes":10,"notes-timestamp":"2017-05-02T14:56:17Z"}]}