{"status":200,"caller_id":0,"cached":[],"node":[{"id":15318,"parent":9405,"superparent":9,"author":11389,"type":"item","subtype":"game","subsubtype":"jam","published":"2017-04-25T01:57:45Z","created":"2017-04-21T20:43:52Z","modified":"2017-04-25T05:43:36Z","version":64346,"slug":"disco-maze","name":"Disco Maze","body":"[![Main pic bigger.png](///raw/d7c/2/z/240f.png)](https://larwick.itch.io/disco-maze)\n\n### Solve the maze! Pick orbs, grow big or small, destroy walls or... cheat by picking the BLACK ORBS. It's up to you.\n\n**Controls: wasd / arrow keys**\n\nThe sounds weren’t made by me so I opt-out from audio category.\n\n# Download\n## [Itch.io](https://larwick.itch.io/disco-maze)\n## [Dropbox](https://www.dropbox.com/s/f815cmqcf8mqqn0/LDjam38.7z?dl=0)\n## [Google Drive](https://drive.google.com/file/d/0B6ynxr7qeY11LXp5YUxPdjdpM2s/view?usp=sharing)","path":"/events/ludum-dare/38/disco-maze","parents":[1,5,9,9405],"meta":[],"link":{"author":[11389]},"love":0,"notes":4,"notes-timestamp":"2017-05-01T20:09:55Z"}]}