{"status":200,"caller_id":0,"cached":[],"node":[{"id":15906,"parent":9405,"superparent":9,"author":10191,"type":"item","subtype":"game","subsubtype":"jam","published":"2017-04-25T00:46:58Z","created":"2017-04-21T21:19:58Z","modified":"2017-04-26T03:17:39Z","version":67559,"slug":"hypercube","name":"Hypercube","body":"Explore the biomes of a 4d hypercube as you try to make yourself dinner\n\n![Hypercube.png](///raw/fc7/2/z/27b9.png)\n\n# Controls\n\n- WASD to move\n\n- Mouse to look\n\n- Space or Backspace to jump\n\n- left click to interact with objects\n\n- Scroll or R/F to select specific inventory items\n\n\nThe only things I didn't make from scratch are the floor textures and sound effects (although I did edit *some* of the sound effects). The rest, including the, modeling, code, lighting, and level design, I did myself.\n\nDownload for windows and source code here https://www.dropbox.com/sh/fuoxtictnp4oihy/AACNBSeB2rNGmCOg-xL-QUiva?dl=0","path":"/events/ludum-dare/38/hypercube","parents":[1,5,9,9405],"meta":[],"link":{"author":[10191]},"love":0,"notes":6,"notes-timestamp":"2017-05-01T13:42:18Z"}]}