{"status":200,"caller_id":0,"cached":[],"node":[{"id":16611,"parent":9405,"superparent":9,"author":14182,"type":"item","subtype":"game","subsubtype":"jam","published":"2017-04-24T23:32:34Z","created":"2017-04-21T22:20:25Z","modified":"2017-04-24T23:53:50Z","version":57023,"slug":"beelzebub-awakening","name":"Beelzebub Awakening","body":"![Beelzebub Awakening.png](///raw/667/3/z/1aa3.png)\n\nBeelzebub has awoken, and you've taken it upon yourself to stop him. With only the clothes on your back and an empty gun, you must stride forward through enemies on your quest to defeat Beelzebub. Hopefully you can find some ammo on the way. Don't die ;)\n\nControls:\nA/D - Left/Right\nW - Jump\nMouse - Aim\nLMB - Shoot\nRMB - Go through door\n\nEscape - Return to title screen\nF2 - Fullscreen/Windowed\n\n![Screenshot.png](///raw/667/3/z/1aa7.png)\n\n**Download Link:**\n\n(windows only) https://gamejolt.com/games/beelzebubawakening/252042\n\n","path":"/events/ludum-dare/38/beelzebub-awakening","parents":[1,5,9,9405],"meta":[],"link":{"author":[14182]},"love":0,"notes":1,"notes-timestamp":"2017-04-30T15:15:58Z"}]}