{"status":200,"caller_id":0,"cached":[],"node":[{"id":15634,"parent":9405,"superparent":9,"author":3990,"type":"item","subtype":"game","subsubtype":"compo","published":"2017-04-24T00:55:34Z","created":"2017-04-21T21:01:24Z","modified":"2017-05-02T00:25:25Z","version":75675,"slug":"antagonistic-hamburger-hill","name":"Antagonistic : Hamburger Hill","body":"![Antagonistic 4-640.jpg](///raw/69f/z/19f8.jpg)![Antagonistic 1-640.jpg](///raw/69f/z/19fa.jpg)\n\n![Antagonistic 2-640.jpg](///raw/69f/z/19ff.jpg)\n\nLarge scale action and big strategy in a small world!\n\nFly, spit acid, manage egg production, and lead your army of ants up Hill 943 to snatch the burger from inside beetle territory in this completely new action-strategy experience. \n\nGod save the Queen's lunch!\n\nWindows, Linux, Mac, and Source available at http://MikeyKae.itch.io/antagonistic-hamburger-hill\n\nA browser-based WebGL version is available at https://mikeykae.itch.io/atagonistic-webgl-edition?secret=d9LI03mYI0muoCPzxvhX40Dymo\n\n![Antagonistic 3-640.jpg](///raw/69f/z/1a02.jpg)","path":"/events/ludum-dare/38/antagonistic-hamburger-hill","parents":[1,5,9,9405],"meta":{"cover":"///content/69f/z/34a0.jpg"},"link":{"author":[3990]},"love":0,"notes":25,"notes-timestamp":"2017-05-04T08:02:15Z"}]}