{"status":200,"caller_id":0,"cached":[],"node":[{"id":15289,"parent":9405,"superparent":9,"author":8612,"type":"item","subtype":"game","subsubtype":"compo","published":"2017-04-24T01:06:28Z","created":"2017-04-21T20:41:55Z","modified":"2017-04-24T15:46:00Z","version":50216,"slug":"small-impact","name":"Small Impact","body":"Small impact is a small puzzle game where you take control of a small comet and restore planets of a solar system to theirs former glory!\n\n![SmallmpactCap01.JPG](///raw/4a1/2/z/bf5.jpg)\n![SmallmpactCap02.JPG](///raw/4a1/2/z/c34.jpg)\n![SmallmpactCap03.JPG](///raw/4a1/2/z/c35.jpg)\n![SmallmpactCap04.JPG](///raw/4a1/2/z/c36.jpg)\n\nControl :\n[A and D] to move left and right\n[W and S] to warp from planet to planet\n[Q] to \"warp reset\"\n[F] to interact \n\nyou can change the button layout on the launcher\n\nLink for download : \n[Window/Linux/source]\nhttps://drive.google.com/open?id=0B1JsOATQSsnScHVQZlBpc3VlcTA\n\n","path":"/events/ludum-dare/38/small-impact","parents":[1,5,9,9405],"meta":[],"link":{"author":[8612]},"love":0,"notes":6,"notes-timestamp":"2017-05-01T18:44:32Z"}]}