{"status":200,"caller_id":0,"cached":[],"node":[{"id":15463,"parent":9405,"superparent":9,"author":10250,"type":"item","subtype":"game","subsubtype":"jam","published":"2017-04-24T21:52:37Z","created":"2017-04-21T20:52:14Z","modified":"2017-04-25T09:15:20Z","version":64835,"slug":"battlehex","name":"BattleHex","body":"![BattleHex menu.png](///raw/a08/2/z/1789.png)\n![BattleHex ingame.png](///raw/a08/2/z/178b.png)\n\nBattleHex is a board game of a small world.\n\nYou can download the game on Itch.io: https://ikstreamivo.itch.io/battlehex\n\nOr on GitHub: https://github.com/PixelDragon13/BattleHex/releases/tag/v1.0.1\n\nYou can find the source code here: https://github.com/PixelDragon13/BattleHex\n\n\nINSTRUCTIONS\n\nThe goal is to either remove all enemy pawns or find the chest with gold!\nThis game is meant to be played with two players on one screen.\n\nLeft-Click to chose a pawn and tile to move to.\nRight-Click and drag (or WASD keys) to move the camera.\n\nWhen you start, you have to place three pawns on the first row of the board and then click the 'OK' button in the top right corner. This will start the game.\n\nYou can only move forwards and one big step backwards.\nTo attack an enemy's pawn or open a chest, you have to strike backwards.\n\n\nEXTRA INFORMATION\n\nI made this in ~72h for the Ludum Dare 38 Jam.\n\nUsed programs:\n- Unity3D\n- Blender\n- Photoshop\n- Audacity\n\nNone of the sound effects or music tracks are made by me:\nMain menu music: Analog Nostalgia - soundimage.org\nIngame music: Bedtime Story - soundimage.org\n\nChestOpen sound: https://www.freesound.org/s/202092/\nExplosion sound: https://www.freesound.org/s/155235/\nWin sound: https://www.freesound.org/s/215773/\nHitPawn sound: https://www.freesound.org/s/339345/\nThe tiles, the lamp, the character, the chests and the base of all UI elements are made by Kokonus.\n\nThe only asset I downloaded from the Unity Asset store is the RTS Camera (https://www.assetstore.unity3d.com/en/#!/content/43321)\n\n\nI had a lot of fun this weekend, thanks for everything, everyone.\n\n- IKStreamIvo / Pixel\nTwitter: https://twitter.com/IKStreamIvo","path":"/events/ludum-dare/38/battlehex","parents":[1,5,9,9405],"meta":[],"link":{"author":[10250]},"love":0,"notes":1,"notes-timestamp":"2017-05-03T03:44:58Z"}]}