{"status":200,"caller_id":0,"cached":[],"node":[{"id":16566,"parent":9405,"superparent":9,"author":16558,"type":"item","subtype":"game","subsubtype":"jam","published":"2017-04-25T01:23:59Z","created":"2017-04-21T22:16:07Z","modified":"2017-05-02T07:54:07Z","version":76093,"slug":"primordial-ooze","name":"Primordial Ooze","body":"![primordial-ooze.mp4_snapshot_00.00_[2017.05.02_00.53.00].jpg](///raw/ea0/4/z/389a.jpg)\n\n**Original WebGL:** https://www.primitiveconcept.com/games/ludumdare38\n\n**Updated WebGL (04-29-2017):** https://www.primitiveconcept.com/games/primordialooze\n\n- - -\n\nPlay as a primordial bacteriophage on an alien world, and take over various coccus-type microbes.\n\nWASD to move. Left and right click to perform attacks/injection. Mouse wheel to change size.\n\nDash attack (left-click) to damage and immobilize enemies. While immobilized, Inject (right-click) into them to discover more enemy microbes (which can also be injected into). Each microbes contains DNA traits that can raise or lower the microbe's attributes. Inject into the nucleus to take over the host, and fight against other enemies... or just burst out of them to destroy them completely (and restore your health).\n\nStat changes in child microbes propagate upwards to their hosts, all the way up to the highest-level microbe. Try working your way wall the way down to the root of each enemy, raising as many attributes as you can before finally taking over the top-most microbe!\n\n![primordial-ooze1.png](///raw/ea0/4/z/389b.png)\n\nSome Tips:\n - The only way to kill enemies is to inject into their nucleus, and then burst out of them with right-click.\n - Keep injecting until you reach the bottom-most level, then activate DNA traits as you work your way back outward. \n - Take advantage of the enemies you take over, as they provide a good buffer against other enemies, and dying while inhabiting one will simply eject you, rather than resulting in game-over.\n - Be careful about simply exiting enemies (by breaking out of the cell wall) if you've raised their attributes. They'll become much more difficult to defeat depending on how you boosted them.\n - Consider activating max-health upgrades (yellow) last. Causing cells to grow also recreates the nucleus, shuffles the trait positions, and increases the size of the maze.\n - Stuck in a cell with no center nucleus? Break out of the outer perimeter walls by attacking them. Re-injecting into any cell reconstitutes its nucleus structure.\n\n","path":"/events/ludum-dare/38/primordial-ooze","parents":[1,5,9,9405],"meta":{"grade-07-out":"1","grade-06-out":"1","cover":"///content/ea0/4/z/2f1e.png"},"link":{"author":[16558]},"love":0,"notes":4,"notes-timestamp":"2017-05-02T22:23:44Z"}]}