{"status":200,"caller_id":0,"cached":[],"node":[{"id":15950,"parent":9405,"superparent":9,"author":1298,"type":"item","subtype":"game","subsubtype":"compo","published":"2017-04-24T00:28:09Z","created":"2017-04-21T21:22:43Z","modified":"2017-04-26T00:55:11Z","version":67310,"slug":"low-orbit","name":"Low Orbit","body":"![ScreenShot00043.png](///raw/215/z/a51.png)\n![ScreenShot00041.png](///raw/215/z/a39.png)\n![ScreenShot00009.png](///raw/215/z/a3c.png)\n\nIn Low Orbit you must race to the other side of a small planet and back!\n\nNote that the web version is more resource intensive than the Win32 version, and it also has a few more bugs than the Win32 version, so please play the Win32 version if possible. The web version also requires WASM, and only seems to work in 64-bit Firefox (64-bit Chrome will be able to load it, but there's severe color distortion).\n\n## Controls: ##\n* **WASD/Arrow Keys** - Accelerate/turn\n* **R** - Reset to last checkpoint\n* **Space** - Fire jets (Jetcrane only)\n* **Escape** - Back to menu/exit\n\n## Links\n* **WIN32:** http://quadtree.info/ld/ld38/ld38.zip\n* **WEB:** http://quadtree.info/ld/ld38/HTML5/LD38-HTML5-Shipping.html\n* **SOURCE CODE:** https://github.com/Quadtree/LD38","path":"/events/ludum-dare/38/low-orbit","parents":[1,5,9,9405],"meta":{"cover":"///content/215/z/3098.png"},"link":{"author":[1298]},"love":0,"notes":2,"notes-timestamp":"2017-05-02T08:07:50Z"}]}