{"status":200,"caller_id":0,"cached":[],"node":[{"id":16149,"parent":9405,"superparent":9,"author":2199,"type":"item","subtype":"game","subsubtype":"jam","published":"2017-04-24T16:03:53Z","created":"2017-04-21T21:41:34Z","modified":"2017-04-30T18:51:59Z","version":72329,"slug":"shapeshifter-the-king-of-a-small-world","name":"Shapeshifter: The King of A Small World","body":"![ShapeShifter.JPG](///raw/798/z/12b6.jpg)\n\n#### MY SECOND LUDUM DARE!!!!!\n\n## Description\n\n- Platformer\n- 4 Shapes - Everyone with a different mechanic\n- 5 Levels\n\n\n## Controls: \n- Move : WASD\n- Jump / Fly: Space\n- Shapeshift: MouseClick/Numbers (after Unlock Shapes)\n- Reset Level: R\n- Pause: Esc\n\n## Tips:\n- You need 3/3 Orbs to advance level !!!!\n- The Black Sphere is the \"Next Level Teleport\"\n- If you cant jump somewhere, try to move around. An UI Green Jump Text will appear when you can Jump! (This is for avoiding terrain exploits and go over mountains)\n\n\n## Known Bugs\n- WebGL Version: Sometimes it does not let it rotate completely on FULL SCREEN . Press [R] to Reset Level and should be solved \n\n## Link\nWindows / WebGL : https://rixud.itch.io/shapeshifter-the-king-of-a-small-world\n\n![ShapeShifter04.JPG](///raw/798/z/12dc.jpg)\n\n![ShapeShifter02.JPG](///raw/798/z/12dd.jpg)\n\nhttps://twitter.com/Rixud\nFollow me, and give me some advice / feedback\n\n# SPOILERS! ( DO NOT READ UNLESS YOU CANT PASS SOME LEVEL ) \n\n- Level 1: First Orb is \"hidden\" at the right of the first platform of the level\n- Level 2: Second Orb is \"hidden\" at the bottom of the cliff on the right, this orb give you \"Ant Power\" to pass for small places.\n- Level 3: to go through wind you need \"Beetle Power\", Second Orb (gives you \"Beetle Power\"), this orb is on the left  of the level, through a small corner.\n- Level 4: for the Third Orb, you can jump and change to \"Bee\" (pressing 4 or right click) to travel longer through air. to reach next level go through \"vertical wind\" with \"Bee Power\" and press Space Button to fly.\n- Level 5: jump and quick press 3 for go through \"horizontal wind\" on mid air. For the long jump (with Grasshopper+Bee) you need to shift to Beetle before the \"Horizontal Wind\".","path":"/events/ludum-dare/38/shapeshifter-the-king-of-a-small-world","parents":[1,5,9,9405],"meta":{"cover":"///content/798/z/325c.jpg"},"link":{"author":[2199]},"love":0,"notes":19,"notes-timestamp":"2017-05-04T06:46:46Z"}]}