{"status":200,"caller_id":0,"cached":[],"node":[{"id":16144,"parent":9405,"superparent":9,"author":13674,"type":"item","subtype":"game","subsubtype":"jam","published":"2017-04-24T22:24:16Z","created":"2017-04-21T21:41:03Z","modified":"2017-04-24T22:24:16Z","version":54890,"slug":"little-jhon","name":"Little Jhon","body":"This is my first time joing this type of events,I have been studing videogames now for 3 years and i had never try to do this so me and my partnen artist we going to try this for a bit of fun and trying to push us to the limit, hope everythign goes well GL HF !\n\n![Little Jhon.png](///raw/a65/3/z/1884.png)\n\nArtist : Jan Bercerikli Garrido\nProgramer: Jorge Criado Ros\n\nhttps://drive.google.com/drive/folders/0B1rzBRQyo2auQ04zZUFXXzdaalE?usp=sharing","path":"/events/ludum-dare/38/little-jhon","parents":[1,5,9,9405],"meta":[],"link":{"author":[13674]},"love":0,"notes":0}]}