{"status":200,"caller_id":0,"cached":[],"node":[{"id":15816,"parent":9405,"superparent":9,"author":14864,"type":"item","subtype":"game","subsubtype":"compo","published":"2017-04-24T00:43:01Z","created":"2017-04-21T21:12:49Z","modified":"2017-04-24T03:16:40Z","version":46791,"slug":"the-world-is-large","name":"The World is Large","body":"![TitleScreen.PNG](///raw/01a/3/z/cd1.png)\n\nThe World is Large is a the story of one tiny little heart's journey to find another. It's an adventure. It's a love poem. It's free, and it's playable online now (no download necessary).\n\n[Play it here!](https://wideopengames.itch.io/the-world-is-large)\n\n![TheWorldIsVast.gif](///raw/01a/3/z/cd8.gif)\n\n![BeachBalls.gif](///raw/01a/3/z/d4d.gif)\n\n![InLove.gif](///raw/01a/3/z/d45.gif)\n\n","path":"/events/ludum-dare/38/the-world-is-large","parents":[1,5,9,9405],"meta":[],"link":{"author":[14864]},"love":0,"notes":1,"notes-timestamp":"2017-05-02T00:11:06Z"}]}