{"status":200,"caller_id":0,"cached":[],"node":[{"id":16270,"parent":9405,"superparent":9,"author":16218,"type":"item","subtype":"game","subsubtype":"jam","published":"2017-04-25T02:44:08Z","created":"2017-04-21T21:51:43Z","modified":"2017-04-26T01:49:04Z","version":67399,"slug":"ant-colony-blitz","name":"Ant Colony Blitz","body":"Your ant colony must scavenge for essential particles. Avoid the spider by deploying your ants at the right moment. Watch them scurry and return. \n\nIf you love watching ants this game is for you! ... sigh\n\nTech/Design: Unity and Photoshop\n\nVoting Category Opt-outs: Graphics and Audio\n\n\n![snapshot_03.PNG](///raw/a5f/3/z/20fc.png)\n\nLinks\nDownload Links - Web and App (press ESC at intro to exit app)\n\nhttp://www.gread.net/ludum_dare/38/\n\nhttp://www.gread.net/ludum_dare/38/AntColonyBlitz_Win.zip\n\nSource Code\nhttps://github.com/Gread72/AntColonyBlitz_LD38\n\nAsset Credits...\n\nAnt Asset: \nhttps://www.turbosquid.com/FullPreview/Index.cfm/ID/388875\n \nSpider Assets: \nhttps://www.assetstore.unity3d.com/en/#!/content/22986\n\nRocks : \nhttps://www.assetstore.unity3d.com/en/#!/content/62937 \n\nGrass : \nhttps://www.turbosquid.com/FullPreview/Index.cfm/ID/703699  \n\nSound Assets: Universal Sound FX","path":"/events/ludum-dare/38/ant-colony-blitz","parents":[1,5,9,9405],"meta":[],"link":{"author":[16218]},"love":0,"notes":3,"notes-timestamp":"2017-05-01T10:49:46Z"}]}