{"status":200,"caller_id":0,"cached":[],"node":[{"id":15334,"parent":9405,"superparent":9,"author":4015,"type":"item","subtype":"game","subsubtype":"compo","published":"2017-04-24T01:21:43Z","created":"2017-04-21T20:44:28Z","modified":"2017-05-01T22:47:58Z","version":75566,"slug":"tribal-tension-twitch","name":"Tribal Tension (Twitch)","body":"This is a weird one. I decided to make a twitch-powered game for this Ludum Dare! A small island is populated by twitch chat \"tribes\" and indirectly influenced and controlled via twitch chat commands.\n\nthe villagers will act by themselves, but can be influenced by players!\n\n![1.png](///raw/faf/z/e5a.png)\n\nThe following commands exist:\n\n- !tribe - available until all tribe spawn points are filled. Creates a new tribe and automatically joins it!\n- !join - joins a tribe, you will be placed by auto-balance and will \"control\" one specific villager.\n- !wood - focus entirely on collecting wood!\n- !build - focus on expanding! Will also cut wood when necessary.\n- !attack [colour] - lead an attack on another tribe! This is very dangerous! You will rally any nearby npc villagers from your tribe to assist you in your attack.\n- !defend - focus on defense! Will mostly idle, but will ignore other tasks like expansion and act against aggressors from a further radius and with increased strength.\n- !retreat - very useful! Run back to your villager's \"home\". Will slowly heal once they have returned if left to idle.\n\n\n## Links & Source\n\nDue to its nature there's not really much point me uploading the game for you to play. So I'm going to be running it as close to 24/7 as possible for you to play and observe. Will also upload some video footage.\n\n**Play** [twitch.tv/shaunjs](twitch.tv/shaunjs)\n\n*disclaimer: the version being streamed is **Post Jam**. As I couldn't resist adding more stuff, sorry! And as I can't viably stream the original at the same time I'm happy to accept if you don't feel comfortable rating this without playing the original properly. Some footage of what that game was like can be seen in the timelapse below (at the end there's some real time speed footage + commentary!)*\n\nIf you try to run the GameMaker Studio 2 source code, you will need to edit oMain's create event and insert your own twitch client id, channel name, user name, and oauth key. Google around for how to find these.\n\n**Source code** [http://www.shaunspalding.co.uk/TwitchTribalTension.yyz](http://www.shaunspalding.co.uk/TwitchTribalTension.yyz)\n\n## Timelapse\n\n[timelapse](https://www.youtube.com/watch?v=WzKAD-sAVfQ)","path":"/events/ludum-dare/38/tribal-tension-twitch","parents":[1,5,9,9405],"meta":{"grade-06-out":"1","cover":"///content/faf/z/3716.png"},"link":{"author":[4015]},"love":0,"notes":25,"notes-timestamp":"2017-05-03T19:05:09Z"}]}