{"status":200,"caller_id":0,"cached":[],"node":[{"id":16477,"parent":9405,"superparent":9,"author":9446,"type":"item","subtype":"game","subsubtype":"compo","published":"2017-04-24T00:57:48Z","created":"2017-04-21T22:08:20Z","modified":"2017-04-24T00:57:48Z","version":43344,"slug":"dimpock","name":" DIMPOCK","body":"![relgif_2.gif](///raw/6e4/2/z/b7f.gif)\nDIMPOCK is a procedurally generated rogue-lite set in space.\n\nFight your way through 9 tough procedurally generated worlds whilst crafting upgrades in preparation for what lies next.\n\nThere are 7 unique weapons, 4 different shields, and 3 different thrust modules for a total of 86 possible ship kits!\n\nThe connection to the theme is that each little level is its own world, or something.\n\n\nAdditional instructions are available on the game's itch.io page =>\nhttps://bearishmushroom.itch.io/dimpock\n\n\n\nGame source => https://dl.dropbox.com/s/xbj9cv3l0750apa/src.zip","path":"/events/ludum-dare/38/dimpock","parents":[1,5,9,9405],"meta":[],"link":{"author":[9446]},"love":0,"notes":6,"notes-timestamp":"2017-05-03T11:34:00Z"}]}