{"status":200,"caller_id":0,"cached":[],"node":[{"id":16746,"parent":9405,"superparent":9,"author":14233,"type":"item","subtype":"game","subsubtype":"jam","published":"2017-04-25T00:29:02Z","created":"2017-04-21T22:30:51Z","modified":"2017-04-25T00:29:02Z","version":58068,"slug":"perfection-or-nothing","name":"Perfection, Or Nothing!","body":"![Cover.PNG](///raw/997/3/z/1bed.png)\n\nCheck the game out here:\nhttps://anciententity.github.io/LudumDare38/\n\n:smiley:\nPerfection Or None! is a packed game about balacing with a couple levels and at the end we got a free build level, where the sky is the limit!\n\nImagine. You're on a island in the middle of nowhere and you must balance the island for a certain amount of time without letting the prisoner die. We also got a very fun and easy to understand tutorial!\n\nA game by one man, that person is Ancient Entity.\n\n![2.PNG](///raw/997/3/z/1c1c.png)\n\nA small video of the main menu:\n\nhttps://anciententity.github.io/LudumDare38/vid1.mp4\n\n","path":"/events/ludum-dare/38/perfection-or-nothing","parents":[1,5,9,9405],"meta":{"grade-06-out":"1"},"link":{"author":[14233]},"love":0,"notes":4,"notes-timestamp":"2017-05-02T11:45:52Z"}]}