{"status":200,"caller_id":0,"cached":[],"node":[{"id":16492,"parent":9405,"superparent":9,"author":520,"type":"item","subtype":"game","subsubtype":"jam","published":"2017-04-25T00:16:15Z","created":"2017-04-21T22:09:28Z","modified":"2017-04-25T00:16:15Z","version":57649,"slug":"snow-globe","name":"Snow Globe","body":"![screenshot.png](///raw/802/z/1b6f.png)\n\n[Download Windows](https://drive.google.com/open?id=0B8F1xxaJXirTalE2M3VQNzRuaW8)\n\n[Download source](https://drive.google.com/open?id=0B8F1xxaJXirTb24wOEtrVkFWZ2s)\n\n\nIt's stopped snowing in the snow globe you live in. Can you bring the snow back?\n\nThe entire game is controlled with the left mouse button.","path":"/events/ludum-dare/38/snow-globe","parents":[1,5,9,9405],"meta":[],"link":{"author":[520,9889,10138,23377]},"love":0,"notes":0}]}