{"status":200,"caller_id":0,"cached":[],"node":[{"id":15277,"parent":9405,"superparent":9,"author":212,"type":"item","subtype":"game","subsubtype":"compo","published":"2017-04-24T01:18:11Z","created":"2017-04-21T20:41:08Z","modified":"2017-04-30T21:31:43Z","version":72451,"slug":"routine","name":"Routine","body":"![cover_big.png](///raw/4d/z/2db9.png)\n\n## ABOUT\n\nOutraged by the abusive totalitarian government of a small district, you decide to help three rebels bypass the government's surveillance system. You must intersect the routes of these rebels according to their limited routines, facilitating the exchange of confidential information between them. It may seem difficult, but it's not. After all, it's a small world.\n\n\n## DOWNLOAD\n\n### [Windows (13.7 MB)](http://bit.ly/2pxg80i)\n \n### [Linux (32.2 MB)](http://bit.ly/2oMbOv7)\n\n### [Mac (29.8 MB)](http://bit.ly/2puUVSQ)\n\n\n## IMAGES\n\n![screen_1.png](///raw/4d/z/2dac.png)\n\n![screen_2.png](///raw/4d/z/2dad.png)\n\n![screen_5.png](///raw/4d/z/2db0.png)\n\n![screen_3.png](///raw/4d/z/2dae.png)\n\n![screen_4.png](///raw/4d/z/2daf.png)\n\n\n### OTHER LINKS\n\n[Source code](http://bit.ly/2qm1C9J)\n\n\n### CHANGELOG\n- v1.1: fixed 2 incorrect paths (30/04/17)\n- v1.0: original release (23/04/17)\n\n\n### TOOLS\n- Unity 5.6\n- Visual Studio\n- Gimp\n- Audacity\n- BFXR\n\n","path":"/events/ludum-dare/38/routine","parents":[1,5,9,9405],"meta":{"grade-07-out":"1","cover":"///content/4d/z/30ef.png"},"link":{"author":[212]},"love":0,"notes":31,"notes-timestamp":"2017-05-04T08:20:01Z"}]}