{"status":200,"caller_id":0,"cached":[],"node":[{"id":15193,"parent":9405,"superparent":9,"author":1157,"type":"item","subtype":"game","subsubtype":"compo","published":"2017-04-23T22:13:28Z","created":"2017-04-21T20:35:38Z","modified":"2017-04-23T22:18:11Z","version":39605,"slug":"race-through-the-world","name":"Race through the World","body":"Controls: Arrows, z,x\n\nWindows: https://www.dropbox.com/s/itjn5gyabxen2lp/Windows.zip?dl=0\nMac: https://www.dropbox.com/s/yhr3a1tdpvxawad/Mac.zip?dl=1\nSource: https://www.dropbox.com/s/vma429bayx8oxzb/Source.zip?dl=1","path":"/events/ludum-dare/38/race-through-the-world","parents":[1,5,9,9405],"meta":[],"link":{"author":[1157]},"love":0,"notes":1,"notes-timestamp":"2017-05-03T04:21:52Z"}]}