{"status":200,"caller_id":0,"cached":[],"node":[{"id":16552,"parent":9405,"superparent":9,"author":8225,"type":"item","subtype":"game","subsubtype":"compo","published":"2017-04-23T20:30:42Z","created":"2017-04-21T22:14:16Z","modified":"2017-04-23T20:30:42Z","version":37708,"slug":"repost","name":"Re:post","body":"![Re-Post Screenshot (3).png](///raw/120/2/z/3c1.png)\nSpread the news. Pay the bills. Preferably both.\n\nhttps://terrabalt.itch.io/repost\n\nControls: Mouse.\n\nno music, so pls opt out on that.","path":"/events/ludum-dare/38/repost","parents":[1,5,9,9405],"meta":{"grade-06-out":"1","cover":"///content/120/2/z/3d84.png"},"link":{"author":[8225]},"love":0,"notes":3,"notes-timestamp":"2017-05-04T05:11:10Z"}]}