{"status":200,"caller_id":0,"cached":[],"node":[{"id":16382,"parent":9405,"superparent":9,"author":10325,"type":"item","subtype":"game","subsubtype":"jam","published":"2017-04-24T19:16:57Z","created":"2017-04-21T22:01:14Z","modified":"2017-04-24T22:22:46Z","version":54856,"slug":"no-world-left-behind","name":"No World Left Behind","body":"![screenshot1.png](///raw/558/2/z/14d1.png)\n\n**Download** \n\nhttps://geoodees.itch.io/no-world-left-behind\n\n**Goal**\n\nSurvive. Defeat enemies to not get overwhelmed and pick up power ups to help you. As the game goes on, the world you are in will get smaller and smaller until there is no room left to exist. Pick up Arrow Ups to give yourself more space to play.\n\n**How to play**\n\nArrow Keys/WASD: Move.\n\nMouse1: Shoot where mouse is pointed on screen.\n\nShift: Slowdown player and show hitbox.\n\nR: Reset after you lose.\n\n**Opt-out**\n\nThis was made as a solo project with the exception for the bgm. I should not be voted for this.\n\n------\n\nMade using the Löve framework.\n\nInspired by shmups in general and games like Geometry Wars.\n\nMusic by Zid Morin with rights to use.\n\nMinecraftia by Andrew Tyler used for personal use.","path":"/events/ludum-dare/38/no-world-left-behind","parents":[1,5,9,9405],"meta":[],"link":{"author":[10325]},"love":0,"notes":0}]}