{"status":200,"caller_id":0,"cached":[],"node":[{"id":15754,"parent":9405,"superparent":9,"author":2850,"type":"item","subtype":"game","subsubtype":"compo","published":"2017-04-23T20:15:01Z","created":"2017-04-21T21:09:04Z","modified":"2017-04-24T18:25:38Z","version":51415,"slug":"tiny-asteroid-war","name":"Tiny Asteroid War","body":"![ludum_screenshot_2.png](///raw/22b/z/143d.png)\n\nUp/down keys to accelerate/decelerate, left/right to rotate and space to shoot. \n\nWindow/Mac/Linux builds coming later.\n\n# Play/Download\n- [HTML5](https://roel.itch.io/tiny-asteroid-war)\n- [Haxe Sources](https://www.dropbox.com/s/oit2f8h20mjqxko/Sources.zip?dl=0)","path":"/events/ludum-dare/38/tiny-asteroid-war","parents":[1,5,9,9405],"meta":{"cover":"///content/22b/z/3537.png"},"link":{"author":[2850]},"love":0,"notes":3,"notes-timestamp":"2017-05-03T01:44:04Z"}]}