{"status":200,"caller_id":0,"cached":[],"node":[{"id":15858,"parent":9405,"superparent":9,"author":14825,"type":"item","subtype":"game","subsubtype":"jam","published":"2017-04-23T22:45:55Z","created":"2017-04-21T21:15:51Z","modified":"2017-04-23T22:45:55Z","version":40134,"slug":"whats-left","name":"what's left","body":"i know its not much but i made it with my own two hands and i think its pretty fun. so here you go my entry.\n\ngame: https://frostbyte4k.itch.io/whats-left","path":"/events/ludum-dare/38/whats-left","parents":[1,5,9,9405],"meta":[],"link":{"author":[14825]},"love":0,"notes":0}]}