{"status":200,"caller_id":0,"cached":[],"node":[{"id":16174,"parent":9405,"superparent":9,"author":14106,"type":"item","subtype":"game","subsubtype":"compo","published":"2017-04-23T23:17:16Z","created":"2017-04-21T21:43:46Z","modified":"2017-04-24T01:09:46Z","version":43798,"slug":"mini-planet","name":"Mini Planet","body":"Explore the universe looking for life on planets other than Earth is the mission you are given. You find an Earth-Like Planet but it's smaller that expected but regardless you look for life. You are equiped with only a jetpack, a ship, and the clothes on your back.\n\n![Capture.PNG](///raw/a17/3/z/c02.png)\n\n*Tools*\n-Unity3d\n-Photoshop\n-Visual Studio\n-Audacity\n\nJust Use WASD!\n\nSource http://www.mediafire.com/file/4834h6vwkykj4hn/MiniPlanet__Source.zip\n\nGame http://www.mediafire.com/file/y0tia0xopakmcej/MiniPlanet.zip!","path":"/events/ludum-dare/38/mini-planet","parents":[1,5,9,9405],"meta":[],"link":{"author":[14106]},"love":0,"notes":1,"notes-timestamp":"2017-05-02T22:26:42Z"}]}