{"status":200,"caller_id":0,"cached":[],"node":[{"id":16697,"parent":9405,"superparent":9,"author":13854,"type":"item","subtype":"game","subsubtype":"compo","published":"2017-04-24T00:58:26Z","created":"2017-04-21T22:27:14Z","modified":"2017-04-24T00:58:25Z","version":43365,"slug":"think-about-quantum-thinking","name":"Think About Quantum Thinking","body":"![Title.png](///raw/e16/3/z/b8e.png)\nyou got an idea, but the mind is one silly maze, a maze that get harder to solve.\n\nLinks : https://gamejolt.com/games/TAQT/251811","path":"/events/ludum-dare/38/think-about-quantum-thinking","parents":[1,5,9,9405],"meta":[],"link":{"author":[13854]},"love":0,"notes":1,"notes-timestamp":"2017-05-02T14:09:28Z"}]}