{"status":200,"caller_id":0,"cached":[],"node":[{"id":15499,"parent":9405,"superparent":9,"author":12336,"type":"item","subtype":"game","subsubtype":"jam","published":"2017-04-24T20:42:16Z","created":"2017-04-21T20:54:16Z","modified":"2017-04-28T19:48:28Z","version":70891,"slug":"infinite-planet","name":"Infinite Planet","body":"![screengif.gif](///raw/030/3/z/270e.gif)\n\n---\n\nThis is Infinite Planet, an Infinite runner game, with the twist of being on a small planet. On your adventure around this planet you will face multiple obstacles that tries to stop you in your tracks. Remember to watch out for **THE DESTROYER**.\n\n---\n\n![Screenshot 3.png](///raw/030/3/z/1598.png)\n\n---\n\nA Game done in 72 hours during the **38th Ludum Dare Gamejam**, based around the theme **\"A small world\"**.\n**Made by:** Gaffa (@gaffa) **&** DrValor (@drvalor)\n\n**Extra credits to:**\n\n- **Kevin MacLeod** for making the used music (http://incompetech.com)\n- **Juhani Junkala** for making some used soundeffects (https://juhanijunkala.com)\n\nThanks alot for your contribution, without you the game whouldn't be what it now is!\n\n---\n\n![Screenshot 1.png](///raw/030/3/z/15ac.png)\n\n---\n\n![Screenshot 2.png](///raw/030/3/z/15a9.png)\n\n---\n\n## Links\n\n* WINDOWS BUILD: https://valorgaffa.itch.io/infinite-planet\n* ANDROID BUILD: https://valorgaffa.itch.io/infinite-planet\n","path":"/events/ludum-dare/38/infinite-planet","parents":[1,5,9,9405],"meta":{"cover":"///content/030/3/z/30e4.png","grade-06-out":"1"},"link":{"author":[12336,14325]},"love":0,"notes":23,"notes-timestamp":"2017-05-02T15:54:37Z"}]}