{"status":200,"caller_id":0,"cached":[],"node":[{"id":16455,"parent":9405,"superparent":9,"author":7512,"type":"item","subtype":"game","subsubtype":"jam","published":"2017-04-24T22:16:07Z","created":"2017-04-21T22:06:41Z","modified":"2017-04-24T22:16:07Z","version":54739,"slug":"brave-chapters","name":"Brave - Chapters","body":"It`s a game about small worlds, in pop-up books!(demo)","path":"/events/ludum-dare/38/brave-chapters","parents":[1,5,9,9405],"meta":[],"link":{"author":[7512]},"love":0,"notes":1,"notes-timestamp":"2017-04-24T23:29:26Z"}]}