{"status":200,"caller_id":0,"cached":[],"node":[{"id":15795,"parent":9405,"superparent":9,"author":12353,"type":"item","subtype":"game","subsubtype":"jam","published":"2017-04-24T20:52:50Z","created":"2017-04-21T21:11:42Z","modified":"2017-05-02T23:02:33Z","version":77212,"slug":"sperboy-adventure","name":"Sperboy Adventure","body":"![sperboyphoto1.png](///raw/140/3/z/1662.png)\n![sperboyphoto2.png](///raw/140/3/z/1665.png)\n\n## Description:\n\" You are Sperboy™ a cool spermatozoid who wants to be the number one! control him and avoid being hit by the contraceptive stuff, fight the Aids boss and survive to fecund the ovule and bring sperboy's coolness to the big world! \" \n-\n\nHOW TO PLAY: Avoid the stuff and get the lube at the end in order to progress, the main concept here is DODGE! good luck.\n\nCONTROLS: Z/Spacebar/Enter = Action / Arrows = Directions\n\n## Links:\nDownload .RAR (Windows/MacOS/Linux file inside) - http://gamejolt.com/games/sperboy/251984\nONLINE Web: http://gamejolt.com/games/sperboy/251984\n\n## Misc\nWe made this game in 48 hours at our college, both tired physically and mentally but we made it! Our first GameJam and game developing as well!\n(obs: it may be EXTREMELLY BUGGY/LAG at low pcs, my apologizes ''/)\n\nEngine used: RPG MAKER MV\n\n--Don't forget to check \"credits\" in-game menu to contemplate the college game dev warriors! :D--\n\n## Gratz:\n\nHugo \"Frizto\" Oliveira - Programmer/Eventer\n\nGabriel \"Suikyune\" Farias - General Art/Pixel Artist (@suikyune)\n\nVinicius Costa - Documents (@costaralho)\n\nFelipe Viscardi - Some SE (@felipe-viscardi-rebelo)\n\nAlexandre Ataide - BGM (our teacher, thx dude!)","path":"/events/ludum-dare/38/sperboy-adventure","parents":[1,5,9,9405],"meta":{"cover":"///content/140/3/z/3a28.png"},"link":{"author":[12353,12170,13343,13603]},"love":0,"notes":1,"notes-timestamp":"2017-05-01T18:34:00Z"}]}