{"status":200,"caller_id":0,"cached":[],"node":[{"id":15835,"parent":9405,"superparent":9,"author":3953,"type":"item","subtype":"game","subsubtype":"compo","published":"2017-04-23T22:20:02Z","created":"2017-04-21T21:14:01Z","modified":"2017-04-30T14:03:48Z","version":72090,"slug":"one-push-man","name":"One Push Man","body":"![LD38_02.png](///raw/17f/z/785.png)\n\nSome monstres invades your little world on the top of a mountains. It's time to push them away !\nLoot some tools to explode them, but be carreful, they can take tools too !\n\n\nCurious to see how a slime can use a shovel ? Play 'One push man' !\n\n\n----------------------------------------------------- \n**Keys :**\n- ARROWS : move\n- SPACE : for the title menu\n- ESCAPE : pause\n\n----------------------------------------------------- \nGame made with LibGdx (Java requiered), Bfxr for sound, CgMusic and Photoshop. \n\n\n----------------------------------------------------- \n## Links ##\n\n**- Download Links :** http://jeremy-lebrun.fr/onepushman/LD38_OnePushMan_fixed.jar\n(just a bug fixed, you can't be stuck into a slime. original without the fix here : http://jeremy-lebrun.fr/onepushman/LD38_OnePushMan.jar)\n\n**- Source Code :** http://jeremy-lebrun.fr/onepushman/LD38_OnePushMan_SOURCES.zip\n\n----------------------------------------------------- \n\n### Voting Category ###\nAll categories **(COMPO GAME)**\n\n\n*Made at the real world gathering in MAME (Tours, France)*\n","path":"/events/ludum-dare/38/one-push-man","parents":[1,5,9,9405],"meta":{"cover":"///content/17f/z/3162.png"},"link":{"author":[3953]},"love":0,"notes":8,"notes-timestamp":"2017-05-03T23:32:57Z"}]}