{"status":200,"caller_id":0,"cached":[],"node":[{"id":15156,"parent":9405,"superparent":9,"author":71,"type":"item","subtype":"game","subsubtype":"jam","published":"2017-04-25T02:27:17Z","created":"2017-04-21T20:32:32Z","modified":"2017-05-04T06:26:33Z","version":78421,"slug":"one-pass","name":"One-Pass","body":"A platformer where tiles you get near to will solidify if you go too far away, making backtracking impossible.\nCurrently only Windows and Mac builds are available, though Linux should be available shortly.\n\n**Controls:** W A S D. Press Escape to get out of the game, or press R to restart manually (in case you are stuck).\n\nI couldn't get this *anywhere near* where I wanted it to be, as I spent about 40 of the 72 hours of the jam sick, so I'm planning to take a couple days to see how far I could've gotten had things gone better. That said, expect a post-compo version to come out relatively soon!\n\n**EDIT:** I'm now aware the Mac build is nonfunctional. A remedy (and Linux build!) should come soon!\n\n### Links\n\n***WINDOWS / MAC:* [Itch.io](https://lukezaz.itch.io/one-pass?secret=gKhMu29FRfGMki9cfZvFfjQ1bnc)**","path":"/events/ludum-dare/38/one-pass","parents":[1,5,9,9405],"meta":{"grade-06-out":"1","grade-07-out":"1","cover":"///content/74/z/3878.png"},"link":{"author":[71]},"love":0,"notes":4,"notes-timestamp":"2017-05-04T08:50:06Z"}]}