{"status":200,"caller_id":0,"cached":[],"node":[{"id":16269,"parent":9405,"superparent":9,"author":11949,"type":"item","subtype":"game","subsubtype":"compo","published":"2017-04-24T02:02:57Z","created":"2017-04-21T21:51:29Z","modified":"2017-04-24T02:02:57Z","version":45849,"slug":"world-on-the-tip-of-a-ballpoint-pen","name":"World on the Tip of a Ballpoint Pen","body":"A world on the tip of a ballpoint pen.\n\nUse the arrow keys or WASD to move. Use the mouse to click things.\n[Play the game!](https://hacksawunit.itch.io/world-on-the-tip-of-a-ballpoint-pen)\n----\n\n----\nThis entry wasn't as fleshed out as I wanted it to be, but I'm glad I at least captured the 'vibe' of the world I imagined. Regardless, I had a great time hunkering down and doing a good old fashioned LudumDare!\n\n\n","path":"/events/ludum-dare/38/world-on-the-tip-of-a-ballpoint-pen","parents":[1,5,9,9405],"meta":[],"link":{"author":[11949]},"love":0,"notes":5,"notes-timestamp":"2017-05-04T06:25:02Z"}]}