{"status":200,"caller_id":0,"cached":[],"node":[{"id":16563,"parent":9405,"superparent":9,"author":15112,"type":"item","subtype":"game","subsubtype":"jam","published":"2017-04-25T00:51:20Z","created":"2017-04-21T22:15:57Z","modified":"2017-04-25T13:29:51Z","version":65559,"slug":"cooldown-odyssey","name":"Cooldown Odyssey","body":"The game is currently in french, sorry !\n\nYou are Zoé, in your very little spaceship;\nYou have to manage the tasks necessary to survive. :o\n\nDownload -> http://fenntasy.com/wanuts/projets/CooldownOdyssey.exe\n\nNOTE: Avast alerts can occur because it is a .exe, as explained here: \nhttps://forum.avast.com/index.php?topic=163221.msg1164286#msg1164286\n\n![zoeView.png](///raw/80b/3/z/1dd8.png)","path":"/events/ludum-dare/38/cooldown-odyssey","parents":[1,5,9,9405],"meta":[],"link":{"author":[15112]},"love":0,"notes":0}]}