{"status":200,"caller_id":0,"cached":[],"node":[{"id":16625,"parent":9405,"superparent":9,"author":7794,"type":"item","subtype":"game","subsubtype":"jam","published":"2017-04-25T01:50:04Z","created":"2017-04-21T22:21:34Z","modified":"2017-04-25T02:24:17Z","version":62230,"slug":"hopeless-void","name":"Hopeless Void","body":"![HopelessVoid_2.png.png](///raw/27e/1/z/2012.png)\n\nOur earth crumbled into the void. We are the last survivors and we gathered on the last pieces of land. All traces of humanity are bound to disapear, unless we can launch a time capsule containing all of our knowledge and culture.\n\nTime is against us, but we must succeed by all means!\n\n---\n\nwindows : https://dl.dropboxusercontent.com/s/u9ppcv82a2pf8cc/HopelessVoid_windows.zip\n\nmac     : https://dl.dropboxusercontent.com/s/mpidhmmv5o8rv2j/HopelessVoid_mac.zip\n\nlinux   : https://dl.dropboxusercontent.com/s/roasqgy1irwo9cx/HopelessVoid_linux.zip\n","path":"/events/ludum-dare/38/hopeless-void","parents":[1,5,9,9405],"meta":{"cover":"///content/27e/1/z/397d.png"},"link":{"author":[7794,16607]},"love":0,"notes":0}]}