{"status":200,"caller_id":0,"cached":[],"node":[{"id":16438,"parent":9405,"superparent":9,"author":9353,"type":"item","subtype":"game","subsubtype":"jam","published":"2017-04-25T00:09:27Z","created":"2017-04-21T22:05:45Z","modified":"2017-04-25T05:13:39Z","version":64234,"slug":"parasite","name":"Parasite ","body":"![head_moving.png](///raw/984/2/z/1bc1.png)\n![1.png](///raw/984/2/z/2457.png)![2.png](///raw/984/2/z/2459.png)![3.png](///raw/984/2/z/245a.png)\n\n\nhttps://github.com/reeltrash/LudumDare38RC\n\n","path":"/events/ludum-dare/38/parasite","parents":[1,5,9,9405],"meta":[],"link":{"author":[9353]},"love":0,"notes":0}]}