{"status":200,"caller_id":0,"cached":[],"node":[{"id":15988,"parent":9405,"superparent":9,"author":3593,"type":"item","subtype":"game","subsubtype":"compo","published":"2017-04-24T00:37:49Z","created":"2017-04-21T21:26:03Z","modified":"2017-04-25T12:30:52Z","version":65399,"slug":"gravity-wars","name":"Gravity Wars","body":"![grav_wars_01.jpg](///raw/90e/z/ab6.jpg)\n\n## [GRAVITY WARS](http://gamejolt.com/games/gravitywars/251809): A 3rd person bullet-hell shoot-em-up with gravity warp mechanics.\n### OBJECTIVE: Kill the green-blue tesseracticles!\n**...either by shooting them, or by using your gravity to steer them into planets.**\n\nBullets, planets and enemies give you damage. Satellites don't, but will take out enemies. There isn't really an ending - you just have to see how many aliens you can kill before you're blown up!\n\n**Controls:** Game controller recommended *- or -* arrow keys to move, spacebar or mouse to fire.\n\nPlay it online, or download it here ---> http://gamejolt.com/games/gravitywars/251809\n\n:grin:\n\nhttps://www.youtube.com/watch?v=08xvQPzqObg\n\n#### Episode XXXVIII: A SMALL WORLD\n\nThe StarKiller Base was built to destroy planets and one-up the Death Star. Now it will be put to its ultimate test: Low-poly sci-fi enemies!\n\nInterstellar wormhole aliens have created a spatial anomaly to launch 'tesseract bombs' into the solar system. The immense gravitational forces are also preventing our escape!\n\nBut the StarKiller Base is big enough to generate its own gravity, which you can use to steer the alien bombs into nearby planets.\n\nIt's also a giant gun, so you can also shoot them!\n\nJust be careful - your energy blasts might come back to hurt you. Too many hits from bullets, planets or enemies, and it's Game Over man.\n\n![grav_wars_04.jpg](///raw/90e/z/ab9.jpg)\n\n![grav_wars_06.jpg](///raw/90e/z/abd.jpg)","path":"/events/ludum-dare/38/gravity-wars","parents":[1,5,9,9405],"meta":{"cover":"///content/90e/z/3338.png"},"link":{"author":[3593]},"love":0,"notes":3,"notes-timestamp":"2017-05-03T18:31:30Z"}]}