{"status":200,"caller_id":0,"cached":[],"node":[{"id":15724,"parent":9405,"superparent":9,"author":15678,"type":"item","subtype":"game","subsubtype":"compo","published":"2017-04-24T01:14:52Z","created":"2017-04-21T21:07:15Z","modified":"2017-04-25T01:59:03Z","version":61433,"slug":"compo-or-bust","name":"Compo or Bust","body":"![Ld38_Screenshot.jpg](///raw/e3d/3/z/2099.jpg)\n\n\n[[Source]](https://s3.amazonaws.com/myldgames/ld38/CompoOrBust-project.zip) [[Windows]](https://s3.amazonaws.com/myldgames/ld38/CompoOrBust.zip)\n\nFly your spaceship around the ~~tiny~~ small world and exterminate the native population, so that we may colonize the planet.\n\nUse arrow keys or WASD to fly.\nClick on the little humans to kill them with your invisible microwave laser gun. :wink:\n\nMade in a hurry over a busy weekend; don't expect too much! I'm pretty sure this is the first time I've finished in time for the compo. :smile:","path":"/events/ludum-dare/38/compo-or-bust","parents":[1,5,9,9405],"meta":[],"link":{"author":[15678]},"love":0,"notes":1,"notes-timestamp":"2017-05-01T19:19:45Z"}]}