{"status":200,"caller_id":0,"cached":[],"node":[{"id":16004,"parent":9405,"superparent":9,"author":39,"type":"item","subtype":"game","subsubtype":"jam","published":"2017-04-25T01:46:20Z","created":"2017-04-21T21:27:41Z","modified":"2017-05-01T17:25:35Z","version":74836,"slug":"toy-run","name":"Toy Run","body":"Toys get _bored_ when nobody is watching, sometimes they arrange an obstacle course and time each other through it. Don't touch the obstacles, they will cost lots of time as you stumble back to your feet!\n\n**Controls:** Arrows, OR W/S/D, (Space also optional)\n\n![20170424210147_screenshot.png](///raw/72/z/1fd5.png)\n\n* [Toy Run (Windows)](https://www.timbeaudet.com/goods/ludumdare/ld38/toy_run_windows.zip)\n\n* [Toy Run (Mac OS)](https://www.timbeaudet.com/goods/ludumdare/ld38/toy_run_macos.zip)\n\n* [Toy Run (Linux experimental)](https://www.timbeaudet.com/goods/ludumdare/ld38/toy_run_linux.zip)\n\n* [Toy Run (source)](https://www.timbeaudet.com/goods/ludumdare/ld38/toy_run_source.zip)","path":"/events/ludum-dare/38/toy-run","parents":[1,5,9,9405],"meta":[],"link":{"author":[39]},"love":0,"notes":8,"notes-timestamp":"2017-05-03T15:53:01Z"}]}