{"status":200,"caller_id":0,"cached":[],"node":[{"id":15545,"parent":9405,"superparent":9,"author":4018,"type":"item","subtype":"game","subsubtype":"jam","published":"2017-04-24T16:19:40Z","created":"2017-04-21T20:56:33Z","modified":"2017-04-24T20:58:11Z","version":53322,"slug":"haven-the-small-world","name":"Haven - The Small World","body":"Very short adventure game, that focuses mostly on mood and (kinda story) telling. The gameplay is very much typical for an adventure game, and is not long.\n\n-----\nWINDOWS DL:\n------\nhttps://drive.google.com/file/d/0B6BuTl2JR98_YWdtZ2tuaXdVT3c/view?usp=sharing\n\n!!!!! Attention  !!!!!\n For some weird reason windows and google consider this exe as a virus :( . Please believe me it is not :)\n\n-----\nNOTE: To access inventory, hover your mouse to the top of the screen.\n\n\n----------------------\n Description\n----------------------\n\nHAVEN - THE SMALL WORLD\n\nWhen the oxygen is basically non-existent in the world anymore, scientists predicted this to happen so they created a huge complex structure, which is called HAVEN - THE SMALL WORLD.\n\nThis place simulates what the world used to look like before the (let's call it) apocalypse.\n\nDue to the problem with population regulation, men and women are separated in two sectors.\nThere is only one sector they are allowed to be together - PUBLIC SECTOR.\n\nRoy (YOU) is a young man, who has not seen his wife for more than two years tries to do everything to be with her again.\n\n----------------------\n\nCreated in Adventure Game Studio (AGS). Graphics in Photoshop.\n\n\n![Intro-pic-small-world-1-LD.gif](///raw/2bf/z/1558.gif)\n![Laboratory-LD.gif](///raw/2bf/z/155b.gif)\n![Small-World-Room-COLOR-SHINY---LD.gif](///raw/2bf/z/155c.gif)\n\n\n\n","path":"/events/ludum-dare/38/haven-the-small-world","parents":[1,5,9,9405],"meta":{"cover":"///content/2bf/z/3c83.jpg","grade-07-out":"1"},"link":{"author":[4018]},"love":0,"notes":2,"notes-timestamp":"2017-05-02T19:33:38Z"}]}