{"status":200,"caller_id":0,"cached":[],"node":[{"id":16622,"parent":9405,"superparent":9,"author":13882,"type":"item","subtype":"game","subsubtype":"compo","published":"2017-04-24T00:59:39Z","created":"2017-04-21T22:21:21Z","modified":"2017-05-02T05:08:38Z","version":75956,"slug":"orbitunes","name":"Orbitunes","body":"![title.png](///raw/a36/3/z/cdd.png)\n\nA physics-based music generator!\n\nLaunch asteroids at a dense star and put them into orbit.  Your space rocks have some unusual reactions to the mysterious star, causing them to glow and emit sound.  Experiment with different asteroids and orbit patterns to create your own music!  \n\nNo actual goal or objective, just slingshot asteroids to your heart's content! \n\n**Play On Web:** https://jared-slawski.itch.io/orbitunes\n\n**Source Code:** \nhttps://drive.google.com/drive/folders/0B6IIK-sXmuqjWGdZUVljYmtqSTA?usp=sharing \n\n\n\n\n(Psst!  If you're interested in playing a WAY better version of this that can't be judged on account of me working on it after the Compo, [click here!](https://jared-slawski.itch.io/orbitunes-post-jam?secret=gMyqF2v865KhntYeTSJXH0T1c))","path":"/events/ludum-dare/38/orbitunes","parents":[1,5,9,9405],"meta":{"grade-07-out":"1","cover":"///content/a36/3/z/2f55.png"},"link":{"author":[13882]},"love":0,"notes":20,"notes-timestamp":"2017-05-04T06:08:45Z"}]}