{"status":200,"caller_id":0,"cached":[],"node":[{"id":15443,"parent":9405,"superparent":9,"author":15426,"type":"item","subtype":"game","subsubtype":"jam","published":"2017-04-23T21:33:58Z","created":"2017-04-21T20:51:11Z","modified":"2017-04-23T21:35:35Z","version":38845,"slug":"the-duel","name":"The Duel","body":"I really didn't like the theme but if it is a small world that means the world ain't big enough for the two of us.\n\nOne has to die. Press [X] when the clock strikes high noon to shoot!\n\nCome and duel in this western game fueled by speed and awful time management :D\n\n# Links\n\n* ### [Source Code](https://github.com/miltoncandelero/TheDuel)\n* ### [Play the game](https://miltoncandelero.github.io/TheDuel/)\n\n---\n\nI want to opt out from the graphics, sound and music category but the site won't allow me, pls send help :(","path":"/events/ludum-dare/38/the-duel","parents":[1,5,9,9405],"meta":[],"link":{"author":[15426]},"love":0,"notes":0}]}