{"status":200,"caller_id":0,"cached":[],"node":[{"id":15428,"parent":9405,"superparent":9,"author":13308,"type":"item","subtype":"game","subsubtype":"jam","published":"2017-04-25T00:36:18Z","created":"2017-04-21T20:50:09Z","modified":"2017-05-03T23:29:40Z","version":78245,"slug":"batter-bros","name":"Batter Bros.","body":"![LOGO.png](///raw/cf3/3/z/3aba.png)\n\n## Info\nSmall world inside a snowglobe... Instead it's almost summer now and we're sick of winter, so this is what you get :D\n\n### Description\nRetro arcade arena brawler with single and multiplayer modes. The rules are simple:\n\n- Hit the opponent with the ball\n- Don't fall into the water\n- The ball gets charged with consecutive hits\n- The ball is slower in the water\n- If your health reaches 0 you lose\n\n## Media\n\n### Gameplay Gif\nhttps://media.giphy.com/media/xUA7aUymHleZXgIUvu/giphy.gif\n\n## Screenshots\n![screen2.png](///raw/cf3/3/z/3d4c.png)\n![screen3.png](///raw/cf3/3/z/3d4d.png)\n_____________________________________________\n\n## Controls:\n\n### Player 1\n- A/D - Move\n- J - Swing bat\n- K - Jump\n\n### Player 2\n- Arrows left/right - Move\n- Numpad 1 - Swing bat\n- Numpad 2 - Jump\n\n_____________________________________________\n\n## Credits:\n\n- Programming - M. Kresic (@fanatrick)\n\n- Pixel art - A. Jurisa (@lazyasteroid)\n\n- Composer - S. Ujhazi (@sylex)\n\n_____________________________________________\n\n# LINKS\n\n- Normal version\nhttps://drive.google.com/file/d/0B2JbBXRpm3J9TXpOclNxOUdnQ2c/view?usp=sharing\n\n- Safe build (if other one crashes for any reason)\nhttps://drive.google.com/file/d/0B2JbBXRpm3J9MGFqUGVYUjYzODA/view?usp=sharing\n\n","path":"/events/ludum-dare/38/batter-bros","parents":[1,5,9,9405],"meta":{"grade-07-out":"1","cover":"///content/cf3/3/z/3d4e.png"},"link":{"author":[13308,13305,27614]},"love":0,"notes":14,"notes-timestamp":"2017-05-04T09:33:40Z"}]}