{"status":200,"caller_id":0,"cached":[],"node":[{"id":15802,"parent":9405,"superparent":9,"author":14715,"type":"item","subtype":"game","subsubtype":"jam","published":"2017-04-24T23:41:08Z","created":"2017-04-21T21:11:53Z","modified":"2017-04-24T23:41:34Z","version":56699,"slug":"small-pet-tycoon","name":"Small Pet Tycoon","body":"![Icon.png](///raw/b79/3/z/1aef.png)\n\n\n\nBuy, Breed, and Sell small pets from little fishies, to creepy crawly lizards. Start in your bedroom with only a couple storage spaces, and expand bigger and better whilst managing your expenses, supplies, and well-being of your little buddies!\n\n Lots of missing features sadly, and several bugs. There is also a lot of missing user prompts such as notifications for illegal actions such as attempting to add an incorrect item to something, or insufficient funds.\n\n## Links\n* **Game Download:** https://neokuro.itch.io/small-pets-tycoon\n* **Source Code:** https://github.com/NeoKuro/LD38_SmallPetTycoon","path":"/events/ludum-dare/38/small-pet-tycoon","parents":[1,5,9,9405],"meta":[],"link":{"author":[14715]},"love":0,"notes":0}]}