{"status":200,"caller_id":0,"cached":[],"node":[{"id":15252,"parent":9405,"superparent":9,"author":810,"type":"item","subtype":"game","subsubtype":"compo","published":"2017-04-23T20:56:02Z","created":"2017-04-21T20:39:41Z","modified":"2017-04-24T06:01:31Z","version":47547,"slug":"escape-the-world","name":"Escape the World","body":"[Screenshot](http://david-rieck.net/ld38/ScreenShot1.png)\n\nOur world has become to small :wink:, help mankind to reach new territory.\n\nSelect careful which ships to build (Miner or Transport), resources are limited.\n\n**Miner** - can be used to mine energy blobs, can transfer energy to earth or other ships\n\n**Transport** - decreases world population, can escape into space.\n\n\n**Left Mouse for selecting units **\n\n**Right Mouse for moving units or transfer energy to other ships (only with miner)**\n\n**Escape - Pause Game**\n\n[Web (Unity)](http://david-rieck.net/ld38/)\n\n[Windows](http://david-rieck.net/ld38/EscapeTheWorld-LD38.zip)\n\n[macOS](http://david-rieck.net/ld38/EscapeTheWorld-LD38.app.zip)\n\n[Source zip](http://david-rieck.net/ld38/Source.zip)","path":"/events/ludum-dare/38/escape-the-world","parents":[1,5,9,9405],"meta":[],"link":{"author":[810]},"love":0,"notes":2,"notes-timestamp":"2017-05-02T05:08:41Z"}]}