{"status":200,"caller_id":0,"cached":[],"node":[{"id":15311,"parent":9405,"superparent":9,"author":242,"type":"item","subtype":"game","subsubtype":"jam","published":"2017-04-25T00:58:42Z","created":"2017-04-21T20:43:02Z","modified":"2017-04-25T00:58:42Z","version":59149,"slug":"obelisk","name":"Obelisk","body":"![Title.png](///raw/e7c/3/z/182c.png)\n![TestTitle.png](///raw/e7c/3/z/1842.png)\nObelisk is a puzzle game that is built up from 9 chunks. \n\nChunks have bridges that drop down when they align with each other. Two lit chunks can be swapped with each other. Some of them are linked together with connectors and can be rotated from a distance. Some have walls that divide the chunk into two parts. Sometimes you're joined by a partner and you have to get through the level together. \n\nYour objective is to get everyone to the shrine. Some levels have multiple solutions so how you get there is up to you!\n\n\n\n## link \nhttps://orcolom.itch.io/obelisk\n\n\n![UnderBorder.png](///raw/e7c/3/z/182f.png)\n![SpawninGif.gif](///raw/e7c/3/z/188f.gif)\n\n![Controls.png](///raw/e7c/3/z/1864.png)\n- W A S D to move\n- Q and E to rotate the senders / connectors\n- Tab to switch character\n\n\n## link \nhttps://orcolom.itch.io/obelisk\n\n\n![UnderBorder.png](///raw/e7c/3/z/182f.png)\n![Chars.gif](///raw/e7c/3/z/190a.gif)\n\n![About us.png](///raw/e7c/3/z/1908.png)\nWe're 3 students, 2 of us entering for the first time and 1 who has done it once before.\n\n@Orcolom: [Twitter](https://twitter.com/Orcolom) Programmer\n\n@Stroeckx: [Twitter](https://twitter.com/stroeckxie) Programmer\n\n@sooi: [Twitter](https://twitter.com/SooiCC) Art, music\n\n![UnderBorder.png](///raw/e7c/3/z/190b.png)\n\n\n\n## link \nhttps://orcolom.itch.io/obelisk\n","path":"/events/ludum-dare/38/obelisk","parents":[1,5,9,9405],"meta":{"cover":"///content/e7c/3/z/325e.jpg"},"link":{"author":[242,15486,20851]},"love":0,"notes":10,"notes-timestamp":"2017-05-03T15:06:40Z"}]}