{"status":200,"caller_id":0,"cached":[],"node":[{"id":16610,"parent":9405,"superparent":9,"author":3980,"type":"item","subtype":"game","subsubtype":"jam","published":"2017-04-25T03:44:03Z","created":"2017-04-21T22:20:21Z","modified":"2017-05-02T02:27:01Z","version":75807,"slug":"a-small-world-in-a-big-universe","name":"A small World à la No Man's sky","body":"**Visit** planets by landing and then clicking on them\n\n**Trade** minerals for fuels\n\n**Find** your small world\n\nYou can play the game here :\nWindows executable : https://www.dropbox.com/s/c0ksue8r1r1nz1f/Windows.rar?dl=1\n\n![Ship.png](///raw/c8f/z/238e.png)\n![AMWLG2.png](///raw/c8f/z/2d34.png)\n\n\n**Controls:**\n```\nw/s : thrusters\n\na/d : rotate ship\n\nq/e : strafe left/right\n\nleft shift (hold) : thruster boost\n\nspace : full brake\n\nm : main menu (save, load, new game)\n\nmouse wheel up/down : zoom in / out\n\nleftClick on planet : enter planet when in range/landed\n\nright click : toggle camera ship follow\n\nmiddle click : drag the map\n\ne : when in range near ship to return into space\n```\n\n**Notes:**\n\nWhen you are on stuck on a planet, you can press SHIFT + W to give you extra boost, but it cost fuel.\n\nIf your ship spin out of control, use SPACE to stop the rotation.\n\nYour fuel (gas and oxygen) is ticking even if you are landed, so don't take too much time to admire the planets and hurry to find yours !\n\nThe shield protect you from when a missile hit the ship or if you hit the surface of a planet too fast. You then lose % of your shield. If the shield is down, then it’s your fuel that you are losing, and at fuel==0, you lose the game ;)\n\n\n**Dev notes/how it works/under the hood**\n\nThe planets are procedurally generated, it use about 100+ different planet textures, all monochrome, then use a material to add color. The minerals are also selected randomly and the particles systems are blinking with the corresponding mineral color (iron = red, gold = yellow, …)\n\n\nJust to give an idea of some of the attributes of a planet : \n```\nnew PlanetObject(planetName, pos2d, pos3d,width, height,mass,\n\nplanetTypeEnum,auraTransparency,planetColor,spriteIndex,timeRT,\n\nmineralA,mineralB,oddsPlanetObject, playerStartingPosition,\n\nplayerShipStartingPosition,gravityFPS,sunSize);\n```\n\n\n","path":"/events/ludum-dare/38/a-small-world-in-a-big-universe","parents":[1,5,9,9405],"meta":{"cover":"///content/c8f/z/32ce.png"},"link":{"author":[3980]},"love":0,"notes":23,"notes-timestamp":"2017-05-04T00:01:14Z"}]}