{"status":200,"caller_id":0,"cached":[],"node":[{"id":15355,"parent":9405,"superparent":9,"author":1833,"type":"item","subtype":"game","subsubtype":"jam","published":"2017-04-25T01:26:10Z","created":"2017-04-21T20:45:28Z","modified":"2017-04-25T11:04:36Z","version":65141,"slug":"world-factory","name":"World Factory","body":"![detail_one.png](///raw/927/z/253e.png)\n\nPlay the pseudo-god in a Multiverse. Create snow-globe sized planets out of base materials.\nEvolve life on them to sell them to potential buyers.\n\n## Play\n\n - **[web](https://neuromancer.sk/static/ld38/index.html)**\n - **[linux](https://neuromancer.sk/static/ld38/world_factory.tar.gz)**\n - **[windows](https://neuromancer.sk/static/ld38/world_factory.zip)**\n - **[source](https://neuromancer.sk/git/ld38.git)**\n\n","path":"/events/ludum-dare/38/world-factory","parents":[1,5,9,9405],"meta":[],"link":{"author":[1833]},"love":0,"notes":2,"notes-timestamp":"2017-05-03T17:41:36Z"}]}