{"status":200,"caller_id":0,"cached":[],"node":[{"id":15839,"parent":9405,"superparent":9,"author":13561,"type":"item","subtype":"game","subsubtype":"jam","published":"2017-04-25T01:29:08Z","created":"2017-04-21T21:14:28Z","modified":"2017-05-01T17:46:49Z","version":74895,"slug":"naziverse-1","name":"Naziverse","body":"\nOur first game on Ludum Dare (Ludum Dare 38): Naziverse. **Nazis create a \"Small World\" to conquer Earth. You must avoid the Nazi attack!**.\n\n\n![preview.png](///raw/9f4/3/z/1dbc.png)\n\n![preview2.png](///raw/9f4/3/z/1e02.png)\n\n\n## LINKS\n* Game on itch.io: https://furacin.itch.io/naziverse\n* Source: https://github.com/Furacin/Naziverse\n\n## CONTROLS\n\n* MOVE LEFT/RIGHT: LEFT KEY/RIGHT KEY\n* JUMP: UP KEY\n* SHOOT: SPACE\n* CROUCH ON THE GROUND: DOWN KEY\n\n## Developers\nProgramming and Game Design: [Furacin](https://twitter.com/Pomada_feliz)\n\nGraphics Designer: [Niiyura](https://twitter.com/niiyura_2)\n\n-----------------------------------------------------------------------\n\nAll grapchics and source code has been created by us since the beginning.\nSounds effects have been created by @frank\nMusics in background have been obtained in https://opengameart.org by CodeManu, celestialghost8 and Doppelganger.\n","path":"/events/ludum-dare/38/naziverse-1","parents":[1,5,9,9405],"meta":{"cover":"///content/9f4/3/z/3b36.png"},"link":{"author":[13561,13852]},"love":0,"notes":34,"notes-timestamp":"2017-05-03T12:42:34Z"}]}