{"status":200,"caller_id":0,"cached":[],"node":[{"id":15478,"parent":9405,"superparent":9,"author":8849,"type":"item","subtype":"game","subsubtype":"jam","published":"2017-04-24T20:36:16Z","created":"2017-04-21T20:52:58Z","modified":"2017-04-25T15:34:51Z","version":65885,"slug":"outer-reach","name":"Outer Reach - LD38","body":"![screenshot1492978846.jpg](///raw/192/2/z/15a4.jpg)\n![screenshot1492978883.jpg](///raw/192/2/z/15a5.jpg)\n![Ark Dialog Photo 4.jpg](///raw/192/2/z/15a7.jpg)\n\n**Outer Reach**\nA slightly different take on the theme than most, we felt small world could mean loneliness.\nThe game is about a character embarks on a journey with most of humanity to venture from a dying Earth to find a new home for humanity, when disaster strikes and everything changes.\nIt might not be much. But this was my first Jam. And we are pleased with the product.\n\n**LINKS**\n\n**Download** https://sandman1294.itch.io/outer-reach\n\n**Source Code** https://bitbucket.org/LeipfertComputingGameStudios/ld38","path":"/events/ludum-dare/38/outer-reach","parents":[1,5,9,9405],"meta":[],"link":{"author":[8849]},"love":0,"notes":0}]}