{"status":200,"caller_id":0,"cached":[],"node":[{"id":15442,"parent":9405,"superparent":9,"author":9807,"type":"item","subtype":"game","subsubtype":"compo","published":"2017-04-23T22:00:58Z","created":"2017-04-21T20:51:09Z","modified":"2017-04-26T09:35:57Z","version":67863,"slug":"arindama","name":"Arindama","body":"![gif_9.gif](///raw/f46/2/z/6da.gif)\n\n**Arindama** is a Minecraft-esque platformer game. Pickup objects and craft them to create new ones, and complete the quests, or simply make something you like, it's up to you.\n\n---\n\n**Controls**:\n\n- A: Jump & double-jump.\n- S: Pickup & drop object/terrain.\n- Hold S: Craft (if the cursor is on top of another object/terrain).\n- Q: See quests.\n- Up: Look up.\n- Down: Look down.\n- Esc: Return to the menu.\n\n---\n\n\n## - **PLAY IN BROWSER:** https://daz.itch.io/arindama\n## - **WINDOWS:** https://daz.itch.io/arindama/purchase\n## - **SOURCE CODE:** http://bit.ly/2pUvKeX\n## - **GAMEJOLT:** http://daz.gamejolt.io/arindama\n\n---\n\n![gif_7.gif](///raw/f46/2/z/6f7.gif)\n\n![gif_6.gif](///raw/f46/2/z/6f8.gif)","path":"/events/ludum-dare/38/arindama","parents":[1,5,9,9405],"meta":{"cover":"///content/f46/2/z/38a6.png","grade-07-out":"1"},"link":{"author":[9807]},"love":0,"notes":11,"notes-timestamp":"2017-05-04T07:52:59Z"}]}