{"status":200,"caller_id":0,"cached":[],"node":[{"id":15843,"parent":9405,"superparent":9,"author":655,"type":"item","subtype":"game","subsubtype":"jam","published":"2017-04-24T21:40:58Z","created":"2017-04-21T21:15:09Z","modified":"2017-04-29T09:21:49Z","version":71213,"slug":"fancy-meeting-you-here-1","name":"Fancy meeting you here","body":"**Linux / Windows / Mac** [Play _Fancy meeting you here_]( https://local_minimum.itch.io/fancy-meeting-you-here-downloads)\n\n**WebGL, Unity:** [Play _Fancy meeting you here_](https://local_minimum.itch.io/fancy-meeting-you-here)\n\n![progress3.gif](///raw/f82/z/160b.gif)\n\nOur game is about trying to keep conversations alive with people you'd rather not have to talk to, while trying to get away from the same people.\n\nI don't know how comments will work but I will try my best to comment back on games and I try to give good feedback.\n\n## Mini-game instructions\n\nIn each mini-game you have three outcome types: `Silent Response`, `Say something they like`, `Say something they don't like`. As long as you keep talking about things they like, you are not failing at the conversation. \n\n**Tip:** You can click on their icon or name in the dialogue scene if you need a reminder about their preferences.\n\n\n### Space-mouth\n\nUse `WASD` or arrows to fly the mouth and collide with ball.\n\n* `Up` / `Down` gives thrust forwards backwards (right / left according to initial orientation)\n* `Left` / `Right` gives rotational thrust.\n\n### Word-burp\n\nUse mouse to `click on balls` you don't want to say before they leave your body.\n\n### Hand-over-mouth\n\n`A`/`D` or `Left`/`Right` to block balls you don't want to speak from hitting your mouths.\n\n\n## Links\n**Linux / Windows / Mac** [Play _Fancy meeting you here_]( https://local_minimum.itch.io/fancy-meeting-you-here-downloads)\n\n**WebGL, Unity:** [Play _Fancy meeting you here_](https://local_minimum.itch.io/fancy-meeting-you-here)\n\n**Source** [On GitHub](https://github.com/local-minimum/LD38-Small-World)","path":"/events/ludum-dare/38/fancy-meeting-you-here-1","parents":[1,5,9,9405],"meta":{"cover":"///content/e23/2/z/329e.png"},"link":{"author":[655,9006,4038]},"love":0,"notes":34,"notes-timestamp":"2017-05-04T02:15:52Z"}]}