{"status":200,"caller_id":0,"cached":[],"node":[{"id":15976,"parent":9405,"superparent":9,"author":9158,"type":"item","subtype":"game","subsubtype":"jam","published":"2017-04-24T15:32:49Z","created":"2017-04-21T21:24:57Z","modified":"2017-04-25T20:43:15Z","version":66729,"slug":"troubles-on-colony-39","name":"Troubles on Colony 39","body":"![poster.png](///raw/6c3/2/z/16c9.png)\n\nStory game which takes place on Colony 39. No shooting, no collecting anything... just chill and enjoy story\n\n\n**game link (browser game): https://stadoblech.itch.io/troubles-on-colony-39**","path":"/events/ludum-dare/38/troubles-on-colony-39","parents":[1,5,9,9405],"meta":{"cover":"///content/6c3/2/z/3cea.png"},"link":{"author":[9158]},"love":0,"notes":6,"notes-timestamp":"2017-05-04T01:08:21Z"}]}