{"status":200,"caller_id":0,"cached":[],"node":[{"id":16238,"parent":9405,"superparent":9,"author":487,"type":"item","subtype":"game","subsubtype":"jam","published":"2017-04-24T14:43:16Z","created":"2017-04-21T21:49:23Z","modified":"2017-05-01T15:48:48Z","version":74611,"slug":"deans-world","name":"Dean's World","body":"## Downloads\n  * Gamejolt (windows, mac): http://gamejolt.com/games/DeansWorldS/252017 \n  * Itch.io (windows, mac): https://runvs.itch.io/deans-world\n  * Source code: https://github.com/runvs/2017-04-21_LD38\n\n\n## Screenshots\n![screeny_new.png](///raw/7e1/z/1765.png)\n\n![screeny_new2.png](///raw/7e1/z/1766.png)\n\n## Description\n\nYou crashed down on a foreign planet and have to survive in a friendly environment.\nYou need to watch on your fatigue, hunger and warmth levels. If they go down to zero, you die!\n\nTo improve your chance of survival, you can gather resources and use them to craft useful items.\nLuckily you coulda salvage a few spare parts from your escape pod and build a small workbench. Finally you can craft your own spaceship and leave the planet.\n\n## Controls\n\n  * Arrows or WASD to move\n  * X to interact\n  * F to open Inventory\n  * In the inventory there is one special slot. The item in there can be used.\n  * Put your pickaxe or something to eat there!\n  * Craft at the Escape Pod (interact close to Escape Pod)\n\n\n---\n\n## Guide (*Spoiler Alert*)\n\n  * At first equip the pickaxe. \n  * You want to look for some shrubs or bushes. They can drop either berries or fiber. \n  * You can eat the berries if Dean is hungry. \n  * Four berries can create a pie, which restores more hunger. \n  * The fiber can be made to cloth, which is used for a tent. (together with 2 woodensticks)\n  * Create a Fire from stone and Woodensticks.\n  * Pick some Stones to create an oven\n  * Pick more stones, to get some ores and coal.\n  * Melt the ores in the oven\n  * Melt the ores to an alloy \n  * Use the alloy to produce a spaceship.\n\n\n![0_recipe_fabric.png](///raw/7e1/z/1250.png)\n![0_recipe_woodensticks.png](///raw/7e1/z/1251.png)\n\n![1_recipe_pie.png](///raw/7e1/z/124d.png)\n![1_recipe_fire.png](///raw/7e1/z/124f.png)\n![1_recipe_tent.png](///raw/7e1/z/1253.png)\n\n![2_recipe_stonePickaxe.png](///raw/7e1/z/1254.png)\n![2_recipe_oven.png](///raw/7e1/z/1255.png)\n\n![3_recipe_copperPlate.png](///raw/7e1/z/1256.png)\n![3_recipe_ironplate.png](///raw/7e1/z/1257.png)\n\n![4_recipe_ironPickaxe.png](///raw/7e1/z/1258.png)\n\n![5_recipe_alloy.png](///raw/7e1/z/1259.png)\n![5_recipe_SpaceShip.png](///raw/7e1/z/125a.png)\n","path":"/events/ludum-dare/38/deans-world","parents":[1,5,9,9405],"meta":{"grade-06-out":"1","cover":"///content/7e1/z/3467.png"},"link":{"author":[487,7311,11203]},"love":0,"notes":4,"notes-timestamp":"2017-05-02T19:16:18Z"}]}