{"status":200,"caller_id":0,"cached":[],"node":[{"id":15824,"parent":9405,"superparent":9,"author":11012,"type":"item","subtype":"game","subsubtype":"jam","published":"2017-04-24T20:07:39Z","created":"2017-04-21T21:13:23Z","modified":"2017-04-24T20:07:39Z","version":52562,"slug":"the-grand-toy-rescue","name":"The Grand Toy Rescue","body":"![screenshot.PNG](///raw/40b/2/z/1599.png)\n\n**ABOUT**  \nOh no!  \nIt seems Tim's parents have taken away his toys. As his favorite plush, you know he could never deserve such tragedy! Fortunately, you were able to escape the clutches of his folks.  \nIt is up to you to save the day!\n\n**DOWNLOAD**  \nWindows: https://tinyurl.com/ka6s8g7\n\n**TOOLS**  \nUnity as the engine  \nBfxr for sound effects  \nPhotoshop CS5 and Paint.NET for graphics  \n\n**Opt-Outs**  \nAudio","path":"/events/ludum-dare/38/the-grand-toy-rescue","parents":[1,5,9,9405],"meta":[],"link":{"author":[11012,15524]},"love":0,"notes":0}]}