{"status":200,"caller_id":0,"cached":[],"node":[{"id":16398,"parent":9405,"superparent":9,"author":9748,"type":"item","subtype":"game","subsubtype":"compo","published":"2017-04-24T00:58:34Z","created":"2017-04-21T22:02:44Z","modified":"2017-05-01T04:23:27Z","version":72906,"slug":"snail-racing","name":"Snail Racing","body":"**Snail Racing** is a LD COMPO submission. An action discovery game where you slide all over small, peculiar, worlds. \n\n![screenShot1.PNG](///raw/416/2/z/b82.png)\n\n![screenShot2.PNG](///raw/416/2/z/b83.png)\n\n![screenShot4.PNG](///raw/416/2/z/b87.png)\n\n**Can be played here:** https://whatfruit.itch.io/snail-racing \n\nSource Code Here (Might be reformatting this as I've never used gitHub before): https://github.com/whatFruit/snailRaceLD38Source\n\nEdit: Saw most people had zipped their entire project for the source, so here is mine! https://www.dropbox.com/s/xs81yj1bqg5c5um/snailRace.zip?dl=0","path":"/events/ludum-dare/38/snail-racing","parents":[1,5,9,9405],"meta":{"cover":"///content/416/2/z/378f.png"},"link":{"author":[9748]},"love":0,"notes":1,"notes-timestamp":"2017-04-24T04:21:44Z"}]}