{"status":200,"caller_id":0,"cached":[],"node":[{"id":16202,"parent":9405,"superparent":9,"author":1378,"type":"item","subtype":"game","subsubtype":"jam","published":"2017-04-25T00:49:11Z","created":"2017-04-21T21:46:28Z","modified":"2017-04-25T11:27:34Z","version":65199,"slug":"patronum","name":"Patronum","body":"# Patronum!\n\nTry to survive as long as you can by moving around this small world!\nBlock will try to crush you. You should gather power ups around.\n\n# How to get the game:\n\nDownload the game here on itch.io: https://nekolas.itch.io/ludum-dare-38 :)\n\n\nMade in 72 hours by nek0las (@nek0las) and inagun.\n\n## Changelog\n- 1.0.1: Fix collision issues when restarting the game","path":"/events/ludum-dare/38/patronum","parents":[1,5,9,9405],"meta":{"grade-07-out":"1","cover":"///content/265/z/3db4.png"},"link":{"author":[1378]},"love":0,"notes":1,"notes-timestamp":"2017-05-03T09:46:16Z"}]}