{"status":200,"caller_id":0,"cached":[],"node":[{"id":16450,"parent":9405,"superparent":9,"author":1628,"type":"item","subtype":"game","subsubtype":"jam","published":"2017-04-25T02:21:52Z","created":"2017-04-21T22:06:25Z","modified":"2017-05-03T15:54:17Z","version":77862,"slug":"flovala","name":"Flovala","body":"G'day, this is the first group entry by @Larzan and @Foya.\n\nAudio was made by the internet and the music by [\"Circus Marcus - La tapa del jueves\"](https://circusmarcus.bandcamp.com/track/la-tapa-del-jueves-2) (for which the author kindly granted permission), so obviously we opt out of the acoustic category.\n\nAll the gfx and code were created during the time of the Jam, we didn't use any previously existing assets (not counting the [Phaser](https://phaser.io/) JavaScript library).\n\n:warning:**note** on tuesday i fixed two things in the code, the *idle animations would stop* once an action animation had been played (this incidentally also fixed the bigger nutrients not using the right image), and the *black sprites orientation* wasn't in the swimming direction. As i understand it those minor fixes are allowed within the rules, if you do not agree with that you can still find the original code with those bugs here: http://spielwiese.ermert.es/LD38/index_orig.html\n\n## Description\nYou are the just reborn being Flovala, trying to find your way in your :ear_of_rice:beautiful:herb: suroundings which harbour less beautiful things:fish:. Explore the world, look for nourishment where you can find it, to live is to survive is to eat, only the good die young, so don't:dromedary_camel:.\n\n## Controls\nJust cursor keys.\n\n## Voting category opt-out\n- Audio\n- Music\n\n## Links\nThere are WebGL and Canvas versions for both, the Compo and the PostCompo versions, as some people had speed problems with the WebGL version, so feel free to switch whenever you experience lag (the links are at the top of the screen when you are playing)\n\n#### Compo - HTML5 (Phaser)\n\n:earth_africa: WebGL : http://spielwiese.ermert.es/LD38/\n\n:earth_africa: Canvas : http://spielwiese.ermert.es/LD38/canvas.html\n\n#### PostCompo - HTML5 (Phaser)\n- Fixes to gfx and playability\n- three different difficulty settings\n- restart current Level (not just from the beginning)\n- a smoother and nicer experience overall\n\n:cake: WebGL : http://spielwiese.ermert.es/LD38/post_compo/\n\n:cake: Canvas : http://spielwiese.ermert.es/LD38/post_compo/canvas.html\n\n#### More Music\n:headphones: by [Circus Marcus](https://circusmarcus.bandcamp.com)\n\n## Images\n\n[![Splashscreen_Title_Finalb.png](///raw/c56/z/3ca7.png)](http://spielwiese.ermert.es/LD38/)\n\n[![Screenshot1.png](///raw/831/3/z/288d.png)](http://spielwiese.ermert.es/LD38/)\n\n[![Screenshot2.png](///raw/831/3/z/288e.png)](http://spielwiese.ermert.es/LD38/)\n\n[![FinalPicture_Preview.png](///raw/831/3/z/2899.png)](http://spielwiese.ermert.es/LD38/)\n","path":"/events/ludum-dare/38/flovala","parents":[1,5,9,9405],"meta":{"grade-06-out":"1","cover":"///content/c56/z/36dd.jpg"},"link":{"author":[1628,12600]},"love":0,"notes":36,"notes-timestamp":"2017-05-04T03:05:12Z"}]}