{"status":200,"caller_id":0,"cached":[],"node":[{"id":16705,"parent":9405,"superparent":9,"author":10647,"type":"item","subtype":"game","subsubtype":"jam","published":"2017-04-25T02:07:19Z","created":"2017-04-21T22:27:37Z","modified":"2017-04-27T03:23:44Z","version":69005,"slug":"puchi-pooches","name":"Puchi Pooches","body":"![2017-04-24 1911 - FINAL.gif](///raw/799/2/z/23e9.gif)\n\n#### Download \n\n[itch.io (Windows + macOS + Linux)](https://shru.itch.io/puchi-pooches)\n\n#### Story\n\nYou are Solomin, the sole living survivor of an ancient canine race. Armed with your trusty「many bombs」, it's up to you to defeat the alien menace. Buckle up and get ready to blast your way through several or a few exciting levels in this single player action video game!\n\n#### Gamepad Controls (Recommended):\n\n- Movement: Left Analog\n- Aim Bombs: Right Analog\n- Throw Bomb: R2 or L2 (Hold for more range)\n- Jetpack: Cross or R1 or L1\n\n#### Keyboard Controls:\n\n- Movement: WASD\n- Aim Bombs: Mouse\n- Throw Bombs: Left Click (Hold for more range)\n- Jetpack: Spacebar\n\n#### Miscellaneous Controls:\n- Toggle Fullscreen: F\n- Change Window Size: + or -\n- Quit: Escape\n\n","path":"/events/ludum-dare/38/puchi-pooches","parents":[1,5,9,9405],"meta":[],"link":{"author":[10647]},"love":0,"notes":11,"notes-timestamp":"2017-05-04T03:03:46Z"}]}