{"status":200,"caller_id":0,"cached":[],"node":[{"id":15892,"parent":9405,"superparent":9,"author":1982,"type":"item","subtype":"game","subsubtype":"compo","published":"2017-04-24T00:46:20Z","created":"2017-04-21T21:18:49Z","modified":"2017-05-01T18:24:13Z","version":74969,"slug":"an-adventurers-exodus","name":"An Adventurer's Exodus","body":"![TitleImage.png](///content/eb7/z/3307.png)  \n## About\nThis is a turnbased tactical RPG with skillcards and hextiles.\n\n### Controls\nThe game is mostly mousedriven, but WASD can be used to move the camera. Additionally during battles TAB toggles the skillcard panel. On standalone builds Alt+F4 is used to exit the game.\n\n### Used Software\nUnity (and their new postprocessing), Gimp, Audacity, Blender, Paint.net and Visual Studio.\n\n### Edits\nA bug preventing the final battle from starting has been fixed.\n\n## Links \n[Windows version](https://github.com/Aggrathon/LudumDare38/releases/download/v1.0.1/An_Adventurers_Exodus_LD38_Aggrathon_WIN.zip)  \n[Linux version](https://github.com/Aggrathon/LudumDare38/releases/download/v1.0.1/An_Adventurers_Exodus_LD38_Aggrathon_LIN.zip)  \n[Mac version](https://github.com/Aggrathon/LudumDare38/releases/download/v1.0.1/An_Adventurers_Exodus_LD38_Aggrathon_Mac.zip)  \n[Web version](https://aggrathon.github.io/LudumDare38/)\n  \n[Source](https://github.com/Aggrathon/LudumDare38)\n\n\n## Screenshots\n![Screenshot3.png](///raw/eb7/z/10db.png)\n![Screenshot2.png](///raw/eb7/z/10d9.png)","path":"/events/ludum-dare/38/an-adventurers-exodus","parents":[1,5,9,9405],"meta":{"cover":"///content/eb7/z/3307.png"},"link":{"author":[1982]},"love":0,"notes":10,"notes-timestamp":"2017-05-03T01:42:16Z"}]}