{"status":200,"caller_id":0,"cached":[],"node":[{"id":16678,"parent":9405,"superparent":9,"author":14506,"type":"item","subtype":"game","subsubtype":"jam","published":"2017-04-24T22:50:18Z","created":"2017-04-21T22:26:07Z","modified":"2017-04-25T09:32:41Z","version":64883,"slug":"mission-delta-8x34","name":"Mission Delta-8x34","body":"![header.png](///raw/aa8/3/z/1948.png)\n\nYou are landed on the micro planet \"Delta-8X34\".\nYour mission: Find and repair a broken antenna for military purposes.\n\nThis was once an old military base. After the war of the chicken, this base\nwas empty but since 4 days the contact to an observation antenna is lost.\n\n\n__Link__: [http://gamejolt.com/games/mission-delta8x34/252040](http://gamejolt.com/games/mission-delta8x34/252040)     \n__Sourcecode__: [https://github.com/jkniest/LD38/](https://github.com/jkniest/LD38/)","path":"/events/ludum-dare/38/mission-delta-8x34","parents":[1,5,9,9405],"meta":{"grade-06-out":"1","cover":"///content/aa8/3/z/3373.png"},"link":{"author":[14506,11904]},"love":0,"notes":0}]}