{"status":200,"caller_id":0,"cached":[],"node":[{"id":15726,"parent":9405,"superparent":9,"author":13970,"type":"item","subtype":"game","subsubtype":"jam","published":"2017-04-24T19:37:31Z","created":"2017-04-21T21:07:28Z","modified":"2017-04-24T22:41:59Z","version":55297,"slug":"dreadline-gate-the-impossible-maze","name":"Dreadline Gate (The Impossible Maze)","body":"**Dreadline Gate**\nIs a single player game with endless levels. The point of the game is to collect 3 stars and one present and bring them to the end gate to beat the level. Level 1 is where you have no mobs including and as the level increase the mob count increase. \n\n* **GAMEPLAY:** https://github.com/Tech305/ludumdare38/tree/master/Builds\n\n#Links\n* **SITE:** https://sprinunna.com\n* **TWITTER:** https://twitter.com/sinpai_ent\n* **TWITCH: ** https://www.twitch.tv/sinpai2017\n* **SOURCE CODE:** https://github.com/Tech305/ludumdare38","path":"/events/ludum-dare/38/dreadline-gate-the-impossible-maze","parents":[1,5,9,9405],"meta":[],"link":{"author":[13970]},"love":0,"notes":0}]}