{"status":200,"caller_id":0,"cached":[],"node":[{"id":16391,"parent":9405,"superparent":9,"author":9862,"type":"item","subtype":"game","subsubtype":"jam","published":"2017-04-24T00:02:30Z","created":"2017-04-21T22:02:08Z","modified":"2017-04-24T00:02:30Z","version":41571,"slug":"battle-for-the-soviet-onion","name":"Battle for the Soviet Onion","body":"Link: https://randoman38.itch.io/battle-for-the-soviet-onion\n\nDesc:\n\nMy friend and I have finished our new (and first) game. Somehow, the continents of the old and new world have suddenly collided, pushing the United Grapes of America right next to her greatest enemy, the Soviet Onion. Under the command of your great leader, Josef Onion, you are sent to eliminate rival leader Franklin Beetroot-sevelt and his agents in Moscow.You are given special abilities through the power of the Soviet Onions. Enjoy your quest to fight for honor and restore glory to the Soviet Onion.\n\n![Shot2.png](///raw/686/2/z/98e.png)\n![Shot4.png](///raw/686/2/z/98f.png)\n![Shot5.png](///raw/686/2/z/988.png)\n![Shot3.png](///raw/686/2/z/990.png)","path":"/events/ludum-dare/38/battle-for-the-soviet-onion","parents":[1,5,9,9405],"meta":{"cover":"///content/686/2/z/3cec.png"},"link":{"author":[9862]},"love":0,"notes":0}]}