{"status":200,"caller_id":0,"cached":[],"node":[{"id":15271,"parent":9405,"superparent":9,"author":13156,"type":"item","subtype":"game","subsubtype":"compo","published":"2017-04-24T01:08:09Z","created":"2017-04-21T20:40:46Z","modified":"2017-05-03T08:02:44Z","version":77551,"slug":"its-square-to-be-a-cube","name":"It's square to be a cube","body":"My first entry to Ludum dare, got stuck on some collision thing and mechanics way too long, next time I will lower my goals quite a bit or/and use some premade engine.\n\nAnyway, its made in good ol' HTML & JavaScript - drawing using a Canvas and all that good stuff. Tried to make it somewhat responsive so you could play fullscreen with F11 if you'd like. I used requireJS just o ease the work of loading different JS files on the fly, and some jQuery is thrown in for good measure. Oh, and not to forget - SFXR for the sound.\n\nEDIT:\nAfter reading the rules I realized some bugfixes are allowed with a changelog highlighting changes, wish I realized this right after so everyone didn't have to play with the broken collision.\n\nChangelog:\n- V1.1 Fixed collision a bit, not perfect but removed alot of wierd sticking to corners.\n\nYou can play here: [GAME LINK](https://pontus-persson.github.io/ld38/)\n\nPS. If you are interested you can press Insert/Delete to toggle debug mode that basically shows performance (top left is ms between logic updates, and top right is ms between rendering updates) and some debugging lines and stuff I needed when I was trying to figure out collision that kinda made a pretty sweet effect.\n\n![example.png](///raw/463/3/z/709.png)\n\nHere's the source: [Source](https://github.com/pontus-persson/ld38/)\n\n","path":"/events/ludum-dare/38/its-square-to-be-a-cube","parents":[1,5,9,9405],"meta":{"cover":"///content/463/3/z/3169.png"},"link":{"author":[13156]},"love":0,"notes":33,"notes-timestamp":"2017-05-04T08:40:32Z"}]}