{"status":200,"caller_id":0,"cached":[],"node":[{"id":16539,"parent":9405,"superparent":9,"author":3423,"type":"item","subtype":"game","subsubtype":"compo","published":"2017-04-23T21:30:04Z","created":"2017-04-21T22:13:04Z","modified":"2017-04-23T21:30:04Z","version":38713,"slug":"collision-free","name":"Collision Free","body":"![collision_free_menu.png](///raw/f5d/z/482.png)    \n![collision_free_game.png](///raw/f5d/z/483.png)\n\n**Collision Free**    \nDefend the small world from the terrors of space.\n\nControls:    \nAD, <-- -->, Left and right DPAD, left stick to move    \nW, Up arrow, Space, Up Dpad, X (A) to shoot     \nEsc or start to pause.        \n\nMade with:    \nGodot: http://www.godotengine.org/   \nPinta: http://pinta-project.com/pintaproject/pinta/   \nPyxel Edit: http://pyxeledit.com/     \nBFXR: http://www.bfxr.net/   \nAudacticy: http://www.audacityteam.org/   \nBeepbox: http://www.beepbox.co/  \n\nNotes:  \nKept the scope small enough so I had time for polish. For next time I want to spend some time making the music match the game.\n\nOnly tested windows and Linux builds!     \n    \n**Downloads**     \n[Linux 32 bit](https://github.com/Paulb23/ludum_dare_38/releases/download/1.0/collision_free_linux_32bit)    \n[Linux 64 bit](https://github.com/Paulb23/ludum_dare_38/releases/download/1.0/collision_free_linux_64bit)    \n[Windows 32 bit](https://github.com/Paulb23/ludum_dare_38/releases/download/1.0/collision_free_windows_32_bit.exe)    \n[Windows 64 bit](https://github.com/Paulb23/ludum_dare_38/releases/download/1.0/collision_free_windows_64_bit.exe)    \n[OS/X](https://github.com/Paulb23/ludum_dare_38/releases/download/1.0/collision_free_macos.zip)    \n[Source](https://github.com/Paulb23/ludum_dare_38)    ","path":"/events/ludum-dare/38/collision-free","parents":[1,5,9,9405],"meta":[],"link":{"author":[3423]},"love":0,"notes":1,"notes-timestamp":"2017-05-02T19:55:25Z"}]}