{"status":200,"caller_id":0,"cached":[],"node":[{"id":16614,"parent":9405,"superparent":9,"author":11995,"type":"item","subtype":"game","subsubtype":"jam","published":"2017-04-24T21:47:24Z","created":"2017-04-21T22:20:43Z","modified":"2017-05-01T02:33:21Z","version":72759,"slug":"planan","name":"Planan","body":"Help the Hero escape his little planet by collecting the resources that he needs in order to build his ship. Use A and D or the arrows to move around the planet and use W to teleport between planets. Now go escape to the big world!!!\n\n![Cover2.JPG](///raw/bde/2/z/179b.jpg)\n\nThis is our first Ludum Dare, we were able to complete everything with original code, sounds, music, and graphics. Not too shabby for a group of high school students.\n\nOur Group:\n@kingcon\n@woolley\n@kefo\n@dwall2000\n@ninjustin\n\nLinks\n\nDownload: https://ninjustin17.itch.io/planan\n\n          https://www.indiexpo.net/en/games/planan\n\nSource Code: https://github.com/wall-daniel/Planan\n\nEnjoy!\n\n","path":"/events/ludum-dare/38/planan","parents":[1,5,9,9405],"meta":{"cover":"///content/bde/2/z/37d9.jpg"},"link":{"author":[11995,17199,12839,12837,17661]},"love":0,"notes":4,"notes-timestamp":"2017-05-02T23:19:43Z"}]}