{"status":200,"caller_id":0,"cached":[],"node":[{"id":15624,"parent":9405,"superparent":9,"author":9544,"type":"item","subtype":"game","subsubtype":"compo","published":"2017-04-23T21:20:58Z","created":"2017-04-21T21:00:42Z","modified":"2017-04-23T21:37:55Z","version":38905,"slug":"comet-escape","name":"Comet Escape","body":"![ld-38 screenshot.png](///raw/845/2/z/63f.png)\n\n\nYou've been sent to investigate a strange signal by the comet-stranded Rosetta module, but something's wrong! Aliens swarm the comet and it's time for you to make your escape.\n\nYou can play the game at https://lukedev.itch.io/comet-escape-ld38\n\n\nIt's my first time participating in Ludum Dare, so I just aimed to make a simple platformer, and simple it ended up being -- not much more complicated than what I originally set out to make. It's been a rough 48 hours, but I learned plenty enough. Biggest regret was not having enough time/willpower to work on animations. That's definitely something that hurts. \n\n[Link to source code](https://drive.google.com/file/d/0B0xS24HE09nEV1RVOWh1MU82dTQ/view?usp=sharing)\n\nThanks for playing!","path":"/events/ludum-dare/38/comet-escape","parents":[1,5,9,9405],"meta":[],"link":{"author":[9544]},"love":0,"notes":3,"notes-timestamp":"2017-05-04T00:34:59Z"}]}