{"status":200,"caller_id":0,"cached":[],"node":[{"id":16392,"parent":9405,"superparent":9,"author":10937,"type":"item","subtype":"game","subsubtype":"jam","published":"2017-04-24T23:55:18Z","created":"2017-04-21T22:02:09Z","modified":"2017-04-28T11:08:15Z","version":70509,"slug":"bookolism","name":"Bookolism","body":"I made platformer game with UFO and small world of bookstore.\n\n//url: https://germanicus.itch.io/bookolism\n\nWindows/linux: https://www.dropbox.com/sh/u9ms0fb1oa3ndwt/AABfq8OZPw7O3siw2pdL48Gla?dl=0","path":"/events/ludum-dare/38/bookolism","parents":[1,5,9,9405],"meta":[],"link":{"author":[10937]},"love":0,"notes":0}]}