{"status":200,"caller_id":0,"cached":[],"node":[{"id":15903,"parent":9405,"superparent":9,"author":11237,"type":"item","subtype":"game","subsubtype":"compo","published":"2017-04-24T01:21:47Z","created":"2017-04-21T21:19:54Z","modified":"2017-04-24T21:21:56Z","version":53783,"slug":"planet-landlord","name":"Planet Landlord","body":"My first Jam! The game is pretty basic, but I enjoyed the experience. :smile: Hope you enjoy the programmer art!\n\nCreated with Unity. Code probably has some odd things here and there due to the rush.\n\n> Our galaxy's citizens have run most of our habitable planets to the ground! As one of the few remaining landlords in your sector, demand for rental properties has never been higher!\n\n> Time to raise the rent and start cashing in! Only one problem, not all of our citizens get along, but you'll work it out.\n\n- **Play: https://hampst.itch.io/planet-landlord **\n- **Source: https://github.com/hampst/LD38 **\n- My outdated website: http://www.kabotlab.com/\n\n![two.png](///raw/5eb/2/z/c3b.png)\n\n![two.png](///raw/5eb/2/z/172c.png)","path":"/events/ludum-dare/38/planet-landlord","parents":[1,5,9,9405],"meta":[],"link":{"author":[11237]},"love":0,"notes":7,"notes-timestamp":"2017-05-03T11:04:01Z"}]}