{"status":200,"caller_id":0,"cached":[],"node":[{"id":16605,"parent":9405,"superparent":9,"author":11158,"type":"item","subtype":"game","subsubtype":"jam","published":"2017-04-24T16:23:09Z","created":"2017-04-21T22:19:38Z","modified":"2017-04-24T17:43:09Z","version":51077,"slug":"rain-climber","name":"Rain Climber","body":"Colin the water sprite never did enjoy life inside his puddle. So, on a rainy day, he decided to explore as far as he could - upwards!\n\nClimb between raindrops by aiming leaps using the mouse or thumbstick. Double-jump powerups will give you a limited number of chances to correct your aim, if you can find them.\n\nDownload:\nhttps://katana314.itch.io/rain-climber\n\nGitHub:\nhttps://github.com/DrDoorknob/RainClimber\n\nTrailer:\nhttps://www.youtube.com/watch?v=9c1sRIm8Ytw\n\n# Voting Category Opt-outs\n\nMusic uses a combination of Creative Commons and other free-to-use licenses","path":"/events/ludum-dare/38/rain-climber","parents":[1,5,9,9405],"meta":[],"link":{"author":[11158,11578]},"love":0,"notes":1,"notes-timestamp":"2017-04-24T20:03:06Z"}]}