{"status":200,"caller_id":0,"cached":[],"node":[{"id":15668,"parent":9405,"superparent":9,"author":2413,"type":"item","subtype":"game","subsubtype":"compo","published":"2017-04-24T01:00:26Z","created":"2017-04-21T21:03:36Z","modified":"2017-04-25T12:27:53Z","version":65392,"slug":"dwarf-world","name":"Dwarf World","body":"![dw_header.png](///raw/d69/z/ba1.png)\n\nYou are an employee of the DwarfCo Mining Corporation. Your job is to extract all the gold from the mines you're sent to.\n\nThis is a turn based puzzle game. No need to be hectic. There are not many levels, but I think some of them are pretty hard.\n\n![dwpromo.gif](///raw/d69/z/c0c.gif)\n\nIf the movement speed is too slow for you, you can press F1 to double all animation speeds (warning, sounds are not adjusted, so don't complain about unsynchronized audio if you're playing in fast mode :smiling_imp:)\n\nOh, also, if a level is too hard, you can skip it. I'll post in the comments how to do it. So don't read them if you don't want to be spoilered.\n\n## Links\n\n- [Source](https://www.base13.de/ld38/ld38-rnlf-dwarfworld.love)\n- [LÖVE (Linux/OSX/Windows)](https://www.base13.de/ld38/ld38-rnlf-dwarfworld.love)\n- [Windows](https://www.base13.de/ld38/ld38-rnlf-dwarfworld-win32.zip)\n- [Web (HTML5)](https://www.base13.de/ld38/web)\n\n## Timelapse\n\nhttps://www.youtube.com/watch?v=2zAXkDPH1ec\n\n## Updates\n\n- Fixed a crash: When restarting a level, the game just crashed instead :poop:","path":"/events/ludum-dare/38/dwarf-world","parents":[1,5,9,9405],"meta":{"cover":"///content/d69/z/3188.png"},"link":{"author":[2413]},"love":0,"notes":22,"notes-timestamp":"2017-05-04T07:21:11Z"}]}