{"status":200,"caller_id":0,"cached":[],"node":[{"id":15488,"parent":9405,"superparent":9,"author":12080,"type":"item","subtype":"game","subsubtype":"jam","published":"2017-04-24T22:43:17Z","created":"2017-04-21T20:53:44Z","modified":"2017-05-01T14:14:31Z","version":74309,"slug":"penguin-deliveries","name":"Penguin Deliveries","body":"\n![pd-banner.jpg](///raw/03f/2/z/334a.jpg)\n\nPlay the web version here!:\nhttps://itch.io/embed-upload/455923\n\n![Penguin Deliveries 1.jpg](///raw/03f/2/z/198b.jpg)\n\nFrom a 30 minute brain storm in bed whilst contemplating how far two weeks of Unity lessons will get me, I've latched on to a variation of a concept I've been trying to implement to teach myself.\n\nEach level is a series of tiny planets, and you're piloting a delivery ship to deliver to one of the planets, with obstacles being spherical gravity, tiny houses, trees and unfortunately placed asteroids to beat each the par timer.\n\nThis is my first Ludum Dare and \"proper\" game, I hope you enjoy it as much as I did scrabbling around Unity documentation and learning so much in 48 hours!\n\n_Note: Sound and music are not my own. Attributes to:_\n- Sounds: https://www.freesound.org/\n- Music: http://freemusicarchive.org/music/BoxCat_Games/\n\n\n**Links:**\n\n- itch.io: https://nomaki.itch.io/penguin-deliveries\n- Twitter: https://twitter.com/Nomaki\n","path":"/events/ludum-dare/38/penguin-deliveries","parents":[1,5,9,9405],"meta":{"grade-06-out":"1","cover":"///content/03f/2/z/3340.png","grade-07-out":"1"},"link":{"author":[12080]},"love":0,"notes":4,"notes-timestamp":"2017-05-02T00:28:09Z"}]}