{"status":200,"caller_id":0,"cached":[],"node":[{"id":15783,"parent":9405,"superparent":9,"author":2480,"type":"item","subtype":"game","subsubtype":"jam","published":"2017-04-24T16:00:14Z","created":"2017-04-21T21:10:52Z","modified":"2017-05-03T17:51:39Z","version":77966,"slug":"world-of-memes","name":"World of Memes","body":"The game is about doors and memes. There is a small world of memes in your head, and you should get out of here!\n\n### Mouse to play\n### SHIFT to pass Intro\n# Images\n![scr1.png](///raw/0b9/z/2b18.png)\n![SCR2.png](///raw/0b9/z/2b19.png)\n![scr3.png](///raw/0b9/z/2b1a.png)\n![scr4.png](///raw/0b9/z/2b1b.png)\n# Links\n#### Rus: (https://drive.google.com/open?id=0B4r0QjoJEMmVQ2xDSWR3YllvdWM)\n#### Eng: (https://drive.google.com/open?id=0B4r0QjoJEMmVN3RFX1dTV3lzcGs)\nP.S. Don't forget to look at \"About US\"!","path":"/events/ludum-dare/38/world-of-memes","parents":[1,5,9,9405],"meta":{"cover":"///content/0b9/z/3cbf.png"},"link":{"author":[2480]},"love":0,"notes":4,"notes-timestamp":"2017-05-03T17:57:22Z"}]}