{"status":200,"caller_id":0,"cached":[],"node":[{"id":15599,"parent":9405,"superparent":9,"author":13080,"type":"item","subtype":"game","subsubtype":"compo","published":"2017-04-24T01:13:20Z","created":"2017-04-21T20:59:13Z","modified":"2017-05-01T09:55:50Z","version":73562,"slug":"minor-alternative-destroyer","name":"Minor Alternative Destroyer","body":"\nThis game made during Ludum Dare 38 in 48 hours\n\n## Story\n\nFar far away, in a world, an advanced race has found that they're not the only universe exists. They learned to create portals between them but at the same time a terrible accident happened, an explosion which will destroy all parallel universes! This was the ultimate apocalypse of the Spiky Cube Race. There is only one survivor. Legends says it is still trying to escape from explosion... ( Yes it's silly but what did you expect exactly? I can only draw rectangles)\n\n\n## Features\n\n* 20 different worlds\n* Fast paced gameplay\n* Easy controls\n* Medium quality music and sounds (*cough* 48 hours)\n* Lots of easter eggs\n\n![6.PNG](///content/813/3/z/3102.gif)\n\n\n## Files\n\n#### Game:\n\n* [Itch.io](https://wolderado.itch.io/mad)\n* [Gamejolt.com](http://gamejolt.com/games/mad/251803)\n* [Dropbox](https://www.dropbox.com/s/8gl34fkg7po6o6l/MAD2.rar?dl=0) (Windows Build)\n\n#### Source:\n* [Project](https://www.dropbox.com/s/lndw07m6pwhmogn/LD38_Project.rar?dl=0)\n* [BeepBox Music Notes](https://www.dropbox.com/s/mwgxbea7supp805/MusicSource.txt?dl=0)\n\n![1.PNG](///raw/813/3/z/815.png)\n\n#### Bug fixes:\n* Wrong Highscore saving is fixed\n* Fixed the level design of Room 17 which was making impossible to win at high speeds\n* Bug that makes player stuck at collider fixed\n* Bug which play's a random song after death is fixed\n* Fixed the level design of Room 11 and Room 16 which was making impossible to win at high speeds","path":"/events/ludum-dare/38/minor-alternative-destroyer","parents":[1,5,9,9405],"meta":{"cover":"///content/813/3/z/3924.gif"},"link":{"author":[13080]},"love":0,"notes":3,"notes-timestamp":"2017-05-02T21:06:30Z"}]}