{"status":200,"caller_id":0,"cached":[],"node":[{"id":16711,"parent":9405,"superparent":9,"author":2395,"type":"item","subtype":"game","subsubtype":"compo","published":"2017-04-23T20:09:42Z","created":"2017-04-21T22:28:07Z","modified":"2017-04-23T20:09:42Z","version":37399,"slug":"mobius","name":"Möbius","body":"![LD38SS.jpg](///raw/b59/z/486.jpg)\n\nAn Infinite runner game set on a Möbius Strip. See how long you can last.\n\nMy first LD game, Hope you enjoy!\n\n[Link Here](https://drive.google.com/file/d/0B-Ga-KkjNtNRZGxmaHRPYk9UdE0/view?usp=sharing)\n\n[Source Code](https://github.com/qiman3/LD-38)","path":"/events/ludum-dare/38/mobius","parents":[1,5,9,9405],"meta":[],"link":{"author":[2395]},"love":0,"notes":1,"notes-timestamp":"2017-05-01T18:51:16Z"}]}