{"status":200,"caller_id":0,"cached":[],"node":[{"id":15429,"parent":9405,"superparent":9,"author":9311,"type":"item","subtype":"game","subsubtype":"jam","published":"2017-04-24T23:39:18Z","created":"2017-04-21T20:50:10Z","modified":"2017-05-02T22:28:11Z","version":77184,"slug":"cell","name":"Cell","body":"![cell thumbnail.png](///raw/f54/2/z/1acc.png)\n\nThis game was made for Ludum Dare 38! The theme was \"A Small World.\"\n\nYou are a white blood cell in the human body. Fight off the infection over the course of one level! What? It's Ludum Dare, I didn't have time for more than that!\n\nGrab colored pills to power up!\n\nEat germs of the same color as the active pill. You will take damage if your color doesn't match the germ.\n\nClear out all germs before time runs out to win!\nKnown Bugs:\n\nThe collision detection, to put it mildly, isn't good. I ran out of time to really get a good collision system working. As a result, the player can easily get stuck on enemies.\n\nThis is the first game I've ever submitted to anything. I'm treating it as a learning exercise more than anything else. I'm not expecting people to like it, but feedback is greatly appreciated. This was my first Ludum Dare, and I'm already looking forward to the next one!\n\nArt and programming by Kevin Theiss\n\nhttp://gamejolt.com/games/cell/252047","path":"/events/ludum-dare/38/cell","parents":[1,5,9,9405],"meta":[],"link":{"author":[9311]},"love":0,"notes":4,"notes-timestamp":"2017-05-03T00:45:05Z"}]}