{"status":200,"caller_id":0,"cached":[],"node":[{"id":15188,"parent":9405,"superparent":9,"author":41,"type":"item","subtype":"game","subsubtype":"jam","published":"2017-04-25T00:57:19Z","created":"2017-04-21T20:35:10Z","modified":"2017-05-01T15:06:54Z","version":74456,"slug":"iii","name":"iii","body":"iii is a little metroidvania about a one-eyed cat leaving his comfort zone. Explore underground caverns, gain vision of other dimensions, help the inhabitants, and expand your horizons.\n\n![2.png](///raw/92/z/20c4.png)\n\niii was a weird take on the theme \"A Small World\". I build the world so it would be quite small at first, but as the player progresses, they discover more and more.\n\n![3.png](///raw/92/z/20cd.png)\n\nI’m stupidly proud that I managed to pull this off. iii might not be totally complete, after 8 failed Ludum Dare attempts in a row, I’m super happy I got this one out.\n\n![4.png](///raw/92/z/20f4.png)\n\nIt’s surprisingly one of my larger projects, which makes it even more awesome that I managed to nail it out for the jam.\n\nCheck it out on [itch.io](https://yukonw.itch.io/iii)","path":"/events/ludum-dare/38/iii","parents":[1,5,9,9405],"meta":{"grade-06-out":"1","cover":"///content/92/z/32fb.png"},"link":{"author":[41]},"love":0,"notes":10,"notes-timestamp":"2017-05-03T07:11:21Z"}]}