{"status":200,"caller_id":0,"cached":[],"node":[{"id":15607,"parent":9405,"superparent":9,"author":9654,"type":"item","subtype":"game","subsubtype":"compo","published":"2017-04-24T00:53:00Z","created":"2017-04-21T20:59:46Z","modified":"2017-05-02T06:25:05Z","version":76019,"slug":"a-small-fungal-genocide","name":"A small fungal genocide","body":"PLEASE READ AT LEAST THE NOTE UNDER THE COVER PHOTO\n\n![Capture1.PNG](///raw/6b5/2/z/e21.png)\n\nMade in 48 hours by me (Ryan Sheriff) for the Compo\n\nNOTE: PICK UP A WEAPON FROM THE BLACKSMITH FIRST\nThe one one the middle counter is free, just click on it. I would have included a quest marker to lead you there right away, but y'know, time restrictions.\n\nWASD Movement controls\n\nSpacebar gathers Wood (Need to buy axe first), Berries, and Stone\n\nE enters new places/building\n\nTo turn in mini quests, just walk close to the NPC\n\nClick to shoot (When in forest or quarry)\n\nYou must pick up your knife after you use it, you can unlock more knives at the Smith.\n\nTIP: You lose all collectibles when you die (Wood, stone, berries, etc), but not Gold, essences, or tools.\n\n\nKnown Bugs:\n\nOnce you have 20 stone, the NPC will take 30 from you causing you to have -10, not game breaking so just do that quest once if you want the gold ;)\n\n\nDownloads:\n\nWindows: https://drive.google.com/file/d/0ByFvvPB2OzIAY3ZpX21GX0VGVDg/view?usp=sharing\n\nMac: https://drive.google.com/file/d/0ByFvvPB2OzIAbndtN3RCTkFUZU0/view?usp=sharing\n\nLinux: https://drive.google.com/file/d/0ByFvvPB2OzIAUXBPbjRDQ2xCQk0/view?usp=sharing\n\nProject file (Unity): https://drive.google.com/file/d/0ByFvvPB2OzIAVUVUY2ttUjJJMW8/view?usp=sharing\n\nLet me know if the mac or linux files don't work\n\n\nHave fun :)!\n\nScreenshots \n\n![Capture2.PNG](///raw/6b5/2/z/b5a.png)![Capture3.PNG](///raw/6b5/2/z/b5e.png)![Capture4.PNG](///raw/6b5/2/z/b60.png)![Capture5.PNG](///raw/6b5/2/z/b62.png)","path":"/events/ludum-dare/38/a-small-fungal-genocide","parents":[1,5,9,9405],"meta":[],"link":{"author":[9654]},"love":0,"notes":7,"notes-timestamp":"2017-05-03T17:56:33Z"}]}