{"status":200,"caller_id":0,"cached":[],"node":[{"id":16112,"parent":9405,"superparent":9,"author":16096,"type":"item","subtype":"game","subsubtype":"compo","published":"2017-04-24T00:02:52Z","created":"2017-04-21T21:38:08Z","modified":"2017-04-24T18:25:58Z","version":51416,"slug":"tiny-world-big-defender","name":"Tiny World, Big Defender","body":"In Tiny World, Big Defender you take control of the first and last line of defense of a distant planet. Will you be able to defend the population against the space invaders?\n\n![TITLE.png](///raw/0ee/3/z/91c.png)\n\nThe game will greet you with all you need to know to play the game.\n\n![help.PNG](///raw/0ee/3/z/927.png)\n\n![game.png](///raw/0ee/3/z/92e.png)\n\n\nThis game was created using Unity. Sound created using http://www.beepbox.co/ and https://www.leshylabs.com/apps/sfMaker/\n\n# Source Code:\n    \n[github](https://github.com/pasanchez/tiny-world-big-defender)\n\n# Downloads:\n      \n[Windows](https://github.com/pasanchez/tiny-world-big-defender/raw/master/builds/windows.zip)\n\n[Linux (untested) ](https://github.com/pasanchez/tiny-world-big-defender/raw/master/builds/linux.zip)\n","path":"/events/ludum-dare/38/tiny-world-big-defender","parents":[1,5,9,9405],"meta":{"cover":"///content/0ee/3/z/30aa.png","grade-07-out":"1","grade-08-out":"1"},"link":{"author":[16096]},"love":0,"notes":4,"notes-timestamp":"2017-05-03T19:34:18Z"}]}