{"status":200,"caller_id":0,"cached":[],"node":[{"id":16109,"parent":9405,"superparent":9,"author":10067,"type":"item","subtype":"game","subsubtype":"jam","published":"2017-04-25T01:21:51Z","created":"2017-04-21T21:37:54Z","modified":"2017-04-25T15:44:33Z","version":65915,"slug":"therrain-1","name":"Therrain","body":"Play in browser \n\n--->https://stuffedwombat.itch.io/therrain<---\n\n![twitta_1.png](///raw/357/2/z/1e3c.png)\n\n\nPlay in browser if you use Chrome:\n--->http://www.newgrounds.com/portal/view/692485?updated=1493120625<---\n\nBuild a small world and protect it with your unbelievable umbrella!\n\nBeat up a cloud!\n\nBe entertained!\n\nBecome less bored!\n\n(I make one game per month, follow me on twitter for updates:\nhttps://twitter.com/wombatstuff)\n\n\n\n\n","path":"/events/ludum-dare/38/therrain-1","parents":[1,5,9,9405],"meta":[],"link":{"author":[10067]},"love":0,"notes":3,"notes-timestamp":"2017-05-02T12:04:42Z"}]}