{"status":200,"caller_id":0,"cached":[],"node":[{"id":15900,"parent":9405,"superparent":9,"author":10207,"type":"item","subtype":"game","subsubtype":"compo","published":"2017-04-24T01:46:37Z","created":"2017-04-21T21:19:36Z","modified":"2017-04-25T20:17:54Z","version":66650,"slug":"a-lighthouse-story","name":"A Lighthouse Story","body":"A small story game about a lighthouse keeper, of sorts. \nCan you get the true ending? [: \n\n* **Windows**  http://mic.hael.co/LD38/ALighthouseStory_LD38_Windows.zip\n* **Mac (Untested!)**  http://mic.hael.co/LD38/ALighthouseStory_LD38_Mac.app.zip \n* **Linux (Untested!)**  http://mic.hael.co/LD38/ALighthouseStory_LD38_Linux.zip \n* Source:  http://mic.hael.co/LD38/ALighthouseStory_LD38_Source.zip\n\nor **itch.io** link if you prefer: https://michaelco.itch.io/a-lighthouse-story\n\n**Controls**:\nUse movement keys to go left and right, Up / E / Space to interact when prompts appear.\n\n![sc_3.PNG](///raw/fd7/2/z/eaf.png)\n\n**Tools**:\nUnity, Reaper DAW, GIMP, Freesound.org, Typodermic Fonts\n\n","path":"/events/ludum-dare/38/a-lighthouse-story","parents":[1,5,9,9405],"meta":{"cover":"///content/fd7/2/z/3217.png"},"link":{"author":[10207]},"love":0,"notes":8,"notes-timestamp":"2017-05-03T12:20:39Z"}]}