{"status":200,"caller_id":0,"cached":[],"node":[{"id":15319,"parent":9405,"superparent":9,"author":15248,"type":"item","subtype":"game","subsubtype":"jam","published":"2017-04-25T00:51:10Z","created":"2017-04-21T20:43:53Z","modified":"2017-04-25T11:30:58Z","version":65214,"slug":"jumao","name":"JUMAO","body":"![jumao_logo.png](///raw/09b/3/z/249a.png)I took the theme 'A Small World' quite literally and imagined a game where you have to shrink the ground below in order to succeed. The easiest way to achieve this was to let the player climb higher and higher. I present to you three levels of JUMAO, \"Jump and match objects\", done in under 24 hours with Unity and Photoshop. ![screenshot1_sm.png](///raw/09b/3/z/254a.png)![screenshot2_sm.png](///raw/09b/3/z/254b.png)![screenshot3_sm.png](///raw/09b/3/z/254d.png)\n\nDownload Game and Sourcecode: https://www.dropbox.com/sh/lh9eto7qj4rvn8d/AACocQmjdpK8fJVLwXwIR94Ba?dl=0 ","path":"/events/ludum-dare/38/jumao","parents":[1,5,9,9405],"meta":[],"link":{"author":[15248]},"love":0,"notes":1,"notes-timestamp":"2017-04-25T21:49:02Z"}]}