{"status":200,"caller_id":0,"cached":[],"node":[{"id":16343,"parent":9405,"superparent":9,"author":4134,"type":"item","subtype":"game","subsubtype":"compo","published":"2017-04-23T21:04:37Z","created":"2017-04-21T21:57:31Z","modified":"2017-04-23T21:50:57Z","version":39123,"slug":"cell-wars","name":"Cell Wars","body":"# Description\nCell Wars is a tower defense game where you have to survive against the bacteria for as long as possible. \n\n\n\n\n# Notes\n\n[Source Code](https://www.dropbox.com/s/sidwgid4n2t5eqf/Cell%20Wars%20Source%20Code.zip?dl=0)\n\nLanguage: Java \n\nGame Engine: [Slick2D](http://slick.ninjacave.com/)\n\n# Downloads\n### [Windows](https://www.dropbox.com/s/o0mgackx323f2o9/LD38.zip?dl=0)\n\n# Screenshots\n![Gameplay.png](///raw/620/1/z/5a2.png)\n![Homescreen.png](///raw/620/1/z/5a5.png)","path":"/events/ludum-dare/38/cell-wars","parents":[1,5,9,9405],"meta":{"grade-07-out":"1","cover":"///content/620/1/z/3d11.png"},"link":{"author":[4134]},"love":0,"notes":1,"notes-timestamp":"2017-05-04T09:13:35Z"}]}