{"status":200,"caller_id":0,"cached":[],"node":[{"id":16104,"parent":9405,"superparent":9,"author":13643,"type":"item","subtype":"game","subsubtype":"jam","published":"2017-04-24T19:36:30Z","created":"2017-04-21T21:37:41Z","modified":"2017-05-01T16:32:49Z","version":74724,"slug":"intergalactic-lemonade-inc","name":"Intergalactic Lemonade Inc.","body":"You have been chosen to make the best lemonade in the galaxy! Go from planet to planet collecting the **BEST** ingredients for the amazing Intergalactic Lemonade:tm:\n\n## What to do\nGo from planet to planet collecting the ingredients given to you, when done go get the package from the main planet and deliver it to the shipping planet!\n\n**PLAY the game on Gamejolt(WINDOWS and HTML version):**\nhttp://gamejolt.com/games/lemonadeinc/251957\n\n**TIP**: the ice machine is located on 1 of the planets :grinning:\n\n**NOTE**: To start playing the missions close down the quest window by pressing Q, then press Q again to start the new mission!\n## CONTROLS\n\nYou rotate your ship using the AD keys, and you accelerate using the WS keys.\nTo hook press H, to release the hooked object press J.\nTo open the map press E.\nClick Q to close down the quest window(this), doing this will move you to the second quest\n![Screenshot_67.png](///raw/b45/3/z/152c.png)\n![gif](http://i.imgur.com/QBLhW1Z.mp4)","path":"/events/ludum-dare/38/intergalactic-lemonade-inc","parents":[1,5,9,9405],"meta":{"grade-07-out":"1","cover":"///content/b45/3/z/30c6.png","grade-06-out":"1"},"link":{"author":[13643]},"love":0,"notes":5,"notes-timestamp":"2017-05-02T20:03:14Z"}]}