{"status":200,"caller_id":0,"cached":[],"node":[{"id":16562,"parent":9405,"superparent":9,"author":464,"type":"item","subtype":"game","subsubtype":"compo","published":"2017-04-24T00:54:02Z","created":"2017-04-21T22:15:48Z","modified":"2017-04-24T14:49:11Z","version":49843,"slug":"world-destroyer","name":"World Destroyer","body":"![fireworld.PNG](///raw/0d1/z/b5c.png)\n\n## Links\n* **Game:** https://tallshrimp.itch.io/world-destroyer\n* **SOURCE CODE:** http://tallshrimpcreations.com/WorldDestroyerScripts.zip\n\n## Description:\n\nIn World Destroyer, you play as Winston, a crazy guy who wants to destroy everything on the tiny planets in the Tiny Galaxy.\n\nThe game is a platformer/2d shooter based on 2d circular planets with their own gravity.\n\n## My Thoughts:\n\nI had hoped to have a really polished simple game this time around. As I got working on it, however, I became worried that if I made the game too simple, then it would only be fun for a couple minutes. I wanted something that could be fun for more time. Unfortunately, this made polishing the game very difficult. Not to mention that this is my first time doing an action game, and I underestimated the difficulty of balancing the physics. As such, there are some problems with collisions, and the jump upgrade may make the player jump too high. I would have also liked to add in animations for the inanimate objects in the game.\n\n## Future Plans:\n\n* Animations for the inanimate objects\n* Polishing the physics\n* Adding tons of levels\n\n## Screenshots:\n\n![desert.PNG](///raw/0d1/z/b5f.png)\n\n![world3.PNG](///raw/0d1/z/b61.png)\n\n![achievements.PNG](///raw/0d1/z/b63.png)","path":"/events/ludum-dare/38/world-destroyer","parents":[1,5,9,9405],"meta":{"cover":"///content/0d1/z/31e5.png"},"link":{"author":[464]},"love":0,"notes":47,"notes-timestamp":"2017-05-03T22:36:14Z"}]}