{"status":200,"caller_id":0,"cached":[],"node":[{"id":15898,"parent":9405,"superparent":9,"author":5764,"type":"item","subtype":"game","subsubtype":"jam","published":"2017-04-24T22:18:17Z","created":"2017-04-21T21:19:28Z","modified":"2017-04-24T22:18:17Z","version":54781,"slug":"planet-q","name":"Planet Q","body":"![Screen Shot 2017-04-24 at 6.01.58 PM.png](///raw/486/1/z/1822.png)\nThe inhabitants of Planet Q live peaceful lives, but are starting to question their existence. What is their purpose, and what is the mysterious giant creature spotted in the sky recently? Maybe building a telescope will reveal the far away truth...\n\n**Don't forget to come back when judging starts to give a rating!**\n\nDownloads from itch.io: https://dragonzbw.itch.io/planet-q","path":"/events/ludum-dare/38/planet-q","parents":[1,5,9,9405],"meta":[],"link":{"author":[5764]},"love":0,"notes":7,"notes-timestamp":"2017-05-01T19:20:43Z"}]}