{"status":200,"caller_id":0,"cached":[],"node":[{"id":15813,"parent":9405,"superparent":9,"author":10090,"type":"item","subtype":"game","subsubtype":"compo","published":"2017-04-24T00:55:39Z","created":"2017-04-21T21:12:43Z","modified":"2017-05-01T17:31:44Z","version":74848,"slug":"the-hunt","name":"THE HUNT","body":"![screen03.jpg](///raw/a67/2/z/b86.jpg)![screen01.jpg](///raw/a67/2/z/b7c.jpg)\n\nThe hunt is (or at least was supposed to be) a game about managing resources in a small spaceship environment. You have to hunt strange snake like creatures to harvest their energy, and that energy is scarce.\n\nIt was supposed to tie into the theme through the fact that the world is small and therefore the resources within are limited! Needless to say, as for many, I didn't get to do everything I want! ^^'\n\nThanks for playing!\n\nPS: after the splash screen, the black loading screen may take time before the intro. Couldn't solve that problem.(It seems that playing it in admin mode fixes it?)\n\n\nGame:\nhttps://xangotrick.itch.io/ld-38-the-hunt\n\n\nSource Code:\nhttp://www.mediafire.com/file/iwpwql8z4qxyykf/ld38scripts.zip\n\nTimelapse:\nhttps://www.youtube.com/watch?v=a6P9ewXgBvA&feature=youtu.be","path":"/events/ludum-dare/38/the-hunt","parents":[1,5,9,9405],"meta":{"cover":"///content/a67/2/z/311b.png"},"link":{"author":[10090]},"love":0,"notes":9,"notes-timestamp":"2017-05-03T06:47:48Z"}]}