{"status":200,"caller_id":0,"cached":[],"node":[{"id":15832,"parent":9405,"superparent":9,"author":8202,"type":"item","subtype":"game","subsubtype":"compo","published":"2017-04-24T01:34:02Z","created":"2017-04-21T21:13:46Z","modified":"2017-04-25T22:11:14Z","version":66953,"slug":"dont-make-me-stop-this-car","name":"Don't Make Me Stop This Car!","body":"![IntroPage.png](///raw/a00/2/z/2725.png)\n![ScreenOne.png](///raw/a00/2/z/2726.png)\nSummer vacations were a blast in the 1970's.   You loaded the family into the station wagon, and Dad hit the gas and tried to make as much time as possible, while the kids complained and wanted to see every side trip they could and Mom wanted to get some bargains at Outlet malls along the way.\n\nThis is a car driving along the highway, your family in the stationwagon.  They was a plan for an irritation meter for dad, mom's bargain meter and kid's frustration meters - but sadly they all had to be cut.\n\nI did get sound and music this time.  Everything should be playable in WebGL with other ports as builds are completed.  You don't have FULL control of the acceleration, as Dad gets closer to his intended destination he gets more of a lead foot.\n\nSITE: [www.uncleintheattic.com/Apps/LudumDare38/index.html](http://www.uncleintheattic.com/Apps/LudumDare38/index.html)\n\nTWITTER: [twitter.com/uncleintheattic](https://twitter.com/uncleintheattic)\n\nSOURCE CODE: [http://www.uncleintheattic.com/Apps/LudumDare38/source/LD38DMMSTC.zip](http://www.uncleintheattic.com/Apps/LudumDare38/source/LD38DMMSTC.zip)\n\n\nThe cars are from a wingding type of font - Oil Crisis.\nI fixed a game killing bug and reuploaded fix today 4/25/17.\n\n\n\n","path":"/events/ludum-dare/38/dont-make-me-stop-this-car","parents":[1,5,9,9405],"meta":[],"link":{"author":[8202]},"love":0,"notes":4,"notes-timestamp":"2017-05-02T21:19:34Z"}]}