{"status":200,"caller_id":0,"cached":[],"node":[{"id":15514,"parent":9405,"superparent":9,"author":9069,"type":"item","subtype":"game","subsubtype":"jam","published":"2017-04-25T01:19:17Z","created":"2017-04-21T20:55:11Z","modified":"2017-04-25T05:54:37Z","version":64365,"slug":"monster-exterminator-co","name":"Monster Exterminator Co.","body":"You have been hired to handle a common monster house infestation.\n\nLINK:\nhttps://ticklol.itch.io/monster-exterminator-co\n\n![Title.png](///raw/d63/2/z/1b6e.png)\n\n\n\n","path":"/events/ludum-dare/38/monster-exterminator-co","parents":[1,5,9,9405],"meta":[],"link":{"author":[9069,16547]},"love":0,"notes":1,"notes-timestamp":"2017-05-02T03:47:42Z"}]}