{"status":200,"caller_id":0,"cached":[],"node":[{"id":15345,"parent":9405,"superparent":9,"author":468,"type":"item","subtype":"game","subsubtype":"jam","published":"2017-04-25T01:55:03Z","created":"2017-04-21T20:45:01Z","modified":"2017-04-30T12:07:39Z","version":72030,"slug":"macdyver","name":"Macdyver","body":"![screenshot00.png](///raw/4d1/z/2a23.png)\nEscape from the depths of the ocean\n\n27-04-2017 // fixed game breaking bugs which stopped win and lose state from working.\n\n## links\n* Flash: http://www.firedupgames.com/LD38/\n* HTML5: http://www.firedupgames.com/LD38/HTML5/","path":"/events/ludum-dare/38/macdyver","parents":[1,5,9,9405],"meta":{"cover":"///content/4d1/z/363b.png"},"link":{"author":[468,23200,8826]},"love":0,"notes":6,"notes-timestamp":"2017-05-03T21:39:09Z"}]}