{"status":200,"caller_id":0,"cached":[],"node":[{"id":15696,"parent":9405,"superparent":9,"author":12323,"type":"item","subtype":"game","subsubtype":"jam","published":"2017-04-25T01:19:43Z","created":"2017-04-21T21:05:35Z","modified":"2017-04-25T03:17:29Z","version":63294,"slug":"diminishing-lands","name":"Diminishing Lands","body":"![DimLandsWide.png](///raw/320/3/z/2318.png)\n\n**Downloads:** [Windows](https://drive.google.com/open?id=0B3uG1VM-57B0c3hsS012Z01Gdlk) [Mac](https://drive.google.com/open?id=0B3uG1VM-57B0QnZ2Zjd3SXRTRUk)\n\nDiminishing Lands\n=================\nYou are the final caretaker of the Diminishing Lands, a series of small bubble worlds that are slowly decaying away.\nDescend into them and rescue the treasures inside before they crumble away forever!\n\nControls\n--------\n* Move: Arrow Keys\n* Jump: Z\n* Pause: Escape\n\nCredits\n-------\nProgramming: [Adam Higerd](https://ldjam.com/users/coda-highland) and [Austin Allman](https://ldjam.com/users/drazil100)\n\nSound effects and design: [Adam Higerd](https://ldjam.com/users/coda-highland)\n\nCharacter sprite base: [Classic Hero](https://opengameart.org/content/classic-hero) by GrafxKid\n\nCoin sprite: [Simple rotating coin](https://opengameart.org/content/simple-rotating-coin) by sacio\n\nTerrain tile set: [Generic Platformer Tileset (16x16)](https://opengameart.org/content/generic-platformer-tileset-16x16-background) by etqws3\n\nBackground music: [Underclocked](http://ericskiff.com/music/) by Eric Skiff, licensed under CC-BY\n\nLicense\n=======\nCopyright (c) 2017 Adam Higerd and Austin Allman\n\nPermission is hereby granted, free of charge, to any person obtaining a copy of this software and associated documentation files (the \"Software\"), to deal in the Software without restriction, including without limitation the rights to use, copy, modify, merge, publish, distribute, sublicense, and/or sell copies of the Software, and to permit persons to whom the Software is furnished to do so, subject to the following conditions:\n\nThe above copyright notice and this permission notice shall be included in all copies or substantial portions of the Software.\n\nTHE SOFTWARE IS PROVIDED \"AS IS\", WITHOUT WARRANTY OF ANY KIND, EXPRESS OR IMPLIED, INCLUDING BUT NOT LIMITED TO THE WARRANTIES OF MERCHANTABILITY, FITNESS FOR A PARTICULAR PURPOSE AND NONINFRINGEMENT. IN NO EVENT SHALL THE AUTHORS OR COPYRIGHT HOLDERS BE LIABLE FOR ANY CLAIM, DAMAGES OR OTHER LIABILITY, WHETHER IN AN ACTION OF CONTRACT, TORT OR OTHERWISE, ARISING FROM, OUT OF OR IN CONNECTION WITH THE SOFTWARE OR THE USE OR OTHER DEALINGS IN THE SOFTWARE.","path":"/events/ludum-dare/38/diminishing-lands","parents":[1,5,9,9405],"meta":{"grade-05-out":"1","grade-06-out":"1"},"link":{"author":[12323,12242]},"love":0,"notes":43,"notes-timestamp":"2017-05-04T00:49:49Z"}]}