{"status":200,"caller_id":0,"cached":[],"node":[{"id":16266,"parent":9405,"superparent":9,"author":10733,"type":"item","subtype":"game","subsubtype":"compo","published":"2017-04-23T22:00:16Z","created":"2017-04-21T21:51:25Z","modified":"2017-04-23T22:00:16Z","version":39300,"slug":"dont-go-off-the-edge-of-the-screen","name":"Don't go off the edge of the screen","body":"Yeah ok, that's done! Cool so I can relax. Gonna enter the compo\n\nMy game:\nhttps://minerscale.itch.io/dont-go-off-the-edge-of-the-screen\n\nThe source:\nhttps://github.com/minerscale/LD-Game\n\nI haven't got much more to say about it. It's a game I made in about 20 hours once you remove the time I wasn't doing anything. It's alright, I heard it's fun and go play my game! :sunglasses: and is there :pizza:\n\nI made everything in this game. The art, the music, everything. So I'm not opting out of any categories K?\n\n![Background.png](///raw/de9/2/z/6f5.png)","path":"/events/ludum-dare/38/dont-go-off-the-edge-of-the-screen","parents":[1,5,9,9405],"meta":[],"link":{"author":[10733]},"love":0,"notes":3,"notes-timestamp":"2017-05-04T07:44:23Z"}]}