{"status":200,"caller_id":0,"cached":[],"node":[{"id":16084,"parent":9405,"superparent":9,"author":54,"type":"item","subtype":"game","subsubtype":"jam","published":"2017-04-24T19:31:32Z","created":"2017-04-21T21:35:17Z","modified":"2017-04-24T19:39:03Z","version":52231,"slug":"tableworld","name":"Tableworld.","body":"![1.PNG](///raw/63/z/150e.png)\n\n![0.PNG](///raw/63/z/1510.png)\n\nTableworld is a turnbased strategy game in which you try to build a giant city starting with nothing but empty space, some water, trees and a house in a randomly generated world.\nAffect the economy by building wells, trees and wheat farms to watch your village grow into a big metropolis. But with a higher population come bigger problems! Will you be able to let your village survive or will it succumb to the dangers of nature? It is all on you!\n\nControls:\n\nQ & E - Moving the camera\n\nSpace - Ending current round \n\nL Mouse - holding and placing buildings\n\nR Mouse - putting buildings away\n\nTeam:\n\nRobert Vater - Programming, Graphics, Sound\nJana Höning - Music\n\nDownload (Windows, Max and Linux all in the same archive): http://gamejolt.com/games/Tableworld/251963","path":"/events/ludum-dare/38/tableworld","parents":[1,5,9,9405],"meta":{"cover":"///content/63/z/39d1.png"},"link":{"author":[54,24620]},"love":0,"notes":4,"notes-timestamp":"2017-05-03T20:38:20Z"}]}