{"status":200,"caller_id":0,"cached":[],"node":[{"id":15877,"parent":9405,"superparent":9,"author":12194,"type":"item","subtype":"game","subsubtype":"jam","published":"2017-04-24T21:20:57Z","created":"2017-04-21T21:17:30Z","modified":"2017-04-27T02:29:00Z","version":68961,"slug":"rocket-dream","name":"Rocket-Dream","body":"![itchcover.png](///raw/2af/2/z/1768.png)\n\nRocket-Dream tells the story of a teenage girl who dreams of travelling to space in her homemade rocket since it's a tradition for the people of her culture.\n\nControls: WASD for movement. Mouse1 to grab objects and Mouse1 again to throw/drop them.\n\n![2017-04-24_17h19_21.png](///raw/2af/2/z/1727.png)\n\n![2017-04-24_17h18_51.png](///raw/2af/2/z/1729.png)\n\n![2017-04-24_17h18_28.png](///raw/2af/2/z/172a.png)\n\n**GAME:** https://killdeerstudios.itch.io/rocket-dream\n\n**SOCIAL:** www.twitter.com/Ki11Deer\n\nNote* This game is buggy, broken and has no sound other than 2 audio files that play randomly based on a hidden trigger. This game is bad. Don't download it.","path":"/events/ludum-dare/38/rocket-dream","parents":[1,5,9,9405],"meta":{"cover":"///content/2af/2/z/2f29.png"},"link":{"author":[12194]},"love":0,"notes":0}]}