{"status":200,"caller_id":0,"cached":[],"node":[{"id":15939,"parent":9405,"superparent":9,"author":12158,"type":"item","subtype":"game","subsubtype":"jam","published":"2017-04-23T22:58:04Z","created":"2017-04-21T21:22:29Z","modified":"2017-04-25T03:39:32Z","version":63542,"slug":"tiny-village","name":"LD38: Mystery Delivery","body":"A small world in a small world.\nOur game is an sidescroller rpg-style game about a small mystery in a (literally) small world. This was all of our first Ludum Dare!\n\n![f9b1c07dff65759e470a357170a283b7.png](///raw/e7f/2/z/20e4.png)\n\nControls are ARROW KEYS for movement and \"Z\" for interaction, menu navigation.\n\nDownload Link:\n\n - https://drive.google.com/open?id=0B9r6YVbcHAPvU3NoUDBhdlNPRlk\n\nUsing Game Maker: Studio for coding and design.\n\nPhotoshop, Krita, Sai, and Aseprite for Art.\n\nFont used is PRESS START 2P. (I don't own this font)\n\nTeam Members:\n\nGrey: https://twitter.com/intrepidactias (Artist)\n\nJake: https://twitter.com/donionrings (Artist/Lettuce)\n\nLukas: https://twitter.com/LukasFacile (Musician)\n\nAren: https://twitter.com/savepointprotag (Team Leader/Everything else)\n\n","path":"/events/ludum-dare/38/tiny-village","parents":[1,5,9,9405],"meta":[],"link":{"author":[12158,12383]},"love":0,"notes":1,"notes-timestamp":"2017-05-02T22:48:34Z"}]}