{"status":200,"caller_id":0,"cached":[15557],"node":[{"id":15557,"parent":9405,"superparent":9,"author":3602,"type":"item","subtype":"game","subsubtype":"jam","published":"2017-04-25T01:25:19Z","created":"2017-04-21T20:57:02Z","modified":"2017-05-01T14:16:38Z","version":74319,"slug":"bumble-jumble","name":"Bumble Jumble","body":"**Bumble Jumble**\n\n## Windows Link:  \nhttps://bramvanelderen.itch.io/bumble-jubmle\n\n\nhttps://www.youtube.com/watch?v=YzZI7w1K3vk\n\n\n\n![bumble_jumbleCover.png](///raw/21e/z/331e.png)\n\n\n\nA mysterious game about exploration and collecting. Play the exploration mode where you'll have unlimited time to explore awe inspiring world whilst collected the honeycombs that the hive absolutely requires. Want a challenge? Well we have something for you! Play challenge mode in which you'll have a time limit to collect the honey combs. Be careful not to drop them!\n\nGamepad controls  HIGHLY RECOMMENDED  \nLeft stick: Move  \nRight stick: Camera  \nLeft Trigger: Descend  \nRight Trigger: Ascend    \nA: Shoot  \n\nKb/m controls (PLEASE USE GAMEPAD)  \nWASD: Move  \nMouse: Camera  \nQ: Descend  \nE Ascend  \nLeft Mouse Button: Shoot  \n\nCreated by  \n-Brandon Gutowski http://www.brandongutowski.com/  \n-Ben Lee http://www.benleeartdesign.com/  \n-Kirk Markarian http://www.kirkmarkarian.net/  \n-Bram van Elderen  http://bramvanelderen.net/  \n\n![Shot 13 Bumble.png](///raw/21e/z/1fa0.png)\n\n\n","path":"/events/ludum-dare/38/bumble-jumble","parents":[1,5,9,9405],"meta":{"cover":"///content/21e/z/3284.jpg"},"link":{"author":[3602,13748]},"love":0,"notes":16,"notes-timestamp":"2017-05-02T07:21:19Z"}]}