{"status":200,"caller_id":0,"cached":[],"node":[{"id":16070,"parent":9405,"superparent":9,"author":9998,"type":"item","subtype":"game","subsubtype":"jam","published":"2017-04-24T05:07:39Z","created":"2017-04-21T21:33:25Z","modified":"2017-05-02T05:35:32Z","version":75969,"slug":"ld38-big-dreams","name":"LD38 - Big Dreams","body":"![Screen2.PNG](///raw/e07/2/z/fa1.png)\n\nHoly crap, it's done!\n\nOur play on \"A Small World\" was to take the world and scope of a child playing with his toys. You control a space hero action figure blasting bullets, bouncing balls, and nerf darts to stem the oncoming tide of toy dinosaurs and army men coming at you.\n\nWe had a lot of fun with our whimsical take on the theme, and it really allowed us to go all out with our ideas. For example, we looked at the nerf dart and thought, \"Man, wouldn't it be fun if the hero could ride that?\" As absurd as it is, that's the kind of thing a kid wouldn't dismiss as impossible... He'd just do it! So we slowed the bullet down, slapped on the right behaviors, and voila- a nerf dart riding space man!\n\nFrom myself, Adriana, and Guin, we really hope you guys enjoy our project, and look forward to playing yours! \n\nIMPORTANT NOTE - Please use WASD to control the hero, not arrow keys, as arrow keys are currently bugged! Thanks!\n \nDownloads:\nhttps://drive.google.com/drive/folders/0B04XtDB-xAKKeklxMWNSS1o4WFk?usp=sharing\nOnline Version:\nhttps://www.scirra.com/arcade/action-games/ld38-big-dreams-17214","path":"/events/ludum-dare/38/ld38-big-dreams","parents":[1,5,9,9405],"meta":{"cover":"///content/e07/2/z/3354.png"},"link":{"author":[9998,12976]},"love":0,"notes":29,"notes-timestamp":"2017-05-04T05:08:27Z"}]}