{"status":200,"caller_id":0,"cached":[],"node":[{"id":15935,"parent":9405,"superparent":9,"author":473,"type":"item","subtype":"game","subsubtype":"compo","published":"2017-04-23T20:38:03Z","created":"2017-04-21T21:22:19Z","modified":"2017-05-03T16:24:12Z","version":77880,"slug":"ship-in-a-bottle-painting","name":"Ship in a Bottle","body":"![scr4.png](///raw/9d1/z/38d.png)\n\nWASD + SPACE to control the player.\n\nYour task is to catch some fish.\n\n## LINKS: \n\n* **PLAYABLE LINK**: http://goo.gl/eFkS7K\n* **FULL SOURCE CODE**: https://github.com/terop2/GameApi\n* **GAME SOURCE CODE**(159 loc): http://goo.gl/EZ8kM5","path":"/events/ludum-dare/38/ship-in-a-bottle-painting","parents":[1,5,9,9405],"meta":{"cover":"///content/9d1/z/3253.png"},"link":{"author":[473]},"love":0,"notes":11,"notes-timestamp":"2017-05-03T14:21:13Z"}]}