{"status":200,"caller_id":0,"cached":[],"node":[{"id":16046,"parent":9405,"superparent":9,"author":13604,"type":"item","subtype":"game","subsubtype":"jam","published":"2017-04-24T21:44:12Z","created":"2017-04-21T21:31:22Z","modified":"2017-05-02T09:31:37Z","version":76206,"slug":"insekter","name":"Insekter!!","body":"![Skärmavbild 2017-04-24 kl. 23.02.11.png](///raw/425/3/z/16d5.png)\n\n\n# Play\n[Web](http://brommund.se/ld38)  \n\n\n[Source](https://github.com/dskeppstedt/ld38)\n\n## About \n**Insekter!!!!** is a game about bugs (:spider:), :gun: and escaping the desolate wasteland of Tellus in a not too distant future. \nRun, shoot, hide behind doors and buy guns from oddly convenient gun depots (_that will inexplicably kill you if you can't fork up the cash_ :joy:) as you make your way to the escape pod on the other end of the bunker.\n\n##  Controls\nMove around using WASD or the arrows.   \nAim and shoot using the mouse.    \n'M' toggles in-game audio.     \n\n## Created by\n\nCode:  \n- Andreas Brommund\n- Dan Hemgren  \n- David Skeppstedt \n\n\nGraphics: \n- Viktor Rosenberg  \n\nMusic: \n- Dan Hemgren\n- Viktor Rosenberg \n \nSound: \n- Dan Hemgren","path":"/events/ludum-dare/38/insekter","parents":[1,5,9,9405],"meta":{"cover":"///content/d43/5/z/3909.png"},"link":{"author":[13604,2462,21073,21325]},"love":0,"notes":2,"notes-timestamp":"2017-05-02T20:34:21Z"}]}