{"status":200,"caller_id":0,"cached":[],"node":[{"id":15160,"parent":9405,"superparent":9,"author":6198,"type":"item","subtype":"game","subsubtype":"compo","published":"2017-04-24T01:19:37Z","created":"2017-04-21T20:32:56Z","modified":"2017-04-24T22:48:03Z","version":55459,"slug":"tinyarena","name":"tinyarena","body":"[![image](///raw/638/1/z/14ae.gif)](https://rxi.itch.io/tinyarena)\n\n* **Download: https://rxi.itch.io/tinyarena**\n* Source: http://s000.tinyupload.com/index.php?file_id=59798754804499125214","path":"/events/ludum-dare/38/tinyarena","parents":[1,5,9,9405],"meta":{"cover":"///content/638/1/z/3b41.png"},"link":{"author":[6198]},"love":0,"notes":15,"notes-timestamp":"2017-05-01T22:47:40Z"}]}