{"status":200,"caller_id":0,"cached":[],"node":[{"id":15458,"parent":9405,"superparent":9,"author":10403,"type":"item","subtype":"game","subsubtype":"jam","published":"2017-04-25T07:01:22Z","created":"2017-04-21T20:52:04Z","modified":"2017-04-25T07:45:28Z","version":64612,"slug":"twitch-assault","name":"Twitch Assault","body":"![09d45d15ef4976c35b726342d94f3e7c.png](///raw/3a8/2/z/24ae.png)\n\nThe Top Streamers of the World are Stealing Followers of Others. Its Your Turn to steal them back. Free the Followers, Destroy the Channels. Conquer the Communities. Only you Can Stand above all Streamers in the World. Are you Ready?\n\nGame: https://bioblaze.itch.io/twitch-assault\n\n**Requires Internet Access\n\n**Requires Twitch Account","path":"/events/ludum-dare/38/twitch-assault","parents":[1,5,9,9405],"meta":[],"link":{"author":[10403]},"love":0,"notes":7,"notes-timestamp":"2017-05-01T09:16:37Z"}]}