{"status":200,"caller_id":0,"cached":[],"node":[{"id":15265,"parent":9405,"superparent":9,"author":9626,"type":"item","subtype":"game","subsubtype":"compo","published":"2017-04-24T01:02:58Z","created":"2017-04-21T20:40:23Z","modified":"2017-04-25T00:11:09Z","version":57517,"slug":"the-infinitely-small-room","name":"The Infinitely Small Room","body":"A User-Generated game, build your own levels based on a simple set of triggers and base objects!\n\n*Be it just a scenic walk or a curious puzzle, you're free to create!*\n\nExplore other people's creations and collect treasures, all inside the Infinitely Small Room.\n\n# Links\n\n - **DOWNLOAD:** https://kroltan.itch.io/ld38\n - **SOURCE:** https://github.com/kroltan/ld38\n\n![bastion.png](///raw/a95/2/z/1be0.png)\n![altar.png](///raw/a95/2/z/1755.png)\n![slime.png](///raw/a95/2/z/175d.png)","path":"/events/ludum-dare/38/the-infinitely-small-room","parents":[1,5,9,9405],"meta":{"cover":"///content/a95/2/z/3625.png"},"link":{"author":[9626]},"love":0,"notes":11,"notes-timestamp":"2017-05-03T20:45:31Z"}]}