{"status":200,"caller_id":0,"cached":[],"node":[{"id":16629,"parent":9405,"superparent":9,"author":6893,"type":"item","subtype":"game","subsubtype":"compo","published":"2017-04-23T23:54:29Z","created":"2017-04-21T22:22:28Z","modified":"2017-04-24T15:29:41Z","version":50090,"slug":"invaders-from-outer-space","name":"Invaders from outer space","body":"This is my first ludum dare submission and my first game \"finished\"\n\n**Screenshots:**\n![Screenshot (1).png](///raw/dea/1/z/961.png)\n![Screenshot (4).png](///raw/dea/1/z/96a.png)\n\n**About the game:**\nHumanity had colonized a small world and lived there for thousands of years. But one day a strange species attacked the small village and all it's people but you were the only one that survived the attack. You wanted revenge on this strange species and wanted to erased them by yourself.\n\n**Tools:**\n- Unity 5.5\n- Visual Studio community 2015\n- Paint.net\n\n**Downloads:**\n- Google Drive: https://drive.google.com/drive/folders/0B2WXJs7bkqguSGNZckRZU2JHdDQ?usp=sharing\n- Web Version: https://nanoteck137.github.io/ld/invaders-from-outer-space/\n\n**Links:**\n- Source Code: https://github.com/Nanoteck137/LD38\n- Twitter: https://twitter.com/PATRIK0022123","path":"/events/ludum-dare/38/invaders-from-outer-space","parents":[1,5,9,9405],"meta":[],"link":{"author":[6893]},"love":0,"notes":1,"notes-timestamp":"2017-05-01T20:31:35Z"}]}