{"status":200,"caller_id":0,"cached":[],"node":[{"id":15279,"parent":9405,"superparent":9,"author":1403,"type":"item","subtype":"game","subsubtype":"compo","published":"2017-04-23T22:55:31Z","created":"2017-04-21T20:41:16Z","modified":"2017-04-28T21:37:17Z","version":70983,"slug":"paper-traveller","name":"Paper traveller","body":"![wonderfullMap.png](///raw/b75/z/7ff.png)\n\n### Read logbook of travellers and draw maps for customer!\n\nIt's a sort of drawing-puzzle game.\nI hope my bad english does not make puzzles too hard.\nBy the way if you don't succed, it remains a drawing tool...\n\n### Send me (@dunindunin) your best maps!\n\n(made with Phaser, and typo is \"Manuskript Gothisch UNZ1A\")\n\n**game and sources:** https://dunin.itch.io/paper-traveller\n\n(04/24: fix typo (east insteed of west... And a wrong town name...) \n\n04/28: huge typo fix after proofreading by Kieran and Maxim, many thanks to them! )","path":"/events/ludum-dare/38/paper-traveller","parents":[1,5,9,9405],"meta":{"cover":"///content/b75/z/3020.png"},"link":{"author":[1403]},"love":0,"notes":16,"notes-timestamp":"2017-05-02T09:45:16Z"}]}