{"status":200,"caller_id":0,"cached":[],"node":[{"id":15357,"parent":9405,"superparent":9,"author":321,"type":"item","subtype":"game","subsubtype":"jam","published":"2017-04-24T17:46:18Z","created":"2017-04-21T20:45:40Z","modified":"2017-04-24T17:46:18Z","version":51102,"slug":"virus-hunt","name":"Virus hunt","body":"You are a white blood cel in a body infected with three HIV-viruses. Eat them before the HIV-viruses kill the body.\nAndroid: https://play.google.com/store/apps/details?id=com.PixelatedDodo.VirusHunt","path":"/events/ludum-dare/38/virus-hunt","parents":[1,5,9,9405],"meta":[],"link":{"author":[321]},"love":0,"notes":0}]}