{"status":200,"caller_id":0,"cached":[],"node":[{"id":16225,"parent":9405,"superparent":9,"author":16188,"type":"item","subtype":"game","subsubtype":"jam","published":"2017-04-24T22:31:14Z","created":"2017-04-21T21:48:15Z","modified":"2017-04-29T15:09:29Z","version":71394,"slug":"micro-versus","name":"Micro-Versus","body":"![level-1.png](///raw/c3f/3/z/1814.png)\n\nBacteria Fight Club! Use your mouse to control a colony of bacteria as you try to multiply and take over each level's environment.\n\n## Video:\n\nhttps://www.youtube.com/watch?v=r2hCcV8G9kI\n\n## Links:\n\n* Web: https://willjardine.github.io/ludum-dare-38/\n* Source: https://github.com/willjardine/ludum-dare-38","path":"/events/ludum-dare/38/micro-versus","parents":[1,5,9,9405],"meta":[],"link":{"author":[16188]},"love":0,"notes":0}]}