{"status":200,"caller_id":0,"cached":[],"node":[{"id":16114,"parent":9405,"superparent":9,"author":4837,"type":"item","subtype":"game","subsubtype":"compo","published":"2017-04-24T01:26:17Z","created":"2017-04-21T21:38:21Z","modified":"2017-05-02T21:11:19Z","version":77077,"slug":"pluto-is-a-planet","name":"Pluto is a Planet","body":"![Upload Screen.png](///raw/5e2/1/z/cc0.png)\n\nDownload @ http://tolmera.com/Pluto_is_a_Planet.exe\nSource @ http://tolmera.com/Pluto_is_a_Planet.zip\n\nPluto is a planet is a game in which you play the role of the Emperor of Pluto.\n\nPluto was declared to not be a planet:\nAfter 1992, its planethood was questioned following the discovery of several objects of similar size in the Kuiper belt. In 2005, Eris, which is 27% more massive than Pluto, was discovered. This led the International Astronomical Union (IAU) to define the term \"planet\" formally in 2006, during their 26th General Assembly.[12] That definition excluded Pluto and reclassified it as a dwarf planet.\n(Quote from Wikipedia)\n\nAfter Pluto was declared 'Not a planet' the Empiror of Pluto declared war on Earth.\n\nBuild Space ships\nUse Tactics to bring your ships into striking distance of the enemy.\nEnter Close combat with Enemy Space Ships\n\nConquer the Solar system, keep those Earthlings on their own Planet (which is mostly water, unlike every 'real' planet in the solar system (Quote from Emperor of Pluto))\n\nKeep Pluto safe from invasion until our Doomsday Device can Fully Charge.\n\n\n\n(Game Play instructions follow)\nClick on \"Buildable\" ships on the right middle of the screen.\nWhen the ships have finised building, they will appear over your home planet in the solar system.\nControl what planet they orbit by dragging them in the Control area (Left side of the screen) from one planetary orbit box to another.\n\nWhen orbiting the same planet as an enemy vessel, you will be prompted to enter combat, or auto resolve.\n\nIn combat, Keys are \"W, A, S, D\" and \"Space bar\" to shoot.\n\nDownload @ http://tolmera.com/Pluto_is_a_Planet.exe\nSource @ http://tolmera.com/Pluto_is_a_Planet.zip\n\n![1_2_way.png](///raw/5e2/1/z/cda.png)\n\nDownload @ http://tolmera.com/Pluto_is_a_Planet.exe\nSource @ http://tolmera.com/Pluto_is_a_Planet.zip\n\nKnown Bugs - When moving a ship from one place to another, sometimes a variable is not set, and the game crashes :-/ sorry for this.","path":"/events/ludum-dare/38/pluto-is-a-planet","parents":[1,5,9,9405],"meta":{"cover":"///content/5e2/1/z/3b0b.png"},"link":{"author":[4837]},"love":0,"notes":5,"notes-timestamp":"2017-05-04T01:08:08Z"}]}