{"status":200,"caller_id":0,"cached":[],"node":[{"id":15670,"parent":9405,"superparent":9,"author":488,"type":"item","subtype":"game","subsubtype":"jam","published":"2017-04-25T01:00:32Z","created":"2017-04-21T21:03:39Z","modified":"2017-05-01T17:40:13Z","version":74873,"slug":"the-world-within","name":"The World Within","body":"![Logo.png](///raw/8e1/z/3531.png)\n\nTake a trip through the many worlds inside our world and get your Space bar ready!\n\nhttps://zushidotomothe3dhero.itch.io/the-world-within\n\n\n\nA game made for the Ludum Dare 38, whose theme was \"A small world\".\n\n\n\n\n\nCredits:\n\nBruno Silva (Twitter: Zushi3DHero) : Art, programming, design\n\nDaniel Penão (Twitter: KatsugariSenpai) : Design\n\nPedro Matos (Twitter: jumperrormusic) : Music/SFX!","path":"/events/ludum-dare/38/the-world-within","parents":[1,5,9,9405],"meta":[],"link":{"author":[488]},"love":0,"notes":2,"notes-timestamp":"2017-05-03T22:38:05Z"}]}