{"status":200,"caller_id":0,"cached":[],"node":[{"id":16406,"parent":9405,"superparent":9,"author":14394,"type":"item","subtype":"game","subsubtype":"compo","published":"2017-04-24T01:09:41Z","created":"2017-04-21T22:03:26Z","modified":"2017-05-02T14:05:09Z","version":76539,"slug":"smol-wurld","name":"Rebuild.","body":"You are a god building a world so that tiny creatures can worship you and give you good feels.\nTry not to drain your Mana completely, and see how many points you can get before your 100 turns are up!\n\nUsed Tools:\nUnity3d\nInkscape\n\nWebGL and download can be found at \n\nhttps://trickster.itch.io/smallworld\n![2017-04-24 01_48_11-Unity 5.5.1f1 Personal (64bit) - Main.unity - LudumDare38 - PC, Mac & Linux Stan.png](///raw/a38/3/z/c39.png)\n\nIt's very easy to fail early on if you overspend mana, I would recommend getting some resource income by summoning a forest and a mountain, and focus on population growth early to get a mana income up to 10, at which point you can freely expand. A worked grassland tile next to a lake will create a farm, which increases your income. \nthere are several other buildings to discover. ","path":"/events/ludum-dare/38/smol-wurld","parents":[1,5,9,9405],"meta":{"grade-06-out":"1","grade-07-out":"1"},"link":{"author":[14394]},"love":0,"notes":8,"notes-timestamp":"2017-05-03T21:17:09Z"}]}