{"status":200,"caller_id":0,"cached":[],"node":[{"id":16362,"parent":9405,"superparent":9,"author":140,"type":"item","subtype":"game","subsubtype":"jam","published":"2017-04-25T01:00:51Z","created":"2017-04-21T21:59:29Z","modified":"2017-04-25T15:30:04Z","version":65869,"slug":"upgrade-your-world","name":"Upgrade your World","body":"![cover2.png](///raw/c8/z/25f3.png)\n\nIn this game, you play as a little alien man trying to make ends meet and provide a better life for his family. The goal is to increase the happiness bar to 100%.\n\n**Controls:**\n\n*Movement -* A/D *or* Arrow Keys\n\n*Jump -* Space\n\n**Download:**\n\n[Windows](https://owilson1101.itch.io/upgrade-your-world)\n\n*Aaand* here's a quick screenshot!\n\n![cover.png](///raw/c8/z/25f4.png)","path":"/events/ludum-dare/38/upgrade-your-world","parents":[1,5,9,9405],"meta":{"cover":"///content/c8/z/3b47.png"},"link":{"author":[140]},"love":0,"notes":3,"notes-timestamp":"2017-05-02T20:11:34Z"}]}