{"status":200,"caller_id":0,"cached":[],"node":[{"id":16728,"parent":9405,"superparent":9,"author":614,"type":"item","subtype":"game","subsubtype":"jam","published":"2017-04-25T00:38:01Z","created":"2017-04-21T22:29:33Z","modified":"2017-05-03T13:10:52Z","version":77757,"slug":"chroma","name":"Chroma","body":"![header.png](///raw/662/z/3c66.png)\n\n## DESCRIPTION\nThere has been an awakening on the moon of Juovis... An army is rising, commanded by a strong force they call ‘The Guardian’ - Disciple of Astro.\n\nHe will use his army to destroy the planet Oarus, then conquer the solar system!\n\nYou, a complete badass, called to arms and fought the invasion, until they captured you, and locked you in a space prison orbiting around the moon.\n\nLocking you up was a bad idea, and you’re thirsty for revenge.\n\nIn Chroma you’ll fight through hordes of enemies, to find The Guardian and kill him, taking back the freedom that’s yours!\n\n\n\n## AUTHORS\n* *Megalink* - Code and Art.\n\n* *Zyro* - Code and Art.\n\n* *Bonecrusher* - Art.\n\n* *Jackass* - Art and Music.\n\n\n\n## LINKS\n* Download: http://gamejolt.com/games/chroma/252054\n* Soundtrack: https://soundcloud.com/jackassmusic/chromamind\n\n\n![20170425104317_1.jpg](///raw/662/z/388f.jpg)\n\n![20170425104456_1.jpg](///raw/662/z/2037.jpg)","path":"/events/ludum-dare/38/chroma","parents":[1,5,9,9405],"meta":{"cover":"///content/662/z/386e.png"},"link":{"author":[614]},"love":0,"notes":12,"notes-timestamp":"2017-05-04T05:07:38Z"}]}