{"status":200,"caller_id":0,"cached":[],"node":[{"id":16345,"parent":9405,"superparent":9,"author":5443,"type":"item","subtype":"game","subsubtype":"compo","published":"2017-04-23T20:45:06Z","created":"2017-04-21T21:57:44Z","modified":"2017-04-26T19:54:03Z","version":68573,"slug":"planet-defense","name":"Planetary Defense","body":"![title_card.png](///raw/345/1/z/bd6.png)  \n# THE ZORGONS INVADE\n\nYou are *J'kl'ughva*, god of a small planet in the eastern region of the *Klup-Klup* galaxy. Your ancient enemy, *Cenedict Bumberbatch*, has sent an evil cloud of *Zorgons* to destroy your home. Engage in ***Planetary Defense*** and fight off the *Zorgons* with your *Zinglebum* towers! But beware, the supply is limited - you'll have to employ tactical repositioning to survive the onslaught. Godspeed!\n\n# GAMEPLAY\n\nTo move around the planet, hold down left click. Place a tower by clicking on the icon in the bottom left, and then clicking on the planet where you want it to be placed. Right-click on a tower to pick it back up. The number in the top-right is how many towers you have left to place down. This will increase as time goes on.  \n\nThe planet can take three Zorgon hits before it is destroyed. The Zorgons will speed up and spawn more frequently as time goes on. Survive for as long as you can, and post your best time in the comments!\n\n![Capture.PNG](///raw/345/1/z/e79.png)\n\n# TOOLS USED\n- Simple Fast Multimedia Library (SFML) in C++  \n- Visual Studio  \n- Emacs  \n- Paint.NET  \n- BFXR  \n- Ableton Live  \n\nFont is Inconsolata  \nTitle card font is Bebas Neue\n\nUntil PoV gets links working, here's where you can find my game and source:  \nhttps://github.com/pixlark/LD38 (go to releases and download the zip for your system)  \n**FYI:** *I've had people not realize this, so I'm putting it next to the download link too - you can* **pick up** *the towers using* **right-click.** *The idea is to be constantly picking up and replacing towers to fend off the Zorgons.*\n\n# HALL OF ZINGLEBUMMERS\nMy current record is 66 seconds. If anyone can provide a screenshot of them beating that, I'll put you up here!\n\n** Misc **  \nI'm new to SFML so don't take my code as some sort of guide on how to structure SFML games. Feel free to take it as a guide on how **not** to structure them though, I'm sure it will do great in that role.","path":"/events/ludum-dare/38/planet-defense","parents":[1,5,9,9405],"meta":{"cover":"///content/345/1/z/36b9.png"},"link":{"author":[5443]},"love":0,"notes":4,"notes-timestamp":"2017-05-01T14:51:55Z"}]}