{"status":200,"caller_id":0,"cached":[],"node":[{"id":15261,"parent":9405,"superparent":9,"author":351,"type":"item","subtype":"game","subsubtype":"jam","published":"2017-04-24T13:28:52Z","created":"2017-04-21T20:40:15Z","modified":"2017-04-24T13:28:52Z","version":49339,"slug":"her-world","name":"Her World","body":"** HER WORLD **\n\n![logo.png](///raw/f51/z/11ca.png)\n\nThis should be a compo game, but because of the time, I had to send it as a Jam game, but I've did everything.\nWas my first 3D game with Unity, and I had a lot of problems with Physics and such.\n\n## Instructions\nKeep the cubs alive, calling them to eat, sleep and play.\n\n- WASD - Movement\n- Space - To Roar\n\n## Description\nThe cubs are getting bigger, and they are already leaving the shelter.\nYou play as their mom, and it's your job to keep the cubs alive, in their small world.\n\nTo do that, you will need to send them to eat, to rest and to play.\n\nIn the mean time, you will need to fish to keep the food supply, and search for new toys.\n\n( There's no end game. If you cubs dies, please close the game.  =) )\n\n## Tools\n* Unity3D\n* Visual Studio\n* MagicaVoxel + VoxToUnity plugin\n* Audacity\n* Iphone Microphone\n* http://www.fakemusicgenerator.com/\n\n## Links\n* **WEBGL** http://robertocaetano.com/ld38\n* **SOURCE CODE** http://robertocaetano.com/ld38/source.zip","path":"/events/ludum-dare/38/her-world","parents":[1,5,9,9405],"meta":{"cover":"///content/f51/z/36f6.png"},"link":{"author":[351]},"love":0,"notes":4,"notes-timestamp":"2017-05-01T10:40:08Z"}]}