{"status":200,"caller_id":0,"cached":[],"node":[{"id":15484,"parent":9405,"superparent":9,"author":11708,"type":"item","subtype":"game","subsubtype":"compo","published":"2017-04-23T23:34:13Z","created":"2017-04-21T20:53:25Z","modified":"2017-05-02T21:37:23Z","version":77117,"slug":"colorfly","name":"Colorfly","body":"![cover.png](///raw/cbd/2/z/8c0.png)\n\n# Screenshots\n![screen1s.png](///raw/cbd/2/z/8c2.png)![screen2s.png](///raw/cbd/2/z/8c3.png)![screen3s.png](///raw/cbd/2/z/8c6.png)\n\n# Description\nThe journey of a small butterfly trying to bring color to the universe.\n\nThis is my first completed game ever (and my first participation in the Ludum Dare). I spent most of the time working on the music, so the gameplay is pretty basic. I tried to make up for it by making the game a small textless adventure that can be completed in one go.\n\nBut don't forget: The end is inevitable.  \n  \nHave fun!\n\n\n# Misc  \nSince you all liked the music so much, I decided to record myself playing the two piano songs from the game on my keyboard. Please enjoy.  \n\nhttps://www.youtube.com/watch?v=7Oz_u4Oj5WM\n\n# Links\n**Game & OST**:\nhttps://soulforge.itch.io/colorfly\n\n**Source Code**:\nhttps://github.com/DVonk/Colorfly \n  \n# Contact  \n**Mail**:\ndvonk1991@gmail.com","path":"/events/ludum-dare/38/colorfly","parents":[1,5,9,9405],"meta":{"cover":"///content/cbd/2/z/318a.png","grade-07-out":"1"},"link":{"author":[11708]},"love":0,"notes":103,"notes-timestamp":"2017-05-04T05:37:08Z"}]}