{"status":200,"caller_id":0,"cached":[],"node":[{"id":16107,"parent":9405,"superparent":9,"author":13103,"type":"item","subtype":"game","subsubtype":"jam","published":"2017-04-25T00:46:38Z","created":"2017-04-21T21:37:46Z","modified":"2017-04-25T00:46:38Z","version":58661,"slug":"conquestthehouse","name":"ConquestTheHouse","body":"Hey!!!\n\nI made a strategy game inspired in the famous board game Risk.\n\nThis is the link of the game: https://drive.google.com/drive/folders/0B9YEm4H8fz_jc0Z4VGFqMlNwU3c?usp=sharing\n\n\nThis is made with Unity3d.\n\n\nThanks in advance, guys!!!","path":"/events/ludum-dare/38/conquestthehouse","parents":[1,5,9,9405],"meta":[],"link":{"author":[13103]},"love":0,"notes":0}]}