{"status":200,"caller_id":0,"cached":[],"node":[{"id":15683,"parent":9405,"superparent":9,"author":88,"type":"item","subtype":"game","subsubtype":"compo","published":"2017-04-24T01:47:26Z","created":"2017-04-21T21:04:26Z","modified":"2017-04-24T06:10:37Z","version":47595,"slug":"beetle-archaeologist","name":"Beetle Archaeologist","body":"![Screenshots1.png](///raw/85/z/f16.png)\n![Screenshots2.png](///raw/85/z/f18.png)\n\nGame in which you control a bug finding treasures around his land.\n\nLinks:\n\n[Web](https://kalkatos.itch.io/beetle-archaeologist)\n\n[Source](https://www.dropbox.com/s/mficbjytz9cpfh0/Beetle_v0.0.2.zip?dl=0)","path":"/events/ludum-dare/38/beetle-archaeologist","parents":[1,5,9,9405],"meta":{"cover":"///content/85/z/38ad.png"},"link":{"author":[88]},"love":0,"notes":5,"notes-timestamp":"2017-05-03T21:19:22Z"}]}