{"status":200,"caller_id":0,"cached":[],"node":[{"id":15740,"parent":9405,"superparent":9,"author":9629,"type":"item","subtype":"game","subsubtype":"jam","published":"2017-04-25T00:56:46Z","created":"2017-04-21T21:08:13Z","modified":"2017-05-01T17:15:57Z","version":74808,"slug":"planet-hopper-1","name":"Planet Hopper","body":"**Disclaimer**: Many features I didn't get to implement, including putting up a proper game so this is more like prototype of a planet walking and planet-to-planet jumping mechanic. But it was fun making it :-) and I will continue to make this into a proper game-prototype in the following weeks.\n\n## Links to game:\n* [**Play in browser** (WebGL)](http://mihnescu-ldjam38.netlify.com/) (might take about 30s to load, hosting is not that great)\n* [**Sources**](https://drive.google.com/open?id=0BzDWzEIsMVuJYkNWVTBtOTZ6ZDQ)\n* [**Download Standalone**](https://drive.google.com/open?id=0BzDWzEIsMVuJQzdIcmhDUC02VFk)\n\n![planethopperld38.PNG](///raw/d95/2/z/1d4c.png)\n\n## Very short description:\n- Small floating vehicle navigates small spherical worlds\n- It can go around it really quickly\n- Main Objective: Find the monolith\n- Collect energy to jump to the neighboring planets, the last planet has the monolith\n\n## Issues:\n- No proper sign & feedback for the user, player is not told what to do so **do read the text in the start menu**\n- Energy mechanic was not fleshed out, including respawning of energy cells, so there is no energy requirement for jumping\n- No proper progression and LD, just some planets put together fast to make it playable\n- Glitchy when jumping (sometimes) and you might get stuck into a planet. just try and move around to unstuck or refresh the game.\n- You cannot access the MAINMENU without finishing the game.\n\n","path":"/events/ludum-dare/38/planet-hopper-1","parents":[1,5,9,9405],"meta":{"cover":"///content/d95/2/z/3159.png","grade-06-out":"1"},"link":{"author":[9629]},"love":0,"notes":1,"notes-timestamp":"2017-05-01T20:16:01Z"}]}