{"status":200,"caller_id":0,"cached":[],"node":[{"id":15555,"parent":9405,"superparent":9,"author":8268,"type":"item","subtype":"game","subsubtype":"jam","published":"2017-04-25T02:12:31Z","created":"2017-04-21T20:57:00Z","modified":"2017-04-25T02:34:12Z","version":62486,"slug":"revenge-of-the-bugs","name":"Revenge of the Bugs","body":"![ROTB_POSTER.jpg](///raw/c40/2/z/217d.jpg)\n\nWe kicked their asses once, but now they're back. Strategically build satellites and moon bases to increase your galactic might, and defend our measly world from the cosmic alien bugs descending upon it. Survive 13 waves of enemies and feel good about yourself! (Seriously this might be pretty hard.)\n\nCode:\nRukinom\nhttps://ldjam.com/users/rukinom/\n\nNexrem\nhttps://ldjam.com/users/nexrem/\n\nArt:\nAssaultCommand\nhttps://ldjam.com/users/assaultcommand/\n\nMusic:\nNeon Mitsumi\nhttps://ldjam.com/users/neon-mitsumi \nhttps://www.youtube.com/user/NeonMitsumi\n\n\nGameplay Video: https://youtu.be/p7nRyHN_is0\n\nSource\nGitHub: https://github.com/Rukinom/LG38\n\nBuilds\nWindows: https://mega.nz/#!vsJGCCyZ!VVscuA0L1W-5fwwzf36LzT1_odCL2uYbLwji3DHDCZ8\n\nLove: https://mega.nz/#!j9pHwLDL!KRCoJl9U4-r0Y7ddpjjSv6XeCWBm8LH7KWdGT-NvoKA","path":"/events/ludum-dare/38/revenge-of-the-bugs","parents":[1,5,9,9405],"meta":[],"link":{"author":[8268]},"love":0,"notes":1,"notes-timestamp":"2017-05-01T17:31:03Z"}]}