{"status":200,"caller_id":0,"cached":[],"node":[{"id":16108,"parent":9405,"superparent":9,"author":1804,"type":"item","subtype":"game","subsubtype":"jam","published":"2017-04-25T00:45:39Z","created":"2017-04-21T21:37:49Z","modified":"2017-04-25T00:45:39Z","version":58606,"slug":"boombsteroids","name":"Boombsteroids","body":"![random.png](///raw/c07/z/1d14.png)\n\nHey! Time's almost up! You have to defend the 4 asteroids of your personal piece of universe, that's your home! That's your small world, and its all your world. Zombie waves will arrive to try to destroy it!\n\nInstructions also inside the game in the pause menu:\nCONTROLS:\n\nA + D: Lateral Movement\nW: JetPack\nSpacebar: Alternate through worlds\nMouse: Aim\nClick: Shoot\n\nLINKS: https://drive.google.com/file/d/0BwBmM4sInOy7Tl9qYVJoN2VVcGc/view?usp=sharing\n\n![random2.png](///raw/c07/z/1d1a.png)","path":"/events/ludum-dare/38/boombsteroids","parents":[1,5,9,9405],"meta":[],"link":{"author":[1804]},"love":0,"notes":0}]}