{"status":200,"caller_id":0,"cached":[],"node":[{"id":16594,"parent":9405,"superparent":9,"author":2451,"type":"item","subtype":"game","subsubtype":"jam","published":"2017-04-24T21:03:06Z","created":"2017-04-21T22:18:14Z","modified":"2017-04-24T21:03:06Z","version":53430,"slug":"arthropoda","name":"Arthropoda","body":"Bring resources to your anthill to spawn more ants  \nTo win, you have to destroy the adverse anthill  \nUsing the buttons, you can spawn ants, next to your anthill  \n\nControls :\n- Use LEFT click to select your ant  \n- Use RIGHT click to make an action with your ant  \n- You can move the view with the mouse or the ARROWS  \n\n\n[Windows](https://github.com/Cmdu76/Arthropoda/releases/download/LD-Jam/Arthropoda.rar)  \n[Sources](https://github.com/Cmdu76/Arthropoda)  \n \n","path":"/events/ludum-dare/38/arthropoda","parents":[1,5,9,9405],"meta":[],"link":{"author":[2451]},"love":0,"notes":0}]}