{"status":200,"caller_id":0,"cached":[],"node":[{"id":15567,"parent":9405,"superparent":9,"author":45,"type":"item","subtype":"game","subsubtype":"compo","published":"2017-04-24T01:18:06Z","created":"2017-04-21T20:57:28Z","modified":"2017-05-04T02:12:07Z","version":78332,"slug":"for-the-love-of-money","name":"For The Love Of Money","body":"This game is in the style of the all 80's arcade platformers. There are 5 levels you need to get through to win the game. Some of the levels you may find hard, I can let you know that every level is possible to beat, and patience can be your friend :grinning:. \n\nNOTE: There are moving platforms in the game and your player will not just ride along. You need to keep moving or you will fall off the platform. This is not a bug, this was a design decision to give the game some difficulty.\n\nBeing hard does not make a game bad, there are plenty of triple A games out there that are excruciatingly much harder than this game is and you have to pay $60 for those! Mines free :grinning:\n\nNOTE2: How does my game connect with the theme? Easy... if you read the instructions you'll find out that the main character in the game loves money more than anything else in the world... so essentially money is your world, and that is ** A Small World ** \n\n# Controls\n--------\n\n**WASD | Arrow Keys | Joystick** to move\n\n**Space or A button** to Jump\n\n**O** to toggle options screen to raise/lower sound/music\n\n**ESC** to exit the game\n\n# Screenshots\n-----------\n![Title.png](///raw/d2/z/d51.png)\n![Game.png](///raw/d2/z/d56.png)\n\n# Download Links:\n---------------\n\n- **Source:**      https://github.com/KunoNoOni/ForTheLoveOfMoney\n\n- **Windows x86:** https://github.com/KunoNoOni/ForTheLoveOfMoney/blob/master/Builds/Windowsx86.rar\n\n- **Windows x64:** https://github.com/KunoNoOni/ForTheLoveOfMoney/blob/master/Builds/Windowsx64.rar\n\n- **Mac:**         https://github.com/KunoNoOni/ForTheLoveOfMoney/blob/master/Builds/Mac.rar \n** You will need to \"chmod +x Mac.app/Contents/MacOS/Mac\" once you unrar the file to get it to run **\n\n- **Linux:**       https://github.com/KunoNoOni/ForTheLoveOfMoney/blob/master/Builds/Linux.rar\n \n","path":"/events/ludum-dare/38/for-the-love-of-money","parents":[1,5,9,9405],"meta":{"cover":"///content/d2/z/3709.png"},"link":{"author":[45]},"love":0,"notes":42,"notes-timestamp":"2017-05-04T09:22:44Z"}]}