{"status":200,"caller_id":0,"cached":[],"node":[{"id":16226,"parent":9405,"superparent":9,"author":3030,"type":"item","subtype":"game","subsubtype":"compo","published":"2017-04-24T01:27:55Z","created":"2017-04-21T21:48:17Z","modified":"2017-04-24T15:31:24Z","version":50104,"slug":"a-world-of-death","name":"A World of Death!","body":"It's a world of slaughter, a world of tears\nIt's a world of death and a world of fears!\n\nHave you ever wanted to use an umbrella to smite demon dolls? Now's your chance buddy!\nIt uses pygame and pyopengl in the unlikely event you can run the source, but fear not, because I'll package it up for various platforms tomorrow.\n\n* **SOURCE CODE:** https://github.com/tompudding/world_of_death\n* **WINDOWS:** https://tompudding.itch.io/world-of-death\n* **LINUX:** https://tompudding.itch.io/world-of-death\n![wod1.jpg](///raw/6db/z/ca1.jpg)\n![wod2.jpg](///raw/6db/z/ccb.jpg)\n\n\n\n","path":"/events/ludum-dare/38/a-world-of-death","parents":[1,5,9,9405],"meta":[],"link":{"author":[3030]},"love":0,"notes":2,"notes-timestamp":"2017-05-02T00:51:35Z"}]}