{"status":200,"caller_id":0,"cached":[],"node":[{"id":15440,"parent":9405,"superparent":9,"author":192,"type":"item","subtype":"game","subsubtype":"compo","published":"2017-04-24T01:08:45Z","created":"2017-04-21T20:51:06Z","modified":"2017-05-03T10:31:42Z","version":77618,"slug":"its-a-small-world-4","name":"It's a Small World","body":"![Game cover](///content/0c/z/327c.png)\n\n> This is such a small world, right?\n>\n> How many times have you been surprised by stumbling upon a friend or acquaintances on an unexpected place?\n>\n> This \"game\" is about that. About uncovering unexpected connections.\n\nThe game is currently quite brief, with only one connection. I preferred to stop it at that and add music, sound effects and a \"proper\" ending than to try to shove content and fail to add any of those.\n\n\n## Controls\n\n**Move** with arrows keys, WASD, ZQSD, gamepad's left analog stick.\n\n**Jump** or **interact** with stuff with up, W, A, enter key or button 'A'.\n\n\n## Links\n\n* [Download for Windows 64](https://github.com/SirGFM/ld38/releases/download/v1.0.0.a/gfm_ld38_its_a_small_world_win64.zip)\n* [Download for Windows 32](https://github.com/SirGFM/ld38/releases/download/v1.0.0.a/gfm_ld38_its_a_small_world_win32.zip)\n* [Download for Linux 64](https://github.com/SirGFM/ld38/releases/download/v1.0.0.a/gfm_ld38_its_a_small_world_linux64.tar.gz)\n* [Download for Linux 32](https://github.com/SirGFM/ld38/releases/download/v1.0.0.a/gfm_ld38_its_a_small_world_linux32.tar.gz)\n* [Source Code](https://github.com/SirGFM/ld38/tree/v1.0.0.a)\n* **[Timelapse](https://youtu.be/macOZQo9QfY)**\n\n\n## Tools\n\n* **Language:** C\n* **Library:** [GFraMe](https://github.com/SirGFM/GFraMe) (2.4.1)\n* **Music:** [c_synth](https://github.com/SirGFM/c_synth) (1.0.2c)\n* **SFX:** sfxr/bfxr\n* **Editor:** Vim\n* **Tilemap editor:** Tiled\n* **Timelapse:** Chronolapse\n* **Image editor:** GIMP\n* **OS:** Ubuntu 14.04\n* **Window manager:** [i3](https://i3wm.org/) **(first time using it on a LD!!)**\n\n## Changelog\n\n* **v1.0.0.e - 2017-05-03**\n    * Finish unfinished sentence.\n    * Modify game description to be within a quote-block\n    * **NOTE:** Only the page was modified\n* **v1.0.0.d - 2017-05-01**\n    * Re-add cover art to page\n        * I hadn't noticed that the cover image isn't displayed here...\n    * **NOTE:** Only the page was modified\n* **v1.0.0.d - 2017-05-01**\n    * Actually add a cover art the official way\n    * **NOTE:** Only the page was modified\n* **v1.0.0.c - 2017-04-30**\n    * Updated cover art\n    * **NOTE:** Only the page was modified\n* **v1.0.0.b - 2017-04-30**\n    * Add timelapse link\n    * **NOTE:** Only the page was modified\n* **v1.0.0.a - 2017-04-24**\n    * Rename game binary so it's not a generic `game`/`game.exe`.\n    * Fix name of packages\n    * Fix link to Window's build\n* **v1.0.0 - 2017-04-23**\n    * Initial version\n","path":"/events/ludum-dare/38/its-a-small-world-4","parents":[1,5,9,9405],"meta":{"cover":"///content/0c/z/327c.png"},"link":{"author":[192]},"love":0,"notes":9,"notes-timestamp":"2017-05-03T18:35:41Z"}]}