{"status":200,"caller_id":0,"cached":[],"node":[{"id":15537,"parent":9405,"superparent":9,"author":1195,"type":"item","subtype":"game","subsubtype":"compo","published":"2017-04-23T23:16:52Z","created":"2017-04-21T20:56:13Z","modified":"2017-04-23T23:18:00Z","version":40709,"slug":"super-epic-drama-adventure-quest-run-battle","name":"Super Epic Drama Adventure Quest Run Battle","body":"![splash.png](///raw/ba4/z/8a8.png)\n\nThe game is playable right there : https://meta-link.itch.io/sedaqrb !\n\nDescription coming soon!\n\n\n![Capture d'écran 2017-04-24 01.00.54.png](///raw/ba4/z/898.png)![Capture d'écran 2017-04-24 01.01.08.png](///raw/ba4/z/89a.png)![Capture d'écran 2017-04-24 01.01.11.png](///raw/ba4/z/89b.png)![Capture d'écran 2017-04-24 01.13.47.png](///raw/ba4/z/89d.png)","path":"/events/ludum-dare/38/super-epic-drama-adventure-quest-run-battle","parents":[1,5,9,9405],"meta":{"cover":"///content/ba4/z/39f4.png"},"link":{"author":[1195]},"love":0,"notes":1,"notes-timestamp":"2017-05-02T19:21:12Z"}]}