{"status":200,"caller_id":0,"cached":[],"node":[{"id":16102,"parent":9405,"superparent":9,"author":26,"type":"item","subtype":"game","subsubtype":"compo","published":"2017-04-24T01:33:09Z","created":"2017-04-21T21:37:33Z","modified":"2017-04-25T23:34:58Z","version":67136,"slug":"escape-the-world-1","name":"Escape The World","body":"![Capture.PNG](///raw/a1/z/12ba.png)\n\n## Walkthrough if you're stuck\n\nhttps://www.youtube.com/watch?v=FgkQZiK2gd4&feature=youtu.be\n## Instructions\n\n**Escape The World** is a puzzle game where you must try to escape the small world. The idea was born out of a small puzzle world.\n\nI thought, what would  happen if you had a puzzle game where you could escape a small world, then it became this.\n\nThere are multiple colors, you only control one at a time (with WASD), and hit space to switch. You can use blocks to stop you.\n\nThere are sadly only 7 levels, but they are pretty good, so hope you like them.\n\nThis is my 9th LD, 2nd Compo. Thanks for playing! Hope you enjoy, and good luck!\n\n\n## Links\n* **Windows/Mac/Linux/Jar:** http://ajayinkingston.com/LD%20games/ld38/EscapeTheWorld.jar\n* **SOURCE CODE:** http://ajayinkingston.com/LD%20games/ld38/LD38-src.zip\n* **TIMELAPSE:** https://www.youtube.com/watch?v=UDj-huIeaH4\n\n## Hope You Enjoyed The Game!\n\n## Screenshots\n![ld38screenshot.PNG](///raw/a1/z/1cdf.png)\n\n![ld38screenshot2.PNG](///raw/a1/z/1ce0.png)","path":"/events/ludum-dare/38/escape-the-world-1","parents":[1,5,9,9405],"meta":{"cover":"///content/a1/z/336c.png"},"link":{"author":[26]},"love":0,"notes":9,"notes-timestamp":"2017-05-02T14:31:38Z"}]}