{"status":200,"caller_id":0,"cached":[],"node":[{"id":15800,"parent":9405,"superparent":9,"author":8257,"type":"item","subtype":"game","subsubtype":"jam","published":"2017-04-24T21:34:13Z","created":"2017-04-21T21:11:52Z","modified":"2017-04-26T10:27:46Z","version":67905,"slug":"impact-risk","name":"Impact Risk","body":"Epic Game!!!!\n\nThat's what we did in 72 hours!!!!\n\nWe went to sleep, and you see what happened! \n\nLong live Belarus!\nhttps://www.google.by/maps/place/%D0%91%D0%B5%D0%BB%D0%B0%D1%80%D1%83%D1%81%D1%8C/@53.6330885,23.4928052,6z/data=!3m1!4b1!4m5!3m4!1s0x46da2584e2ad4881:0xa1d181ec8c10!8m2!3d53.709807!4d27.953389\n\nDescription:\n\nSelect resolution 1024x768\n\n3D Space Sci-Fi survival horror.\n\nControl: WASD + Look with the mouse. Space - Works like a inpulse if you stand in a tight to the wall. The longer the space is pressed, the stronger the jolts.\n\nYou are an astronaut on a space station that crashes. You must have time to escape before you run out of oxygen and life. Oxygen blue strip. Life is red.\nFirst, oxygen is spent, then life.\nWhen stalking with objects, life is taken away.\nOxygen and life can be replenished by picking up first-aid kits and oxygen bolons.\nOxygen is also spent for control on the WASD (control of the jet pack).\n\n![i1^pimgpsh_mobile_save_distr.jpg](///raw/140/2/z/169b.jpg)\n\n![i2^pimgpsh_mobile_save_distr_2.jpg](///raw/140/2/z/1710.jpg)\n\n![i3^pimgpsh_mobile_save_distr_3.jpg](///raw/140/2/z/1711.jpg)\nBild (Windows, ZIP-archive, please select resolution 1024x768):\nLink to google disk^\nhttps://drive.google.com/open?id=0B1PENZs2KpJkU0d4RnVrdmxRM0E","path":"/events/ludum-dare/38/impact-risk","parents":[1,5,9,9405],"meta":[],"link":{"author":[8257,7716,22421]},"love":0,"notes":0}]}