{"status":200,"caller_id":0,"cached":[],"node":[{"id":15224,"parent":9405,"superparent":9,"author":11123,"type":"item","subtype":"game","subsubtype":"jam","published":"2017-04-25T00:35:22Z","created":"2017-04-21T20:37:05Z","modified":"2017-05-03T10:13:42Z","version":77608,"slug":"cat-adventures-game","name":"Cat's adventures game","body":"![ezgif-1-5288bb4626.gif](///raw/37b/2/z/1c93.gif)\n\n* Made in D programming language!\n\n* Used [voxelman](https://github.com/MrSmith33/voxelman) as engine.\n\n* Did tremendous progress on 2d rendering in my engine in those 3 days.\n\n* Made sexy animated walk animation.\n\n* Did basic character movement.\n\n* Used _aseprite_ for pixelart.\n\n* No sound or music though.\n\nP.S. Not a full game, but totally worth the effort.\n\n\n\n__LINKS__\n* [Source](https://github.com/MrSmith33/ludumdare38)\n\n* [Download Win64](https://github.com/MrSmith33/ludumdare38/releases/tag/v1.0)\n\n* [Twitter](https://twitter.com/MrSmith33)","path":"/events/ludum-dare/38/cat-adventures-game","parents":[1,5,9,9405],"meta":{"grade-06-out":"1","cover":"///content/37b/2/z/3c2e.png"},"link":{"author":[11123]},"love":0,"notes":1,"notes-timestamp":"2017-05-02T13:37:13Z"}]}