{"status":200,"caller_id":0,"cached":[],"node":[{"id":16143,"parent":9405,"superparent":9,"author":16113,"type":"item","subtype":"game","subsubtype":"compo","published":"2017-04-23T21:45:14Z","created":"2017-04-21T21:40:53Z","modified":"2017-04-23T21:45:14Z","version":39037,"slug":"ahoy-the-small-world-of-captain-seastruck","name":"Ahoy! The small world of Captain Seastruck!","body":"CLICK TO SHOOT WITH THE HARPOON!\n\nFollow Captain Seastruck's journey in the seas as he has to keep his supplies up and his fish as prey. Use the harpoon to attack the fish and keep them from eating your supplies. When the supplies run out, it's game over!\n\nCONTROLS:\nW/Up Arrow = Accelerate\nS/Down Arrow = Reverse\nMove with the mouse\nClick to shoot with the harpoon!\n\nPlay The Game on Mac only here:\nhttps://www.dropbox.com/s/nkeggvlr0z2xkk1/Ahoy%21%20The%20Small%20World%20of%20Captain%20Seastruck....app.zip?dl=0\n","path":"/events/ludum-dare/38/ahoy-the-small-world-of-captain-seastruck","parents":[1,5,9,9405],"meta":[],"link":{"author":[16113]},"love":0,"notes":1,"notes-timestamp":"2017-05-03T04:17:06Z"}]}