{"status":200,"caller_id":0,"cached":[],"node":[{"id":15897,"parent":9405,"superparent":9,"author":707,"type":"item","subtype":"game","subsubtype":"jam","published":"2017-04-25T01:54:17Z","created":"2017-04-21T21:19:26Z","modified":"2017-05-03T11:21:11Z","version":77651,"slug":"six-degrees-of-separation-between-me-and-the-party","name":"Six Degrees of Separation Between Me and the Party","body":"There is a theory called Six Degrees of Separation according to which all living things and everything else in the world are six or fewer steps away from each other. The world is small they say and these two kids want to put the theory in action.\n\n![screenshot1.png](///raw/3c2/z/23ab.png)\n\n## Links to this narrative adventure:\n* **Original Jam Version (Windows):** https://axoona.itch.io/six-degrees-of-separation-between-me-and-the-party\n* **Version 1.0.1 (Windows+Mac):** https://axoona.itch.io/six-degrees-of-separation-between-me-and-the-party\n* **Version 1.1.3 (WebGL):** http://www.newgrounds.com/portal/view/692649\n* **Release notes version 1.1.3 (WebGL):** https://drive.google.com/file/d/0B2JbjuxkCv-weGdWdFh2bkpxS28/view?usp=sharing\n* **Walkthrough:** http://www.axoona.net/2017/05/02/six-degrees-of-separation-between-me-and-the-party-walkthrough/\n\nAlthough the WebGL version is not significantly different from original, please read the release notes for details on what was changed/added. Release notes of version 1.0.1 are downloadable with the game.\n\nSome endings may be tricky to get but please try not to look at the walkthrough before tring to beat the game by yourself ;)","path":"/events/ludum-dare/38/six-degrees-of-separation-between-me-and-the-party","parents":[1,5,9,9405],"meta":{"grade-06-out":"1","cover":"///content/3c2/z/3c3e.png"},"link":{"author":[707]},"love":0,"notes":16,"notes-timestamp":"2017-05-03T08:20:16Z"}]}