{"status":200,"caller_id":0,"cached":[],"node":[{"id":16507,"parent":9405,"superparent":9,"author":16485,"type":"item","subtype":"game","subsubtype":"jam","published":"2017-04-25T00:20:47Z","created":"2017-04-21T22:10:57Z","modified":"2017-04-26T16:31:24Z","version":68313,"slug":"my-land","name":"My Land","body":"\n\nMy Land is a small space game about not being hungry and deflecting bombs with a shield.\n\nIt is also my first Ludum Dare game! Whoo!\n\nDownload game here: http://gamejolt.com/games/lamadirtyhaha/252069\n\nDownload source here: https://drive.google.com/open?id=0BzHzBu6mczpZcHBYTHRVdkJIR0k","path":"/events/ludum-dare/38/my-land","parents":[1,5,9,9405],"meta":[],"link":{"author":[16485]},"love":0,"notes":0}]}