{"status":200,"caller_id":0,"cached":[],"node":[{"id":15998,"parent":9405,"superparent":9,"author":10734,"type":"item","subtype":"game","subsubtype":"jam","published":"2017-04-25T02:03:11Z","created":"2017-04-21T21:26:54Z","modified":"2017-04-25T02:53:19Z","version":62906,"slug":"resource","name":"RE:Source","body":"**RE:Source**  -  *Galaxy exploration game*\n\nExplore a galaxy of small worlds! Explore different landscapes and look for gems, resources and fuel for your ship!\n\n**DOWNLOAD**\n\nWindows: https://www.dropbox.com/s/ukox0e5nghvgkro/RE-Source.zip?dl=0\n\nWindows, Mac OS X, Linux Download: https://xisaac.itch.io/resource\n\n\n\n**Images**\n![Cover.png](///raw/ee9/2/z/2124.png)\n![Second.png](///raw/ee9/2/z/2141.png)","path":"/events/ludum-dare/38/resource","parents":[1,5,9,9405],"meta":[],"link":{"author":[10734,10762]},"love":0,"notes":1,"notes-timestamp":"2017-05-02T13:52:31Z"}]}