{"status":200,"caller_id":0,"cached":[],"node":[{"id":16373,"parent":9405,"superparent":9,"author":11483,"type":"item","subtype":"game","subsubtype":"jam","published":"2017-04-24T18:27:36Z","created":"2017-04-21T22:00:36Z","modified":"2017-05-02T00:43:17Z","version":75712,"slug":"the-space-explorer","name":"The Space Explorer","body":"![print_1.png](///raw/bdc/2/z/1420.png)\n\n![print_3.png](///raw/bdc/2/z/1422.png)\n\n![print_5.png](///raw/bdc/2/z/1424.png)\n\n* **Description:**\n\nYou're an astronaut who crashed into an unknown small world, and now you have to find a way out of there.\n\n\n* **Languages a vailable:**\n\nPortuguese (BR) and English (US).\n\n\n* **My Notes for you about the jam:**\n\nI'm very excited with my game! This LD was THE BEST LD ever! In my game, I made all the textures, code and models from scratch, and I'm happy with the result (and my friend, Eric, made all the musics from scratch too!). For the first time in my Game Dev Journey, I've implemented CutScenes in the game.\nI Hope you enjoy! :D\n\n## Links\n* **Windows (32bits) download:** https://mega.nz/#!dFYV3CDT!hT5UWy-mTnXk3pRD476YaIxdTYLPpKT9EA-MCWELa30\n* **Windows (64bits) download:** https://mega.nz/#!QZZVyQII!vQVi5FMsNWEi0xydJuWfPfMR80KCF5vpxMV3zNYsShA\n\n* **My Youtube channel (LD38 timelapse soon):** https://www.youtube.com/UnidayStudio","path":"/events/ludum-dare/38/the-space-explorer","parents":[1,5,9,9405],"meta":{"cover":"///content/bdc/2/z/3773.png"},"link":{"author":[11483]},"love":0,"notes":23,"notes-timestamp":"2017-05-04T02:05:50Z"}]}