{"status":200,"caller_id":0,"cached":[],"node":[{"id":16736,"parent":9405,"superparent":9,"author":2244,"type":"item","subtype":"game","subsubtype":"jam","published":"2017-04-24T23:43:10Z","created":"2017-04-21T22:30:06Z","modified":"2017-05-03T19:08:35Z","version":78016,"slug":"the-small-worlds","name":"(Web) The Small Worlds","body":"![Screen1.PNG](///raw/4c8/z/1a62.png)\nThe Small Worlds is a minimalist physics game for LD38.\n\nYou goal is to crash all the planets (small worlds) into the sun by creating more planets.\n\n\nPress H to view controls ingame.\n\nWASD > Move Camera\n\nMouse Wheel > Zoom\n\nQ > Slow Down Time\n\nE > Speed Up Time\n\nR > Restart\n\nF > Quit\n\nClick & Drag to create planet.\n\nWhile Dragging, Use the Mouse Wheel To Make Planet Bigger/Smaller\n## [WebGL](http://lukethecoder64.github.io/LD38/Builds/Web1/index.html)\n## [Source](https://github.com/lukethecoder64/lukethecoder64.github.io/tree/master/LD38)","path":"/events/ludum-dare/38/the-small-worlds","parents":[1,5,9,9405],"meta":{"cover":"///content/4c8/z/35ab.png"},"link":{"author":[2244]},"love":0,"notes":3,"notes-timestamp":"2017-05-03T19:39:55Z"}]}