{"status":200,"caller_id":0,"cached":[],"node":[{"id":15178,"parent":9405,"superparent":9,"author":8349,"type":"item","subtype":"game","subsubtype":"jam","published":"2017-04-24T21:08:51Z","created":"2017-04-21T20:34:09Z","modified":"2017-04-24T21:08:51Z","version":53566,"slug":"asteroid-architect","name":"Asteroid Architect","body":"# Colonize an asteroid - create a sustainable ecosystem\n\n## Play here: [http://schweinstudios.se/asteroid_architect/](http://schweinstudios.se/asteroid_architect/)\n\nWeb based City builder / Puzzle game\n\nFind the code at [github](https://github.com/ironchestgames/ld38-a-small-world)\n\n## Build your colony\n![astro2.JPG](///raw/d90/2/z/16b8.jpg)\n\n## Find out how long the colony lasted\n![asteroid.JPG](///raw/d90/2/z/13c1.jpg)","path":"/events/ludum-dare/38/asteroid-architect","parents":[1,5,9,9405],"meta":{"cover":"///content/0c0/3/z/3add.png"},"link":{"author":[8349,12480,26686]},"love":0,"notes":7,"notes-timestamp":"2017-05-02T21:39:02Z"}]}