{"status":200,"caller_id":0,"cached":[],"node":[{"id":16131,"parent":9405,"superparent":9,"author":3639,"type":"item","subtype":"game","subsubtype":"jam","published":"2017-04-25T02:01:50Z","created":"2017-04-21T21:40:04Z","modified":"2017-04-25T02:47:15Z","version":62789,"slug":"prison-blues","name":"Prison Blues","body":"![cover.png](///raw/73e/z/21f5.png)\n\n![screenshot2.png](///raw/73e/z/2254.png)\n\n![screenshot1.png](///raw/73e/z/2155.png)\n\nStealth game\n\nControls:\n\nSPACEBAR - advance conversations\n\nLEFT/RIGHT/A/D - walk\n\nUP/DOWN/W/S - interact with objects\n\nR - retry level\n\nhttps://drury.itch.io/prison-blues","path":"/events/ludum-dare/38/prison-blues","parents":[1,5,9,9405],"meta":{"grade-05-out":"1","grade-06-out":"1","cover":"///content/73e/z/3127.png"},"link":{"author":[3639]},"love":0,"notes":12,"notes-timestamp":"2017-05-04T04:33:56Z"}]}