{"status":200,"caller_id":0,"cached":[],"node":[{"id":16151,"parent":9405,"superparent":9,"author":6607,"type":"item","subtype":"game","subsubtype":"jam","published":"2017-04-24T20:54:40Z","created":"2017-04-21T21:41:38Z","modified":"2017-04-24T20:56:06Z","version":53280,"slug":"flat-world-guardian","name":"Flat World Guardian","body":"![2017-04-24_16-43-57.png](///raw/fc9/1/z/1689.png)\n\nstop the evil cuboid king before he knocks you off the edge of your world.\n\nmove - left/right arrow\n\njump - up arrow\n\nZ - shoot\n\nR - restart level\n\ndownload link : https://foggysheep.itch.io/flat-world-guardian","path":"/events/ludum-dare/38/flat-world-guardian","parents":[1,5,9,9405],"meta":[],"link":{"author":[6607]},"love":0,"notes":1,"notes-timestamp":"2017-05-02T14:43:40Z"}]}