{"status":200,"caller_id":0,"cached":[],"node":[{"id":16072,"parent":9405,"superparent":9,"author":5083,"type":"item","subtype":"game","subsubtype":"compo","published":"2017-04-24T02:21:58Z","created":"2017-04-21T21:33:52Z","modified":"2017-04-26T03:51:10Z","version":67609,"slug":"bad-rng-1","name":"BAD RNG","body":"Its centipede but with an interesting twist. WASD to move. SPACE to shoot. Q drops a bomb. \nTry shooting the bomb when there is a big spider around ;)\n\n\n\n[Windows](https://drive.google.com/file/d/0B8N2fZB0vrjWeHBkZnczaUNzUkE/view?usp=sharing)\n[MAC](https://drive.google.com/file/d/0B8N2fZB0vrjWank4OWhoUXRFSXM/view?usp=sharing)\n[Source](https://github.com/pettipas/LD38.git)\n[Web GL at Itch](https://internetpaulicy.itch.io/bad-rng)\n\n![badrng.PNG](///raw/bd3/1/z/e52.png)\n![ingame_badrng.PNG](///raw/bd3/1/z/e53.png)\n\n","path":"/events/ludum-dare/38/bad-rng-1","parents":[1,5,9,9405],"meta":[],"link":{"author":[5083]},"love":0,"notes":6,"notes-timestamp":"2017-05-04T01:06:44Z"}]}