{"status":200,"caller_id":0,"cached":[],"node":[{"id":15962,"parent":9405,"superparent":9,"author":2503,"type":"item","subtype":"game","subsubtype":"jam","published":"2017-04-24T23:26:40Z","created":"2017-04-21T21:23:50Z","modified":"2017-04-24T23:26:40Z","version":56324,"slug":"planets-to-worlds","name":"Planets to Worlds","body":"https://joaosilva.itch.io/small-world\n\nFind me on Twitter @joaolssilva","path":"/events/ludum-dare/38/planets-to-worlds","parents":[1,5,9,9405],"meta":[],"link":{"author":[2503]},"love":0,"notes":1,"notes-timestamp":"2017-05-03T13:10:15Z"}]}