{"status":200,"caller_id":0,"cached":[],"node":[{"id":15786,"parent":9405,"superparent":9,"author":10525,"type":"item","subtype":"game","subsubtype":"jam","published":"2017-04-25T01:24:54Z","created":"2017-04-21T21:11:11Z","modified":"2017-04-30T23:34:40Z","version":72558,"slug":"plutus","name":"Plutus","body":"[![Plutus](https://www.youtube.com/watch?v=r7GDYj3W620.jpg)](https://www.youtube.com/watch?v=r7GDYj3W620 \"Plutus\")\n--------------------------------------\n\n:alien: **Start as a small planet known as Plutus gathering space debris to become the biggest celestial body in the known universe!** :satellite:\n\nThey say the \"rock\" you call home is too puny to count as a planet! Show the universe what a real planet is! Traverse the solar system using rocket boosters to guide your planet and absorb everything smaller than you in sight to increase it's mass. Consume various space debris, satellites and even OTHER PLANETS! Collect exciting power ups and avoid larger bodies and black holes in your mission to become the biggest and baddest planet around. Consume ALL the planets to win! Make them fear the name Plutus!\n\n----------------------------------------\n\n**Links:**\n- Download and Play - http://gamejolt.com/games/Plutus/252084\n- Source Code (Clickteam Fusion 2.5 MFA) - http://www.mediafire.com/file/941abh7h86q644a/Plutus.mfa\n\n(Note: We had a couple of last minute but major bug fixes - see notes on the gamejolt packages for details)\n\n----------------------------------------\n\n![ctrls.png](///raw/d19/2/z/290e.png)\n\n----------------------------------------\n\n**Voting Category Opt Out:**\n- Audio\n\nWe ended up using public domain SFX and MUSIC from the Sonnis audio packs from GDC. The PD song we used was an excerpt from a classical composition appropriately called \"From the New World\" (or symphony 9) by Antonin Dvorak.\n\nAll artwork and code is 100% original with the exception of one Public Domain font\n\n-----------------------------------------\n\nMade in Clickteam Fusion 2.5\n\nCreated by **Apostate Games**:\nhttp://www.apostategames.com/\n\n**Apostate Games is:**\n\n**Nathan Hicks** - Lead Developer/Programming\n\n**Jason Varnell** - Lead Artist\n\nWe hope you enjoy playing it as much as we enjoyed making it! :smile:\n\n--------------------------\n\n#ldjm #ludumdare #IWantToCreate #Plutus\n\n![uranus.png](///raw/d19/2/z/2221.png)\n\n--------------------\n\nAlso please check out our game currently on Steam Greenlight: http://steamcommunity.com/sharedfiles/filedetails/?id=872678368","path":"/events/ludum-dare/38/plutus","parents":[1,5,9,9405],"meta":{"grade-06-out":"1","cover":"///content/d19/2/z/3bb2.jpg"},"link":{"author":[10525,20248,21126]},"love":0,"notes":5,"notes-timestamp":"2017-05-03T21:48:50Z"}]}