{"status":200,"caller_id":0,"cached":[],"node":[{"id":16213,"parent":9405,"superparent":9,"author":9515,"type":"item","subtype":"game","subsubtype":"jam","published":"2017-04-25T00:54:55Z","created":"2017-04-21T21:47:25Z","modified":"2017-04-30T15:46:13Z","version":72188,"slug":"a-world-in-a-jar","name":"A World in a Jar","body":"### Have you ever wanted to grow your own small ecosystem in a glass bottle?\n\n**Now you can!** Just choose some soil, and seeds and let the magic happen. By using different soils and breeding seeds you can discover new plants. Your companion, the Plant-o-pedia, will give you hints and provide some random facts about the plants. (May not be scientifically accurate)  \n\n**Use your puzzle skills and complete the Plant-o-pedia!** :seedling:  \n\n### Download\n**Windows, Linux and Mac: [Itch.io](https://zeknir.itch.io/a-world-in-a-jar)**  \n(If Mac doesn't work, please let us know.)  \n\n### Opt-outs\nWe didn't create the sounds and music on our own, but used CC0 licensed files.  \n\n### Screenshots\n\n![Game.png](///raw/b25/2/z/1b11.png)  \n![UnlockNewFlower.png](///raw/b25/2/z/1b18.png)  \n![Plant-o-PediaAfterUnlock.png](///raw/b25/2/z/1b1a.png)  ","path":"/events/ludum-dare/38/a-world-in-a-jar","parents":[1,5,9,9405],"meta":{"grade-06-out":"1","cover":"///content/b25/2/z/30df.png"},"link":{"author":[9515,9516]},"love":0,"notes":13,"notes-timestamp":"2017-05-04T00:53:21Z"}]}