{"status":200,"caller_id":0,"cached":[],"node":[{"id":16741,"parent":9405,"superparent":9,"author":13572,"type":"item","subtype":"game","subsubtype":"jam","published":"2017-04-24T22:11:26Z","created":"2017-04-21T22:30:28Z","modified":"2017-04-24T22:54:22Z","version":55618,"slug":"world-garden","name":"World Garden","body":"We're pretty much done!?\n\nMy entry for the Ludum Dare Jam #38, themed \"A Small World\".\n\n\n![worldgardencover - Copy.png](///raw/405/3/z/189e.png)\n\n...Protect the precious small world!\n\n**Game links: **\n - [itch.io](https://gaogaotaiga.itch.io/worldgarden) \n - [GameJolt](http://gamejolt.com/games/worldgarden/252041) \n\nThe game is completely playable on browser and touch devices. Touch and drag anywhere on the screen to aim, double tap to bomb and kill all enemies on screen!\n\n\n![twscreen1.png](///raw/405/3/z/1882.png)\n\n\nPowerups will either give you a better shot type (or extend the duration of your current powerup) or give you an extra bomb, up to a maximum of 3. You can also just let them fall to the planet to regrow its health!\n\n\n![twscreen3.png](///raw/405/3/z/1887.png)\n\n\nTap on the tiny planet to pause the game. The World!\n\n\n\nDue to severe and unexpected restraints in the free version of Construct 2, the software I'm using, the game ended up being a lot more simple than I had planned, so for now it's just an arcade-ish thing. Go for a personal highscore!!\n\n\n![twscreen2.png](///raw/405/3/z/18a1.png)\n\n\nWhile I did much better than in my last jam, I am still not satisfied with the result thanks to Construct 2's constraints on free users, so I'm honestly not expecting much here. If, though, there's enough nice feedback (I mean I don't expect anyone to be excited for a \"full\" version of an arcade shooter) I might get hyped enough to migrate it to Game Maker or somewhere else and actually make it a bigger game.\n\nAnyways, hope you get a few minutes of fun out of this!\n\n\n\n\n\nMan I wish I could make music\n\n**The game will embed here when this works:**\n\nhttps://itch.io/embed-upload/455738?color=333333\n\nThank you and see you in the next JAM!!","path":"/events/ludum-dare/38/world-garden","parents":[1,5,9,9405],"meta":[],"link":{"author":[13572]},"love":0,"notes":3,"notes-timestamp":"2017-05-01T19:51:07Z"}]}