{"status":200,"caller_id":0,"cached":[],"node":[{"id":16119,"parent":9405,"superparent":9,"author":13546,"type":"item","subtype":"game","subsubtype":"jam","published":"2017-04-24T22:37:09Z","created":"2017-04-21T21:38:39Z","modified":"2017-04-28T06:47:17Z","version":70339,"slug":"the-wonky-wizard","name":"The Wonky Wizard","body":"![011.png](///raw/ae4/3/z/1895.png)\nYou play the Wonky Wizard. \nHe's had one to many beers... His world looks all crooked.\n\nThis does not prevent him from protecting the world from all evils that lie ahead.\n\nShoot everything that moves and grab the shiny things!\nShouldn't be too hard?\n\n### DOWNLOAD\n\n[Download The Wonky Wizard for Windows](http://bit.ly/TheWonkyWizard001)\n\n### Controls\n- WASD/QZSD/Arrows to move\n- Left mouse to shoot icicles.\n- Right mouse to shoot lightning.\n- Middle mouse shoots fireballs, hold and release\n\nHint: Different enemies types do not like the same spells.\n\n\n### Created for Ludum Dare Jam 38 By\n\n\nSimon Chuptys - Game Design, Art, Programming\n\nMichiel Huygen - Game Design, Art, Programming\n\nSpecial thanks to Jasper Hilven for his help on the sound effects and feedback.\n\n### Goodies\n\n![004.png](///raw/ae4/3/z/18ae.png)\n![005.png](///raw/ae4/3/z/18b9.png)\n![009.png](///raw/ae4/3/z/18b6.png)\n","path":"/events/ludum-dare/38/the-wonky-wizard","parents":[1,5,9,9405],"meta":{"grade-06-out":"1","cover":"///content/ae4/3/z/33f9.png"},"link":{"author":[13546]},"love":0,"notes":7,"notes-timestamp":"2017-05-03T12:40:34Z"}]}