{"status":200,"caller_id":0,"cached":[],"node":[{"id":16580,"parent":9405,"superparent":9,"author":6389,"type":"item","subtype":"game","subsubtype":"compo","published":"2017-04-24T01:36:29Z","created":"2017-04-21T22:17:34Z","modified":"2017-04-29T04:52:37Z","version":71152,"slug":"snake-on-a-plane","name":"Snake On A Plane","body":"(To be fair, the original Snake is on a plane, too.)  \n  \n![soaplogo.png](///raw/5f8/1/z/ccf.png)  \n    \n![soap2.png](///raw/5f8/1/z/2a3b.png)      \n  \n  \n**Controls:**  \nLeft Arrow turns 90° left  \nRight Arrow turns 90° right  \n  \nEvery time you run over a flashy thing  \nYou go a little **faster**,  \nYou grow a little **longer**,  \nand the game gets a little **harder**.  \n  \nYou may go through orbs of a different colour.  \nCrashing into an orb (not the flashy things) of similar colour is death (Press Enter to restart).  \n  \n  \nComment your high score! (Mine's ~~33~~ 39) \n  \n* **Download (Windows):** https://drive.google.com/file/d/0B1Aaz61BSeUDQkE5Rkg5R1pzVU0\n* **Source:** https://drive.google.com/file/d/0B1Aaz61BSeUDM1Itc3ZERndEdUk  \n  \nThere are a few bugs, but I don't think any of them are game-breaking:\n* Music stops at 14 points. Whoops.\n* Occasionally (rarely), it can take a few tries to get the flashy thing (keep trying, it'll work eventually)\n* Sometimes, orbs don't despawn. I don't think they'll kill ya, but I'm not promising anything...\n* You probably shouldn't be able to go off the grid. If you do, start over. Honour system.\n* Dying just freezes the game. Just like in real life. Press Enter to restart.  \n  \n-----------------------  \n  \nMade in 48 hours with:  \n[Godot](https://godotengine.org/)  \nPhotoshop  \nReason  \nAudacity  \n   \n[www.JadeCupMaidHands.com](http://www.JadeCupMaidHands.com)  \nhttps://twitter.com/SpaceDoubt__   \n  \n[If you play my game, I will play yours. Lex Talionis.]","path":"/events/ludum-dare/38/snake-on-a-plane","parents":[1,5,9,9405],"meta":{"cover":"///content/5f8/1/z/2f56.png"},"link":{"author":[6389]},"love":0,"notes":30,"notes-timestamp":"2017-05-03T12:45:10Z"}]}