{"status":200,"caller_id":0,"cached":[],"node":[{"id":15902,"parent":9405,"superparent":9,"author":1739,"type":"item","subtype":"game","subsubtype":"compo","published":"2017-04-24T01:38:59Z","created":"2017-04-21T21:19:50Z","modified":"2017-05-03T03:47:35Z","version":77433,"slug":"my-purpose","name":"My Purpose","body":"![Screenshot.png](///raw/bc6/z/d26.png)\n\nMy Purpose is an Space Shooter in 3D were you have to protect a little world form outsiders who want to destroy it.\n\nThanks for playing!\n\n1/5/2017 Edit: The Esc key wasn't working so I fixed it.\n\n2/5/2017 Edit: Added a Web version on the itch.io page.\n\nLinks:\n\nSite: https://maldo19.itch.io/my-purpose (Web version, has the Source, the game downloads, I recommend the desktop version)\n\nTwitter: http://twitter.com/maldo19\n\nTumblr:  maldo19.tumblr.com","path":"/events/ludum-dare/38/my-purpose","parents":[1,5,9,9405],"meta":{"cover":"///content/bc6/z/359b.png","grade-07-out":"1"},"link":{"author":[1739]},"love":0,"notes":20,"notes-timestamp":"2017-05-04T09:38:01Z"}]}