{"status":200,"caller_id":0,"cached":[],"node":[{"id":15798,"parent":9405,"superparent":9,"author":15787,"type":"item","subtype":"game","subsubtype":"jam","published":"2017-04-25T00:05:17Z","created":"2017-04-21T21:11:44Z","modified":"2017-04-25T00:29:17Z","version":58073,"slug":"runed-bones","name":"Runed Bones","body":"Download: http://www.mediafire.com/file/7qsabdek4lz1xya/RunedBones.zip\n\nDescription:\n4 player multi co-op top down hack and slash, with random generation\n\nControls:\nW - Up\nA - Left\nS - Down\nD - Right\nLeft mouse click - Attack\nRight mouse click - Dash\nMove mouse - Aim direction\n\nNotes:\nNetwork port is 7777\n\nMade by:\nJustin Hamm - https://github.com/Sethix\nTung Nguyen - https://github.com/tung362\n\n![Picture1.png](///raw/bad/3/z/1ba3.png)\n![Picture2.png](///raw/bad/3/z/1ba6.png)","path":"/events/ludum-dare/38/runed-bones","parents":[1,5,9,9405],"meta":[],"link":{"author":[15787]},"love":0,"notes":0}]}