{"status":200,"caller_id":0,"cached":[],"node":[{"id":15855,"parent":9405,"superparent":9,"author":657,"type":"item","subtype":"game","subsubtype":"compo","published":"2017-04-23T23:15:12Z","created":"2017-04-21T21:15:40Z","modified":"2017-04-25T18:01:23Z","version":66360,"slug":"the-flower-trade","name":"The Flower Trade","body":"**Game Page (Itch.io):** [The Flower Trade](https://lparkermg.itch.io/the-flower-trade)\n\n**Game Source (Github):** [Relatively large amount of source code](https://github.com/lparkermg/ludum-dare)\n\n_Welcome to The Flower Trade,_\n\n_A small game with no actual goals, it's just something with a slow pace with the intention to relax._\n\n_You can either grow your flowers and sell them to buy more seed or just sit back relax and listen to the music._\n\n![Screen Shot 2017-04-23 at 23.43.36.png](///raw/192/z/88d.png)\n![Screen Shot 2017-04-23 at 23.45.07.png](///raw/192/z/890.png)","path":"/events/ludum-dare/38/the-flower-trade","parents":[1,5,9,9405],"meta":{"grade-07-out":"1","cover":"///content/192/z/2f64.png"},"link":{"author":[657]},"love":0,"notes":0}]}