{"status":200,"caller_id":0,"cached":[],"node":[{"id":15866,"parent":9405,"superparent":9,"author":11186,"type":"item","subtype":"game","subsubtype":"jam","published":"2017-04-24T20:01:53Z","created":"2017-04-21T21:16:45Z","modified":"2017-05-01T13:26:52Z","version":74150,"slug":"escapist","name":"Escapist !","body":"Hello everyone !\nI'm proud to present you my first Jam game : Escapist !\n\n![header.png](///raw/2bb/2/z/1682.png)\n\nThe aim of this game is to escape from an island that will soon be submerged by the water.\nTo do this, you need to create a ship : the Escapist.\n\n![die.png](///raw/2bb/2/z/13a7.png)\n`Will your civilization espape from it's fateful destiny ?`\n\nTo do this, you will need to gather resources and expand your buildings.\n\n## Download\n\n[![download.png](///raw/2bb/2/z/332a.png)](http://gamejolt.com/games/escapist/251962)\n\n## Installation\n\nMy game is based on the Slick2D Java library. If you have java installed, you can run it easily.\nFor Linux users, you may have to install the openjfx lib that is not available directly with open-jdk !\n\n```shell\nsudo apt-get install openjfx\n```\n\nTo run the game on UNIX computers :\n\n```shell\njava -jar escapist.jar\n```\n\n## Controls\n\n* **Mouse + Click / Arrows** to select a zone\n* **[1]-[5]** to build\n* **[DEL]** to destroy a building\n* **[R]** restart the game\n* **[I]** information menu\n* **[P]** pause the game\n\n## Mechanics\n\n**Resources**\n\n| Icon                                    | Name       |\n|-----------------------------------------|------------|\n| ![pop.png](///raw/2bb/2/z/13bd.png)     | Population |\n| ![workers.png](///raw/2bb/2/z/13be.png) | Worker     |\n| ![food.png](///raw/2bb/2/z/13c0.png)    | Food       |\n| ![rock.png](///raw/2bb/2/z/13c3.png)    | Rock       |\n| ![log.png](///raw/2bb/2/z/13c4.png)     | Log        |\n\n**Buidlings**\n\nEvery building requires and provides resources. Some buildings have placement restrictions !\nBe carefull and don't let your buildings being submerged by the water !\n\n| Icon                                         | Name          |\n|----------------------------------------------|---------------|\n| ![build_house.png](///raw/2bb/2/z/13cb.png)  | House         |\n| ![build_farm.png](///raw/2bb/2/z/13cd.png)   | Farm          |\n| ![build_mine.png](///raw/2bb/2/z/13ce.png)   | Mine          |\n| ![build_woodman.png](///raw/2bb/2/z/13d1.png)| Woodman's hut |\n\n\n\nOnce you collected enough resources you can build your Escapist ship, and survive until the building is complete.\n\n![build_escapist.png](///raw/2bb/2/z/1590.png)\n`Escapist's building evolution`\n\n[Here's what the game looks like ! (GIF)](http://i.imgur.com/UePPYsc.gifv)\n\n\n## Credits\n\nAll the game have been created in Java using the [Slick2D](http://slick.ninjacave.com/) library.\n\nMy code is available on [Github](https://github.com/Number6406/LD38-Small-World) (it's pretty messy, don't hit me please :disappointed_relieved:)\n\nAll the resources have been created with my little hands / voice :heart:","path":"/events/ludum-dare/38/escapist","parents":[1,5,9,9405],"meta":{"cover":"///content/2bb/2/z/3282.png","grade-07-out":"1"},"link":{"author":[11186]},"love":0,"notes":5,"notes-timestamp":"2017-05-03T06:46:09Z"}]}