{"status":200,"caller_id":0,"cached":[],"node":[{"id":15807,"parent":9405,"superparent":9,"author":15643,"type":"item","subtype":"game","subsubtype":"jam","published":"2017-04-25T01:47:16Z","created":"2017-04-21T21:12:25Z","modified":"2017-04-25T01:47:16Z","version":60863,"slug":"social-anxiety-shopping","name":"Social Anxiety Shopping","body":"You're just trying to buy your groceries in peace, but the supermarket is filled with your old high school classmates.\n\nAvoid talking to them while picking up as many groceries as you can!\n\nUse WASD or arrow keys to move.\nThe next grocery to pick up will be glowing.\n\nJam version:\nVery much unfinished. It's about 70% complete for features and the level is 20% complete.\n\nPost-jam version:\nI'll try to release a more complete version (labeled as Post-Jam) in a few days if the new site will let me.","path":"/events/ludum-dare/38/social-anxiety-shopping","parents":[1,5,9,9405],"meta":[],"link":{"author":[15643]},"love":0,"notes":1,"notes-timestamp":"2017-05-01T07:28:26Z"}]}