{"status":200,"caller_id":0,"cached":[],"node":[{"id":15669,"parent":9405,"superparent":9,"author":12115,"type":"item","subtype":"game","subsubtype":"jam","published":"2017-04-25T00:57:42Z","created":"2017-04-21T21:03:38Z","modified":"2017-04-28T12:55:25Z","version":70610,"slug":"tiny","name":"TINY ","body":"\n![Animation.gif](///raw/35f/2/z/1f12.gif)\n\n**TINY**\n\n**Download Page** : **https://adventurjourney.itch.io/tiny** \n\n**Move houses and people to explore.**\n\n**Controls** : **X**, or **4** or (**gamepad A**) to move objects\n\n**Move** : **Arrows** or **WASD** or **ZQSD**\n\n**Enter House** : **Down** or **S**\n\nMade By **AdventurJourney** ( https://twitter.com/adventurjourney )\n!\n\nMusic & Sound by **Pixel-Boy** ( https://twitter.com/2Pblog1 )\n\n\n","path":"/events/ludum-dare/38/tiny","parents":[1,5,9,9405],"meta":[],"link":{"author":[12115]},"love":0,"notes":6,"notes-timestamp":"2017-05-04T07:30:51Z"}]}