{"status":200,"caller_id":0,"cached":[],"node":[{"id":15411,"parent":9405,"superparent":9,"author":15407,"type":"item","subtype":"game","subsubtype":"compo","published":"2017-04-23T21:35:03Z","created":"2017-04-21T20:49:02Z","modified":"2017-04-23T21:35:03Z","version":38830,"slug":"disturbed","name":"Disturbed","body":"A group of creative and professional men in a small isolate world fight for control of the bigger outer world, leaving everyone of the outside insane, with a real life consequence (and I mean REAL).\n\nAuthor's note: It was very hard for me to write this. I really cried writing it.\n\nPlay the game here: http://voidloopdisturbed.github.io/","path":"/events/ludum-dare/38/disturbed","parents":[1,5,9,9405],"meta":[],"link":{"author":[15407]},"love":0,"notes":0}]}