{"status":200,"caller_id":0,"cached":[],"node":[{"id":15953,"parent":9405,"superparent":9,"author":14301,"type":"item","subtype":"game","subsubtype":"jam","published":"2017-04-24T22:55:58Z","created":"2017-04-21T21:23:01Z","modified":"2017-04-24T22:55:58Z","version":55640,"slug":"clover-fields","name":"clover fields","body":"![itch_cover.png](///raw/dd7/3/z/1959.png)\n\na small experimental project - small armies in a small world, fighting it out over territory of a clover. \n\nbe sure to read the instructions on the itch.io page link below.\n\nall work is my own (including photo) - sfx provided free to use from soniss. \n\n# links\n- game download: https://jmakegames.itch.io/clover-fields\n- website: http://www.jmakegames.com/\n- twitter: https://twitter.com/jmakegames","path":"/events/ludum-dare/38/clover-fields","parents":[1,5,9,9405],"meta":[],"link":{"author":[14301]},"love":0,"notes":1,"notes-timestamp":"2017-04-25T00:12:47Z"}]}