{"status":200,"caller_id":0,"cached":[],"node":[{"id":16306,"parent":9405,"superparent":9,"author":12190,"type":"item","subtype":"game","subsubtype":"compo","published":"2017-04-23T20:46:43Z","created":"2017-04-21T21:54:16Z","modified":"2017-04-27T18:43:07Z","version":69732,"slug":"ld38-a-space-odyssey","name":"LD38: A Space Odyssey","body":"![ldCover.PNG](///raw/e9f/2/z/595.png)\n## Defend the sun against aliens that want to watch your universe burn.\nPlace buildings on different planets and build up an awesome defense in order to survive.\n\n## Controls:\n* **Mouse Left** - Focus planets, build stuff, navigate through menus\n* **Mouse Right** - Cancel your current action / Move back to the sun\n* **Mouse Wheel** - Zoom!\n* **Shift** - Build multiple buildings when having one selected\n\n## Download:\nhttps://www.dropbox.com/s/7nn8htrmf8bfvh4/LD38%20A%20Space%20Odyssey.rar?dl=0\n\n## Steam VOD:\nhttps://www.twitch.tv/videos/137203802\n\n![shot1.png](///raw/e9f/2/z/59d.png)\n![shot3.png](///raw/e9f/2/z/596.png)\n![shot2.png](///raw/e9f/2/z/59c.png)","path":"/events/ludum-dare/38/ld38-a-space-odyssey","parents":[1,5,9,9405],"meta":[],"link":{"author":[12190]},"love":0,"notes":2,"notes-timestamp":"2017-05-01T08:15:25Z"}]}