{"status":200,"caller_id":0,"cached":[],"node":[{"id":15579,"parent":9405,"superparent":9,"author":11852,"type":"item","subtype":"game","subsubtype":"jam","published":"2017-04-25T01:37:14Z","created":"2017-04-21T20:58:06Z","modified":"2017-05-01T19:47:02Z","version":75157,"slug":"miniverse","name":"Miniverse","body":"![tumblr_op9340FqgC1soxjh9o1_1280.gif](///raw/c4e/2/z/34e1.gif)\n\n### **Explore** and Collect for junk. **Craft** together stronger weapons. **Fight** in a turn-based space simulation with your creafted weapons.\n\nlighthearted whimsical look at everyday trash being used as epic battle arsenal by tiny gods traveling on small worlds.\n\n## Where to play:\n\n## [WEBGL GAME of MINIVERSE. Play on ITCH.IO](https://sebasrez.itch.io/miniverse)\n\n![Comp 1_7.gif](///raw/c4e/2/z/35fe.gif)\n\n### Description:\n\nSomewhere between Deep cosmic galaxies and the vast open crevices of your couch, gods BATTLE to prove who among them is the miniest of the minis. MINIVERSE.\n\n\n## Credits:\n\n\n- music: [Julian Alvarez](https://soundcloud.com/nocturnalfix)\n\n- art/animation: [DannyPixel](https://dannypixel.tumblr.com/)\n\n- programming: [Sebasrez](https://twitter.com/sebasrez)\n\n","path":"/events/ludum-dare/38/miniverse","parents":[1,5,9,9405],"meta":{"cover":"///content/c4e/2/z/32a1.gif"},"link":{"author":[11852]},"love":0,"notes":26,"notes-timestamp":"2017-05-02T23:09:19Z"}]}