{"status":200,"caller_id":0,"cached":[],"node":[{"id":15482,"parent":9405,"superparent":9,"author":4925,"type":"item","subtype":"game","subsubtype":"compo","published":"2017-04-24T00:29:56Z","created":"2017-04-21T20:53:23Z","modified":"2017-04-24T02:26:38Z","version":46304,"slug":"drone","name":"drone","body":"The hive mind awakens. Circuits buzz as electrodrones fight for the survival of the colony. Or have a dance party. Something like that.\n\nA procedural audio project, don't expect win conditions, menus or quitting without using Alt+F4\n![LD38_DroneScreenshot.png](///raw/d33/1/z/a7b.png)\n\n## Links\n* **GAME:** https://atmospherium.itch.io/drone\n* **SOURCE CODE:** https://bitbucket.org/atmospherium/ld38\n* **TWEETERS:** https://twitter.com/atmospherium","path":"/events/ludum-dare/38/drone","parents":[1,5,9,9405],"meta":{"cover":"///content/d33/1/z/3402.png"},"link":{"author":[4925]},"love":0,"notes":3,"notes-timestamp":"2017-05-02T21:02:56Z"}]}