{"status":200,"caller_id":0,"cached":[],"node":[{"id":15204,"parent":9405,"superparent":9,"author":15169,"type":"item","subtype":"game","subsubtype":"compo","published":"2017-04-24T00:51:42Z","created":"2017-04-21T20:36:18Z","modified":"2017-04-24T05:39:43Z","version":47455,"slug":"random-invaders","name":"Random Invaders","body":"Barely finished game made with Pygame. Learning Pygame took longer than I thought.\nBasically got 1% of the game done. :joy:\n![Screen Shot 2017-04-23 at 5.59.36 PM.png](///raw/14b/3/z/bdb.png)\n\nInstructions:\n- Unzip folder\n- Type into command line: python3 game.py\n\nControls:\n- WASD or Arrows - Movement\n- Space - Shooting\n- ESC - Quit\n\nSource Code: https://www.dropbox.com/s/0ftbh88y1a61o1r/Invaders.zip?dl=0","path":"/events/ludum-dare/38/random-invaders","parents":[1,5,9,9405],"meta":[],"link":{"author":[15169]},"love":0,"notes":0}]}