{"status":200,"caller_id":0,"cached":[],"node":[{"id":15990,"parent":9405,"superparent":9,"author":12420,"type":"item","subtype":"game","subsubtype":"jam","published":"2017-04-25T01:26:38Z","created":"2017-04-21T21:26:19Z","modified":"2017-05-02T21:21:45Z","version":77095,"slug":"6-degrees","name":"6 degrees","body":"https://binarysummer.itch.io/6-degrees\n\n![6Degreesv3.gif](///raw/480/3/z/272b.gif)\n\n**6 degrees** is a puzzle game about finding a globe-spanning connection between two very different people.\n\n\n## Instructions\n**Select people living in cities between the two soon-to-be friends, changing one feature at a time.**\n\n![6degrees-Screenshot2.PNG](///raw/480/3/z/274f.png)\n\n**Choose a person that looks _almost_ the same as your most recent selection, but with _1 feature_ that matches the goal person instead.**\n\n![6degrees-Screenshot3.PNG](///raw/480/3/z/26e5.png)\n\n**Keep going until you've reached your new buddy!**\n\n## Controls\nThe **mouse** can be used for all interactions: drag to rotate the globe and click to select cities and people.\n\nAlternatively, the WASD or arrow keys can be used to rotate the globe.\n\n## Links\n**Web Player and Downloads:** https://binarysummer.itch.io/6-degrees\n\n## Tools\n* Unity 5.6\n* Visual Studio\n* Blender\n* Shader Forge\n* GIMP\n* Inkscape\n* Audacity\n\n## Attribution\n[\"Dreamy Melodic Synth Loop\"](https://www.freesound.org/people/orangefreesounds/sounds/263479/) by orangefreesounds is licensed under CC BY 3.0\n\n## Fixes\n* Changed various settings to support WebGL and multiple resolutions\n* Fixed city backtracking and selection bugs\n* Fixed music looping on replay","path":"/events/ludum-dare/38/6-degrees","parents":[1,5,9,9405],"meta":{"grade-06-out":"1","cover":"///content/480/3/z/3b09.png"},"link":{"author":[12420]},"love":0,"notes":2,"notes-timestamp":"2017-05-01T16:19:16Z"}]}