{"status":200,"caller_id":0,"cached":[],"node":[{"id":15543,"parent":9405,"superparent":9,"author":13715,"type":"item","subtype":"game","subsubtype":"jam","published":"2017-04-24T22:37:18Z","created":"2017-04-21T20:56:27Z","modified":"2017-05-01T15:46:21Z","version":74604,"slug":"les-petites-planetes","name":"Les Petites Planètes","body":"![LePetitesPlanetes.gif](///raw/395/3/z/14b7.gif)\n\nThis game is about little ~~prince~~ planets, shooting stars, lonely asteroids and disasterous conflicts.\n\n### Links\nPlay: http://belogortsev.ru/games/LesPetitesPlanetes\n\nSource Code: https://github.com/Greeny7/LesPetitesPlanetes\n","path":"/events/ludum-dare/38/les-petites-planetes","parents":[1,5,9,9405],"meta":{"grade-06-out":"1","cover":"///content/395/3/z/3156.png"},"link":{"author":[13715,20905]},"love":0,"notes":20,"notes-timestamp":"2017-05-04T07:13:20Z"}]}