{"status":200,"caller_id":0,"cached":[],"node":[{"id":16575,"parent":9405,"superparent":9,"author":16544,"type":"item","subtype":"game","subsubtype":"jam","published":"2017-04-23T23:28:30Z","created":"2017-04-21T22:17:12Z","modified":"2017-05-01T12:19:58Z","version":73968,"slug":"race-against-ferrum-gigantes","name":"Race against ferrum gigantes","body":"A small world filled with giant robots!\nWill you survive??..\n\n2 ambitious graduate students from Mediacollege Amsterdam first entry!\nYou as soul surviver have to dodge all the giant robots (ferrum gigantes) to collect points!\n\nWe hope you'll enjoy!\nGoodluck!\n\nControls:\nASWD/ARROWS - Controlling car.\nMouse drag - Camera movement.\nESCAPE - Pause.\n1-2-3 KEYS - Switching radio chanel.\nSPACE - Next radio song.\n\nLink to game:\nhttps://justinbieshaar.itch.io/race-against-ferrum-gigantes\n\n![Poster (1).jpg](///raw/0a0/4/z/1b7d.jpg)\n\n![menu.png](///raw/0a0/4/z/1b81.png)\n\n![game2.png](///raw/0a0/4/z/1b86.png)","path":"/events/ludum-dare/38/race-against-ferrum-gigantes","parents":[1,5,9,9405],"meta":{"cover":"///content/0a0/4/z/3103.jpg"},"link":{"author":[16544,21022]},"love":0,"notes":22,"notes-timestamp":"2017-05-04T06:54:47Z"}]}