{"status":200,"caller_id":0,"cached":[],"node":[{"id":15371,"parent":9405,"superparent":9,"author":10451,"type":"item","subtype":"game","subsubtype":"compo","published":"2017-04-24T00:55:11Z","created":"2017-04-21T20:46:11Z","modified":"2017-05-03T11:48:41Z","version":77679,"slug":"the-bugs-life","name":"The Bugs World","body":"![A screenshot showing abstract drawn bugs running around](///raw/3d8/2/z/be6.png)\n\n**The Bugs World** is a primitive real time tactics game about bugs. I mean, literally with bugs. May I should write insects but that would destroy the pun. :beetle: The game is meant to resemble the world as experienced the smallest inhabitants.\n\n### Gameplay\nThe game includes three levels. To win them you have to defeat your enemies bugs. When bugs of different teams get close enough they start to fight. Let your bugs collect food to allow your nest to produce more bugs.\n\n### Controls\n**Mouse:**  \nHold the left mouse button to select bugs.  \nClick the right mouse button to send bugs to the clicked location.  \nHold the right mouse button to drag the camera.  \n**Keyboard:**  \nUse WASD or the arrow keys to move the camera.  \nPress Q to select all bugs.  \nPress E to select only inactive bugs.  \n\n\n### Links\n**Downloads:** [Gamejolt](http://gamejolt.com/games/the-bugs-world/251743), [Itch.io](https://gagapete.itch.io/the-bugs-world)  \n**Source:** https://gitlab.com/gagapete/ld38  \n**Twitter:** https://twitter.com/gagapete\n\n\n_The entry was renamed after submission as I got aware of a movie with a similar name._","path":"/events/ludum-dare/38/the-bugs-life","parents":[1,5,9,9405],"meta":{"grade-06-out":"1","cover":"///content/3d8/2/z/385a.png"},"link":{"author":[10451]},"love":0,"notes":10,"notes-timestamp":"2017-05-03T21:18:08Z"}]}