{"status":200,"caller_id":0,"cached":[],"node":[{"id":15360,"parent":9405,"superparent":9,"author":1916,"type":"item","subtype":"game","subsubtype":"compo","published":"2017-04-24T01:29:48Z","created":"2017-04-21T20:45:44Z","modified":"2017-04-24T01:39:27Z","version":44934,"slug":"going-no-air","name":"Going No Air","body":"![2017-04-23 19_27_52-Unity 5.6.0f3 Personal (64bit) - LD38.unity - Unity - WebGL _DX11 on DX9 GPU_.png](///raw/c77/z/ce5.png)\n\n[Windows](http://fullfeaturitis.com/projects/files/GoingNoAir-Win.zip) \n\n[Web](http://fullfeaturitis.com/projects/GoingNoAir-WebGL/index.html) \n\n[Source](http://fullfeaturitis.com/projects/files/GoingNoAir-Source.zip)\n\n>Davey Jones has gotten himself into a spot of bother whilst deep-sea diving.\n\n>His air hose has been cut, meaning that he has a limited amount of air.\n\n>Fortunately he has managed to get inside of a strangely spherical glass structure he found at the bottom of the sea.\n\n>He'll be able to hold out for a long time... assuming that pesky fish stops poking holes in the glass!\n\n>*Keep Jones alive for as long as possible by plugging up the holes in the glass by moving his arms, legs and head over the holes.*\n\n>Good thing that Jones keeps an infinite number of wine corks about his person at all times!\n\nI really enjoyed making this game. Development was very chill and not very stressful at all. I'm really glad to finally get equal weighting and polish between all the disciplines (programming, art, audio and interface). In fact I spent only a minimal amount of my development time this Ludum Dare programming!\n\nThe theme usage is not that obvious. The idea came from having the player on the inside of a spherical world - therefore making it a small world to play in. This is what the concept came out as in the end.\n\n![Here'sLookingAtYou.png](///raw/c77/z/ced.png)","path":"/events/ludum-dare/38/going-no-air","parents":[1,5,9,9405],"meta":[],"link":{"author":[1916]},"love":0,"notes":1,"notes-timestamp":"2017-04-24T01:39:09Z"}]}