{"status":200,"caller_id":0,"cached":[],"node":[{"id":16139,"parent":9405,"superparent":9,"author":9660,"type":"item","subtype":"game","subsubtype":"compo","published":"2017-04-23T20:50:07Z","created":"2017-04-21T21:40:36Z","modified":"2017-04-24T18:02:10Z","version":51225,"slug":"worldwiper","name":"WorldWiper","body":"An Attempt at LD38 with very to little no preperation.\n\nDownload:\nhttps://drive.google.com/drive/folders/0BysW7hFWZ5olSlYxVUJMRXJOeGM\n\nSourceCode/projectFiles\nhttps://github.com/Shamzaa/LudumDare\n\n\n\nGoal: kill all the enemies on the world to be able to jump to a new one to kill more enemies. continue this for as long as you can, to increase your score.\n\nControls:\n- W: jump\n- A/D: Move left and right\n- Spacebar: shoot\n- left ctrl: jump to new world\n\n![SS.png](///raw/cb5/2/z/13fe.png)\n\nScreenshot and elements explained:\nMarked areas explained:\n1. enemy, kill it fam.\n2. skulls surrounding the minimap, crossed skulls indicate that you have cleared the side.\n3. The player, that's you!\n4. minimap, highlighed area indicates which side of the world you are on.\n5. healthbar and current score.\n\n\nNotes:\n\n\n- Learned a lot about using unity to make games, which was the initial goal in the first place. :)\n- Probably didn't stay true to the theme as I hoped, but I got practice using unity to make schtuff.\n\nBackend and how stuff works:\n\n- world is created through code, probably should've used a map editor with tiles, as I figured out I suck at generated content.\n- 4 platforms that are spaced out, counts as the sides of the world, with teleporters placed at the edges so you can transition between the sides.\n- OOP structure between objects using managers that instantiate stuff.\n- entering a new world is the worldmanager replacing the old world with a new one, and since the world is somewhat randomly generated through code through selecting sprites and block count, the new one should be different from the old one.\n","path":"/events/ludum-dare/38/worldwiper","parents":[1,5,9,9405],"meta":[],"link":{"author":[9660]},"love":0,"notes":0}]}