{"status":200,"caller_id":0,"cached":[],"node":[{"id":15933,"parent":9405,"superparent":9,"author":4911,"type":"item","subtype":"game","subsubtype":"jam","published":"2017-04-25T00:42:03Z","created":"2017-04-21T21:22:06Z","modified":"2017-05-04T09:30:59Z","version":78466,"slug":"avaricious-abyss","name":"Avaricious Abyss","body":"Controls:\nLeft Mouse button: click on different areas in the world to move. click on an enemy or human house to attack them (player moves to them and attacks them on his own, only one click necessary) \n\ndescription:\nThe world has been broken, creating small, separated pockets of life known as \"Shards\". These shards are disconnected from each other and on top of that, have allowed the entryway to twisted souls and abominations from far away realms. As one of them, you must eradicate the humans who dare attempt to close said rift, in an attempt to reconstruct their world. Because of the nature of shards, your form is not stable. Eliminating other creatures such as yourself will allow you access to powerful new forms, that tho temporary, shall bestow immense power upon you that will aid you in finishing off the humans.\n\nOpt-Out:\nGraphics. Art was bought from the unity store for the game (all music was made by our team tho)\n\nDownload here:\nhttps://knightlylantern.itch.io/avariciousabyss","path":"/events/ludum-dare/38/avaricious-abyss","parents":[1,5,9,9405],"meta":{"grade-05-out":"1","grade-07-out":"1","cover":"///content/f23/1/z/3dd5.png"},"link":{"author":[4911,7506,3111]},"love":0,"notes":0}]}