{"status":200,"caller_id":0,"cached":[],"node":[{"id":16706,"parent":9405,"superparent":9,"author":3297,"type":"item","subtype":"game","subsubtype":"jam","published":"2017-04-24T11:08:25Z","created":"2017-04-21T22:27:55Z","modified":"2017-04-24T11:08:25Z","version":48753,"slug":"small-battles","name":"Small battles","body":"The idea is to make a game I used to play when I was a little kid.\nWith small plastic soldiers that we have to knock down with a small cannon.\nIt's a player versus player and the winner is player with the last soldier standing.\nEach player positions   its soldiers in the beginning of the game and can only move the cannon with which it shoots the enemy soldiers.\n\nThe game as two phases:\n - First phase the players position their soldiers;\n - In the second phase the players take turns trying to take down the other player soldiers.\n\nSample Game: https://indiedevpt.itch.io/small-batles\n\n![Captura de Ecrã (402).png](///raw/1ec/z/1129.png)\n![Captura de Ecrã (405).png](///raw/1ec/z/112a.png)\nIt was really fun to have participated in the LDJAM..","path":"/events/ludum-dare/38/small-battles","parents":[1,5,9,9405],"meta":[],"link":{"author":[3297]},"love":0,"notes":2,"notes-timestamp":"2017-05-03T13:40:38Z"}]}