{"status":200,"caller_id":0,"cached":[],"node":[{"id":15574,"parent":9405,"superparent":9,"author":14871,"type":"item","subtype":"game","subsubtype":"jam","published":"2017-04-24T00:01:44Z","created":"2017-04-21T20:57:55Z","modified":"2017-04-24T00:02:46Z","version":41574,"slug":"house","name":"House","body":"![Capture.PNG](///raw/71a/3/z/9a3.png)\n\nDownload here --> https://papercookies.itch.io/house\n\n​Walk around the house and solve a small puzzle.\nZ to jump.\nX to pick up objects.\n\nMusic by!\nJmas: https://twitter.com/JimmyMaslaki​","path":"/events/ludum-dare/38/house","parents":[1,5,9,9405],"meta":[],"link":{"author":[14871]},"love":0,"notes":1,"notes-timestamp":"2017-04-28T14:13:38Z"}]}