{"status":200,"caller_id":0,"cached":[],"node":[{"id":15244,"parent":9405,"superparent":9,"author":2289,"type":"item","subtype":"game","subsubtype":"jam","published":"2017-04-24T21:15:36Z","created":"2017-04-21T20:39:02Z","modified":"2017-04-25T16:56:29Z","version":66138,"slug":"o-the-game","name":"o, the game","body":"![o.png](///raw/1f8/z/16f8.png)\n\nyour goal is to keep the planet from shrinking for as long as possible\n\nwhen you kill an enemy, the planet grows, but the shrinking speed also increases\n\narrows to move\n\nz to jump\n\nx to shoot\n\n*PS: The name is actually only 'o', but the minimum name length is 3 characters. If anyone could get it to be just o I'd appreciate it :)*\n\n## DOWNLOADS/SOURCE\n\n - [Windows/Linux/macOS/Android on itch.io](https://pta2002.itch.io/o)\n - [Source on github](https://github.com/pta2002/ld38) \n\n*NOTE FOR MAC USERS*\n\nI haven't tested the macOS build, because I don't have a mac. If you have any problems, tell me!","path":"/events/ludum-dare/38/o-the-game","parents":[1,5,9,9405],"meta":{"cover":"///content/1f8/z/35c4.png"},"link":{"author":[2289]},"love":0,"notes":23,"notes-timestamp":"2017-05-03T20:29:36Z"}]}