{"status":200,"caller_id":0,"cached":[],"node":[{"id":15308,"parent":9405,"superparent":9,"author":11943,"type":"item","subtype":"game","subsubtype":"jam","published":"2017-04-25T00:30:44Z","created":"2017-04-21T20:42:54Z","modified":"2017-05-02T15:22:59Z","version":76633,"slug":"taco-giant","name":"Taco Giant","body":"![taco splashscreen image.PNG](///raw/7ae/2/z/2028.png)\n\n**It's tough being a big guy in a small world.**\n\nYou are the Taco Giant, delivery tasty taco treats to the tiny townsfolk! Complete a delivery to receive a tip, but if you crash into anyone you'll have to pay them to keep them happy.\n\nOur Game\n========\n[Taco Giant on itch.io](https://kichiguy.itch.io/taco-giant)\n\n[Source](https://github.com/Kichiguy/TacoGiant)\n\nHow to Play\n===========\n- Use the left and right arrows to move\n- Use the up arrow to jump\n- Use the down arrow to drop off a building\n- Deliver tacos to the little people that want them and avoid harming innocent bystanders!\n- Remember to refill your tacometer at the friendly neighborhood taco trucks.\n\n![gameplay.PNG](///raw/7ae/2/z/218c.png)\n\nWe Are\n======\n- Bobby - Craft Services [onlywinningmove](https://twitter.com/OnlyWinningMove)\n- Sarah - Chief Seismologist\n- Ben - Taco Enthusiast\n- Naomi - Head Landscaper\n- Ant - Pixel Pusher [**antsama**](https://antsama.tumblr.com)","path":"/events/ludum-dare/38/taco-giant","parents":[1,5,9,9405],"meta":{"grade-06-out":"1","grade-08-out":"1"},"link":{"author":[11943,13193,13209,13296,12739]},"love":0,"notes":4,"notes-timestamp":"2017-05-03T03:42:00Z"}]}