{"status":200,"caller_id":0,"cached":[],"node":[{"id":15470,"parent":9405,"superparent":9,"author":13834,"type":"item","subtype":"game","subsubtype":"compo","published":"2017-04-24T00:57:14Z","created":"2017-04-21T20:52:41Z","modified":"2017-04-24T01:37:56Z","version":44891,"slug":"the-blocklings","name":"The Blocklings","body":"\n![blocklings_screenshot.png](///raw/a06/3/z/d43.png)\n\n![blocklings_2.png](///raw/a06/3/z/d46.png)\n\n**Download**: [The Blocklings - Windows - Linux - MacOS](https://michaelb.itch.io/the-blocklings)\n\n**Source**: [michaelb/ld38](https://bitbucket.org/michaelb/ld38)\n\n**Twitter**: [mbgamedev](https://twitter.com/mbgamedev)\n\n**Ludum Dare Compo**\n\nThe Blocklings are on a distant planet, and they must journey from planet to planet until they reach home. You are their guide, placing blocks on each blocky world to guide these lovable but helpless creatures from the entrance portal to the exit portal, with enchanting  But be careful! Each planet is fraught with challenge and danger, and one wrongly placed block could cause your blocklings a fall to their death.\n\n* Three carefully rationed abilities at every stage\n* Add and remove blocks to create bridges or remove obstacles\n* Placing special arrow block to direct the blocklings to safety\n* Increasingly difficult puzzles to solve\n* Sharp retro semi-isometric graphics\n* Fun voxel-based game structure\n* Soothing and enchanting music","path":"/events/ludum-dare/38/the-blocklings","parents":[1,5,9,9405],"meta":[],"link":{"author":[13834]},"love":0,"notes":1,"notes-timestamp":"2017-05-02T17:28:47Z"}]}