{"status":200,"caller_id":0,"cached":[],"node":[{"id":16534,"parent":9405,"superparent":9,"author":16451,"type":"item","subtype":"game","subsubtype":"compo","published":"2017-04-23T20:23:16Z","created":"2017-04-21T22:12:50Z","modified":"2017-05-02T09:50:53Z","version":76245,"slug":"empathy-swap","name":"Empathy Swap","body":"https://www.youtube.com/watch?v=48EPTk1fYDs\n\n![j0RlkE.png](///raw/340/4/z/10fb.png)\n\nLink: https://supergoose.itch.io/empathy-swap\n\nSource code: https://drive.google.com/open?id=0B4WSIBJH0kK2TEd2ejdYSlRVLWM\n\nThis game was made as a solo project for Ludum Dare 38 (Compo). The theme for the game jams was \"Small World\".\n\n\n\n**How To Play**\n\nStart with no resources. Plant mines to mine your planet for resources. Resources allow you to shoot missiles. Resources are also your health. Your health is reflected by the size of your planet. Get pickups to increase your health. Your paddle can shoot and can deflect missiles. You die when your health reaches zero. Last planet standing wins.\n\nAt random points throughout the game, an *Empathy Swap* will occur. Basically you swap to the other planet. One twist you could add is having to swap controllers at this point.\n\n\n\n**Backstory**\n\nMine resources in order to shoot missiles, gradually undermine your own defence in order to have a strong offence - a reflection of how we treat each other and our planet. A casual arcade game, or a sideways glance at the human condition, you decide.​\n\nI used Unity 5 for dev, Adobe Illustrator CC for art and https://soundation.com/ for the music. I used http://www.bfxr.net/​ for sound effects.\n\n![g9yWbv.png](///raw/340/4/z/3930.png)\n\n**Critique**\n\nThe game is an arena battle crossed with pong with a bit of RTS thrown in. As a game it definitely struggles with the \"too much going on\" side of game design, but the content was fun to make (particularly the sounds and voice acting) and I guess it could be quite strategic if you really got into it. It needs balancing too :\\\n\n\n**Requirements**\n\nOnly works on screen res 16:9.\n\nOnly tested on Windows 10, Intel I5, Nvidia GTX 960, 16gb RAM.\n\nOne controller supported.\n\n\n**Controls**\n\nI will be updating these so both players can play on one keyboard.\n\n**UPDATE: Version 1.1 supports two players on one keyboard (WASD and Arrow Keys)**\n\n*Gamepad controls (e.g. Xbox Controller)*\n\nLeft Analogue: Move orbit paddle\n\nA: Shoot\n\nB: Plant mine\n\n\n*Keyboard controls*\n\nA/D or Left/Right: Move orbit paddle\n\nW or Up: Shoot\n\nS or Down: Plant mine","path":"/events/ludum-dare/38/empathy-swap","parents":[1,5,9,9405],"meta":{"cover":"///content/340/4/z/38c3.png"},"link":{"author":[16451]},"love":0,"notes":4,"notes-timestamp":"2017-05-03T19:48:51Z"}]}