{"status":200,"caller_id":0,"cached":[],"node":[{"id":16505,"parent":9405,"superparent":9,"author":941,"type":"item","subtype":"game","subsubtype":"compo","published":"2017-04-24T01:56:41Z","created":"2017-04-21T22:10:32Z","modified":"2017-05-01T19:10:48Z","version":75050,"slug":"dream-zone","name":"Dream World","body":"![MainTitle.png](///raw/da3/z/23cf.png)\n\n\n\n**Dream World** explores an alternative reality where the player must at all costs protect the Ancient One. Who is the Ancient One? errrrr ... I don't really know ... but he seems to be important.\n\nFight against hordes of enemies coming your way from every side as you stand alone building up your defenses. Gather resources and fight back against all that seek to harm you.\n\n\nControls:\nBasic W, A, S, D for movement and Space to Jump.\n\n\"Left Mouse\" key -> shoot weapon. \n\n\"Right Mouse\" key -> Interacts with the environment and places buildings;\n\n1, 2, 3 -> Used to select the buildings (1 - Duck Turret, 2 -> Purple Trap, 3 -> The Ancient One Shield).\n\n## Basic Rules:\n\nThere are 3 basic resources ... Wood, Dream Spark and Construction Paste. They are used to build things and the player main weapon consumes 5 spark from each shoot.\nIf the Ancient One looses all his health the player loses.\nif the Player loses all his health ... he loses.\nTurrets have limited amount of use (15 bullets) and after that they disappear.\nWeird Yellow UFOs are not caught by traps since they fly.\nMeteors fall from the sky and create craters where they hit. Player can remove those craters to gain a small amount of Construction Paste.\nMeteors can completely destroy  Trees , Health Bushes and even Paste Geysers. When they Hit UFOs and Red Shadows .. they get liked. Meteors take away half the player's health ... but of course that the player getting hit by a meteor would be EXTREMELY unlikely to happen.\n\nThere are lots of move stuff to know but you can figure out the rest for yourself :P\n\n## Tools:\n\n->> Unity,\n\n->> Audacity,\n\n->> Blender,\n\n->> paint.NET\n\n\nImages:\n![Screenshoot 2.png](///raw/da3/z/2059.png)\n![Screenshoot 3.png](///raw/da3/z/2067.png)\n![Screenshoot 4.png](///raw/da3/z/2073.png)\n![Screenshoot 5.png](///raw/da3/z/207a.png)\n![Screenshoot 6.png](///raw/da3/z/2095.png)\n\n## Links:\n\n* **Windows:** https://drive.google.com/open?id=0BySSQIC6vuWIaXpQVW1GQ3lwbEk\n\n* **MAC:** https://drive.google.com/open?id=0BySSQIC6vuWIaEptYmxrNG0waXM\n\n* **Linux:** https://drive.google.com/open?id=0BySSQIC6vuWIa2ZkXzhLRU1JTHc\n\n* **Source:** https://drive.google.com/open?id=0BySSQIC6vuWINjZIVWlna0pjTjA","path":"/events/ludum-dare/38/dream-zone","parents":[1,5,9,9405],"meta":[],"link":{"author":[941]},"love":0,"notes":1,"notes-timestamp":"2017-04-26T03:39:58Z"}]}