{"status":200,"caller_id":0,"cached":[],"node":[{"id":16208,"parent":9405,"superparent":9,"author":16197,"type":"item","subtype":"game","subsubtype":"compo","published":"2017-04-23T22:44:42Z","created":"2017-04-21T21:46:56Z","modified":"2017-04-30T22:43:55Z","version":72522,"slug":"blood-cell-defender","name":"Blood Cell Defender","body":"this is a simple game but still kinda fun and it only takes 5 minutes,\nlink: https://gamejolt.com/games/BloodCellDefender/251770","path":"/events/ludum-dare/38/blood-cell-defender","parents":[1,5,9,9405],"meta":[],"link":{"author":[16197]},"love":0,"notes":0}]}