{"status":200,"caller_id":0,"cached":[],"node":[{"id":16179,"parent":9405,"superparent":9,"author":4910,"type":"item","subtype":"game","subsubtype":"jam","published":"2017-04-25T01:44:51Z","created":"2017-04-21T21:44:22Z","modified":"2017-04-25T02:27:29Z","version":62326,"slug":"honey-home","name":"Honey Home","body":"![Screen Shot 2017-04-24 at 5.00.33 PM.png](///raw/e23/1/z/1f78.png)\n\n### Summary\n\nWhen it rains, it pours. Guide your bees back to their hive to stay out of the weather! Visit flowers to get some bee reinforcement, and bring as many bees back home while avoiding the massive dangers of the tiny bee world.\n\n\"According to all known laws of aviation, there is no way that a bee should be able to fly. Its wings are too small to get its fat little body off the ground. The bee, of course, flies anyways. Because bees don't care what humans think is impossible.\" - Bee Movie (2007)\n\n### Controls\n\n- WASD (or click & hold) to move\n- Enter skip scenes\n- Esc to exit\n\n### Links\n\n[itch.io](https://dvdfu.itch.io/honey-home)\n\n[Web version](http://dvdfu.net/ld38/)\n\n[Source code](https://github.com/dvdfu/ld38)","path":"/events/ludum-dare/38/honey-home","parents":[1,5,9,9405],"meta":{"cover":"///content/e23/1/z/37d0.png"},"link":{"author":[4910,9521,17034]},"love":0,"notes":6,"notes-timestamp":"2017-05-04T03:38:52Z"}]}