{"status":200,"caller_id":0,"cached":[],"node":[{"id":16666,"parent":9405,"superparent":9,"author":10878,"type":"item","subtype":"game","subsubtype":"jam","published":"2017-04-25T01:12:59Z","created":"2017-04-21T22:25:16Z","modified":"2017-04-25T02:59:24Z","version":63042,"slug":"totally-not-a-robot","name":"Totally not a Robot","body":"It's 5:00 AM, time for Zorxg-*ahem* Bill to make his morning commute to the local paper factory, where he will attempt to enslave humanit-*AHEM* collaborate with his fellow human beings on a human work-related task.\n\nDirections:\n\nThe objective of the game is to make it to the red car, marked by a spinning yellow triangle. \n\nControls:\n\nWASD to move your character within the control room. To use an object or press a button, simply click on it. You are able to control the robot by clicking the buttons inside the control room, but the easiest way is to use the periscope on the right of the control room, which has directions inside it and lets you see where your objective is. (Controls while inside the periscope are: Arrow keys to look around, W to move your legs forward, S to stop moving legs, and X to move your legs backward.)\n\nIMPORTANT:\n\nIf you move your legs too far forward or backward, you will lose your balance and fall over! An alarm will go off if you are about to lose your balance. In order to stop yourself from falling over, move your legs back to a standing position. There is a handy screen in the periscope and in the control room that will show you the position of both of your legs, so that you can tell which direction you need to move.\n\nYour objective:\n\n![objective_car.png](///raw/e7a/2/z/1a17.png)\n\nThe periscope:\n\n![the_periscope.png](///raw/e7a/2/z/1a29.png)\n\nThe control room:\n\n![control_room.png](///raw/e7a/2/z/1a22.png)\n\nLinks:\n\nWindows:\nhttps://drive.google.com/open?id=0B4VVy-TxP0IZYnQzMWVhSGdINmc\n\nMac:\nhttps://drive.google.com/open?id=0B4VVy-TxP0IZSTBoMjBfdUlyYlE\n\nLinux:\nhttps://drive.google.com/open?id=0B4VVy-TxP0IZMXVmakFZalpWTVU","path":"/events/ludum-dare/38/totally-not-a-robot","parents":[1,5,9,9405],"meta":[],"link":{"author":[10878,13368]},"love":0,"notes":1,"notes-timestamp":"2017-05-02T17:40:31Z"}]}