{"status":200,"caller_id":0,"cached":[],"node":[{"id":16521,"parent":9405,"superparent":9,"author":231,"type":"item","subtype":"game","subsubtype":"jam","published":"2017-04-25T01:33:26Z","created":"2017-04-21T22:11:56Z","modified":"2017-04-30T21:30:44Z","version":72449,"slug":"wrong-delivery","name":"Wrong Delivery","body":"Tags: Jam, Web, HTML5, Windows, Linux, OSX, Source, Metroidvania.\n\n### Story\n\nYou know how it is, living in a small world with basically 2 adresses, and you're expecting a package...\n\nThat package arrived, but of course it got delivered to the other address!\n\nSo the task for you now is to enter the other location and get back the package before anyone notices!\n\nMinor detail: to do that you might have to visit the rest of the world too. :smile:\n\n### Controls\n\nThis is a completely keyboard controlled game:\n\nUsed Keys: Arrow Keys, Enter, X, (other keys can be unlocked later in-game).\n\n### Links\n\nPlay the Game : [**CLICK HERE to play the game**](https://rawgit.com/g999888/wrong_delivery/master/index.html)\n\nSource Code: [**CLICK HERE to see the source code**](https://github.com/g999888/wrong_delivery)\n\n### Other Non-important Stuff\n\nI spent most of the time drawing stuff, making up story and fixing bugs. \n\nThe engine I've already used for a while (since LD34) and is more an evolution of it.\n\nI promised myself not to start this LD before Monday, and I started on Sunday but still without any clue what to do... In the end I feel like I have spent more time in this game, but I still had to add some stuff in the final hour because without it, the game couldn't even be played/finished.\n\nMap/Level design was very rushed at the final hour.\n\nSound/Music... I didn't even had time for that.\n\nThe game is kinda based on \"Robot wants Kitty\", an old LD game (not mine).\n\nThank you for playing this game!\n\nPS. I will update the page with screenshots soon.","path":"/events/ludum-dare/38/wrong-delivery","parents":[1,5,9,9405],"meta":[],"link":{"author":[231]},"love":0,"notes":12,"notes-timestamp":"2017-05-04T04:38:07Z"}]}