{"status":200,"caller_id":0,"cached":[],"node":[{"id":16491,"parent":9405,"superparent":9,"author":6085,"type":"item","subtype":"game","subsubtype":"jam","published":"2017-04-25T01:47:38Z","created":"2017-04-21T22:09:24Z","modified":"2017-04-25T01:47:38Z","version":60886,"slug":"indiana-james","name":"Indiana James","body":"Explore the temple and find the 5 gems in only 5 minutes in this action-packed, incredibly polished, ama- Just kidding, this is an LD game and I had trouble getting momentum and ran out of time. All things considered though I'm pretty happy with it! Hope you enjoy it!\n\nPlay here: https://funisfun8.itch.io/indiana-james-a-game-for-ludum-dare-38","path":"/events/ludum-dare/38/indiana-james","parents":[1,5,9,9405],"meta":{"cover":"///content/5c7/1/z/3857.png"},"link":{"author":[6085]},"love":0,"notes":0}]}