{"status":200,"caller_id":0,"cached":[],"node":[{"id":16066,"parent":9405,"superparent":9,"author":14771,"type":"item","subtype":"game","subsubtype":"jam","published":"2017-04-24T01:00:14Z","created":"2017-04-21T21:33:04Z","modified":"2017-04-24T01:00:14Z","version":43479,"slug":"little-hero","name":"Little Hero","body":"There is a little kid living in a very tiny small world, and all he wishes for is to be a hero; but since his world is so small, there is nothing aside from living a peaceful life, left to do. One day he finds some kind of a control, that every time he uses it, switches the world he is present on, and so he gets a chance to be a hero!","path":"/events/ludum-dare/38/little-hero","parents":[1,5,9,9405],"meta":[],"link":{"author":[14771]},"love":0,"notes":1,"notes-timestamp":"2017-04-24T01:28:13Z"}]}