{"status":200,"caller_id":0,"cached":[],"node":[{"id":15256,"parent":9405,"superparent":9,"author":1764,"type":"item","subtype":"game","subsubtype":"jam","published":"2017-04-25T01:44:55Z","created":"2017-04-21T20:39:54Z","modified":"2017-05-01T17:37:51Z","version":74866,"slug":"pity-about-earth","name":"Pity About Earth...","body":"![teaser.png](///raw/4e6/z/2876.png)\n\n# [:arrow_right: Play: Pity About Earth](http://scripta.co/pityaboutearth)\n\n**(Web/HTML5 game, Chrome highly recommended)**\n\n> Humanity, listen up.  This is the Universe.  I am sick of you sticking your nose where it doesn't belong.  That's why there's a huge asteroid heading straight for your pitiful Earth, courtesy of yours truly.  I see you've built a flimsy Barrier and a stockpile of Missiles, but it won't help.  Enjoy the end times!  Bye-bye.  Talk soon.\n\n> -- The Universe\n\nDefend Earth :earth_americas: while transport shuttles carry *repopulation experts* to safety.  Save enough of them, and Humanity will endure.\n\n## Controls\n - Move mouse to control barrier\n - Left Mouse Button will launch a missile to the place where you clicked and explode with AOE damage\n - **Play:** [Pity About Earth](http://scripta.co/pityaboutearth)\n\n## Credits\n\n - [Michael Clayton](https://twitter.com/mwcz) - Programming\n - [Jared Sprague](https://twitter.com/caramelcode) - Programming\n - [Veuskemini](https://veuskemini.bandcamp.com) - Music and Sound Effects\n - [Source code](https://github.com/ScriptaGames/pityaboutearth)\n - [Original Soundtrack](https://veuskemini.bandcamp.com/album/pity-about-earth-ost)\n\n## Tools\n\n - [Phaser](phaser.io)\n - [Aseprite](https://www.aseprite.org/)\n - vim/webstorm\n - Gimp\n - Proudly built on [Fedora](https://getfedora.org/)\n - [Magic audio wizard gear](https://www.dropbox.com/s/huexh0dcucdr3ys/veuskemini-studio.jpg?dl=0) from Veuskemini's studio!\n - [Loren Schmidt](https://www.patreon.com/vacuumflowers)'s [gelatin font](https://lorenschmidt.itch.io/gelatin-mono)\n\n## Miscellaneous\n\nJared and Michael collaborate under the name Scripta Games.  This is our third Ludum Dare.  Check out [Scripta](scripta.co) for more of our work.\n\nWe are extremely fortunate and grateful to have Veuskemini on our team for LD38!  This was his first Ludum Dare, but he cranked out tunes and sound effects like it was his fiftieth.  You can listen to the [Pity About Earth OST](https://veuskemini.bandcamp.com/album/pity-about-earth-ost) directly.  You can also find more of his work at: [YouTube](https://www.youtube.com/channel/UC2ebq32zwRC5O6kMJXy32Jg),\n[Facebook](https://www.facebook.com/VEUSKEMINI),\n[Soundcloud](https://soundcloud.com/veuskemini),\n[Bandcamp](https://veuskemini.bandcamp.com),\n[Loudr](https://loudr.fm/artist/veuskemini/FE6ZW),\n[Reverbnation](https://www.reverbnation.com/veuskemini), and\n[Instagram](https://www.instagram.com/veuskemini_vapor_lab).\n\nJared is on Twitter [@caramelcode](https://twitter.com/caramelcode) and blogs at [jaredsprague.com](http://jaredsprague.com/).\n\nMichael is on Twitter [@mwcz](https://twitter.com/mwcz) and blogs at [Pale Blue Pixel](https://palebluepixel.org).\n\nScripta Games' website is [scripta.co](http://scripta.co).\n\n*The game title is an homage to the book [Pity About Earth](https://www.goodreads.com/book/show/10876706-pity-about-earth-space-chantey).*\n\n","path":"/events/ludum-dare/38/pity-about-earth","parents":[1,5,9,9405],"meta":{"cover":"///content/4e6/z/3507.png"},"link":{"author":[1764,11890,12131]},"love":0,"notes":8,"notes-timestamp":"2017-05-01T11:40:13Z"}]}