{"status":200,"caller_id":0,"cached":[],"node":[{"id":15457,"parent":9405,"superparent":9,"author":15294,"type":"item","subtype":"game","subsubtype":"jam","published":"2017-04-24T23:59:03Z","created":"2017-04-21T20:52:01Z","modified":"2017-04-25T00:09:05Z","version":57445,"slug":"mini-mansion","name":"Mini Mansion","body":"# Story:\nYou have wandered into a miniature sized mansion, but the inside doesn't seem so small..\n\n\n# Sceeenshots:\n![Screen Shot 2017-04-24 at 5.57.13 PM.png](///raw/ebb/3/z/1985.png)\n\n![Screen Shot 2017-04-24 at 5.57.43 PM.png](///raw/ebb/3/z/198c.png)\n\n# Play:\nWindows and OSX builds here:\n\nhttps://www.dropbox.com/sh/ws2kno0ayf3yvmp/AACb7g6a6zcqQc7kWE4plDfma?dl=0\n\n# Controls:\n    W -> up\n    A -> left\n    S -> down\n    D -> right\n\n\n# Core Mechanic:\n   The mansion is randomly generated, room by room. When you leave a room, if you try to turn back you end up in a new room rather than the room you just came from! Collect 7 keys to beat the game.\n\n# People\nMatt\n\nhttps://twitter.com/_mattlink\n\n\nJack \n\nsoundcloud: https://soundcloud.com/huulkinat","path":"/events/ludum-dare/38/mini-mansion","parents":[1,5,9,9405],"meta":{"cover":"///content/ebb/3/z/3a69.png"},"link":{"author":[15294,23222]},"love":0,"notes":1,"notes-timestamp":"2017-05-02T20:52:45Z"}]}