{"status":200,"caller_id":0,"cached":[],"node":[{"id":16320,"parent":9405,"superparent":9,"author":10247,"type":"item","subtype":"game","subsubtype":"jam","published":"2017-04-25T00:54:59Z","created":"2017-04-21T21:55:42Z","modified":"2017-05-01T08:14:13Z","version":73330,"slug":"its-a-small-world-9","name":"\"It's a small world!\"","body":"![better quality.png](///raw/708/2/z/26ce.png)\n\nYou are cute dino that tries to go out for a coffee with people. Your technique \"World is so small\" is unbeatable.\nIdentify people on the street and then use your technique. At some point, you will unlock \"Dab\" ability that will allow you to communicate with others.  \n\nOPT-OUT:\n- graphic\n- audio\n\ncontrols:\nW/S/A/D- movement\nSPACE- rotate camera\n\nPLAY IN BROWSER OR DOWNLOAD THE FILE FOR THE BEST EXPERIENCE :)\nGame link:\nhttps://szczebel1995.itch.io/its-a-small-world\n\n![giphy.gif](///raw/708/2/z/26c1.gif)\nDon't hit other people, nobody likes to be hit by an unwary stranger on the street!\n\n\n![giphy (2).gif](///raw/708/2/z/26cc.gif)\nFind the right person and approach him/her!\n\n\n![giphy (1).gif](///raw/708/2/z/26ca.gif)\nUnlock powerful \"DAB\"!","path":"/events/ludum-dare/38/its-a-small-world-9","parents":[1,5,9,9405],"meta":{"grade-05-out":"1","grade-06-out":"1","grade-08-out":"1","cover":"///content/708/2/z/3017.png"},"link":{"author":[10247]},"love":0,"notes":38,"notes-timestamp":"2017-05-03T05:51:58Z"}]}