{"status":200,"caller_id":0,"cached":[],"node":[{"id":16044,"parent":9405,"superparent":9,"author":10059,"type":"item","subtype":"game","subsubtype":"jam","published":"2017-04-25T02:03:52Z","created":"2017-04-21T21:31:06Z","modified":"2017-05-03T01:47:34Z","version":77348,"slug":"dust-guardien-of-the-light-tree","name":"Dust: Guardien of The Light  Tree","body":"Explore Dust's beautiful small world and help him on his journey protecting it and saving it's light source from being affected by darkness\n\n## Keyboard controlls:\n\n* **W,S,A,D** to move\n\n* **Space** to jump( you can also double jump)\n\n* **Right mouse button** to attack\n\n* **R** to restart\n\n* **Escape** to quit\n\n## Credits:\n\n* Music by: Tom Peter\n\n* Everything else by: Houcine Chelbi\n\n**Download**: https://houcine-chelbi.itch.io/dust-guardien-of-the-light-tree\n\n![ScreenShot2.png](///raw/b47/2/z/1f51.png)\n\n![ScreeShot3.png](///raw/b47/2/z/1ed2.png)\n\n![ScreenShot1.png](///raw/b47/2/z/2011.png)\n","path":"/events/ludum-dare/38/dust-guardien-of-the-light-tree","parents":[1,5,9,9405],"meta":{"cover":"///content/b47/2/z/31bb.png","grade-07-out":"1"},"link":{"author":[10059]},"love":0,"notes":10,"notes-timestamp":"2017-05-03T05:42:21Z"}]}