{"status":200,"caller_id":0,"cached":[],"node":[{"id":15259,"parent":9405,"superparent":9,"author":12787,"type":"item","subtype":"game","subsubtype":"compo","published":"2017-04-23T23:34:57Z","created":"2017-04-21T20:40:02Z","modified":"2017-04-24T22:50:48Z","version":55535,"slug":"planetone","name":"Planetone","body":"![1.png](///raw/3f1/3/z/872.png) ![2.png](///raw/3f1/3/z/875.png) ![5.png](///raw/3f1/3/z/87a.png)\n\n### Planetone (Planet-tone) is a planetary music sequencer in which players grow plants to create melodies.\n\nPlant sprouts and cacti in 7 different colors and watch your harmony grow and evolve as you plant more.\n\n\n\n### Controls\n\n#### Mouse – Place sprout or cactus\n\n#### Scroll Wheel / Click and Drag Background – Rotate Camera\n\nSelect a color from the sprout tab or cactus tab to change your instrument. Sprouts will change pitch according to their height on the planet, while cacti will play a drum beat at the same pitch.\n\nTempo can be adjusted by clicking the planetary orbit in the bottom left corner.\n\nToggle between sun and shade to prevent sprouts from growing.\n\n\n\nMade for Ludum Dare 38 (A Small World). Sounds sampled or created using an OP-1.\n\n## Links\n* **Download:** https://shillingburg.itch.io/planetone\n* **Twitter:** https://twitter.com/heyshilly\n* **Source:** https://www.dropbox.com/s/gcss9rfxikacj0a/Planetone.zip?dl=0","path":"/events/ludum-dare/38/planetone","parents":[1,5,9,9405],"meta":{"cover":"///content/3f1/3/z/34ef.png"},"link":{"author":[12787]},"love":0,"notes":8,"notes-timestamp":"2017-05-03T21:57:32Z"}]}