{"status":200,"caller_id":0,"cached":[],"node":[{"id":16401,"parent":9405,"superparent":9,"author":16379,"type":"item","subtype":"game","subsubtype":"jam","published":"2017-04-24T05:59:39Z","created":"2017-04-21T22:03:02Z","modified":"2017-04-25T02:53:59Z","version":62914,"slug":"my-game-for-ludum-dare-38-theme-a-small-world","name":"My Game for Ludum Dare 38 Theme A Small World","body":"Just letting you know I am a real beginner to GameMaker and I would have done it in Scratch but I am trying to get my skills up on Gamemaker. Music is created by Drumbit and Audacity. I got my ideas from the disney song it's a small world.![sea_of_laughter.png](///raw/bff/3/z/fe6.png)\nThis is one of the 2 worlds.\n\n![Image_for_game.png](///raw/bff/3/z/fe8.png) \nThis is the other world\n(I know It has Bad Graphics\nHere is the link to the game https://gamejolt.com/@FredBear89\nThx Fredbear89","path":"/events/ludum-dare/38/my-game-for-ludum-dare-38-theme-a-small-world","parents":[1,5,9,9405],"meta":[],"link":{"author":[16379]},"love":0,"notes":0}]}