{"status":200,"caller_id":0,"cached":[],"node":[{"id":15738,"parent":9405,"superparent":9,"author":9396,"type":"item","subtype":"game","subsubtype":"jam","published":"2017-04-24T21:47:12Z","created":"2017-04-21T21:08:08Z","modified":"2017-04-24T23:04:39Z","version":55832,"slug":"godspeed-mankind","name":"Godspeed Mankind","body":"** [DOWNLOAD THE GAME ON ITCH.IO](https://cvetk0.itch.io/godspeed-mankind) **\n\n## Voting Category Opt-outs\nAudio\n\n## Description\n\nMade by group of coworkers without much experience in programming or design for Ludum Dare 38. This was our first participation in any game jam.\n\n![godspeed_cover_itch.png](///raw/4b4/2/z/17ba.png)\n\n## Screenshot\n\n![godspeed_screenshot1.png](///raw/4b4/2/z/17bd.png)\n\n\n## Team\n\n@cvetk0\n\n@dekatlon\n\n@kusubrin\n\n@drp\n\n\n## Game mechanics\n\nThe game is a resource management where Entity has to take care of human towns by providing them food grown on farms. Farms require water which is provided by rivers. Rivers are replenished by raining events which provide additional water.\n\nThe Entity represented by crosshair can gather water resource from rivers and crop resource from farms but it can only hold one resource at a time. Before it can gather different resource it must deliver the one it carries to the location that needs it. Any surplus resource delivered is wasted in the process.\n\n** Controls **\n\nSPACE - Select items in menu\n\nLEFT/RIGHT - Rotate the world\n\nUP - Gather resources\n\nDOWN - Deliver resources\n\nESC - Exit current game, exit from How To screen\n\n\n## Special thanks\n\nKatka - for SeaShellz logo design\n\n\n## Sound and music credits\n\n** Theme music **\n\nAlexander Ehlers (https://opengameart.org/users/tricksntraps)\n\n\n** Sound effects **\n\nSecretlondon\n\nSecretlondon (http://commons.wikimedia.org/wiki/User:Secretlondon)\n\nArthur (https://opengameart.org/users/arthur)\n\nTim Mortimer (http://www.archive.org/details/TimMortimer)\n\nMichel Baradari (http://cubeengine.com/forum.php4?action=display_thread&thread_id=2164)\n\nJohnsonBrandEditing (http://freesound.org/people/JohnsonBrandEditing/sounds/173944/)\n\nBlender Foundation (https://apricot.blender.org/)","path":"/events/ludum-dare/38/godspeed-mankind","parents":[1,5,9,9405],"meta":{"cover":"///content/4b4/2/z/31d8.png","grade-06-out":"1"},"link":{"author":[9396,10828,21012,21834]},"love":0,"notes":15,"notes-timestamp":"2017-05-03T19:56:17Z"}]}