{"status":200,"caller_id":0,"cached":[],"node":[{"id":16428,"parent":9405,"superparent":9,"author":16411,"type":"item","subtype":"game","subsubtype":"jam","published":"2017-04-25T01:33:35Z","created":"2017-04-21T22:05:01Z","modified":"2017-04-25T10:22:15Z","version":65031,"slug":"blobbery","name":"Blobbery","body":"![blob1.png](///raw/b10/4/z/1efb.png)\n\nSingle cell organisms need love too. \n\n## Links\n* Windows: https://www.dropbox.com/s/f285f81jx0xi7hi/LD38_Blob.rar?dl=0\n* Web: https://odefus.itch.io/blobbery","path":"/events/ludum-dare/38/blobbery","parents":[1,5,9,9405],"meta":{"grade-06-out":"1","cover":"///content/e2a/6/z/30c9.png"},"link":{"author":[16411,27182]},"love":0,"notes":3,"notes-timestamp":"2017-05-03T03:52:16Z"}]}