{"status":200,"caller_id":0,"cached":[],"node":[{"id":15387,"parent":9405,"superparent":9,"author":9946,"type":"item","subtype":"game","subsubtype":"jam","published":"2017-04-24T21:54:16Z","created":"2017-04-21T20:47:17Z","modified":"2017-04-29T15:06:20Z","version":71390,"slug":"the-whole-truth-about-nature-selection","name":"The Whole truth about Nature Selection (16+)","body":"![Снимок экрана 2017-04-25 в 0.36.37.png](///raw/ad6/2/z/2b3d.png)\n\n![Снимок экрана 2017-04-25 в 0.39.22.png](///raw/ad6/2/z/2b3e.png)\n\n![Снимок экрана 2017-04-25 в 0.39.32.png](///raw/ad6/2/z/2b3f.png)\n\nThat game will say you the whole truth about nature selection. Don't worry, it doesn't hurt! Can you find game ending?\n\nFor develop i use:\n* Code - p5js (processing js for HTML5);\n* Libraries - p5.play, p5.sound;\n* Code editors - Notepad++, TextMate;\n* Design - Photoshop;\n* Background sound - GarageBand;\n* Sound after processing - Sound Studio;\n* Idea from my mind;\n* Other sounds from my mouth.\n\n**Links**\n\nPlay on web and source codes: https://www.openprocessing.org/sketch/422870\n\nThanks all!","path":"/events/ludum-dare/38/the-whole-truth-about-nature-selection","parents":[1,5,9,9405],"meta":{"cover":"///content/ad6/2/z/3972.png"},"link":{"author":[9946]},"love":0,"notes":4,"notes-timestamp":"2017-05-02T16:43:46Z"}]}