{"status":200,"caller_id":0,"cached":[],"node":[{"id":15215,"parent":9405,"superparent":9,"author":38,"type":"item","subtype":"game","subsubtype":"compo","published":"2017-04-23T20:37:41Z","created":"2017-04-21T20:36:40Z","modified":"2017-04-23T20:37:41Z","version":37836,"slug":"stage-of-invasion","name":"​Stage of invasion​","body":"​Stage of invasion​\nThe aliens are attacking and this is the first stage!\n\n\nmade for the ludum dare 38 compo.\n\nGame: https://tinysized.itch.io/stage-of-invasion","path":"/events/ludum-dare/38/stage-of-invasion","parents":[1,5,9,9405],"meta":{"cover":"///content/62/z/3021.png"},"link":{"author":[38]},"love":0,"notes":0}]}