{"status":200,"caller_id":0,"cached":[],"node":[{"id":15419,"parent":9405,"superparent":9,"author":86,"type":"item","subtype":"game","subsubtype":"jam","published":"2017-04-25T01:29:28Z","created":"2017-04-21T20:49:30Z","modified":"2017-04-26T01:43:56Z","version":67381,"slug":"not-enough-space","name":"Not Enough Space","body":"![Header.png](///raw/65/z/2422.png)\n:bomb: :bomb: A game about launching your friends into space, with *bombs*! :bomb: :bomb:\n\n**NOTE: REQUIRES XBOX CONTROLLERS AND CONTROLLERS MAY NOT WORK ON MAC OR LINUX**\n\nThis is *__Not Enough Space__*. It is a **local multiplayer** game for up to **four players** where you try to knock your opponents off __into space with *bombs*__! Be careful though, some of these bombs are already lit!\n\nControls:\n\n| Button             | Action          |\n|--------------------|-----------------|\n| **A**              | *Jump*          |\n| **B**              | *Throw bomb*    |\n| **Left Thumbstick**|*Move Left/Right*|\n\n## Links\n\n* Windows https://mactinite.itch.io/not-enough-space\n* Source  https://github.com/mactinite/LudumDare_38\n\n---\n\n\n## Screenshots\n![NotEnoughSpace_7.gif](///raw/65/z/2427.gif)\n![InGame_1.PNG](///raw/65/z/242c.png)\n![InGame_2.PNG](///raw/65/z/242d.png)\n![PlayerSelect.png](///raw/65/z/242e.png)","path":"/events/ludum-dare/38/not-enough-space","parents":[1,5,9,9405],"meta":{"grade-06-out":"1","cover":"///content/65/z/34a7.png"},"link":{"author":[86,11863,11976,11977,11862]},"love":0,"notes":0}]}