{"status":200,"caller_id":0,"cached":[],"node":[{"id":16744,"parent":9405,"superparent":9,"author":16710,"type":"item","subtype":"game","subsubtype":"compo","published":"2017-04-23T21:27:49Z","created":"2017-04-21T22:30:49Z","modified":"2017-05-02T17:41:48Z","version":76842,"slug":"defcon-zero","name":"Defcon Zero","body":"\n# A small world where threat of nuclear destruction is a daily problem. Your job is to keep the peace!\n\nProgrammer art.  Simple mechanic.\n\nWrote a scratch sound system and sprite renderer in SDL for this.\n\n\nDownloads:\n\nhttps://cookie-.itch.io/defcon-zero\n\nhttp://www.eightbitarcade.com/download/Defcon-Zero-win-0.02.zip\n\n![asdf.png](///raw/641/4/z/455.png)\n\n\n\n\n\n\n","path":"/events/ludum-dare/38/defcon-zero","parents":[1,5,9,9405],"meta":[],"link":{"author":[16710]},"love":0,"notes":3,"notes-timestamp":"2017-05-02T17:47:17Z"}]}