{"status":200,"caller_id":0,"cached":[],"node":[{"id":16229,"parent":9405,"superparent":9,"author":9819,"type":"item","subtype":"game","subsubtype":"jam","published":"2017-04-24T04:58:40Z","created":"2017-04-21T21:48:37Z","modified":"2017-04-25T22:57:18Z","version":67091,"slug":"botanical-hydroponic-planetoid-droid-bhpd-38","name":"Botanical Hydroponic Planetoid Droid BHPD-38","body":"Test Video:\nhttps://youtu.be/HGFcjaP2EgQ\n\nPlayable Demo\n\nWARNING: this version has a slight memory leak that might bog you down if you leave it running for too long.. \nSorry.. its those dumb plants :P\n\nzip:\nhttps://www.dropbox.com/s/ff3350usiii6o2w/BHPD-38%28LD38-FROGANUS%29.zip?dl=0\n\nexe:\nhttps://www.dropbox.com/s/xjwvtancic7y5ey/BHPD-38%28LD38-FROGANUS%29.exe?dl=0\n\nCONTROLS are just ARROWS and Z for now. Only real interaction is exploring the space lab for now. \nI def plan to keep adding to it, tho. ;)\naside from a respawn problem outside, it seems to run fine. \nlet me know any other interesting bugs.. \n\nSTORY: BHPD-38 is the helper droid assigned to this wonderful self-sustaining, hydroponic space lab, here on Planetoid LD-38, largest mass among the Kuiper belt, far on the outskirts of our solar system and pretty far into the future! ;) every few hundred years or so, this reliable helper is powered up to do any range of duties from routine/basic electrical maintenance, hydroponic testing/maintenance, maybe even food/beverage service...\n\nI had fun and learned a lot quickly trying to get this thing done.\nThanks to all the LD organizers and participants! <3\n-FR0GANUS\n\n![LD38-08.png](///raw/b56/2/z/f73.png)\n![LD38-07.png](///raw/b56/2/z/f74.png)","path":"/events/ludum-dare/38/botanical-hydroponic-planetoid-droid-bhpd-38","parents":[1,5,9,9405],"meta":[],"link":{"author":[9819]},"love":0,"notes":2,"notes-timestamp":"2017-05-01T18:19:29Z"}]}