{"status":200,"caller_id":0,"cached":[],"node":[{"id":16258,"parent":9405,"superparent":9,"author":3826,"type":"item","subtype":"game","subsubtype":"jam","published":"2017-04-25T01:34:29Z","created":"2017-04-21T21:51:01Z","modified":"2017-04-25T22:22:12Z","version":66975,"slug":"petit-adventure","name":"Petit Adventure","body":"Little world with two little witches living on it. And one of them just caught some trouble.\n\nTried to make a JRPG game this time, but the goal was too hight for 2-3 days of work. Didn't complete even half of the planned features, alas. (And my neighboors decided that these holidays was a perfect time for drilling walls all day long)\n\nReused some of the assets of my previous LD game since this game is a direct sequel to it.\nMusic from free sources.\n\nDownload from itch.io:\nhttps://noro.itch.io/petit-adventure\n\nGoogle Drive links:\n\nWin32: https://drive.google.com/open?id=0B4TWZK94wA5RcnlXUVVVX0ltTzg\n\nx64: https://drive.google.com/open?id=0B4TWZK94wA5RZE5FSGFSakRkUUk\n\nLinux: https://drive.google.com/open?id=0B4TWZK94wA5RN1NfREdFamp5TTA\n\nMacOS: https://drive.google.com/open?id=0B4TWZK94wA5RSmc4eDg4NEhacU0\n\n\nEdit: I couldn't not to fail and upload game without fatal bugs, of course. First version had a bug that prevented ending to be displayed, again. I fixed it and couple other minor bugs and reuploaded fixed versions.\n\n\nScreenshots:\n![jrpg01.png](///raw/2fe/z/1e91.png)\n![jrpg02.png](///raw/2fe/z/1e9a.png)\n![jrpg03.png](///raw/2fe/z/1eb6.png)\n![jrpg04.png](///raw/2fe/z/1ec1.png)\n![jrpg05.png](///raw/2fe/z/1e84.png)\n","path":"/events/ludum-dare/38/petit-adventure","parents":[1,5,9,9405],"meta":{"grade-06-out":"1","cover":"///content/2fe/z/3873.png"},"link":{"author":[3826]},"love":0,"notes":14,"notes-timestamp":"2017-05-03T22:07:45Z"}]}