{"status":200,"caller_id":0,"cached":[],"node":[{"id":15389,"parent":9405,"superparent":9,"author":14035,"type":"item","subtype":"game","subsubtype":"compo","published":"2017-04-23T21:03:00Z","created":"2017-04-21T20:47:21Z","modified":"2017-04-24T02:44:10Z","version":46508,"slug":"glade-in-the-sky","name":"Glade in the Sky","body":"Glade in the Sky\n\nReturn the crystals to their sockets and return to your Glade in the Sky.\n\nControls\n* Keyboard\n  * move: WASD/Arrows \n  * Jump/Select:Space\n* GameController\n  * move: left stick\n  * Jump/Select: Y\n\nFirst Ludum Dare\n\nTools: Unity, Blender, Gimp, & Audacity\n\nDownload Location:   \nhttps://drive.google.com/drive/folders/0B-R20ebiteNeRHVCVDJnNnRsU0U?usp=sharing\n\nBug Report Link:\nhttps://docs.google.com/forms/d/e/1FAIpQLSeyaUpiX6L7qe0dDI3cjObHG6VzRgEL5FgYoQpJ4kWge9Wetg/viewform\n\n\n![GitS-Start.jpg](///raw/3d6/3/z/f6.jpg)\n![GitS-Home.jpg](///raw/3d6/3/z/f8.jpg)","path":"/events/ludum-dare/38/glade-in-the-sky","parents":[1,5,9,9405],"meta":{"cover":"///content/3d6/3/z/3b6b.jpg","grade-07-out":"1"},"link":{"author":[14035]},"love":0,"notes":9,"notes-timestamp":"2017-05-03T09:12:52Z"}]}