{"status":200,"caller_id":0,"cached":[],"node":[{"id":15323,"parent":9405,"superparent":9,"author":582,"type":"item","subtype":"game","subsubtype":"jam","published":"2017-04-25T02:09:08Z","created":"2017-04-21T20:44:02Z","modified":"2017-04-28T10:22:08Z","version":70469,"slug":"amadeus","name":"Amadeus","body":"![amadeus-game.png](///raw/642/z/2146.png)\n\n\nHelp little Amadeus to avoid the ghost and find his parents.\n\n\n## Controls\nGame is controlled by mouse left-click.\n\n## Technology\nProgramming was done with amazing Love2D 10.0 framework.\nProgrammer \"graphics-art\" :-) was done using Inkscape.\nAnd both sound effects using bfxr.\n\n## Links\nLOVE file: http://prunum.org/amadeus_janikve_ld38.love\n\nWINDOWS executable: http://prunum.org/amadeus_janikve_ld38.zip\n\n## Postmortem\nStart of this LD was a bit rough because I didn't like the theme at all. I was aiming for the jam so I said to myself that I will start drawing/coding something and maybe the idea will come up. Eventually I ended up with the house and point&click style walking game. Idea about the actual gameplay came up very-early on the submission day :-) From then on I was drawing and coding straight up to the submission hour.\nI thought it will end up badly because I had only one level and the game wasn't winnable until the last moments before submission :-) I took my last strenght and made the winning possible. But I still ended up only with one level.\nThe lesson for me is that it is possible to create a game even if the theme is really bad for me. However it may not be easy. And of course I still have to learn how to draw and create any sound :-)\n\nHope everybody enjoyed this LD and survived the server problems during the submission. ","path":"/events/ludum-dare/38/amadeus","parents":[1,5,9,9405],"meta":[],"link":{"author":[582]},"love":0,"notes":4,"notes-timestamp":"2017-05-01T18:15:41Z"}]}