{"status":200,"caller_id":0,"cached":[],"node":[{"id":16654,"parent":9405,"superparent":9,"author":11322,"type":"item","subtype":"game","subsubtype":"compo","published":"2017-04-24T01:10:41Z","created":"2017-04-21T22:24:28Z","modified":"2017-04-27T22:50:37Z","version":69990,"slug":"solar-wind","name":"Solar Wind","body":"Solar Wind is a game made for Ludum Dare 38. It is also my first ever game. The objective is to fling yourself to each mini planet, and collect it to get a power. When you have collected every planet, head to the sun. Use the compass to direct yourself to each planet.\n\n\n![screenshot.png](///raw/a3c/2/z/1915.png)\nControls:\n\nA/D: Steer\n\nSpace: Boost\n\nS: Slow\n\nClick: Use Ring Boomerang\n\nDownload: https://flusap.itch.io/solar-wind\n\nProject File: https://drive.google.com/open?id=0B6EIhsPncXNTZmRhRDQwMmpYVFU","path":"/events/ludum-dare/38/solar-wind","parents":[1,5,9,9405],"meta":{"grade-07-out":"1","cover":"///content/a3c/2/z/3b22.png"},"link":{"author":[11322]},"love":0,"notes":9,"notes-timestamp":"2017-05-03T23:23:56Z"}]}