{"status":200,"caller_id":0,"cached":[],"node":[{"id":15176,"parent":9405,"superparent":9,"author":9486,"type":"item","subtype":"game","subsubtype":"compo","published":"2017-04-24T00:50:30Z","created":"2017-04-21T20:33:56Z","modified":"2017-05-02T03:47:20Z","version":75905,"slug":"pizza-avventura","name":"Pizza Avventura","body":"Welcome to Pizza Avventura! A lovely pizza place loved by both ordinary people and mobsters alike!\nYou get to work the night shift making pizzas until you drive the restaurant into bankruptcy. Fun!\n\n![Capture.PNG](///raw/e05/2/z/1e75.png)\n\nSource Code:\n    https://www.dropbox.com/s/tle00t452lh024m/Pizza%20Avventura%20-%20Source.zip?dl=0\n\nThe Making Of: https://www.youtube.com/watch?v=ryUF_2Ms204\n\n\nBuilds:---------------------------------------------------------------------------------------------------------------------------------------------------------------------\n    WebGL: https://www.dropbox.com/s/wg6f89e12k8b3cv/Pizza%20Avventura%20-%20WebGL.zip?dl=0\n    Windows: https://www.dropbox.com/s/79wtcvughclijp5/Pizza%20Avventura%20-%20Windows.zip?dl=0\n    Android: https://www.dropbox.com/s/h9qrxryn6b4wrxo/Pizza%20Avventura%20-%20Android.zip?dl=0","path":"/events/ludum-dare/38/pizza-avventura","parents":[1,5,9,9405],"meta":[],"link":{"author":[9486]},"love":0,"notes":3,"notes-timestamp":"2017-05-02T20:59:42Z"}]}