{"status":200,"caller_id":0,"cached":[],"node":[{"id":15306,"parent":9405,"superparent":9,"author":2328,"type":"item","subtype":"game","subsubtype":"compo","published":"2017-04-23T20:15:09Z","created":"2017-04-21T20:42:50Z","modified":"2017-04-23T20:15:09Z","version":37450,"slug":"small-world-giant-steps","name":"Small World, Giant Steps","body":"LINK: https://knatt.itch.io/giant-steps\n\nSmall World, Giant Steps\n\nby Nolan Gams\n\nmade in Clickteam Fusion 2.5\n\n\nYou are a giant who finds himself in a city full of tiny people. Watch your step and be sure not to step on anyone.\n\nControls:\n\nRight arrow / Left arrow are used to change the direction of the yellow pointer on your balance bar. The bar is at the top of the screen will show you how close you are till tipping over.\n\nTo take a step press the key shown. The button selected is randomly picked from q,w,e,r,a,s,d,f. any people under your foot when you take a step will be squashed, so watch out.\n\nThe game continues and increases in difficulty with each step.The score is a tally of steps taken and time played, subtracted by mistakes and people/inns/houses that were crushed\n\n============================================================================================================================\n\n\n4/22/2017 (11:30 PM):\n\nThis is my submission for Ludum Dare 38: Small worlds\n\nRight now this is just what I got done on the first day. More polish to come!\n\n\n\n4/23/2017 (10:30 AM):\nCut back on difficulty. step keys are now limited to q,w,e,r,a,s,d,f\n\nBecause of this I was able to cut out the keyboard object without an enormous amount of recording. With No keyboard object, I can make an html version\n\n4/23/2017 (12:00 PM):\n\nAdded Score and Falls (lives)\n\n4/23/2017 (4:00 PM):\n\nAdded High Score Screen\n\nAdded graphics\n\nmore balance","path":"/events/ludum-dare/38/small-world-giant-steps","parents":[1,5,9,9405],"meta":[],"link":{"author":[2328]},"love":0,"notes":1,"notes-timestamp":"2017-05-02T17:12:05Z"}]}