{"status":200,"caller_id":0,"cached":[],"node":[{"id":16523,"parent":9405,"superparent":9,"author":9978,"type":"item","subtype":"game","subsubtype":"compo","published":"2017-04-24T00:54:29Z","created":"2017-04-21T22:12:13Z","modified":"2017-04-24T01:31:13Z","version":44648,"slug":"global-good-guy","name":"Global Good Guy","body":"This is a game where you fly around helping people, through minigames, of other culture in order to collect a code to save our country.  This is my first LD entry and it was made in game maker!\n\nDownload: https://bte-lead.itch.io/global-good-guy\nSource Code: https://www.dropbox.com/sh/dgvrj25onc38rhh/AAB0_5ooYPLOvBfQpJG_nlHSa?dl=0\n\n![Main menu.PNG](///raw/af6/2/z/b56.png)\nthis is the main menu screen\n![Dialoge.PNG](///raw/af6/2/z/b68.png)\nThis is an example of the dialogue!\n![map.PNG](///raw/af6/2/z/b73.png)\nThis is the map\n![Fishing mg.PNG](///raw/af6/2/z/b7e.png)\nAnd this is the fishing minigames","path":"/events/ludum-dare/38/global-good-guy","parents":[1,5,9,9405],"meta":[],"link":{"author":[9978]},"love":0,"notes":1,"notes-timestamp":"2017-05-02T21:30:09Z"}]}