{"status":200,"caller_id":0,"cached":[],"node":[{"id":15899,"parent":9405,"superparent":9,"author":13802,"type":"item","subtype":"game","subsubtype":"jam","published":"2017-04-25T00:57:50Z","created":"2017-04-21T21:19:29Z","modified":"2017-04-25T03:54:51Z","version":63701,"slug":"tiny-hero","name":"Tiny Hero","body":"Tiny Hero\nA game made for Ludum Dare 38 Theme: A Small World\n\nCover:\n![cover.png](///raw/ae5/3/z/1d4a.png)\n\nScreens:\n![screen.png](///raw/ae5/3/z/1d79.png)\n\nGameplay:\n\nEnemies will spawn around the map in waves. Attack them to keep them off the castle in the middle. You will gain experience and gold from defeating enemies.\n\nUse the experience to upgrade your hero and gold to upgrade Rinlin (Your home castle). Your Action Points and Castle Health will be restored by half after each wave.\n\nControls:\n\nYou can click on enemies to attack them\n\nLeft mouse click for a normal attack\n\nRight mouse click for bash attack. This attack will stun enemies and will prevent them from performing an action or moving.\n\nOpt-Out:\nGraphics\nAudio\n\nDownload Links:\nhttps://archatype.itch.io/tiny-hero\n\nSource Code:\nhttps://github.com/thomasekyle/tinyhero.git","path":"/events/ludum-dare/38/tiny-hero","parents":[1,5,9,9405],"meta":[],"link":{"author":[13802]},"love":0,"notes":1,"notes-timestamp":"2017-05-03T10:10:17Z"}]}