{"status":200,"caller_id":0,"cached":[],"node":[{"id":15909,"parent":9405,"superparent":9,"author":9976,"type":"item","subtype":"game","subsubtype":"compo","published":"2017-04-23T22:02:38Z","created":"2017-04-21T21:20:05Z","modified":"2017-04-23T22:02:38Z","version":39341,"slug":"tetrisjump","name":"TetrisJump","body":"Download: https://lastordefault.itch.io/tetrisjump!\nSource code: https://github.com/LastOrDefault/TetrisJump\n[Screenshot (1).png](///raw/8f6/2/z/700.png)","path":"/events/ludum-dare/38/tetrisjump","parents":[1,5,9,9405],"meta":[],"link":{"author":[9976]},"love":0,"notes":1,"notes-timestamp":"2017-05-02T19:11:58Z"}]}