{"status":200,"caller_id":0,"cached":[],"node":[{"id":15542,"parent":9405,"superparent":9,"author":517,"type":"item","subtype":"game","subsubtype":"jam","published":"2017-04-25T01:02:57Z","created":"2017-04-21T20:56:27Z","modified":"2017-04-25T01:36:02Z","version":60427,"slug":"every-world-has-a-pizzeria","name":"Every World Has a Pizzeria","body":"![qwdqwd.png](///raw/502/z/1f43.png)\n\n\n# Description\n\nHave you ever wondered what goes on inside a snow globe? Well... they have pizzerias there too! And in this game you are responsible of delivering the pizzas in time. You must remember to have your car always loaded with pizzas so you can deliver them before the clock runs out!\nPlease leave your opinion or feedback about the game. We’ll be very happy if you do so :smile:\n\n# Download\n\n**Windows**, **Mac** and **Linux*** from itch.io: [https://duosoles.itch.io/every-world-has-a-pizzeria](https://duosoles.itch.io/every-world-has-a-pizzeria)\n\n*untested\n\n# Controls\n## Keyboard and Mouse\n\n- **wasd** / **arrow keys**: move\n- **space**: break the car\n- **q** / **e**: throw pizzas!\n- **f**: horn to the pizzeria to receive more pizzas\n\n# Credits\n\n- [luyctrevisan](https://twitter.com/luyctrevisan) code and shader\n- [midup](https://twitter.com/midup) art and illustrations\n- [joel_asj](https://twitter.com/joel_asj) music and sfx\n\n# Tools Used\n\n- Unity\n- Visual Studio\n- Maya\n- Illustrator\n- GarageBand\n- Audacity\n\n![gif1.gif](///raw/502/z/1e2e.gif)\n![gif3.gif](///raw/502/z/1e38.gif)\n![gif2.gif](///raw/502/z/1e3f.gif)","path":"/events/ludum-dare/38/every-world-has-a-pizzeria","parents":[1,5,9,9405],"meta":[],"link":{"author":[517,10033,22596]},"love":0,"notes":6,"notes-timestamp":"2017-05-02T01:17:04Z"}]}