{"status":200,"caller_id":0,"cached":[],"node":[{"id":16342,"parent":9405,"superparent":9,"author":14159,"type":"item","subtype":"game","subsubtype":"jam","published":"2017-04-24T21:33:26Z","created":"2017-04-21T21:57:21Z","modified":"2017-04-25T03:32:54Z","version":63462,"slug":"planet-energico","name":"Planet Energico","body":"![1.png](///raw/f47/3/z/ff7.png)\n\nRhythm based game about dodging all sorts of disasters coming right towards your dwarf planet. You don't move to the rhythm, rather everything else does.\n\nI didn't make any of the music, all of it was from Gooseworx\n\n## Links\n* **Game Download:** https://www.dropbox.com/s/p31q878ezefhmu4/PlanetEnergico_LD38.zip?dl=0\n* **Gamejolt Page:** http://gamejolt.com/games/planetenergico/252125\n* **Twitter:** https://twitter.com/SubwooferX3\n\n","path":"/events/ludum-dare/38/planet-energico","parents":[1,5,9,9405],"meta":{"grade-06-out":"1","grade-07-out":"1","cover":"///content/f47/3/z/2f81.png"},"link":{"author":[14159]},"love":0,"notes":7,"notes-timestamp":"2017-05-03T06:07:05Z"}]}