{"status":200,"caller_id":0,"cached":[],"node":[{"id":16020,"parent":9405,"superparent":9,"author":9602,"type":"item","subtype":"game","subsubtype":"compo","published":"2017-04-23T20:24:47Z","created":"2017-04-21T21:28:54Z","modified":"2017-04-23T20:24:47Z","version":37619,"slug":"the-last-pea","name":"The Last Pea","body":"ESCAPE THE PLATE BEFORE YOU GET ATE ;)\nIt's really simple and a bit rubbish really haha\nArrows to move...\n\nFirst ludum dare and an excuse to learn some godot <3\n\nOk so,\ndownload here:\nhttps://megaeggz.itch.io/the-last-pea\n\ncode here :\nhttps://github.com/joshwhiteside/ludumDare38\n\n![the last pea screenshot.png](///raw/285/2/z/555.png)","path":"/events/ludum-dare/38/the-last-pea","parents":[1,5,9,9405],"meta":[],"link":{"author":[9602]},"love":0,"notes":1,"notes-timestamp":"2017-05-01T11:39:34Z"}]}