{"status":200,"caller_id":0,"cached":[],"node":[{"id":15705,"parent":9405,"superparent":9,"author":1019,"type":"item","subtype":"game","subsubtype":"jam","published":"2017-04-24T20:20:33Z","created":"2017-04-21T21:06:09Z","modified":"2017-05-02T17:50:46Z","version":76853,"slug":"colored-dots","name":"Colored Dots","body":"Build a society !\n\n[Download (Windows)](https://chatpion.itch.io/colored-dots)\n\nUnfinished game","path":"/events/ludum-dare/38/colored-dots","parents":[1,5,9,9405],"meta":{"grade-07-out":"1","grade-06-out":"1","grade-08-out":"1"},"link":{"author":[1019]},"love":0,"notes":0}]}