{"status":200,"caller_id":0,"cached":[],"node":[{"id":16431,"parent":9405,"superparent":9,"author":1561,"type":"item","subtype":"game","subsubtype":"compo","published":"2017-04-24T02:10:20Z","created":"2017-04-21T22:05:11Z","modified":"2017-04-24T02:58:42Z","version":46653,"slug":"bunosphere","name":"Bunosphere","body":"![title.png](///raw/916/z/e43.png)\n\n![screenshot2.png](///raw/916/z/e48.png)\n\n![bunosphere1.gif](///raw/916/z/e16.gif)\n\n\n## :deciduous_tree: :rabbit: Welcome to the Bunosphere! :rabbit: :deciduous_tree: \n\nSolve puzzles and explore as a small bunny in this strange world. Who knows what you'll find?\n\n# Links\n\n* ### Web: [torcado.com/LD38/](http://torcado.com/LD38/)\n* ### Web Smaller: [torcado.com/LD38/bunosphere2.html](http://torcado.com/LD38/bunosphere2.html)\n* ### itch.io https://torcado.itch.io/bunosphere\n* ### Download/Source: http://www.mediafire.com/file/2g43oyg3d6x3zr3/LD38.zip\n\n\n----\n\n### Controls\n\n* #### Arrow Keys/WASD/IJKL\n* #### ~ + Esc to reset progress.\n\n\nIf a rock gets stuck you can refresh, most important things are saved.\n\nIf you are getting choppy frames, try minimizing/closing windows, try the smaller web version, or try the download .swf\n\n:rabbit: :rabbit: :rabbit: :rabbit: :rabbit:\n\n## Thanks for playing! \n","path":"/events/ludum-dare/38/bunosphere","parents":[1,5,9,9405],"meta":{"grade-06-out":"1","cover":"///content/916/z/377d.png"},"link":{"author":[1561]},"love":0,"notes":43,"notes-timestamp":"2017-05-04T07:05:41Z"}]}