{"status":200,"caller_id":0,"cached":[],"node":[{"id":15209,"parent":9405,"superparent":9,"author":1235,"type":"item","subtype":"game","subsubtype":"jam","published":"2017-04-25T01:30:59Z","created":"2017-04-21T20:36:26Z","modified":"2017-04-25T09:48:26Z","version":64927,"slug":"internetofthings","name":"#internetofthings","body":"Team\n============\n* https://twitter.com/_alt236\n* https://twitter.com/paste0x78\n\n\nAbout\n============\nA game about coding and puzzles. Build your botnet before the FBI tracks you down!\n\nUse a in-game lua editor to create and edit scripts to hack the hosts and add them to your botnet. Hack all 4 hosts before time runs out.!\n\n![start.png](///raw/3d4/z/1e1d.png)\n\n![game2.png](///raw/3d4/z/1e95.png)\n\n\nDownloads\n============\n* [Windows](https://drive.google.com/open?id=0B1E1wyP2351_SkFTNUlKcnFXNHM)\n* [OSX](https://drive.google.com/open?id=0B1E1wyP2351_bEgtcmFPNzM4TVk) (Untested)\n* [Linux](https://drive.google.com/open?id=0B1E1wyP2351_eW9nMzVENXh1dTg) (Untested)\n\n\nMissing Features\n============\n* Audio\n* Help tab\n* Host interactivity after authentication :slight_frown:\n* Sick modding support\n\nTheme Relevance\n============\nThe internet brings things together making a large world seem small. FYI, Hackers are in your light-bulbs. :upside_down:\n\nMore Screenshots\n============\n![code screen.png](///raw/3d4/z/1e9e.png)\n\n![hosts screen.png](///raw/3d4/z/1ea6.png)\n\nKnown Issues\n============\n* Sometimes the editor is a little finicky, using the mouse to position the cursor helps\n* Syntax highlighting is sometimes wrong.\n* Game ends when the FBI show up (5 min), need to quit to restart.\n\n\nThanks for playing :slight_smile:\n","path":"/events/ludum-dare/38/internetofthings","parents":[1,5,9,9405],"meta":{"cover":"///content/3d4/z/3b0c.png","grade-06-out":"1"},"link":{"author":[1235,22563]},"love":0,"notes":4,"notes-timestamp":"2017-05-02T00:36:40Z"}]}