{"status":200,"caller_id":0,"cached":[],"node":[{"id":15506,"parent":9405,"superparent":9,"author":15075,"type":"item","subtype":"game","subsubtype":"jam","published":"2017-04-24T23:05:51Z","created":"2017-04-21T20:54:40Z","modified":"2017-04-24T23:05:51Z","version":55859,"slug":"pixcade-cosmos","name":"Pixcade Cosmos","body":"A game about a small world which you must use discovery and patience to grow!\n\nhttp://forum.defold.com/t/pixcade-cosmos/7772","path":"/events/ludum-dare/38/pixcade-cosmos","parents":[1,5,9,9405],"meta":[],"link":{"author":[15075]},"love":0,"notes":0}]}