{"status":200,"caller_id":0,"cached":[],"node":[{"id":15882,"parent":9405,"superparent":9,"author":14356,"type":"item","subtype":"game","subsubtype":"compo","published":"2017-04-24T00:44:33Z","created":"2017-04-21T21:18:06Z","modified":"2017-04-24T00:44:33Z","version":42722,"slug":"pong-of-gods","name":"Pong of Gods","body":"2 gods are playing pong, but they are using small inhabited worlds as balls. Try to destroy the other god's world, and don't let either world past your paddle!\n![screenshot.png](///raw/418/3/z/a8c.png)\n**Controls**\n- **UP** and **DOWN** arrow keys or **W** and **S** to move paddle\n- **Q** and **E** to rotate planet\n- **D** to use thruster\n- **F** to fire missiles\n\n**LINKS**\n- **Download:** https://optimuscrask.itch.io/pong-of-gods\n- **Source:** https://bitbucket.org/optimusCrask/pong-of-gods/src\n\nMade in Unity5.6","path":"/events/ludum-dare/38/pong-of-gods","parents":[1,5,9,9405],"meta":{"cover":"///content/418/3/z/3cd3.png"},"link":{"author":[14356]},"love":0,"notes":0}]}