{"status":200,"caller_id":0,"cached":[],"node":[{"id":15184,"parent":9405,"superparent":9,"author":9713,"type":"item","subtype":"game","subsubtype":"jam","published":"2017-04-25T02:13:43Z","created":"2017-04-21T20:34:31Z","modified":"2017-04-27T16:20:54Z","version":69578,"slug":"rangers-royale","name":"Ranger's Royale","body":"![banner.png](///raw/1f5/2/z/29b4.png)\n\nJoins us every Tuesday night for our weekly match of Ranger's Royale!\n\nYour job is to prepare and manage a series of matches to ensure maximum audience! Be sure to make the most out of this glorious public massacre!\n\nDownload:\n+ [Linux 32](https://uspgamedev.org/downloads/projects/rangers-royale/v1.0.0/rangers-royale-linux32)\n+ [Linux 64](https://uspgamedev.org/downloads/projects/rangers-royale/v1.0.0/rangers-royale-linux64)\n+ [Windows 32](https://uspgamedev.org/downloads/projects/rangers-royale/v1.0.0/rangers-royale-win32.exe)\n+ [Windows 64](https://uspgamedev.org/downloads/projects/rangers-royale/v1.0.0/rangers-royale-win64.exe)\n\n[CREDITS](https://uspgamedev.org/downloads/projects/rangers-royale/v1.0.0/CREDITS.txt)","path":"/events/ludum-dare/38/rangers-royale","parents":[1,5,9,9405],"meta":{"cover":"///content/1f5/2/z/375a.png"},"link":{"author":[9713,10957,12917,10000]},"love":0,"notes":1,"notes-timestamp":"2017-05-02T15:21:19Z"}]}