{"status":200,"caller_id":0,"cached":[],"node":[{"id":15929,"parent":9405,"superparent":9,"author":13719,"type":"item","subtype":"game","subsubtype":"compo","published":"2017-04-23T23:04:48Z","created":"2017-04-21T21:21:50Z","modified":"2017-04-27T16:56:36Z","version":69646,"slug":"tetripolis","name":"Tetripolis","body":"Built your own city !\n\nPlace the blocks to earn money, optimize your districts to win more points.\n\nhttp://pilvee.com/Tetripolis/\n\n## Controls\n* __Drag and drop__ a block on the map.\n* __Double click__ on a block on the map to build it.\n* __Right click__ on a block to rotate.\n\n## Points\n* Habitation : +5 points per garden\n* Temple : +2 points per garden, +5 per habitation\n* Office : +5 points per office, +10 per habitation\n* Garden : +2 points per garden\n\n### How can i obtain a better score ?\nWhen you finish a city, you get an overral estimation of your performances.\n* Get one star if you place enough districts.\n* Get two stars if your score is higher than 2/3 of the best score.\n* Get tree stars if your score is equal or higher than the best score.\n\nIt is hard to beat highscores. Really hard.\n\n## Hard Mode\nLevel 6 and + are in hard mode.\nTo win, you have to build one more block and buying blocks cost 25% more.\n\n## Tools\nUsing Phaser.io, Phasetips, PyxelEdit and Gimp for graphism. No Sound.\nFont: PressStart2P\n\n## Gallery\n\nhttps://www.youtube.com/watch?v=jrQx84C9Mlc\n\n![level8.png](///raw/795/3/z/84d.png)\n\n![menu.png](///raw/795/3/z/851.png)\n\n![victory.png](///raw/795/3/z/854.png)\n\n![tiles.png](///raw/795/3/z/fc2.png)\n\n\n\n\n","path":"/events/ludum-dare/38/tetripolis","parents":[1,5,9,9405],"meta":{"grade-06-out":"1","cover":"///content/795/3/z/313b.jpg"},"link":{"author":[13719]},"love":0,"notes":18,"notes-timestamp":"2017-05-03T22:59:22Z"}]}