{"status":200,"caller_id":0,"cached":[],"node":[{"id":15250,"parent":9405,"superparent":9,"author":4003,"type":"item","subtype":"game","subsubtype":"jam","published":"2017-04-25T00:52:18Z","created":"2017-04-21T20:39:32Z","modified":"2017-04-25T00:52:18Z","version":58851,"slug":"cooped-up","name":"Cooped Up","body":"Enable full screen.\nhttps://ema1ih.itch.io/cooped-up\n\nCooped Up is about a chicken who tries to escape from her small world, a coop. She has to fight with different animals.\n\nOur best time is 2.04!\n![Untitled.png](///raw/3af/z/1d44.png)\n\n![2121.png](///raw/3af/z/1d4b.png)\n\n![3131.png](///raw/3af/z/1d50.png)\n\nControls:\nWASD or arrows - move\nSpace - attack / eat food\n\nTools:\nEngine: Unity3d 5.5\nArt: Photoshop CS6, Aseprite\nMusic: Audacity\n\nMade by @ema1ih (Game Developper) and @culin (Game Art&Sounds).","path":"/events/ludum-dare/38/cooped-up","parents":[1,5,9,9405],"meta":[],"link":{"author":[4011,4003]},"love":0,"notes":0}]}