{"status":200,"caller_id":0,"cached":[],"node":[{"id":15569,"parent":9405,"superparent":9,"author":10592,"type":"item","subtype":"game","subsubtype":"jam","published":"2017-04-25T01:34:48Z","created":"2017-04-21T20:57:32Z","modified":"2017-04-25T16:41:50Z","version":66101,"slug":"plutos-revenge","name":"Pluto's revenge","body":"Pluto just found out that he's been removed as a planet because of his small size. Face Neil Tyson and show him exactly how we feel about that!\n\n## HINT\n\n**R** Restarts the level\n\n![NeilFight.PNG](///raw/069/2/z/1ee2.png)\n\n## Credits\nMrPancake - Scripting/UI/Animation\n\nscarlettmichanco - Scripting/UI\n\nJClifford - Sprites/Animation/Music\n\nandy-farrer - Character sprites\n\n## Links\nLink to game:\nhttps://drive.google.com/open?id=0B8RDcvXP9IoOZjBNTmw2ajhBNzA","path":"/events/ludum-dare/38/plutos-revenge","parents":[1,5,9,9405],"meta":[],"link":{"author":[10592,12210,9845,28339]},"love":0,"notes":0}]}