{"status":200,"caller_id":0,"cached":[],"node":[{"id":16285,"parent":9405,"superparent":9,"author":3864,"type":"item","subtype":"game","subsubtype":"compo","published":"2017-04-23T21:12:19Z","created":"2017-04-21T21:52:37Z","modified":"2017-04-23T21:12:19Z","version":38435,"slug":"smol-mouse-thief","name":"Smol Mouse Thief","body":"Can Mouse Thief, Smol, Grab All the Coins without getting Caught by the Mouse Cops?\n\nImages\n\nhttp://storage.electricsquirrel.net/Ludum%20Dare%2038/SmolMouseThief.png\n\nLinks\n\n[Smol Mouse Thief](http://storage.electricsquirrel.net/Ludum%20Dare%2038/)\n\n[Windows Download](http://storage.electricsquirrel.net/Ludum%20Dare%2038/SmolMouseThief.zip)\n\n[Code Download](http://storage.electricsquirrel.net/Ludum%20Dare%2038/SmolMouseThiefCode.zip)","path":"/events/ludum-dare/38/smol-mouse-thief","parents":[1,5,9,9405],"meta":{"cover":"///content/81f/z/3871.png"},"link":{"author":[3864]},"love":0,"notes":1,"notes-timestamp":"2017-05-03T00:41:56Z"}]}