{"status":200,"caller_id":0,"cached":[],"node":[{"id":16487,"parent":9405,"superparent":9,"author":2381,"type":"item","subtype":"game","subsubtype":"jam","published":"2017-04-24T20:56:17Z","created":"2017-04-21T22:09:13Z","modified":"2017-04-24T20:56:17Z","version":53286,"slug":"master-of-muffing-world","name":"Master of Muffing World","body":"Local Multiplayer shooter where players compete and conquer the muffing world. For 2-4 players.\nCreate your own weapon from any combination of modules and get rid of your competition.\n```\nRequirements:\n-Local Friends / Enemies / Frenemies.\n-Game Controllers.\n-Computer capable running Unity Engine.\n\nController mappings maybe different if you are not using XInput device (but should be supported).\nControls - Menu:\nX = Join Game.\nA & Triggers/Bumpers  = Change weapon parts\nUp/Down Move in Menu.\nB = Ready!\n\nControls - Game:\nLeft Stick = Move\nRight Stick = Aim\nRight Trigger = Shoot\n```\n\nDownloads:\n```\nhttps://drteaspoon.itch.io/master-of-muffing-world\n```","path":"/events/ludum-dare/38/master-of-muffing-world","parents":[1,5,9,9405],"meta":[],"link":{"author":[2381]},"love":0,"notes":0}]}