{"status":200,"caller_id":0,"cached":[],"node":[{"id":16207,"parent":9405,"superparent":9,"author":9805,"type":"item","subtype":"game","subsubtype":"jam","published":"2017-04-25T01:52:47Z","created":"2017-04-21T21:46:52Z","modified":"2017-04-25T08:57:41Z","version":64793,"slug":"rocket-me-out-of-here","name":"Rocket Me Out Of Here!","body":"![cover.jpg](///raw/d46/2/z/20c8.jpg)\n\nSo, this was our first ever jam. Pretty much no experience with gamedev, but here we are!\nRocket Me Out Of Here is a very simple game, where your only job is to get out of that place! How to do that? Using the rocket of course! But the fuel is scattered all over the place, surrounded by the last (and very hungry) of the wolf kind.. But you CAN do this! \n![Zrzut ekranu (3).png](///raw/d46/2/z/21eb.png)\n![Zrzut ekranu (4).png](///raw/d46/2/z/21ee.png)\n![Zrzut ekranu (5).png](///raw/d46/2/z/21f0.png)\nWe're aware of many existing bugs, and not perfectly working mechanics, but we had some problems along the way, and we're happy anyway to see this game finished, even if it's not what we've planned. But hey, it can be only better from now, right?! \nAnyway, i hope you'll give it a go and maybe even enjoy it! Even a little aspect of that game!\n\nTake care guys, and enjoy!\n\nWe opt-out from the music stuff.\n\nhttps://nitensekai.itch.io/rocket-me-out-of-here","path":"/events/ludum-dare/38/rocket-me-out-of-here","parents":[1,5,9,9405],"meta":{"grade-06-out":"1","cover":"///content/d46/2/z/322a.jpg"},"link":{"author":[9805]},"love":0,"notes":1,"notes-timestamp":"2017-04-30T05:14:26Z"}]}