{"status":200,"caller_id":0,"cached":[],"node":[{"id":16662,"parent":9405,"superparent":9,"author":16643,"type":"item","subtype":"game","subsubtype":"compo","published":"2017-04-24T01:11:57Z","created":"2017-04-21T22:25:01Z","modified":"2017-05-02T16:39:33Z","version":76781,"slug":"indicental-dimension","name":"Incidental Dimension","body":"![screenShot4WithName.png](///raw/301/4/z/cbd.png)\n\n## Background\nScientist in a lab working on how to think about the extra dimension finds himself lost in thought...\n\nWhat is a dimension? How does a 3D man view a 4D person?Is it the same as how a 2D object view a 3D object? Or perhaps, this extra dimension is simply incidental.\n\nPrototype of a puzzle game that helps you think with an extra dimension!\n\n## Play\n\n **WEB** : [WebGL Link](https://wildmusketeer.itch.io/incidentaldimension)\n\n **WEB (Less Fancy)** : [Less Fancy WebGL](https://wildmusketeer.itch.io/incidental-dimension-webgl-optimized)\n\n **Downloadable (Windows, Mac, Linux)** : [Link](https://wildmusketeer.itch.io/incidental-dimensions-downloadable)\n\n **Source** :[Source](https://github.com/wildmusketeer/incidentaldimension)\n\n## Controls\nWASD / Arrow keys = Character movement\n\nR - reset the entire level\n\n## Fix\n- Small fix to starting area, so player doesnt get stuck behind door\n- Added Window,Mac, Linux build\n- Was informed that my game almost doesnt run on integrated gpus at all :joy: , so I stripped a lot of effects and made optimized webgl version. If you have a dedicated GPU, I do encourage you to try the original version though! \n- Temporarily disabled fireball's ability to kill the player, since that was causing too much frustration, and it wasn't really essential to the gameplay. \n- Small math fix for potential of lower frame rates","path":"/events/ludum-dare/38/indicental-dimension","parents":[1,5,9,9405],"meta":{"cover":"///content/301/4/z/2f79.png"},"link":{"author":[16643]},"love":0,"notes":44,"notes-timestamp":"2017-05-04T04:05:19Z"}]}