{"status":200,"caller_id":0,"cached":[],"node":[{"id":16403,"parent":9405,"superparent":9,"author":12261,"type":"item","subtype":"game","subsubtype":"jam","published":"2017-04-25T01:46:16Z","created":"2017-04-21T22:03:14Z","modified":"2017-05-03T06:59:24Z","version":77530,"slug":"the-last-colony","name":"The Last Colony   ","body":"![LD38 The Last Colony - Screenshot 1.png](///raw/5ef/2/z/1ee3.png)\n\nThe earth as we know it was destroyed. Scientists and engineers scrambled and built a mini \"planet\" to escape the end of man kind. However, due to its artificial nature, it is incapable of producing anything but some space. Scavengers are sent out to gather necessary resources for survival.\n\nYour job as an Operator is simple. You operate the incoming cargo ships and lead them to their docking station. Considering the limited resources in this barely habitable artificial planet, you should be diligent about it.\n\nSurvival of the last colony of man kind at your fingers.\nGood luck.\n\n## Links\n* Itch.Io (Mac) : https://hekst.itch.io/the-last-colony\n* Web: https://itch.io/embed-upload/459042?color=333333\n* Timelapse Video: https://vimeo.com/215784568\n\n## Controls \n![ControlTutorial.png](///raw/5ef/2/z/29c0.png)\n\nThere are 4 docking stations and each one of them has their own keyboard key. Worry not. Control Keys are laid out on the Control Panel.\n\n\nStation 1 (Top Left Station): \n\n* Thrust In: E\n\n* Thrust Out: Q\n\n* Dock: R\n\n\n\nStation 2 (Bottom Left Station):\n\n* Thrust In: D\n\n* Thrust Out: A\n\n* Dock: F\n\n\n\nStation 3 (Bottom Right Station):\n\n* Thrust In: J\n\n* Thrust Out: L\n\n* Dock: H\n\n\n\nStation 4 (Top Right Station):\n\n* Thrust In: I\n\n* Thrust Out: P\n\n* Dock: U","path":"/events/ludum-dare/38/the-last-colony","parents":[1,5,9,9405],"meta":{"cover":"///content/5ef/2/z/34db.png"},"link":{"author":[12261]},"love":0,"notes":13,"notes-timestamp":"2017-05-03T18:42:12Z"}]}