{"status":200,"caller_id":0,"cached":[],"node":[{"id":16206,"parent":9405,"superparent":9,"author":15072,"type":"item","subtype":"game","subsubtype":"jam","published":"2017-04-25T01:24:09Z","created":"2017-04-21T21:46:45Z","modified":"2017-05-02T20:31:47Z","version":77028,"slug":"one-small-step-1","name":"One Small Step","body":"Your species has finally reached the point where they are able to colonize other planets. Where else to start but with the other planets in your small solar system!\n\n![Full.png](///raw/0ea/3/z/1e44.png)\n\nTravel the solar system, terraform planets, colonize, and harvest the planet to move on to the next planet.\n\n![3.gif](///raw/0ea/3/z/1e30.gif)\n\n**Twitter:** https://twitter.com/Tetristar\n\n**Game Link:** https://tetristar-interactive.itch.io/one-small-step","path":"/events/ludum-dare/38/one-small-step-1","parents":[1,5,9,9405],"meta":{"cover":"///content/0ea/3/z/3aed.png"},"link":{"author":[15072]},"love":0,"notes":3,"notes-timestamp":"2017-05-04T02:18:18Z"}]}