{"status":200,"caller_id":0,"cached":[],"node":[{"id":15519,"parent":9405,"superparent":9,"author":13212,"type":"item","subtype":"game","subsubtype":"compo","published":"2017-04-24T01:37:04Z","created":"2017-04-21T20:55:26Z","modified":"2017-04-25T17:24:39Z","version":66246,"slug":"powerless","name":"Powerless","body":"![screen1.png](///raw/c93/3/z/b80.png)\n\n![screen2.png](///raw/c93/3/z/b95.png)\n\n# Description\n\nShort puzzle game. Robot realizes himself on a tiny asteroid without any ideas about his purpose. Looks like there is a machine, somehow related to him, but it lacks energy. Probably fixing it will help somehow?\n\nThe puzzle is really very short (takes 2-10 min to complete), but still.  \n\n# Controls\n\nHold right mouse button to move, click left mouse button to interact.\n\n# Used tools\n\nUnity,\ncgMusic,\nAudacity,\nSonar,\nGimp,\nInkscape,\nBlender,\n\n# Links\n\n[Web version](https://mineevgleb.github.io/powerless/)\n\n[Windows version](https://drive.google.com/file/d/0B7Bu_OCfhSora3NyaTVRSjZWWTg/view?usp=sharing)\n\n[Source](https://github.com/mineevgleb/Powerless) (You better not to see it, it's really dirty)\n","path":"/events/ludum-dare/38/powerless","parents":[1,5,9,9405],"meta":{"cover":"///content/c93/3/z/3076.png"},"link":{"author":[13212]},"love":0,"notes":19,"notes-timestamp":"2017-05-03T18:10:39Z"}]}