{"status":200,"caller_id":0,"cached":[],"node":[{"id":16304,"parent":9405,"superparent":9,"author":10321,"type":"item","subtype":"game","subsubtype":"jam","published":"2017-04-24T22:16:59Z","created":"2017-04-21T21:54:12Z","modified":"2017-04-28T18:38:32Z","version":70832,"slug":"suds-of-war","name":"Suds of War","body":"![BoxArt.png](///raw/158/2/z/13e9.png)\n\nHave you ever played with toy boats in your bathtub? Have you ever wondered what it would be like to have a ** * REAL * ** naval war?\n\nIf you answered yes to one, both, or maybe none of these questions, then ** this is the game for you **!\n\nIn Suds of War, you control plastic boats in a war to dominate the bathtub. Destroy enemy ships and attack the enemy base (a sponge). Rubber ducks block your way to victory, so go around them.\n\nYou start the game with three ships, try to hold on to them. If for some reason all three cannot be placed, the unplaceable ships will be available for immediate spawning, but you can only spawn next to your base.\n\n### Links\n\n[Web](https://jdunlap1974.itch.io/suds-of-war) |\n[Windows (x86)](https://www.dropbox.com/s/a15100cxx5fxl9s/SudsOfWar-rc1-Win-x86.zip?dl=0) |\n[Windows (x64)](https://www.dropbox.com/s/wadgcubw0kuhvl7/SudsOfWar-rc1-Win-x64.zip?dl=0) |\n[MacOS (Universal)](https://www.dropbox.com/s/m14oll5jsm731na/SudsOfWar-rc1-Mac-Universal.app.zip?dl=0) |\n[Linux (Universal)](https://www.dropbox.com/s/sph7fxxvnn6x9t9/SudsOfWar-rc1-Linux-Universal.zip?dl=0) |\n[Source on BitBucket](https://bitbucket.org/lonewolfstudios/sudsofwar)\n\nAdvanced warning that the Linux build has not been tested. Also, the Mac one required me to change some security settings on my MacBook.  If you know how to fix this, please let me know! (It complained that it was downloaded from Dropbox. I have it set to allow me to run programs that are not from the App Store.)\n\n### Controls\n\nLeft-Click to select or deselect a ship\nRight-Click after selecting to attack or move\n\n### Tips\n\nAt the bottom of the screen is an end turn button and the status of your ships.\n\nClick the ship icon to respawn a ship. Ships have a cooldown timer that is displayed on the button. The more ships you have down, the longer it takes them to respawn.\n\n### Goal\n\nYour goal is to destroy the enemy sponge before the enemy ships destroy your sponge.\n\n### Tools Used\n\n- Unity 5.6.0f3\n- Blender for 3D modeling and some rendering of GUI elements\n- Bfxr for creating sound effects\n- GIMP 2 for image editing\n- Audacity for editing audio files\n- LMMS for creating music\n\n\n### Contributors\n\nFor posterity sake, this game was developed completely in 72 hours by myself and my son. We each contributed the following items:\n\n- James: Most coding, Music, Some models and graphics, UI development\n- Anthony: Most models and graphics, Particle system scripting, UI development\n\nWe hope you enjoy our very first entry into the Ludum Dare game jam as much as we enjoyed making it.","path":"/events/ludum-dare/38/suds-of-war","parents":[1,5,9,9405],"meta":{"cover":"///content/158/2/z/346e.png"},"link":{"author":[10321,18323]},"love":0,"notes":37,"notes-timestamp":"2017-05-03T20:20:19Z"}]}