{"status":200,"caller_id":0,"cached":[],"node":[{"id":15326,"parent":9405,"superparent":9,"author":354,"type":"item","subtype":"game","subsubtype":"jam","published":"2017-04-25T00:40:30Z","created":"2017-04-21T20:44:10Z","modified":"2017-04-25T00:42:58Z","version":58545,"slug":"back-to-work","name":"Back to Work","body":"![game.gif](///raw/261/z/1cee.gif)\n\nOn the last few meters it became a little melancholic.\nThis is \"Back to Work\" a game about working off a todo list in a very small world. \n(Q to start and interact, arrow keys to move, combine colors!)\n* HTML: https://ztiromoritz.itch.io/backtowork\n* Source: https://github.com/ztiromoritz/ld38","path":"/events/ludum-dare/38/back-to-work","parents":[1,5,9,9405],"meta":[],"link":{"author":[354]},"love":0,"notes":2,"notes-timestamp":"2017-05-01T09:45:39Z"}]}