{"status":200,"caller_id":0,"cached":[],"node":[{"id":15358,"parent":9405,"superparent":9,"author":11752,"type":"item","subtype":"game","subsubtype":"jam","published":"2017-04-25T00:55:07Z","created":"2017-04-21T20:45:42Z","modified":"2017-05-01T03:46:05Z","version":72815,"slug":"get-off-my-planet","name":"Get Off my Planet!","body":"\n![coverimage.png](///raw/8ed/2/z/2047.png)\n\n\n\nDescription:\n\nIt's our first ludum dare, and we got pretty happy with the result, even though there are a lot to be improved on this game. It was a great learning exercise :D\n\nIt's a game where you are a little alien defending your planet from a invasion of aliens from another race, which seeks to steal the power of the crystals you are guarding.\n\n\n![screen1.png](///raw/8ed/2/z/204c.png)\n\nDownload link: https://www.mediafire.com/?rfkmwu3c7s6bb76\n\nControls:\n\n-wasd or arrow keys to move\n\n-space to jump\n\n-J to attack\n\n-P to pause\n\nThey focus one crystal at a time, and only go after the next crystal after they the one before down\n\nWe sincerely hope you enjoy this game!\n\n------------------------------------------------------------------------------------\n\nAnimations, sprites and gameplay music: Enrico \"Brownie\" Hion \n\nProgramming and some sprites: Leonardo Diego Madona Vaz\n\nMenu music and sound effects: Victor Hugo Moraes Alonso\n","path":"/events/ludum-dare/38/get-off-my-planet","parents":[1,5,9,9405],"meta":{"grade-06-out":"1","cover":"///content/8ed/2/z/36b8.png"},"link":{"author":[11752]},"love":0,"notes":4,"notes-timestamp":"2017-05-02T03:46:42Z"}]}