{"status":200,"caller_id":0,"cached":[],"node":[{"id":15602,"parent":9405,"superparent":9,"author":173,"type":"item","subtype":"game","subsubtype":"compo","published":"2017-04-23T23:23:46Z","created":"2017-04-21T20:59:33Z","modified":"2017-04-25T14:53:51Z","version":65759,"slug":"small-town-mines","name":"Small Town Mines","body":"Small Town Mines is an adventure game where the player arrives to a small rural town. His mission is to mine some gold for a couple of weeks from his late uncle's mines. The townspeople are not very welcoming to strangers who invade their small world. Try to survive for 12 days and keep your business to yourself!\n![SmallTownMines1.png](///raw/da/z/828.png)\n\n## Keys\n**Arrows** - Control the main character\n\n**Enter** - The action button that does pretty much anything\n\n## Tips\n\nRead the intro text box carefully. It helps you get on with the game.\n\nThere's a Tip Portal left top most corner. You can go there for tips.\n\nYou should try pressing enter around things that look interesting.\n\n## Builds\n\nDownload Windows x86 build and **play on browser** here https://m2tias.itch.io/small-town-mines\nThe build is locked as 720p because I can't deal with resolutions. :(\n\nSource code is here https://github.com/M2tias/LD38\n\n## Tools\n\nThe game was made with Unity 5.5.0f3.\n\nAll graphics with Surface Pro 4 using Leonardo painting app.\n\nSprites and little editing with Paint.Net.\n\nGitHub and GitHub desktop for version control.\n\nEdit: Fixed typo on game page description.","path":"/events/ludum-dare/38/small-town-mines","parents":[1,5,9,9405],"meta":{"grade-06-out":"1"},"link":{"author":[173]},"love":0,"notes":1,"notes-timestamp":"2017-04-25T22:01:25Z"}]}