{"status":200,"caller_id":0,"cached":[],"node":[{"id":15992,"parent":9405,"superparent":9,"author":10377,"type":"item","subtype":"game","subsubtype":"compo","published":"2017-04-24T01:32:39Z","created":"2017-04-21T21:26:25Z","modified":"2017-04-29T14:34:14Z","version":71372,"slug":"a-world-before-us","name":"A World Before Us","body":"![Screenshot from 2017-04-23 21-31-37.png](///raw/988/2/z/d0a.png)\nA extremely short story beginning followed by a brokenish endless shooter.\n### Links\n* **GAME:** https://pyroclasticmayhem.itch.io/a-world-before-us\n* **TWITTER:** https://twitter.com/PyrocMayhem\n* **SOURCE CODE:** https://github.com/PyroclasticMayhem/AWorldBeforeUs\n","path":"/events/ludum-dare/38/a-world-before-us","parents":[1,5,9,9405],"meta":{"cover":"///content/988/2/z/35d4.png"},"link":{"author":[10377]},"love":0,"notes":0}]}