{"status":200,"caller_id":0,"cached":[],"node":[{"id":15830,"parent":9405,"superparent":9,"author":14022,"type":"item","subtype":"game","subsubtype":"jam","published":"2017-04-24T17:21:31Z","created":"2017-04-21T21:13:43Z","modified":"2017-04-24T17:30:12Z","version":50950,"slug":"sweet-world-of-mine","name":"Sweet world of Mine","body":"2d Survival shooter where you defend your small planet from invading aliens. Your goal is to survive day cycle and kill master ship when it comes at night. Fail and you have to wait another cycle.\n\n![SamplePic.png](///raw/6c6/3/z/139e.png)\n\nMy first Ludum dare attempt. Game was done in about 13-15h total.\n\nLink: https://dawnfall.itch.io/sweet-world-of-mine\n\nSource: https://www.dropbox.com/home/Public/SweetWorldOfMine","path":"/events/ludum-dare/38/sweet-world-of-mine","parents":[1,5,9,9405],"meta":[],"link":{"author":[14022]},"love":0,"notes":1,"notes-timestamp":"2017-05-02T05:13:09Z"}]}