{"status":200,"caller_id":0,"cached":[],"node":[{"id":15986,"parent":9405,"superparent":9,"author":13187,"type":"item","subtype":"game","subsubtype":"jam","published":"2017-04-24T18:27:45Z","created":"2017-04-21T21:25:56Z","modified":"2017-04-24T18:27:45Z","version":51432,"slug":"small-world-island","name":"Small World Island","body":"![smallworldisland1.png](///raw/383/3/z/1445.png)\n![smallworldisland2.png](///raw/383/3/z/1444.png)\n![smallworldisland3.png](///raw/383/3/z/1446.png)\n\nJumping survival game with three different kinds of enemies.\n\nI decided to make the first game I have ever made while under the heavy pressure of competition! :) This was really fun and even though it is really simple game I struggled through most of it!\n\nWindows: https://kremgaur16.itch.io/small-world-island","path":"/events/ludum-dare/38/small-world-island","parents":[1,5,9,9405],"meta":[],"link":{"author":[13187]},"love":0,"notes":1,"notes-timestamp":"2017-04-30T05:07:58Z"}]}