{"status":200,"caller_id":0,"cached":[],"node":[{"id":16045,"parent":9405,"superparent":9,"author":16021,"type":"item","subtype":"game","subsubtype":"jam","published":"2017-04-25T01:55:20Z","created":"2017-04-21T21:31:09Z","modified":"2017-04-25T17:59:49Z","version":66353,"slug":"yume-trip","name":"Yume Trip","body":"![yume-dream.png](///raw/59e/3/z/1f18.png)\nYume is an ordinary girl who is suddenly trapped into her dreams. Help her find the 4 elemental crystals to get out of the Small World\n\nControls:\n\n[WASD] for movement\n\n[Spacebar] to attack\n\n[E] to open chests\n\n![gif.gif](///raw/59e/3/z/200e.gif)\n\nThe Game: https://andregamedev.itch.io/yumedream\n\nTo hear the Original Soundtrack made by me and @raphamass, click here:\nMend Playlist: https://soundcloud.com/bruno_mend/sets/yume-dream-ost\n\nRaphamass Playlist: https://soundcloud.com/raphamass/sets/yume-trip-original-sound-track","path":"/events/ludum-dare/38/yume-trip","parents":[1,5,9,9405],"meta":[],"link":{"author":[16021,13037,15119,17606]},"love":0,"notes":0}]}