{"status":200,"caller_id":0,"cached":[],"node":[{"id":16162,"parent":9405,"superparent":9,"author":3110,"type":"item","subtype":"game","subsubtype":"jam","published":"2017-04-24T19:23:08Z","created":"2017-04-21T21:42:11Z","modified":"2017-05-02T14:14:07Z","version":76551,"slug":"galaxen","name":"GALAXEN","body":"![GALAXEN_MENU.PNG](///raw/62c/z/1462.png)\n\n## ABOUT THE GAME\n\nDiscover the galaxy or choose a direction, sit back and enjoy the trip.\n\nhttps://www.youtube.com/watch?v=dCfaydDr_Uw&feature=youtu.be\n\n\n## LINKS \n* Windows: https://mrerdalural.itch.io/galaxen\n\n* project source: https://bitbucket.org/TheWheelTeam/ld38/src\n\n## CONTROLS\n\n* Arow keys / WSAD --> Navigation\n\n* Tab --> Open/Close Map\n\n* M --> Mute\n\n* Esc --> Return To Menu\n\n## TEAM\n\n* Erdal Ural - Programming, Game Design\n\n* Umur Cem Altürk - Programming, Game Design\n\n* İdil Kıtır - Artwork, Game Design!\n\n## TOOLS\n\n* Unity\n\n* Photoshop\n\n## Attributions\n\n* Font: https://managore.itch.io/m5x7\n\n* Music: http://sampleswap.org/mp3/song.php?id=1401\n(Has Been Cropped)\n\n## Voting Category Opt-outs\n\n* Audio - Music has not been made by us.\n","path":"/events/ludum-dare/38/galaxen","parents":[1,5,9,9405],"meta":{"grade-06-out":"1","cover":"///content/62c/z/39b8.png"},"link":{"author":[3110,13141,13283]},"love":0,"notes":24,"notes-timestamp":"2017-05-04T07:45:43Z"}]}