{"status":200,"caller_id":0,"cached":[],"node":[{"id":16465,"parent":9405,"superparent":9,"author":451,"type":"item","subtype":"game","subsubtype":"jam","published":"2017-04-25T01:24:18Z","created":"2017-04-21T22:07:41Z","modified":"2017-04-25T01:24:18Z","version":59945,"slug":"asteroid-planet-goddammit","name":"Asteroid, Planet, GODDAMMIT!","body":"Score **5000** points by deflecting projectiles according to their color.\n\nLink:\n* https://deglis.itch.io/asteroids-planets-goddammit\n","path":"/events/ludum-dare/38/asteroid-planet-goddammit","parents":[1,5,9,9405],"meta":{"grade-07-out":"1","grade-06-out":"1","grade-08-out":"1","cover":"///content/3c1/z/38b8.png"},"link":{"author":[451]},"love":0,"notes":9,"notes-timestamp":"2017-05-03T17:04:15Z"}]}