{"status":200,"caller_id":0,"cached":[],"node":[{"id":16153,"parent":9405,"superparent":9,"author":1611,"type":"item","subtype":"game","subsubtype":"compo","published":"2017-04-24T01:05:12Z","created":"2017-04-21T21:41:42Z","modified":"2017-05-01T16:13:05Z","version":74682,"slug":"cloud-garden","name":"Cloud Garden","body":"## About\nCloud Garden is a game with no goal. You build clouds by launching balls at existing clouds and climbing around on what you build. Just don't fall out of the atmosphere to the small world's surface. Then everything will be reset.\n\n## Controls\nWASD to move, A&D turn, use Q&E to strafe. \nSpace jumps.\nClick to shoot, aim with your cursor. \nHold the click to make the ball bigger. \nWhen the ball turns dark and the particles turn blue it becomes a rain cloud. Rain clouds turn adjacent clouds to rain clouds and eventually shrink away.\nHold right click to move the camera with your mouse. Scroll wheel zooms in and out.\nEscape pauses.\n\n### Build and enjoy!\n## Links\n[Cloud Garden WebGL](http://electrophage.com/site/assets/files/LD38/3/index.html)\n\n[Cloud Garden For Windows](http://electrophage.com/site/assets/files/LD38/3/SmallWorld.exe)\n\n[Cloud Garden Source](https://github.com/UnicycleBrigadier/LD38)\n\n## Action shots\n![Tower.PNG](///raw/b46/z/b4b.png)\n\n![RainTower.PNG](///raw/b46/z/b4f.png)\n\n## Tools\nUnity, Gimp, LMMS, and Audacity","path":"/events/ludum-dare/38/cloud-garden","parents":[1,5,9,9405],"meta":{"grade-07-out":"1"},"link":{"author":[1611]},"love":0,"notes":2,"notes-timestamp":"2017-05-04T08:52:49Z"}]}