{"status":200,"caller_id":0,"cached":[],"node":[{"id":15175,"parent":9405,"superparent":9,"author":9836,"type":"item","subtype":"game","subsubtype":"jam","published":"2017-04-25T02:37:27Z","created":"2017-04-21T20:33:55Z","modified":"2017-04-25T17:06:43Z","version":66167,"slug":"globeys-revenge","name":"Globey's Revenge","body":"![TItle_shot.png](///raw/c66/2/z/215b.png)\n\nHelp Globey clear the world of robots and junk! \n\nRoll into objects or throw peeps to destroy them. But keep an eye on your population, let it get too low and you wont have enough people left on Globey to make more, so you'll have to find some people pickups in the world!\n\nCollect dust to recharge your moon shield when you take damage!\n\nDestroy enough items in the level to unlock the exits!\n\n##Controls:\n\n- **Movement** - WASD or Arrow Key \n- **Roll** - Down Arrow or S \n- **Jump** - Space Bar\n- **Throw Peeps** - Left Mouse Button or J\n- **Slam** - Right Mouse Button or K\n- **Self Destruct** - R\n- **Pause** - Escape\n\n## Links:\n\n**Windows/Mac** - [https://gamesplusjames.itch.io/globeys-revenge](https://gamesplusjames.itch.io/globeys-revenge)","path":"/events/ludum-dare/38/globeys-revenge","parents":[1,5,9,9405],"meta":{"cover":"///content/c66/2/z/30ec.png"},"link":{"author":[9836]},"love":0,"notes":19,"notes-timestamp":"2017-05-03T23:38:10Z"}]}