{"status":200,"caller_id":0,"cached":[],"node":[{"id":16297,"parent":9405,"superparent":9,"author":1537,"type":"item","subtype":"game","subsubtype":"compo","published":"2017-04-24T00:42:57Z","created":"2017-04-21T21:53:42Z","modified":"2017-04-24T02:08:58Z","version":45999,"slug":"planetary-escape","name":"Planetary Escape","body":"Description:\n\nYou are a space criminal escaping from the space police. Try to destroy as many police space ships as possible!\n\n\n\nHow to run:\n\nOpen the Game.jar file. (Make sure that the res folder is in the same directory)\n\n\nNote:\n\nThe game does not run on MacOS. I am working to fix this.\n\n\nVulkan:\n\nThis game does support vulkan. To enable it, open the settings.txt file in the res folder and change the first line from \"VK=false\" to \"VK=true\". On my computer, the vulkan renderer is smoother than the OpenGL one.\n\nDownload Link: https://www.dropbox.com/s/qqfnfxgh6gwql6s/LD38Game.zip?dl=0\n\nSource Code: https://github.com/sharhar/LDEnginev3","path":"/events/ludum-dare/38/planetary-escape","parents":[1,5,9,9405],"meta":{"grade-08-out":"1","grade-07-out":"1","cover":"///content/106/z/39b1.png"},"link":{"author":[1537]},"love":0,"notes":4,"notes-timestamp":"2017-05-03T16:22:33Z"}]}