{"status":200,"caller_id":0,"cached":[],"node":[{"id":16434,"parent":9405,"superparent":9,"author":14672,"type":"item","subtype":"game","subsubtype":"jam","published":"2017-04-24T14:44:24Z","created":"2017-04-21T22:05:22Z","modified":"2017-04-24T19:41:27Z","version":52263,"slug":"waterway","name":"WaterWay","body":"An isometric game that uses the flow of water as a main mechanic. \nWe found it a lot of fun to make this game with this group of 4 artists and 1 programmer.\n\n\nbuilds\n\n[PC](http://193.110.252.145/files&3/WaterWay.zip)\n\n Teaser First Level\n![7ff2fbcfdbd60047fdb093f4c525244d.png](///raw/059/3/z/1546.png)\n\n","path":"/events/ludum-dare/38/waterway","parents":[1,5,9,9405],"meta":[],"link":{"author":[14672,14673,14675,14678,14669]},"love":0,"notes":2,"notes-timestamp":"2017-05-02T16:35:55Z"}]}