{"status":200,"caller_id":0,"cached":[],"node":[{"id":15772,"parent":9405,"superparent":9,"author":1607,"type":"item","subtype":"game","subsubtype":"jam","published":"2017-04-25T00:18:41Z","created":"2017-04-21T21:09:50Z","modified":"2017-05-01T21:03:33Z","version":75335,"slug":"little-lands","name":"Little Lands","body":"\n![little_lands_LDicon.png](///raw/746/z/3572.png)\n\n\n![screenshot_1.png](///raw/746/z/3573.png)\n\n\nLittle Lands is a short strategy city-builder made for Ludum Dare 38. (A Small World)\n\n\n\n!!! HELPFUL STUFF !!! (Temporary, until I put a help menu in the game)\n\n- Click your boat once it's complete to win.\n\n- Farms and oak trees must be clicked to harvest.\n\n- Hold shift when hovering over buildings to understand what they do.\n\n\n\nPLAY LITTLE LANDS: https://robinfield.itch.io/little-lands\n\nFeel free to tell us, in the comments, how much population you won with!","path":"/events/ludum-dare/38/little-lands","parents":[1,5,9,9405],"meta":{"cover":"///content/746/z/34c6.png","grade-07-out":"1"},"link":{"author":[1607,6308]},"love":0,"notes":18,"notes-timestamp":"2017-05-03T19:35:41Z"}]}