{"status":200,"caller_id":0,"cached":[],"node":[{"id":15342,"parent":9405,"superparent":9,"author":10101,"type":"item","subtype":"game","subsubtype":"jam","published":"2017-04-24T23:59:40Z","created":"2017-04-21T20:44:47Z","modified":"2017-04-29T18:41:34Z","version":71532,"slug":"first-ludum-dare-planet-hopper","name":"Planet Hopper","body":"![01.JPG](///raw/577/2/z/29cd.jpg)\n\nI've been a software engineer for 10 years, and a game programmer for all of 2 weeks. Not sure why I thought entering a game jam when I can barely stop my character falling through the floor was a good idea! I just need to find a theme that turns my programming bugs in to features... \n\nIn Planet Hopper you have been turned in to a giant by a freak industrial accident. Without your space ship you need to find a way home by hopping between planets and asteroids, and using radioactive mushrooms to shrink down to normal size to collect fuel to power a rocket, or solve other puzzles to help you progress. Controls are the usual ASWD or arrow keys for movement, and space to jump. If you want to reset your lives press 'o', or to instantly complete a level and get back to the galaxy press 'p'. Sadly only had time to make 2 planets as it took me waaay too long to work out basic controls and movement.\n\n![02.JPG](///raw/577/2/z/29d2.jpg)\n\n![03.JPG](///raw/577/2/z/29d0.jpg)\n\nhttps://www.youtube.com/watch?v=YGQkQUgENIw\n\nThe sprites and sounds are mainly free ones, but there are a couple I bought as I'm so bad at art I miss when trying to paint a barn door! \n\nBut, my first attempt at a game and I'm fairly happy with it in spite of dodgy colliders (with a bit or work I can probably turn them in to hover boots...) and freak gravity problems. I think I learnt more this weekend than in the past few weeks trying to learn how to program games!\n\n## Event: Jam\n\n## Opt-outs: \n- graphics\n- sound \n\n## Links\n* **Web Version:** https://itch.io/embed-upload/460613?color=333333 (takes a while to load)\n* **Download Version:** https://drive.google.com/file/d/0B1R8XA8Ok9OHMlRGbWd6MVhZeTg/view?usp=sharing\n","path":"/events/ludum-dare/38/first-ludum-dare-planet-hopper","parents":[1,5,9,9405],"meta":[],"link":{"author":[10101]},"love":0,"notes":3,"notes-timestamp":"2017-05-01T22:51:40Z"}]}