{"status":200,"caller_id":0,"cached":[],"node":[{"id":15828,"parent":9405,"superparent":9,"author":2840,"type":"item","subtype":"game","subsubtype":"compo","published":"2017-04-24T03:15:41Z","created":"2017-04-21T21:13:40Z","modified":"2017-04-24T03:15:41Z","version":46788,"slug":"rocket-roller-space-polo","name":"Rocket Roller Space Polo","body":"![ScreenShot1.png](///raw/81b/z/d13.png)\n\n![ScreenShot2.png](///raw/81b/z/d18.png)\n\n![ScreenShot3.png](///raw/81b/z/d1d.png)\n\nJetpacks, Roller Skates, Rocket Jumps, Mean Robots, and a Heavy Ball on an Asteroid in Outer Space.\n\nThis one was a doozy, I had to spend a lot of the time tweaking the feel and was worried it wouldn't come together.\n\nHope I got it right and you have fun!\n\n## Links\n* **GAME (PC zip):** https://savagehill.itch.io/rocket-roller-space-polo\n* **SOURCE CODE:** http://savagehillgames.com/LD38/SpacePolo-SourceCode-LD38.zip\n* **TWITTER:** https://twitter.com/pkenneydev","path":"/events/ludum-dare/38/rocket-roller-space-polo","parents":[1,5,9,9405],"meta":{"cover":"///content/81b/z/2f4c.png"},"link":{"author":[2840]},"love":0,"notes":24,"notes-timestamp":"2017-05-04T04:58:02Z"}]}