{"status":200,"caller_id":0,"cached":[],"node":[{"id":16694,"parent":9405,"superparent":9,"author":16659,"type":"item","subtype":"game","subsubtype":"jam","published":"2017-04-25T03:04:50Z","created":"2017-04-21T22:27:10Z","modified":"2017-05-01T18:34:09Z","version":74978,"slug":"daily-routine-the-smallest-worlds-are-the-ones-we-get-stuck-in","name":"Daily Routine: the smallest worlds are the ones we get stuck in","body":"\n![thumbnail.png](///raw/311/4/z/28c5.png)\n\nAfter three hard days we present to you our first Ludum Dare jam entry.\n\nSometimes it was a real struggle but also a whole lot of fun. :grin:\n\n[**Click here to play the game!**](https://samurai-spark.itch.io/dailyroutine)\n\n**Available on WebGL | Windows | Linux | Mac**\n\nWe are very proud of what we were able to accomplish within this time period. The Project was created by the two of us in 60 hours.\n\nFeel free to report any bugs you may encounter. \nAlso let us know if you actually reached the end! :smile:\n\nHere is a little preview of our work.\n\n**Screenshots:**\n\n![DailyRoutine2.png](///raw/311/4/z/22d8.png)\n![DailyRoutine3.png](///raw/311/4/z/22da.png)\n\n\n\n**Changelog**\n\n25.04.2017:\n - *Fixed a bug which caused the ending to crash*\n - *Fixed a bug which scaled the intro scene wrong in web build*\n\n26.04.2017:\n - *Fixed a bug which scaled our UI wrong on high resolutions *\n\n27.04.2017:\n - *Fixed that the the hint to solve the first game is cut off *\n\n\n![banner_thankyou2.png](///raw/311/4/z/2de4.png)\n\n\n\nAfter some of our comments brought us to the idea, we announce you the \n\n![icc-s.png](///raw/311/4/z/2de9.png)\n\nThe first person who mails us a screenshot with a score over 10 Cereals Per Second (CPS) in our first mini game wins a **free box of cereals!**\nThis is just a small thank-you gift for all your kind and useful feedback. Because you know, breakfast is healthy. :smile: \n\nPlease mail us your screenshot at <team@samurai-spark.com>.","path":"/events/ludum-dare/38/daily-routine-the-smallest-worlds-are-the-ones-we-get-stuck-in","parents":[1,5,9,9405],"meta":{"grade-06-out":"1","cover":"///content/311/4/z/3097.png"},"link":{"author":[16659,20574,20595]},"love":0,"notes":57,"notes-timestamp":"2017-05-04T03:30:51Z"}]}