{"status":200,"caller_id":0,"cached":[],"node":[{"id":15765,"parent":9405,"superparent":9,"author":711,"type":"item","subtype":"game","subsubtype":"jam","published":"2017-04-25T01:34:12Z","created":"2017-04-21T21:09:34Z","modified":"2017-04-25T01:34:12Z","version":60324,"slug":"flat-samurai","name":"FLAT SAMURAI","body":"![2.png](///raw/7c2/z/1ea2.png)\nFlat samurai is a nervous samurai duel game in which you must slay the other samurai before he slays you.\nThe game's played with 2 controllers.\n\nYou can download it for pc here : https://tymus.itch.io/flat-samurai\n\nControls (Xbox360 gamepad)\n\nMove : Left Joystick \nDash : A Button\nStop : X Button \nChange Colour : Y Button \nRestart : Back \nRelaunch the game : Start \n\n\nI'll add sounds and music when I'll get back from AMAZE\n\nI hope you'll like it :)","path":"/events/ludum-dare/38/flat-samurai","parents":[1,5,9,9405],"meta":[],"link":{"author":[711]},"love":0,"notes":0}]}