{"status":200,"caller_id":0,"cached":[],"node":[{"id":15328,"parent":9405,"superparent":9,"author":3384,"type":"item","subtype":"game","subsubtype":"compo","published":"2017-04-24T00:47:44Z","created":"2017-04-21T20:44:14Z","modified":"2017-04-24T00:48:38Z","version":42901,"slug":"wave-recede","name":"Wave Recede","body":"A survival sandbox game on a small tropical island. Kinda unfinished, but hopefully you can learn from the source code\n\nControls:\n\nA and D - Move\nSpacebar - Jump\nE - Open Inventory\nR - Open Crafting Menu\nLMB - Dig\nRMB - Place (make sure you have block selected in inventory)\nM - Move items (select desired location on crafting menu, select desired items in inventory, press M in inventory)\n\nSource code: https://github.com/Whooshy/LD38_WaveRecede/\nGame: https://permafrost.itch.io/wave-recede","path":"/events/ludum-dare/38/wave-recede","parents":[1,5,9,9405],"meta":[],"link":{"author":[3384]},"love":0,"notes":0}]}