{"status":200,"caller_id":0,"cached":[],"node":[{"id":15973,"parent":9405,"superparent":9,"author":5698,"type":"item","subtype":"game","subsubtype":"jam","published":"2017-04-24T17:33:57Z","created":"2017-04-21T21:24:48Z","modified":"2017-05-02T16:46:06Z","version":76792,"slug":"what-remains","name":"What Remains.","body":"![what-remais.png](///raw/246/1/z/3a41.png)\n\nThe world was savaged by the 4th great war. After the dust set, the planet was no longer capable of sustaining life. The people who have survived now try to make it through the days inside one of the lost bunkers scattered across the world. People are born and die in those claustrophobic spaces. \n\nThis is their [small world] now.\n\n### What it is\nThis is a shelter-like game. How many people can you gather and how much time can you survive? \n\n### Where to Play (submitted version)\nhttp://murilo.codware.com/LD38/ (there is a how-to-play option there).\n\n### Members\n- Fiote [Developer & Voices] (http://fiotactics.com)\n- Chesu [Artist] (http://sprite-byte.com)\n\n### Language\n- Javascript (engine created from scratch, no phaser/construct/etc)\n\n### Tools\n- Sublime Text 3\n- Pyxel Edit\n\n### Opt-Out\nWe didn't make the music, but we did make the sound effects (I even voiced the units lol).\n\n### Where to Play (fixed based on comments)\nhttp://murilo.codware.com/LD38b/\n- Added volume control\n\n","path":"/events/ludum-dare/38/what-remains","parents":[1,5,9,9405],"meta":{"cover":"///content/246/1/z/3a25.png"},"link":{"author":[5698,17326]},"love":0,"notes":26,"notes-timestamp":"2017-05-04T00:22:47Z"}]}