{"status":200,"caller_id":0,"cached":[],"node":[{"id":15737,"parent":9405,"superparent":9,"author":309,"type":"item","subtype":"game","subsubtype":"compo","published":"2017-04-24T00:56:44Z","created":"2017-04-21T21:08:01Z","modified":"2017-05-01T14:26:20Z","version":74335,"slug":"little-asteroid","name":"Little Asteroid","body":"![Pic1.png](///raw/531/z/1364.png)\n\nBuild up a mining outpost on a small asteroid world and grow up to a large factory mass producing satellites to sell of huge profit. \n\nPlace mines to collect ore that can be sent to refiners to smelt into plate. These can be used to craft more advanced items.\n\nTransport lines can be setup to output resources from one machine to another, note that these only take items in one direction.\n\nMade Using:\n- Unity3D\n- Visual Studio\n- Photoshop\n- Blender\n- Audacity\n\n[Windows build](https://www.dropbox.com/s/6inpfxz4dvsss7f/Little_Asteroid_Win_1.0.3.zip?dl=0)\n\n[WebGL build](https://wevel.bitbucket.io/LD38/index.html)\n\n[Source code](https://bitbucket.org/Wevel/ld38)\n\nComments are most welcome, I will try to play and rate the games of everyone who comments at some point","path":"/events/ludum-dare/38/little-asteroid","parents":[1,5,9,9405],"meta":{"cover":"///content/531/z/3055.png"},"link":{"author":[309]},"love":0,"notes":13,"notes-timestamp":"2017-05-03T23:15:00Z"}]}