{"status":200,"caller_id":0,"cached":[],"node":[{"id":15639,"parent":9405,"superparent":9,"author":2167,"type":"item","subtype":"game","subsubtype":"jam","published":"2017-04-24T21:45:09Z","created":"2017-04-21T21:01:42Z","modified":"2017-05-02T15:23:37Z","version":76636,"slug":"bureaucratic-deity-simulator-2018","name":"Bureaucratic Deity Simulator 2018","body":"![BoxArt1.png](///content/778/z/336a.png)\n\n* [itch.io \\(WEB, Win, Mac, Linux\\)](mmason.itch.io/bureaucraticdeitysimulator2018)\n* [Android \\(Play Store\\)](https://play.google.com/store/apps/details?id=com.MoonFolks.ModestMudcake&hl=en)\n\nThe play store build was added after the Jam finished but it is the same APK available on the itch.io page (the final Jam submission build)\n\n#### Supported Builds:\n* Web\n* Android\n* Windows\n* Mac *\n* Linux *\n\n\\* If you run into any issues running these builds please leave us a comment, we did the build but haven't had a chance to test them properly yet.\n\n## What it's all about\nAs a bored and powerful being you have decided to take it upon yourself to create worlds. Unfortunately you're not THAT powerful and you can only create small flat worlds, oh well. Roll up your sleeves, you're about to get your hands dirty.\n\n## The Goal\nYour goal is to use your somewhat powerful abilities to create worlds to certain specifications, be it a planet of cities, a giant swamp or some combination of the possible plots of land you can place.\n\n## The short guide to creating worlds\nI don't need to tell a being with powers how to do their job, but you may want to start by grabbing some land from your scroll of power and placing it onto the bedrock on the planet's empty husk. Sometimes you'll only need to fill a planet up to win, other times you'll need to meet certain quotas in order to create the perfect world (divine bureaucracy, am I right?) . One thing you'll notice right away is that each plot of land will often influence the land it is placed next to. A mountain can be completely eroded by an ocean, and a grassland can be settled in if a river is near.\n\n## Where do I sign up?\nAs someone who wants to have the powers of creation you can sign up at your local power being recruitment center above.\n\nYou can also get the mobile starter pack at the above location (Android only), proper recruitment center pending.\n\n## Final words\nWe recommend trying the game on your Android device, it was our self imposed additional goal to make the game friendly. The current APK will say you need to allow installations from unknown locations (I swear no bad things were added :grinning:). I'll be trying to put it on the play store later to facilitate things.\n\nBelow we've added the possible combinations, for the best experience I recommend discovering them on your own but in the interest of saving people time for rating we'll provide them below.\n\n# Credit:\n* @musluk - Sound and Audio (all of it and a bunch more)\n* @growlands - Graphics and Art (all of it and a bunch that got redrawn)\n* @douglass - Programming and other tasks\n* @mmason - Programming and other tasks\n\n# :point_down:Spoiler:point_down:\n\n###### :arrow_down:\n###### :arrow_down:\n###### :arrow_down:\n###### :arrow_down:\n\n|              |exists      |exists       |exists    |exists   |exists   |exists  |exists   |exists   |\n|---           |---         |---          |---       |---      |---      |---     |---      |---      |\n|              |**Mountain**|**Grassland**|**Desert**|**River**|**Hills**|**Town**|**Water**|**Swamp**|\n|**+Mountain** |            |River        |Hills     |         |Mountain |        |         |         |\n|**+Grassland**|            |             |          |         |         |        |         |         |\n|**+Desert**   |            |Desert       |          |         |         |Desert  |Swamp    |Grassland|\n|**+River**    |            |Town         |Grassland |Swamp    |Grassland|        |         |River    |\n|**+Hills**    |            |River        |          |         |         |        |         |         |\n|**+Town**     |            |Town         |          |         |         |        |         |Grassland|\n|**+Water**    |Hills       |             |          |Water    |River    |        |         |Water    |\n|**+Swamp**    |            |Swamp        |Grassland |         |         |Swamp   |         |         |","path":"/events/ludum-dare/38/bureaucratic-deity-simulator-2018","parents":[1,5,9,9405],"meta":{"cover":"///content/778/z/336a.png"},"link":{"author":[2167,3017,22650,13202]},"love":0,"notes":16,"notes-timestamp":"2017-05-03T18:11:46Z"}]}