{"status":200,"caller_id":0,"cached":[],"node":[{"id":15225,"parent":9405,"superparent":9,"author":766,"type":"item","subtype":"game","subsubtype":"compo","published":"2017-04-24T03:07:23Z","created":"2017-04-21T20:37:10Z","modified":"2017-04-25T19:46:59Z","version":66590,"slug":"the-aliens","name":"The Aliens","body":"![scrshot.png](///raw/ef2/z/f37.png)\n\nWelcome to my game **THE ALIENS**\n\nInstructions are in the README.txt file which is in the download folder, I will also paste it below\n\nDownload Links:\n\n~~**1. THE GAME -**~~ (Please consider playing PostCompo version) https://drive.google.com/open?id=0B9e_ZRFruqXvSVdZT0dkSkIzZEE\nit's Java so it 'should' be cross-platform, although I think cross-platform Java sound is a bit sketchy. It will work fine on windows (with a bit of luck)\n\n**2. THE SOURCE -** https://drive.google.com/open?id=0B9e_ZRFruqXvMkRHZGlpQ3ExNG8\nSo... I heard people learn stuff from LD sources. Feel free. But.... Um.. It's a 'bit' of a ~~clusterf~~ mess\n\n**POST COMPO - ** This is some VERY MINOR bugfixes. There are ways in the original you can easily cheat, and win for free, I would much appreciate it if you played the post compo, and judged it as though it was the original, the original is left above for comparison reasons, Thanks!\n\nhttps://drive.google.com/open?id=0B9e_ZRFruqXvbGg5aUU1RkRMUG8 - this is the **post compo link**\n\n\n**README - INSTRUCTIONS**\n\n**Running-----**\n\nMake sure you run \"TheAliens.jar\" in the same folder as the sounds directory\n\n**Concept-----**\n\nYou play as a space rocket, that can shoot Aliens, and you have to get as high as possible.\nYou can upgrade your space rocket, with coins that the Aliens drop when you kill them.\nYou can then get higher.\n\nYou 'win' the game at level 7, although you can continue playing if you wanna see how high you can get ;)\n\n**Designing----**\n\nWhen you start the game it will be in the \"Design\" tab (top left)\nthis is where you upgrade your space rocket the buttons labeled \"Nose Cones\", \"Bodies\" etc. control which part of the\nship you are trying to upgrade, e.g. if you wanted to upgrade the thruster, you would click on \"Main Thrusters\"\n\nTo upgrade a part, just click on one of the buttons underneath the green label that will be labelled similarly/thesame as the button\nyou clicked.\n\nWhen you start you won't be able to afford anything, so click on the play tab (topleft)\n\n**Playing---**\n\nYou will see your ship. When you are ready, click on LAUNCH. This will start the ship, and it will take off (very slowly if you have the\nfirst thruster). Before you do so though, there will be an alien that will come out on the screen pretty soon.\nThe very start can quite often be quite narly, just spam the shoot button (SPACEBAR), and kill the first enemy, after that it will be\nslightly easier.\n\nWhenever you kill an enemy he drops coins for you to collect.\nYou can see your current height, level, money, and nextgoal(how far you need to go before getting to the next level)\n\n**About-----**\n\nMy name is Ned Boulter. I make games from scratch for almost every Ludum Dare\nI very much enjoy it. Usually I make 3D games, because it hides my programmer art more.\nI am 17 at time of writing, but my age is always 20xx where xx = myage. i.e: 2017: 17\n\nI am very interested in graphics programming (e.g. OpenGL, Vulkan)\nI am currently learning vulkan.\n\n**FAQ----**\n\nDo you really think this fits the theme?\n\tI am aware the game doesn't really fit the theme, it was supposed to be as the ship got further away from the \n        planet,\n\tthe planet got smaller (which is very tacked on) but it sounded good in my head.\n\n\nYou know you can turn the ship 180 degrees, and go into negative height?\n\tIs this fun? Yes! Well, while it's fun you go ahead and do that, but when it get's boring (and it will)\n\tyou can play the game properly :P","path":"/events/ludum-dare/38/the-aliens","parents":[1,5,9,9405],"meta":{"cover":"///content/ef2/z/30be.png"},"link":{"author":[766]},"love":0,"notes":8,"notes-timestamp":"2017-05-02T22:48:10Z"}]}