{"status":200,"caller_id":0,"cached":[],"node":[{"id":16185,"parent":9405,"superparent":9,"author":13850,"type":"item","subtype":"game","subsubtype":"jam","published":"2017-04-25T00:53:27Z","created":"2017-04-21T21:45:05Z","modified":"2017-04-25T01:22:22Z","version":59874,"slug":"status-planet","name":"Status: Planet","body":"[StatusPlanetPic.png](///raw/a16/3/z/1d25.png)\n\nAs of 2006, Pluto was no longer considered to be a planet because of it's size. In Status: Planet, you play as the planet Pluto itself and try destroy as many of NASA's satellites as you can to prevent them from scanning you and figuring out you aren't big enough to be a planet.\n\nTo fend off NASA's satellites, you may fire shots from your cannon and, from time to time, call in a meteor to wipe out most of the incoming threats.\n\nhttps://drive.google.com/open?id=0B_Lq1EFveIVAQ1lfd0ZuV3ZydGs","path":"/events/ludum-dare/38/status-planet","parents":[1,5,9,9405],"meta":[],"link":{"author":[13850]},"love":0,"notes":0}]}