{"status":200,"caller_id":0,"cached":[],"node":[{"id":15508,"parent":9405,"superparent":9,"author":11010,"type":"item","subtype":"game","subsubtype":"compo","published":"2017-04-24T00:48:31Z","created":"2017-04-21T20:54:57Z","modified":"2017-04-24T12:17:05Z","version":49043,"slug":"im-in-my-game-first-time","name":"Trapped in Engineering - My Game first time","body":"Opt-Out of Graphics - used derivative artwork.\n\n![title.png](///raw/20b/2/z/c14.png)\n![space.png](///raw/20b/2/z/c1a.png)\n![ss3.png](///raw/20b/2/z/c23.png)\n![turbolift.png](///raw/20b/2/z/c33.png)\n\nTrapped in Engineering is a game of repetition.\n\nMade in 48 hours for the Ludum Dare Compo by Bill Wheatley.\n\nBuild & Source available at \nhttp://labs.aeps.com/ld/38/\nSource Code also avail - https://github.com/bwheatley/LudemDare38\n\n\nI know I probably made mistakes, constructive feedback is always welcome. If the feedback isn't constructive, remember when your mother told you if you don't have anything nice to say don't say anything. <3\n\nTools\nUsing Unity 5.6\nhttp://www.samcodes.co.uk/project/geometrize-haxe-web/\nhttp://www.dafont.com/neo-sci-fi.font\nModeling - \nProbuilder - https://www.assetstore.unity3d.com/en/#!/content/3558\n3DS Max\n\nAudio Tools\nhttp://www.reaper.fm/\nhttps://www.audiotool.com/app\nhttp://www.bfxr.net/\n\nThanks to my amazing wife heather and cat jasper \nwho appear inside the game for letting me create this.\n\nQuestions?\nBill@williamwheatley.com\nTwitter @bwheatley","path":"/events/ludum-dare/38/im-in-my-game-first-time","parents":[1,5,9,9405],"meta":{"grade-05-out":"1"},"link":{"author":[11010]},"love":0,"notes":10,"notes-timestamp":"2017-05-04T08:18:53Z"}]}