{"status":200,"caller_id":0,"cached":[],"node":[{"id":16571,"parent":9405,"superparent":9,"author":10316,"type":"item","subtype":"game","subsubtype":"jam","published":"2017-04-26T05:10:09Z","created":"2017-04-21T22:16:37Z","modified":"2017-05-02T13:28:05Z","version":76496,"slug":"a-world-in-her-eye","name":"A World In Her Eye","body":"![FireAlpaca_2017-04-26_15-27-30.png](///raw/c48/2/z/2856.png)\n\nQora has lived as a wheat farmer on her own small planet for as long as she can remember. Her only light sources being a few lamps and a small star of sorts tied to her own planet and spending her days staring at the sky, her life is rather monotonous.\n\nBut occasionally other planets pass by her own. What will she find this time?\n\nA short point and click-style game without pointing and clicking.\n\n[UP, DOWN, LEFT, RIGHT] -> Move around\n\n[X] -> Interact/speed up dialogue [hold]\n\nWARNING: The game might run slow on some machines. The game is best experienced at ~60 FPS. I'm sorry if it doesn't run well on yours, I might get around to adding graphic optimization features!\n\n[Download](https://orbitalblueprint.itch.io/a-world-in-her-eye)  \n(Windows and Mac downloads available. Please tell me if the mac version doesn't work.)  \n\n[Soundtrack](https://soundcloud.com/orbitalbp/sets/a-world-in-her-eye-soundtrack)    \n(A download for the soundtrack is available on the itch.io page.)  \n\n[Follow me on Twitter](https://twitter.com/OrbitalBloop) if you're interested in seeing what might come next!  \n\n\nScreenshots:\n\n![love_2017-04-23_14-52-05.png](///raw/c48/2/z/2858.png)\n\n\n![AWorldInHerEye_2017-04-26_07-15-12.png](///raw/c48/2/z/2854.png)\n\nNOTE: Any changes made past v1.1 were made after the jam's end.\n\nv1.6:  \n-Instructions on startup  \n-Undid a small change made in v1.5 that might've locked the game for some people  \n\nv1.5:  \n-Made the game objective a little clearer  \n-Small dialogue enhancement  \n-Fixed some off notes in the main menu  \n\n\nv1.4:  \n-Added \"calm\" mode which disables the planet's real-time passing for those who want to enjoy the experience.  \n\n\nv1.3:   \n-Made the game less harsh for players on their first run  \n-Made the dialogue blips a little quieter   \n\nv1.2:   \n-Fixed some dialogue strings to prevent text hopping   \n-Reworked some notification areas   \n-Exupery sighs     \n-Experimental mac release (not entirely sure if it works)\n\nv1.1:  \n-Added a fix for a visual glitch thanks to @HugoBDesigner.  \n-Fixed some of Exupery's dialogue.\n\nv1.0:  \n-Initial release!\n","path":"/events/ludum-dare/38/a-world-in-her-eye","parents":[1,5,9,9405],"meta":{"cover":"///content/c48/2/z/2fe0.png"},"link":{"author":[10316]},"love":0,"notes":81,"notes-timestamp":"2017-05-03T23:37:21Z"}]}