{"status":200,"caller_id":0,"cached":[],"node":[{"id":15305,"parent":9405,"superparent":9,"author":10068,"type":"item","subtype":"game","subsubtype":"jam","published":"2017-04-25T01:33:42Z","created":"2017-04-21T20:42:44Z","modified":"2017-04-25T01:41:19Z","version":60646,"slug":"winter-1","name":"Winter","body":"**The Game**\n\nWhen you realize the limits of your world, it is only natural to wish to go beyond them.\n\nYou are a figurine in a tiny town in a small snowglobe. There has to be a way for you to escape...\n\nControl your character with WASD. Interact with E. Press I to open your inventory and craft. Find objects that can help you escape the snowglobe.\n\nDeveloped in 72 hours by Acrylica (primarily code), crhis (primarily music), shaddo (primarily art), and cdrch (primarily code).\n\n**Downloads**\n\nWindows: https://drive.google.com/file/d/0B3xm1vSF6g-PamJaSGgyRjJxYlU/view?usp=sharing  \nSource: https://github.com/cdrch/ld38  \n\n**Tools**\n\nUnity  \nVisual Studio\nMonodevelop  \nBlender  \nPaint.NET  \nReaper  ","path":"/events/ludum-dare/38/winter-1","parents":[1,5,9,9405],"meta":[],"link":{"author":[10068,12667,11801,11225]},"love":0,"notes":3,"notes-timestamp":"2017-05-02T01:34:12Z"}]}