{"status":200,"caller_id":0,"cached":[],"node":[{"id":15521,"parent":9405,"superparent":9,"author":563,"type":"item","subtype":"game","subsubtype":"jam","published":"2017-04-25T00:11:37Z","created":"2017-04-21T20:55:34Z","modified":"2017-05-02T18:36:55Z","version":76898,"slug":"hugely-unpopular-president-simulator","name":"Hugely Unpopular President Simulator","body":"You are a hugely unpopular president.  You are also a giant, for some reason.  In order to raise your popularity, you have decided to use your status as a giant to stomp around and squash out the resistance.  Literally.\n\n![Unity 2017-04-24 19-34-47-29.png](///raw/332/z/3aa1.png)\n\nThis is a Goat Simulator style \"Smash-Em-Up\" where you get points for causing chaos.  Unlike Goat Sim, you can be defeated.  You can destroy stuff, obviously just by ramming into it at high speeds, being a giant with a high mass.  You also have Abilities (think Overwatch) that can do other things, such as blasting down stuff in front of you, or disabling all the things nearby, like Sombra's EMP.  Do enough damage, and you'll charge your Ultimate ability, and can cause even MORE chaos!  How long can you last, and how much damage can you cause?  Share your high-scores, and I'll keep the top scores up to date here.\n\n(Please remember: This is supposed to be a really derpy satire game.  If you're enraged by my depiction of the hugely unpopular president, then I'm **doing my job**, at least to some extent.  If you're having a laugh about how ridiculous things are, I'm **definitely** doing my job.  Laughter is the best medicine, they always say, and in times as dark as these, it's good to step back from the chaos every now and then and laugh at it.)\n\nThis wasn't nearly as finished as I was hoping it would be; there's a lot of missing features (like ability/ultimate icons/charge times, or sounds for buildings being destroyed), and some bugs/balance issues (for instance, protestors can reach an incredible top speed and plow through everything)\n\nCONTROLS:\n\n * WASD to move\n * Q/E to turn either direction\n * R for your first ability, which blasts stuff away in front of you\n * T for your second ability, which disables nearby enemies temporarily\n * F for your third ability, which is a self-heal\n * V for your ultimate ability, which charges up after destroying stuff, and essentially combos the above three and makes them more powerful (I'll add a charge counter on the GUI later)\n\nFEATURES:\n\n * You are a hugely unpopular president represented by a bean w/ vaguely orange-tinted hair.  Idk, playermodels are too much work\n * You are in a city of resistance that needs to be squashed.  Get points for destroying things, get more points from collateral damage, and get a super epic combo for maximum point-gathering\n * Use abilities to cause further chaos, heal yourself, and more\n * Get insulted by protestors with witty signs who are also inexplicably giants because *videogame logic*\n * Enjoy a patriotic health bar background\n * Get really salty when you fall off the map\n * Light your computer on fire by accident by ulting and causing all the buildings in the city to explode into thousands of rigidbodies\n * Insult the developer for their apparent political views\n * Play w/ speakers and jumpscare everyone around you the first time you press \"R\" to use that ability\n\nDownload at Itch.IO: https://cliffracerx.itch.io/hugely-unpopular-president-simulator","path":"/events/ludum-dare/38/hugely-unpopular-president-simulator","parents":[1,5,9,9405],"meta":{"cover":"///content/332/z/35b0.png"},"link":{"author":[563]},"love":0,"notes":10,"notes-timestamp":"2017-05-04T06:11:04Z"}]}