{"status":200,"caller_id":0,"cached":[],"node":[{"id":15865,"parent":9405,"superparent":9,"author":1243,"type":"item","subtype":"game","subsubtype":"jam","published":"2017-04-25T01:33:34Z","created":"2017-04-21T21:16:44Z","modified":"2017-05-01T01:03:28Z","version":72657,"slug":"astro-bastard-drunken-rampage","name":"Astro-Bastard Drunken Rampage","body":"As is Ludum Dare tradition, we were too ambitious and only ended up creating a fraction of what we intended to.\nBut hey, at least it's technically playable!\n\n![ss_01.png](///raw/bd4/z/1f01.png)\n## **[** **[WINDOWS (x86/x64) | MAC | LINUX | SOURCE](https://zarkith.itch.io/astro-bastard-drunken-rampage)** **]**\n\nOn his way home from the big intergalactic sportsball stadium, Astro-Bastard crash lands on a Type 0 planet.\nHe must scavenge for the loose parts of his ship that are now scattered amongst the towns and cities of this formerly peaceful, and to him small, world.\n\n**CONTROLS:**\n\n*MOVE* : wasd/arrow keys/left joystick\n\n*JUMP* : space/A button\n\n*STOMP* : left shift/B button\n\n*QUIT* : escape/start","path":"/events/ludum-dare/38/astro-bastard-drunken-rampage","parents":[1,5,9,9405],"meta":{"cover":"///content/bd4/z/32c7.png"},"link":{"author":[1243,11745,18529,21519]},"love":0,"notes":2,"notes-timestamp":"2017-05-01T13:41:46Z"}]}