{"status":200,"caller_id":0,"cached":[],"node":[{"id":15665,"parent":9405,"superparent":9,"author":5916,"type":"item","subtype":"game","subsubtype":"jam","published":"2017-04-24T20:32:59Z","created":"2017-04-21T21:03:17Z","modified":"2017-04-24T21:42:39Z","version":54142,"slug":"get-off-my-land","name":"Get Off My Land!","body":"![cvaopV.png](///raw/c17/1/z/15eb.png)\n\n![capture5.gif](///raw/c17/1/z/1652.gif)\n\nIts the year 1897: After the discovery of large amounts of gold, thousands of wannabe gold miners flooded the \ncanadian Klondike region searching for wealth and fortune. On August 13, 1897, a group of prospectors discovered a small valley with unusually large gold deposits. Soon, envy parted the former partners and fights broke out between them about who should be awarded the biggest claim. You are one of them, but are you faster, stronger and smarter than your rivals? Will you beat them by finding the biggest nugget or will you steal your way to the top? The valley is not big enough for all of you!:pick: \n\nDownload it on Itch.io: https://cdp-games.itch.io/goml\n\n![capture3.gif](///raw/c17/1/z/1618.gif)","path":"/events/ludum-dare/38/get-off-my-land","parents":[1,5,9,9405],"meta":{"grade-06-out":"1","cover":"///content/c17/1/z/317a.png"},"link":{"author":[5916]},"love":0,"notes":7,"notes-timestamp":"2017-05-04T01:02:10Z"}]}