{"status":200,"caller_id":0,"cached":[],"node":[{"id":15732,"parent":9405,"superparent":9,"author":15618,"type":"item","subtype":"game","subsubtype":"compo","published":"2017-04-24T00:40:14Z","created":"2017-04-21T21:07:37Z","modified":"2017-05-03T19:46:29Z","version":78055,"slug":"insufficient-data","name":"Insufficient Data","body":"![Terminal1.png](///raw/20d/3/z/3cfe.png)\n\n![InGame2.png](///raw/20d/3/z/b57.png)\n\n\n\nBased on Isaac Asimovs \"The Last Question\". Guide humanity from the mid 21st century until the end of time in a short journey through the nature of the exponential function :P\n\nWindows: https://drive.google.com/file/d/0Bwqhc8vAbHGFQlRCM1RHNVFja3c/view?usp=sharing\n\nLinux: https://drive.google.com/file/d/0Bwqhc8vAbHGFLV92eldQNFRCZzg/view?usp=sharing\n\nSource: https://drive.google.com/file/d/0Bwqhc8vAbHGFanVENnE1TTJBQ0U/view?usp=sharing\n\nP.S. Yeah, I know the timescales are a bit messed up near the end, I simply didn't have time to fix them!. Just imagine a million years is like, a trillion years, and it will make sense :)","path":"/events/ludum-dare/38/insufficient-data","parents":[1,5,9,9405],"meta":{"grade-07-out":"1","cover":"///content/20d/3/z/3cf6.png","grade-08-out":"1"},"link":{"author":[15618]},"love":0,"notes":1,"notes-timestamp":"2017-04-28T13:17:46Z"}]}