{"status":200,"caller_id":0,"cached":[],"node":[{"id":15592,"parent":9405,"superparent":9,"author":14030,"type":"item","subtype":"game","subsubtype":"compo","published":"2017-04-24T00:16:12Z","created":"2017-04-21T20:58:58Z","modified":"2017-04-24T00:19:05Z","version":41989,"slug":"tabletop-world","name":"Tabletop World","body":"A small world upon a tabletop.\nGame: https://aaronhance.itch.io/tabletop-world\nSource: https://drive.google.com/file/d/0B9FnZtw0GhmtcmRMMUgwSTRBZmc/view?usp=sharing\n\nThe game is very buggy, and not finished :(","path":"/events/ludum-dare/38/tabletop-world","parents":[1,5,9,9405],"meta":[],"link":{"author":[14030]},"love":0,"notes":1,"notes-timestamp":"2017-05-03T08:43:06Z"}]}