{"status":200,"caller_id":0,"cached":[],"node":[{"id":15969,"parent":9405,"superparent":9,"author":10005,"type":"item","subtype":"game","subsubtype":"compo","published":"2017-04-23T22:27:36Z","created":"2017-04-21T21:24:35Z","modified":"2017-04-24T01:38:09Z","version":44902,"slug":"generation-ship","name":"Generation Ship","body":"![screenshot.png](///raw/517/2/z/bed.png)\n\nControl a Generation Ship - A spaceship that has a city of people living on it. For these people, this will be their life until they reach the final destination of their new homeworld, but until then, this ship is their homeworld.\n\nThe goal of the game is to get the ship to the destination in the shortest time possible while keeping the crew alive. Place power plants to produce energy, farms to produce food, and housing to raise your population cap.\n\nYou get 1 AP, +1 AP for ever unit of population that is not currently working. Excess power production is used to power the engines and bring you closer to your destination.\n\nIf you don't have enough food, your population will start to starve. They will prioritise power over all else, for life support. You can turn off buildings by clicking them then toggling enable/disable.\n\nTip: Build a farm and power plant on the first turn.\n\nFirst timer :) It kinda sucks, sorry.\n\n\n# Links\n\n* Source: https://gitlab.com/tonyfinn/generationship\n* Windows Build: \n   - Download: http://tonyfinn.com/ludumdare/generationship-final.zip\n   - Unzip and run generationship.exe\n* Linux users\n   - if your distro has a python3-kivy package, install it\n       - Otherwise follow instructions here to install Kivy for your distro: https://kivy.org/docs/installation/installation-linux.html\n   - Download: https://gitlab.com/tonyfinn/generationship/repository/archive.zip?ref=master\n   - Run play-linux.sh\n   - Probably requires Python 3.5+ (sorry LTS users)\n* Mac\n   - Linux instructions _should_ work, but its untested and I've no idea if you can install kivy+python3 properly\n\n# Tech\n\n* Built using Python 3.5 and Kivy 1.9.1\n* Installer created using PyInstaller","path":"/events/ludum-dare/38/generation-ship","parents":[1,5,9,9405],"meta":{"cover":"///content/517/2/z/3742.png"},"link":{"author":[10005]},"love":0,"notes":2,"notes-timestamp":"2017-05-01T23:30:47Z"}]}