{"status":200,"caller_id":0,"cached":[],"node":[{"id":15943,"parent":9405,"superparent":9,"author":3713,"type":"item","subtype":"game","subsubtype":"jam","published":"2017-04-25T01:52:27Z","created":"2017-04-21T21:22:39Z","modified":"2017-04-25T23:44:11Z","version":67161,"slug":"el-escubos-key-quest","name":"El Escubo's Key Quest","body":"El Escubo has lost his house key! How will he ever sleep if he can't get to his warm, cozy bed that is inside his home? Help El Escubo on his quest to retrieve his key!\n\n## Default Controls:\n * Move - Arrow keys\n * Jump - Z (when unlocked)\n * Axe - X (When unlocked)\n\nThese are only the default controls. You can change the controls in the options menu.\n\n## Downloads\n * [Windows](https://www.dropbox.com/s/l4dhmzqzbe5dzc7/Escubo-Windows.zip?dl=0)\n * [Mac OSX](https://www.dropbox.com/s/a7yz0ozklrj44zl/Escubo-Mac.zip?dl=0)\n * [Linux](https://www.dropbox.com/s/2db3jtzehb5hzfu/Escubo-Linux.tar.gz?dl=0)\n * [Source](https://www.dropbox.com/s/d2icwjbhdjltwwz/Escubo-Source.tar.gz?dl=0)\n\nMac OSX build should work, but none of us own a Mac so we can't test it. If any of you encounter an issue, let us know in the comments below!\n\nSource code is for the [Godot Game Engine](http://godotengine.org/).\n\n## Screenshots\n#### El Escubo's home\n![Screenshot from 2017-04-24 21:12:24.png](///raw/18e/z/1ece.png)\n\n#### El Escubo looks out into space\n![Screenshot from 2017-04-24 21:12:51.png](///raw/18e/z/1edb.png)\n\n#### El Escubo in the desert\n![Screenshot from 2017-04-24 21:13:27.png](///raw/18e/z/1eef.png)\n\n## Fixes\n#### April 25, 2017\nFixed a bug where volume would get set to 10,000 instead of 1.0 at max volume settings (100 master volume × 100 music volume)\n, resulting in ear piercing white noise. ","path":"/events/ludum-dare/38/el-escubos-key-quest","parents":[1,5,9,9405],"meta":{"grade-07-out":"1","cover":"///content/18e/z/32e3.png"},"link":{"author":[3713,7284,8567]},"love":0,"notes":0}]}