{"status":200,"caller_id":0,"cached":[],"node":[{"id":16067,"parent":9405,"superparent":9,"author":7117,"type":"item","subtype":"game","subsubtype":"jam","published":"2017-04-25T01:06:52Z","created":"2017-04-21T21:33:17Z","modified":"2017-05-03T21:21:03Z","version":78136,"slug":"imperative-righteousness-planetoid-domination-plan","name":"Imperative Righteousness Planetoid Domination Plan","body":"![scr1.png](///raw/dcb/1/z/1d60.png)\n\n[Get the game on itch.io](http://wfs.itch.io/irpdp)\n\n[Unity project on GitHub](http://github.com/WhileFalseStudios/WFS-ld38/)\n\nImperative Righteousness Planetoid Domination Plan (IRPDP) is a local multiplayer procedurally generated turn-based strategy game for 2-8 players.\n\nAll aspects of the game are randomised - abilities, unit names and even the planet itself. Command sheep, whales and sentient helicopters to fight your war and defeat your opponents!\n\n## How to Play\n\n*Left mouse button*: select units\n\n*Right mouse button*: deselect\n\n*Middle mouse*: pan camera\n\n*W/A/S/D or arrow keys*: pan camera\n\n*Scroll wheel or R/F*: zoom in and out\n\nTo start, you will need to create resource men/helicopters (the topmost unit button). These will let you build currency generators with one of the abilities, which take several turns to construct. Once they have been built, you'll be earning currency and can begin spawning other units.\n\n![whaleoid.jpg](///raw/dcb/1/z/1d46.jpg)","path":"/events/ludum-dare/38/imperative-righteousness-planetoid-domination-plan","parents":[1,5,9,9405],"meta":{"grade-06-out":"1","cover":"///content/dcb/1/z/3c3a.png"},"link":{"author":[7164,7117]},"love":0,"notes":3,"notes-timestamp":"2017-05-03T13:20:17Z"}]}