{"status":200,"caller_id":0,"cached":[],"node":[{"id":15263,"parent":9405,"superparent":9,"author":2158,"type":"item","subtype":"game","subsubtype":"jam","published":"2017-04-24T16:46:31Z","created":"2017-04-21T20:40:20Z","modified":"2017-04-24T23:55:52Z","version":57083,"slug":"terminant","name":"TerminAnt","body":"**A bionic ant is trapped in a huge backpack** (at least from its point of view) and must **shoot** its way out through other insects and small creatures, solving a couple **puzzles**!\n\n**Download link** (Windows and MacOSX) https://davikin.itch.io/terminant\n\n\n**A BIT OF THE PUZZLE GAMEPLAY!**\n\n*[SPOILER WARNING!: DON'T WATCH IF YOU WANT TO FIGURE OUT THE PUZZLES YOURSELF]*\nhttps://www.youtube.com/watch?v=_sEMQ16_uVA\n\n![ss3.JPG](///raw/e68/z/130d.jpg)\n**Solve puzzles!**\n\n![ss4.JPG](///raw/e68/z/12fb.jpg)\n**Face hordes of enemies rampaging at you**\n\n![ss2.JPG](///raw/e68/z/12fe.jpg)\n**Defeat enemies to gain key items to new areas**\n\n***CREDITS***\n\n*PROGRAMMING*:\nDavid Becerra,\nRicardo Pacheco,\nDidier Palacios\n\n*3D GRAPHICS*:\nHernán RodrÍguez\n\n*MUSIC AND SFX*:\nAbel González","path":"/events/ludum-dare/38/terminant","parents":[1,5,9,9405],"meta":{"grade-06-out":"1"},"link":{"author":[2158,14689,12818,14688,14184]},"love":0,"notes":15,"notes-timestamp":"2017-05-03T22:18:28Z"}]}