{"status":200,"caller_id":0,"cached":[],"node":[{"id":15991,"parent":9405,"superparent":9,"author":225,"type":"item","subtype":"game","subsubtype":"compo","published":"2017-04-24T01:13:00Z","created":"2017-04-21T21:26:20Z","modified":"2017-05-03T12:04:46Z","version":77692,"slug":"a-cage-of-love","name":"A Cage of Love","body":"![rVD5pI.png](///raw/1e/z/14e7.png)\n\nHi ! This is my game, :two_hearts: ***A Cage of Love*** :two_hearts:\n\nThis is a game mostly story-based, as I did not find many gameplay ideas. You follow the story of two lovers lost in a world shrinking around them. It was a kind of metaphorical and personal story actually. I tried new things graphically and it's also the first time I have some kind of music (very basic, but you have to start somewhere :stuck_out_tongue:).\n\nI am not sure what to think about it so PLEASE COMMENT :smiley: !\n\n## Controls\n\n* Move : Arrow keys\n* Shoot : Space\n* Quit : Esc\n\n\n## Softwares\n\n* Graphics : Photoshop, Photofiltre\n* Audio : Audacity, LMMS\n* Programming : Unity with C#\n\n## Links\n* **DOWNLOAD (Windows/MacOS/Linux):** https://quetzakol.itch.io/a-cage-of-love\n* **SOURCE CODE:** https://www.dropbox.com/s/qtkay1ow875dlaa/LudumDare38.zip?dl=0","path":"/events/ludum-dare/38/a-cage-of-love","parents":[1,5,9,9405],"meta":{"cover":"///content/1e/z/36fb.png"},"link":{"author":[225]},"love":0,"notes":11,"notes-timestamp":"2017-05-03T18:22:22Z"}]}