{"status":200,"caller_id":0,"cached":[],"node":[{"id":15437,"parent":9405,"superparent":9,"author":11683,"type":"item","subtype":"game","subsubtype":"compo","published":"2017-04-23T23:29:29Z","created":"2017-04-21T20:50:44Z","modified":"2017-04-23T23:48:55Z","version":41277,"slug":"what-is-this-an-rts-for-ants","name":"What is this, an RTS for ants?","body":"Game and source: https://bluesam3.itch.io/what-is-this-an-rts-for-ants\n\nMade in Unity 5.6.0f3 Personal. Art, such as it is, with GIMP 2.8.18. ","path":"/events/ludum-dare/38/what-is-this-an-rts-for-ants","parents":[1,5,9,9405],"meta":[],"link":{"author":[11683]},"love":0,"notes":0}]}