{"status":200,"caller_id":0,"cached":[],"node":[{"id":16335,"parent":9405,"superparent":9,"author":10237,"type":"item","subtype":"game","subsubtype":"jam","published":"2017-04-25T00:27:06Z","created":"2017-04-21T21:56:43Z","modified":"2017-05-01T06:31:18Z","version":73134,"slug":"holy-shit-a-spider","name":"Holy Shit! A Spider !!!","body":"Spiders are not really loved. One could even say that there is some discrimination against them. This game is the one to denounce that.\n\nMade for the Ludum Dare 38, theme: A Small World, in 72 hours. Because if spiders were not so small, humans wouldn't treat them so unfairly :(\n\n![2017-04-27_22-28-43.gif](///raw/df7/2/z/29f5.gif)\n\nYou can share your high-score in the comments, I wonder how far people can push it!\n\nGame is on itch.io. Playable on Windows, Mac and Linux.!\n\nhttps://satalien.itch.io/holy-shit-a-spider\n\n\nMy special thanks to Yannic and Tim that gave me their voices for the game.\n\nHope you enjoy it!\n\n\n( I got into game dev since 3 weeks ago, I'm learning a lot, your feedbacks are really appreciated. If you want to see more from me, follow me on itch.io, I'm already preparing the next game ;p Out in less than two weeks! )\n\n\n","path":"/events/ludum-dare/38/holy-shit-a-spider","parents":[1,5,9,9405],"meta":{"grade-05-out":"1","grade-06-out":"1","cover":"///content/df7/2/z/2f9a.jpg"},"link":{"author":[10237]},"love":0,"notes":33,"notes-timestamp":"2017-05-04T03:26:13Z"}]}