{"status":200,"caller_id":0,"cached":[],"node":[{"id":16340,"parent":9405,"superparent":9,"author":12349,"type":"item","subtype":"game","subsubtype":"compo","published":"2017-04-24T00:49:46Z","created":"2017-04-21T21:57:14Z","modified":"2017-04-24T00:51:59Z","version":43035,"slug":"no-vegibles","name":"No Vegibles","body":"Kid is having a dream. He is caught in a world where vegetables are trying to steal all of his favorite foods and forcing him to eat nothing but vegetables. He hates veggies so much, he has decided to fight back.\n\nHosted on Itch.io: https://botchedtaco.itch.io/no-vegibles\nSource Code: https://github.com/Meshed/No-Vegibles","path":"/events/ludum-dare/38/no-vegibles","parents":[1,5,9,9405],"meta":[],"link":{"author":[12349]},"love":0,"notes":1,"notes-timestamp":"2017-04-26T14:17:12Z"}]}