{"status":200,"caller_id":0,"cached":[],"node":[{"id":16354,"parent":9405,"superparent":9,"author":2280,"type":"item","subtype":"game","subsubtype":"compo","published":"2017-04-24T01:48:42Z","created":"2017-04-21T21:58:37Z","modified":"2017-04-24T01:53:19Z","version":45479,"slug":"two-dot","name":"Two Dot","body":"A puzzle game, where you control two dots simultaneously, but where the dots interact with blocks differently.\n\nHas a colour blind mode.\n\n## Images:\nNormal mode:\n![screenshot.png](///raw/8e8/z/ce2.png)\n\nColour blind mode:\n![screenshot.png](///raw/8e8/z/d22.png)\n\n## Description:\n\n### Story:\nYou are a two dimensional alien organism which has been kidnapped by some other creature.\n\nThe creature has found that when you move through certain blocks, you seperate out, and become half in one place, half in another place.\n\nThe creature now studies you by giving you puzzles you must navigate through in order to be fed.\n\nYour world now only consists of the small puzzles you are trapped inside.\n\n### Controls:\nWASD = Movement.\n\nC = Toggle colour blind mode.\n\nClick + Drag = Move Camera\n\nScroll = Zoom\n\nEsc = Main Menu\n\n### Goal:\n\nTo solve a puzzle you must move each part of you to the flag of the same colour.\n\n## Links:\nOnline (WebGL):\nhttp://wh05herlock.host22.com/\n\nDownload (Windows / Mac (untested) / Linux (untested) / Source:\nhttps://drive.google.com/drive/folders/0B8IlHj5ITNXrN01fRFdRMFdtajg?usp=sharing\n\n## Made Using:\nUnity 5.6.0f3\n\nGimp 2.8.18\n","path":"/events/ludum-dare/38/two-dot","parents":[1,5,9,9405],"meta":{"cover":"///content/8e8/z/3959.png"},"link":{"author":[2280]},"love":0,"notes":9,"notes-timestamp":"2017-05-03T19:36:01Z"}]}