{"status":200,"caller_id":0,"cached":[],"node":[{"id":15674,"parent":9405,"superparent":9,"author":15661,"type":"item","subtype":"game","subsubtype":"compo","published":"2017-04-23T20:39:22Z","created":"2017-04-21T21:03:59Z","modified":"2017-05-01T16:06:40Z","version":74666,"slug":"defend-the-earth","name":"Defend the Earth","body":"**Defend the Earth** is a little space shooter with gravity and aliens.\n\n![screenshot-2017-04-23-21-59-36.png](///raw/d2d/3/z/5e2.png)\n\n[Try the live version here](http://joe-fowler.co.uk/misc/ludumdare38)!\n\nSource Code: [Github](https://github.com/Scrumplesplunge/defendtheearth)\n\n**Requirements:**\n\n  * **any modern browser!**\n  * **mouse and keyboard**\n\n**Developed on Linux with:**\n\n  * **vim** (all JavaScript, CSS, and HTML)\n  * **gimp** (all graphics, **including the font**)\n  * **audacity** (all sound effects are synthetic, voice, or finger tapping!)\n  * **lmms** (soundtrack)\n  * **chromium** (testing, although any modern browser should work)\n\nTimelapses: [Saturday](https://youtu.be/ngtcl5vMzdg) and [Sunday](https://youtu.be/o7eCZhgxUD8)","path":"/events/ludum-dare/38/defend-the-earth","parents":[1,5,9,9405],"meta":[],"link":{"author":[15661]},"love":0,"notes":10,"notes-timestamp":"2017-05-03T17:37:52Z"}]}