{"status":200,"caller_id":0,"cached":[],"node":[{"id":16621,"parent":9405,"superparent":9,"author":11059,"type":"item","subtype":"game","subsubtype":"jam","published":"2017-04-25T00:59:42Z","created":"2017-04-21T22:21:18Z","modified":"2017-04-25T20:46:33Z","version":66734,"slug":"caretaker","name":"Caretaker","body":"![scr1.PNG](///raw/33b/2/z/1cb9.png)\n\nTake care of dying plant life!\n\n**Links:**  \n[Windows](https://github.com/Kalinovcic/LD38/files/956501/Caretaker.zip)  \n[Source](https://github.com/Kalinovcic/ld38)\n\nThe game is written in C++, made from scratch by myself. I planned to submit it for the compo, but was too busy this weekend. Still, fairly happy with the result! :smile: I just wish I had time to add more content to the game.\n\nI provided the source code for the game, just in case anybody's interested. It came out surprisingly clean, but still far from production quality. :smile:\n\nEnjoy!\n","path":"/events/ludum-dare/38/caretaker","parents":[1,5,9,9405],"meta":[],"link":{"author":[11059]},"love":0,"notes":1,"notes-timestamp":"2017-05-02T14:06:47Z"}]}