{"status":200,"caller_id":0,"cached":[],"node":[{"id":15316,"parent":9405,"superparent":9,"author":10334,"type":"item","subtype":"game","subsubtype":"compo","published":"2017-04-24T01:09:24Z","created":"2017-04-21T20:43:22Z","modified":"2017-04-24T01:09:24Z","version":43777,"slug":"missing-lands","name":"Missing Lands","body":"# Missing Lands\n\n![ezgif-2-84886f71ce.gif](///raw/e58/2/z/bfd.gif)\n\n![world-2.png](///raw/e58/2/z/ab0.png) \n\n![world-3.png](///raw/e58/2/z/ac6.png)\n\nCoded for the NES, with rom available. Tested and works on the real console with a PowerPak!\n\n## Story\n\nYou are a tiny frog trapped in a tiny world!\n\nYou remember a time where your world was vast. The pieces of that world are scattered around you.\n\nCan you restore this world to its former glory?\n\n## Controls\n\n- Control Pad: Move (Arrow Keys)\n- B: Run (X key on keyboard)\n- Start: Pause (Enter on keyboard)\n\n## Note on the web version\n\nThe game is available on the web if you use flash, however I'd ask you to please download the rom and an emulator\nsuch as [fceux](http://www.fceux.com/web/home.html) instead. The flash-based emulator lags a bit, and the sound is\ndelayed. This is fixed by getting a proper emulator.\n\n## Links\n\n[Download ROM](http://cpprograms.net/devnull/world.nes)\n\n[Play Online](http://cpprograms.net/classic-gaming/missing-lands/)\n\n[Source Code](https://github.com/cppchriscpp/missing-lands)","path":"/events/ludum-dare/38/missing-lands","parents":[1,5,9,9405],"meta":{"cover":"///content/e58/2/z/3737.png"},"link":{"author":[10334]},"love":0,"notes":10,"notes-timestamp":"2017-05-03T06:50:35Z"}]}