{"status":200,"caller_id":0,"cached":[],"node":[{"id":16220,"parent":9405,"superparent":9,"author":12355,"type":"item","subtype":"game","subsubtype":"jam","published":"2017-04-23T22:23:04Z","created":"2017-04-21T21:47:45Z","modified":"2017-05-04T01:40:20Z","version":78317,"slug":"deep-bottom","name":"Deep Bottom","body":"![540.png](///raw/540/3/z/3b49.png)\n:black_circle:**PLAY DEEP BOTTOM**\n\nhttps://goo.gl/m6s0J6\n\nDownload, unzip, run Deep Bottom.exe or Game.bat and Have Fun!!!\n\n:black_circle:**OBJETIVE**\n\nFind your girlfriend and escape the darkness\n\n:black_circle:**STORY**\n\nAfter the end of the courtship, a young man sees his small inner world fall apart. If he does not find it his depression can consume it !!!\n\n:flag_br:\n(Apos o termino do namoro, um jovem vê seu pequeno mundo interior se desabar. Se ele não a encontrar sua depressão pode consumi-lo!!!)\n\n:black_circle:**CONTROLS**\n\nArrow keys or joystick control : move the player\n\n:black_circle:**GRATZ**\n\nMatheus Silva (@tuteupaituamae)\n\nLucas (@LMG613)\n\nMylenna (@mylenna-geovana)\n\nMatheus Rodrigues (@youxi)\n\nIago (@iago-silva)","path":"/events/ludum-dare/38/deep-bottom","parents":[1,5,9,9405],"meta":{"cover":"///content/340/3/z/3b48.png","grade-06-out":"1"},"link":{"author":[12355,12357,12371,15891,22465]},"love":0,"notes":7,"notes-timestamp":"2017-05-04T02:45:25Z"}]}