{"status":200,"caller_id":0,"cached":[],"node":[{"id":15651,"parent":9405,"superparent":9,"author":5072,"type":"item","subtype":"game","subsubtype":"jam","published":"2017-04-24T01:20:07Z","created":"2017-04-21T21:02:12Z","modified":"2017-04-26T02:52:25Z","version":67501,"slug":"mutually-assured-distraction-an-apocalypse-simulation","name":"Mutually Assured Distraction: An Apocalypse Simulation","body":"Mutually Assured Distraction is a nihilistic nuclear apocalypse simulation.\n\nYou are the leader of a major nuclear super power, and have been briefed of a pending \nstrike on your region. You must use provided intelligence to target and destroy your \nenemies before they destroy you.\n\nYou will get phone calls provided intelligence. You have the launch briefcase and code biscuits at your disposal. Don't screw it up!\n\n\nControls:\n\n-Look with Mouse\n-Select objects or buttons with Left Mouse Button\n\nPlay it here:\n\nhttps://whilefun.itch.io/mutually-assured-distraction\n\n![itchioLogo.png](///raw/0d3/1/z/c6b.png)\n\n![screen00.jpg](///raw/0d3/1/z/c69.jpg)\n\n![screen01.jpg](///raw/0d3/1/z/c6d.jpg)\n\nDesktop timelapse video:\nhttps://www.youtube.com/watch?v=6mnoijL1ykQ\n\nThanks for playing!","path":"/events/ludum-dare/38/mutually-assured-distraction-an-apocalypse-simulation","parents":[1,5,9,9405],"meta":[],"link":{"author":[5072]},"love":0,"notes":1,"notes-timestamp":"2017-04-28T13:17:31Z"}]}