{"status":200,"caller_id":0,"cached":[],"node":[{"id":15268,"parent":9405,"superparent":9,"author":1965,"type":"item","subtype":"game","subsubtype":"jam","published":"2017-04-24T19:43:02Z","created":"2017-04-21T20:40:30Z","modified":"2017-05-01T19:57:18Z","version":75208,"slug":"attack-of-the-planetary-vampires","name":"Attack of the Planetary-Vampires","body":"Game with @sawtan jam team **Bald'n'Hairy**!\n\nShoot-em-up-kinda-of-a-game, use arrows (LEFT / RIGHT) to move cannon. Fire with SPACE and MOAB with UP.\n\n**Play the Game**: https://prosper0.github.io/ld38dist/index.html\n\nRead the Code: https://github.com/Prosper0/LudumDare38!\n\nAll gfx and sound/music by @sawtan\n\nCoding by @rolle with side-kick @sawtan fixing the fancy stuff!\n\n### Voting Category Opt-outs\n\n- None (we made everything ourselfs in (much) less than 72h)\n\n\nJavaScript using: http://phaser.io/\n\nCode editor: https://code.visualstudio.com/\n\nGraphics: Photoshop CC\n\nMusic: Ableton Live 9 Studio\n\nSFX: SFXR\n\n![attack1.png](///raw/da7/z/151e.png)\n\n![attack2.jpg](///raw/da7/z/1536.jpg)\n\n![attack3.png](///raw/da7/z/153b.png)","path":"/events/ludum-dare/38/attack-of-the-planetary-vampires","parents":[1,5,9,9405],"meta":{"cover":"///content/da7/z/3c3d.png"},"link":{"author":[1965,2068]},"love":0,"notes":8,"notes-timestamp":"2017-05-03T12:47:55Z"}]}