{"status":200,"caller_id":0,"cached":[],"node":[{"id":16402,"parent":9405,"superparent":9,"author":10364,"type":"item","subtype":"game","subsubtype":"jam","published":"2017-04-23T21:49:57Z","created":"2017-04-21T22:03:03Z","modified":"2017-04-24T00:00:29Z","version":41523,"slug":"tiny-planet-1","name":"Tiny Planet","body":"![banner.png](///raw/c78/2/z/91d.png)\n\nIn this game, you play as an alien collecting resources to revitalize a tiny barren world! \n\nCheck out the Alpha build on GameJolt!: http://gamejolt.com/games/TinyPlanet/251721\n\nSource Code: https://github.com/Macgeoffrey/TinyPlanetSource","path":"/events/ludum-dare/38/tiny-planet-1","parents":[1,5,9,9405],"meta":[],"link":{"author":[10364]},"love":0,"notes":3,"notes-timestamp":"2017-04-24T14:43:35Z"}]}