{"status":200,"caller_id":0,"cached":[],"node":[{"id":15337,"parent":9405,"superparent":9,"author":301,"type":"item","subtype":"game","subsubtype":"compo","published":"2017-04-24T01:06:45Z","created":"2017-04-21T20:44:40Z","modified":"2017-04-24T10:46:31Z","version":48642,"slug":"krilgor","name":"Krilgor","body":"![bannerld.png](///raw/d21/z/1101.png)\n\n## Download\n### [itch.io](https://sheepolution.itch.io/krilgor) (Windows, OSX, Linux)\n\n\n## Description\nKrilgor is small. He's so small that you need a magnifying glass to see him. Help Krilgor find his way back home.\n\n## Controls\n* Mouse to control magnifying glass and tweezers\n* WASD to walk\n* Space to advance text\n* M to toggle audio\n* E to open inventory","path":"/events/ludum-dare/38/krilgor","parents":[1,5,9,9405],"meta":[],"link":{"author":[301]},"love":0,"notes":9,"notes-timestamp":"2017-05-02T23:39:46Z"}]}