{"status":200,"caller_id":0,"cached":[],"node":[{"id":15229,"parent":9405,"superparent":9,"author":12561,"type":"item","subtype":"game","subsubtype":"jam","published":"2017-04-24T08:15:13Z","created":"2017-04-21T20:37:29Z","modified":"2017-04-24T20:33:29Z","version":52908,"slug":"small-world-the-same-god","name":"Small World The Same God","body":"We have a lot of problems creating the game but finally we finish it. It has been our first Game Jam so we haven't done all we can.\n\nYou can download the game here: https: https://goo.gl/4t0OMd\n\nMAde by:\n\nAlex;\nJosu;\nPepe;\nCristobal;\nÁlvaro.","path":"/events/ludum-dare/38/small-world-the-same-god","parents":[1,5,9,9405],"meta":[],"link":{"author":[12561,12871,13101,13098]},"love":0,"notes":1,"notes-timestamp":"2017-04-24T08:08:06Z"}]}