{"status":200,"caller_id":0,"cached":[16171],"node":[{"id":16171,"parent":9405,"superparent":9,"author":10174,"type":"item","subtype":"game","subsubtype":"jam","published":"2017-04-25T01:35:03Z","created":"2017-04-21T21:43:11Z","modified":"2017-05-01T03:49:52Z","version":72828,"slug":"up-8","name":"uP-8: Microprocessor","body":"![Level 1.png](///raw/eb7/2/z/21ed.png)\n\n**ASSEMBLY PROGRAMMERS WANTED:**\n\nx2A Industries is looking for talented individuals to develop for our exciting new uP-8 Microprocessor Platform.  We need YOUR help to develop the necessary software suite to control our rover as it explores an exciting, and oddly small, new world.\n\n\n**NOT FOR THE FAINT OF HEART:**\n\nWe are not joking.  We are providing you with a fully simulated CPU with a proprietary instruction set.  The challenges that you must solve can only be completed using your own willpower and creativity.  Well, those and assembly.\n\n\n**THE MOST MODERN ADVANCEMENTS IN MODERN COMPUTING ADVANCEMENTS:**\n\nx2A Industries is at the forefront of technological advancements.  Some have said that technology such as what we have created for you today would not be seen until the distant year of 1985.  However, we **_refused_** to accept their inferiority as our own.  We did what was impossible and created these advancements today, April 24, 1977.\n\n\n**THE END OF THE FLAVOR-TEXT:**\n\nHey, everyone.  Finally reached the end of yet another exciting Ludum Dare.  If you are still reading this, then you have successfully trudged through all of the text I had too much fun writing.  Anyway, as I said, uP-8 is a game where you program real assembly to control a simulation of a rover.  You have to use your own creativity to create solutions to each level.  The catch is that you have limited memory, registers, and lines with which to work.  Give it a whirl and let us know what you think!\nOh, and also, we have included a manual.  Not only do I want you to check it out because I spent an entire weekend writing a 20-page manual, you will not be able to finish even the first level without it.\nGood luck and Godspeed.\n\n\n[**WINDOWS**](https://schmaron.itch.io/up-8) | [**MAC**](https://schmaron.itch.io/up-8) | [**LINUX**](https://schmaron.itch.io/up-8) | [**WEB**](https://schmaron.itch.io/up-8)\n\n**The WebGL version is now available!** There are some limitations to the WebGL version: The game **only supports fullscreen** play in WebGL; The \"Tab\" key does not work in WebGL; WebGL 2.0 is required; **Internet Explorer and Microsoft Edge are not supported**. \n\n**_I recommend the desktop version for the best experience._**\n\n[SOURCE](https://github.com/Spaceman1701/LudumDare38/tree/de9aaeb5d40f2ed3633767ecb4e2d9b325b268df)\n\n#### BUGFIX CHANGELONG ####\n###### VERSION 1.2.1 ######\n- Updated the manual to correct minor factual errors and decrease rudeness.\n\n- The standalone download now includes a copy of the manual.  This was accidentally left out in the last update.\n\n###### VERSION 1.2 ######\n- Fixed a bug where completing level 7 didn't take you to the \"YOU WIN\" screen\n\n- Fixed a bug where the portal animation did not play on every level\n\n- Fixed a bug where the CRT display effect did not render properly on WebGL.\n\n- Added WebGL version. ONLY FULLSCREEN MODE IS SUPPORTED.\n\n###### VERSION 1.1 ######\n- Fixed a bug where TUL wasn't properly updating the rover's facing direction in emulator memory\n\n- Fixed a bug where the main menu wasn't properly locking the mouse (use the exit command or quit button to close the game)\n\n- Fixed a bug where using LOC with a register or memory location would cause a RUNTIME ERROR to occur\n\n- Fixed an uncountable number of rendering bugs in WebGL (WebGL version coming soon)\n\n#### KNOWN BUGS ####\n- Pressing ESC will cause the cursor to disappear. Workaround: Press Left-Alt to reset the cursor location.\n\n- In WebGL, pressing Tab does nothing. Workaround: Don't press Tab.\n\n- In WebGL, some keys are not registered in Windowed Mode. Workaround: Use Fullscreen Mode.\n\n#### TRAILER ####\nhttps://www.youtube.com/watch?v=xN2kKu5hdAE\n#### SCREENSHOTS ####\n\n![Help.png](///raw/eb7/2/z/21f1.png)\n\n![Title.png](///raw/eb7/2/z/2202.png)","path":"/events/ludum-dare/38/up-8","parents":[1,5,9,9405],"meta":{"grade-06-out":"1","cover":"///content/eb7/2/z/334d.png"},"link":{"author":[10174,29153,11822]},"love":0,"notes":45,"notes-timestamp":"2017-05-03T16:01:58Z"}]}