{"status":200,"caller_id":0,"cached":[],"node":[{"id":16056,"parent":9405,"superparent":9,"author":2257,"type":"item","subtype":"game","subsubtype":"jam","published":"2017-04-25T01:44:07Z","created":"2017-04-21T21:32:34Z","modified":"2017-04-26T12:40:49Z","version":68037,"slug":"sheltons-detour","name":"Shelton's Detour","body":"![scrshot4.png](///raw/4a0/2/z/2829.png)\n\nAn unfortunate event disrupts Commander Shelton's expedition on the remote planet Shiverflame.\n\nWill he make it out alive?!\n\n## Web (Javascript)\nhttp://jellenauta.com/games/LudumDare/LD38/","path":"/events/ludum-dare/38/sheltons-detour","parents":[1,5,9,9405],"meta":[],"link":{"author":[2257,8356]},"love":0,"notes":1,"notes-timestamp":"2017-05-01T16:23:02Z"}]}