{"status":200,"caller_id":0,"cached":[],"node":[{"id":15884,"parent":9405,"superparent":9,"author":9809,"type":"item","subtype":"game","subsubtype":"jam","published":"2017-04-24T23:35:13Z","created":"2017-04-21T21:18:10Z","modified":"2017-04-25T15:48:08Z","version":65936,"slug":"colonize","name":"Colonize","body":"## About\nFirst Ludum Dare Attempt, Resource Management game, build up your colony to greatness!\nUse the side buttons to complete tasks and see your colony grow. Talk to your villagers with the chat(extremely limited) and click on the rock and tree to help your villagers gather resources.\n\n\n## Controls\nClick the buttons and type in the chat box\n\n## Voting Category Opt-outs\n* Audio\n\n## Links\n* Web: https://jmosur.itch.io/colonize\n\n![colss.png](///raw/156/2/z/1a8a.png)\n","path":"/events/ludum-dare/38/colonize","parents":[1,5,9,9405],"meta":{"grade-06-out":"1","grade-07-out":"1"},"link":{"author":[9809,18158]},"love":0,"notes":16,"notes-timestamp":"2017-05-04T04:02:32Z"}]}