{"status":200,"caller_id":0,"cached":[],"node":[{"id":15563,"parent":9405,"superparent":9,"author":15552,"type":"item","subtype":"game","subsubtype":"jam","published":"2017-04-24T21:09:13Z","created":"2017-04-21T20:57:19Z","modified":"2017-04-24T21:09:13Z","version":53578,"slug":"dr-plutoniums-planetary-suuuuper-sizah","name":"Dr Plutonium's Planetary Suuuuper Sizah!","body":"Voting Category Opt-outs\nWe didnt make our own audio for this game.\n\nImages\n\n![Main Screen.png](///raw/0cc/3/z/18a.png)Help make Pluto great again with Dr Plutonium’s helper bots! feed material to the planet to the Cold Celestial Dwarf so it can be a full sized planet!\n\nIts a two player co-op, made for the pc!\n![ezgif.com-optimize.gif](///raw/0cc/3/z/1ba.gif)\n\n\nLinks\nDownload Links: https://drive.google.com/open?id=0B425CuRvzFbtbEpzazBoektybW8\n\n","path":"/events/ludum-dare/38/dr-plutoniums-planetary-suuuuper-sizah","parents":[1,5,9,9405],"meta":[],"link":{"author":[15552,11963,23898,23894,23895,20110]},"love":0,"notes":0}]}