{"status":200,"caller_id":0,"cached":[],"node":[{"id":15617,"parent":9405,"superparent":9,"author":909,"type":"item","subtype":"game","subsubtype":"jam","published":"2017-04-24T21:17:04Z","created":"2017-04-21T21:00:27Z","modified":"2017-04-27T19:07:49Z","version":69774,"slug":"insula-umbrarum","name":"Insula Umbrarum","body":"Insula Umbrarum is a game where you must use the tools available to you in order to progress through a sequence of small islands.\n  * **Play it here:** [https://ididmakethat.github.io](https://ididmakethat.github.io)\n  * **Source code:** [https://github.com/IDidMakeThat/insula-umbrarum](https://github.com/IDidMakeThat/insula-umbrarum)\n  * **Screenshots:**\n  ![GameScreenshot1.png](///raw/d83/z/29d4.png)\n\n  ![GameScreenshot2.png](///raw/d83/z/29d5.png)\n\n  ![GameScreenshot3.png](///raw/d83/z/29d7.png)\n\n  ![GameScreenshot4.png](///raw/d83/z/29d8.png)\n","path":"/events/ludum-dare/38/insula-umbrarum","parents":[1,5,9,9405],"meta":{"cover":"///content/d83/z/3126.png"},"link":{"author":[909]},"love":0,"notes":4,"notes-timestamp":"2017-05-01T21:02:40Z"}]}