{"status":200,"caller_id":0,"cached":[],"node":[{"id":15714,"parent":9405,"superparent":9,"author":10025,"type":"item","subtype":"game","subsubtype":"jam","published":"2017-04-24T01:59:55Z","created":"2017-04-21T21:06:50Z","modified":"2017-04-24T04:08:13Z","version":47028,"slug":"block-destroyer","name":"Destroy Blocks","body":"Instructions:\nDestroy as many blocks as you can in 60 seconds!\n\nHow to Play:\nArrow keys=move\nW=look up\nS=look down\nz=toggle gravity\nSpace=jump\nx=destroy blocks\n\nLink: https://gamejolt.com/games/Destroy_Blocks/251837","path":"/events/ludum-dare/38/block-destroyer","parents":[1,5,9,9405],"meta":{"cover":"///content/927/2/z/3832.png"},"link":{"author":[10025]},"love":0,"notes":1,"notes-timestamp":"2017-05-02T12:18:43Z"}]}