{"status":200,"caller_id":0,"cached":[],"node":[{"id":15164,"parent":9405,"superparent":9,"author":9615,"type":"item","subtype":"game","subsubtype":"compo","published":"2017-04-23T22:16:08Z","created":"2017-04-21T20:33:10Z","modified":"2017-04-30T14:20:55Z","version":72105,"slug":"ghostscaler","name":"Ghostscaling","body":"# Ghostscaling\n\nThe universe of Ghostscaling: Change your size, possess the Blockies, press some buttons/switch and harvest souls! It's 2D \"open world\" puzzle game, the mechanics are fun, but a bit complicated. The player has two state, a ghost and a blocky. The ghost can fly, it's vulnerable to fire but not to spikes. As a ghost, you can choose your size by scrolling with the mouse. If you're a big ghost you're not vulnerable to small fire ball. The ghost can posses blockies, blockies are stone create with two eye. If you bump  them, you become the blocky. Blockies are vulnerable to spikes but not to fire. To kill fire enemies and get thier souls, right click to extinguish them. To leave the blocky, press the down arrow/[s]. That's it! ![Capture d’écran 2017-04-23 à 13.11.16.png](///raw/f85/2/z/44f.png) ![Capture d’écran 2017-04-23 à 13.11.38.png](///raw/f85/2/z/452.png) \n\n### Links\n\n* Dowload the game here: https://gamejolt.com/games/ghostscaling/251695\n* Source Code: https://drive.google.com/file/d/0Bxqutax46qPobDlCcmVQVkF5SVU/view?usp=sharing\n* Font: http://www.dafont.com/fr/i-pixel-u.font\n\n### Additionnal Informations:\n\n* Entry: Compo (48h)\n* Tools used: Unity3D (Engine), Piskel (Character/Specific Pixel Art), Affinity Photo (Natural/Rock Pixel Art), CFXR (Sound effect), Bosca Ceoil (Music), Font: I pixel u\n\nEdit: I found an bug, if forgot to reactivate the Canvas in the last level, you can still play it but you're not going to see the soul count!","path":"/events/ludum-dare/38/ghostscaler","parents":[1,5,9,9405],"meta":{"grade-07-out":"1","cover":"///content/f85/2/z/3b44.png"},"link":{"author":[9615]},"love":0,"notes":15,"notes-timestamp":"2017-05-04T00:15:32Z"}]}