{"status":200,"caller_id":0,"cached":[],"node":[{"id":16559,"parent":9405,"superparent":9,"author":5322,"type":"item","subtype":"game","subsubtype":"compo","published":"2017-04-24T00:08:51Z","created":"2017-04-21T22:15:33Z","modified":"2017-04-24T00:55:25Z","version":43212,"slug":"greyer","name":"Greyer","body":"![edf794611391d64702df90406248c12f.png](///raw/ac4/1/z/98c.png)\n![greyer_1.png](///raw/ac4/1/z/9a9.png)\n\n\nGreyer is a game made in a emotional rush that doesn't expect to be a good game. In fact, it isn't a good game. But you can play it and give me your love and comments.\n\nPrevious to all, I don't have mental issues :D\n\nAnd yeah, I'm fine.\n\nSeriously, I'm fine.\n\nPD: If you got stuck on a mobile event, the middle button hides the mobile.\n\n## Controls\n* **SPACE:** Jump\n* **Arrows / WASD :** Move\n\n\n## Links\n* **WEBGL:** http://ccglp.es/greyer\n* **Windows:** http://ccglp.es/downloads/Greyer_Windows.zip\n* **MacOS:** http://ccglp.es/downloads/Greyer_MAC.zip\n* **TWITTER:** https://twitter.com/ccglp\n* **SOURCE CODE:** https://bitbucket.org/ccglp/ld-38","path":"/events/ludum-dare/38/greyer","parents":[1,5,9,9405],"meta":[],"link":{"author":[5322]},"love":0,"notes":4,"notes-timestamp":"2017-05-04T06:36:40Z"}]}