{"status":200,"caller_id":0,"cached":[],"node":[{"id":15320,"parent":9405,"superparent":9,"author":9760,"type":"item","subtype":"game","subsubtype":"compo","published":"2017-04-24T00:29:34Z","created":"2017-04-21T20:43:56Z","modified":"2017-04-25T09:40:35Z","version":64905,"slug":"crumpets-and-cannons","name":"Crumpets and Cannons","body":"And I'm done! Though it's more of just a small idea than a game!\n\n![14.gif](///raw/026/2/z/a31.gif)\n\nHad a fantastic LD weekend. Even though I wish I'd put many many more levels into the game, this was all about learning some new tools and wanting to explore an aesthetic in a neatly wrapped up way. \n\nBack in LD 36 I put together a little game about an overly eccentric and coal-obsessed Isambard Kingdom Brunel surviving space in his steam powered spaceship. Well, this time he's BACK along with his steam-powered robotic manservant Jeeves to lay claim to as many (well ok, I only had time to make one) planets in the name of the The Great British Empire. \n\nFor the Queen. Huzzah!\n\nThis game was made using GameMaker Studio 2 (my first real go at it), Photoshop, and a lot of coffee.\n\n\n**Goal:** Defend the rising flag on the small world by blowing up the aliens \n\n**Controls:** Just use your mouse. Simple! Dragging under the cannon will rotate it. Hold the left mouse button down and release to fire. \n\n\n**Windows EXE:** https://drive.google.com/open?id=0B0O-TT1RwibRNzJya1ZHemZUam8\n\n**Source:** https://drive.google.com/open?id=0B0O-TT1RwibRMDUzYTY4enBJbFE\n\n---\n\nTwitter: @Hi_ImTemmy\n","path":"/events/ludum-dare/38/crumpets-and-cannons","parents":[1,5,9,9405],"meta":[],"link":{"author":[9760]},"love":0,"notes":8,"notes-timestamp":"2017-05-03T23:18:02Z"}]}