{"status":200,"caller_id":0,"cached":[15702],"node":[{"id":15702,"parent":9405,"superparent":9,"author":1705,"type":"item","subtype":"game","subsubtype":"jam","published":"2017-04-25T01:24:13Z","created":"2017-04-21T21:05:52Z","modified":"2017-05-03T11:07:55Z","version":77640,"slug":"gillie-goes-global","name":"Gillie Goes Global","body":"Didn't quite make it, but here it is for your enjoyment anyway.\n\nAll illustrations are by WelshPixe of http://delsdoodles.com fame, music by Ben Burnes - aka Abstraction.\n\n![ss.png](///raw/9a6/z/2b32.png)\n \n- WINDOWS: http://screwylightbulb.com/gillie_windows.zip\n- LINUX: http://screwylightbulb.com/gillie_linux.tar.gz (possible input bug in fullscreen mode, play windowed)\n- MAC: http://screwylightbulb.com/gillie_macos.zip\n- SOURCE: GitHub is yelling at me about size, but will get this up here soonish.\n","path":"/events/ludum-dare/38/gillie-goes-global","parents":[1,5,9,9405],"meta":[],"link":{"author":[1705]},"love":0,"notes":11,"notes-timestamp":"2017-05-03T19:43:37Z"}]}