{"status":200,"caller_id":0,"cached":[],"node":[{"id":16349,"parent":9405,"superparent":9,"author":3031,"type":"item","subtype":"game","subsubtype":"jam","published":"2017-04-24T21:28:02Z","created":"2017-04-21T21:58:01Z","modified":"2017-05-01T12:58:45Z","version":74066,"slug":"sleep-deprivation-and-bad-writing-the-visual-novel","name":"Sleep Deprivation and Bad Writing: The Visual Novel","body":"\"oh my god\n\nim going through this game\n\nim losing brain cells\" -mustafa\n\n\"it appears that we're not so much breaking the 4th wall in this game as much as just never having one in the first place\" -fire219\n\n\"i just played the completed game\n\nmy IQ stat just dropped about 20 points\n\nIGN 11/10\" -fire219\n\n\"it gave me schizophrenia, would play again\" -AstronautGuy\n\nhttps://gelatolabs.xyz/sdbwvn/\n\n[Assets](https://files.gelatolabs.xyz/index.php/s/45NTVSosNwrTnxm) | [Code](https://git.gelatolabs.xyz/gelato/sdbwvn)\n\nDownloads\n=========\n* [Windows](https://gelatolabs.xyz/sdbwvn/winux.zip)\n* [macOS](https://gelatolabs.xyz/sdbwvn/macos.zip)\n* [GNU/Linux](https://gelatolabs.xyz/sdbwvn/winux.zip)\n* [Source code](https://gelatolabs.xyz/sdbwvn/source.tar.gz)\n\nLicense\n=======\nWriting and code is released under the ISC license. Graphics and audio are CC-BY. See COPYING for more details.\n\nCredits\n=======\n* Kyle Farwell (kfarwell): Writing, programming, and graphics\n* Mustafa Abdul Razaq (mustafa): Graphics\n* Matthew Petry (fire219): Audio\n\n![Screen Shot 2017-04-24 at 6.06.39 PM.png](///raw/7db/z/187c.png)\n![Screen Shot 2017-04-24 at 6.07.45 PM.png](///raw/7db/z/1880.png)","path":"/events/ludum-dare/38/sleep-deprivation-and-bad-writing-the-visual-novel","parents":[1,5,9,9405],"meta":{"grade-06-out":"1","cover":"///content/7db/z/32e8.png"},"link":{"author":[3031,3021,27076]},"love":0,"notes":2,"notes-timestamp":"2017-05-03T18:15:54Z"}]}