{"status":200,"caller_id":0,"cached":[],"node":[{"id":16480,"parent":9405,"superparent":9,"author":2361,"type":"item","subtype":"game","subsubtype":"compo","published":"2017-04-24T01:41:38Z","created":"2017-04-21T22:08:41Z","modified":"2017-05-01T14:30:48Z","version":74344,"slug":"quest-island","name":"Quest Island","body":"You awake to find yourself on a small island world.  Find items to help those in need.\n\nYou have to explore the island and find the three NPCs that need help.  They will give you some clue about what they need.  All the items are hidden in chests in caves, but the caves are dark.  After you turn in the first quest, you'll get something to help you in the caves.\n\nNot really much of a game but I wanted to spend time learning some procedural generation techniques and I succeeded there so that's fun.  There are 16 different items in the game but unfortunately the only bit I got finished in time places only the items you need in each generated map.  As such, some items will never appear in the game, and only a few items are in each play through.\n\n## Controls\n\n * `WASD` - move\n * `Space` - interact\n * `Enter` - pause/inventory\n\n## Links\n\n * [Source](https://github.com/bentglasstube/ld38/tree/ld38)\n * [Windows](https://bentglasstube.github.io/38/quest-island-windows.zip)\n * [Mac](https://bentglasstube.github.io/38/quest-island-osx.tgz)\n * [Linux](https://bentglasstube.github.io/38/quest-island-linux.tgz)\n\n## Screenshots\n\n### Overworld\n![ss1.png](///content/939/z/d9a.png)\n\n### Cave\n![ss2.png](///content/939/z/da1.png)","path":"/events/ludum-dare/38/quest-island","parents":[1,5,9,9405],"meta":{"cover":"///content/939/z/33a8.png"},"link":{"author":[2361]},"love":0,"notes":3,"notes-timestamp":"2017-05-01T17:55:58Z"}]}