{"status":200,"caller_id":0,"cached":[],"node":[{"id":16660,"parent":9405,"superparent":9,"author":10071,"type":"item","subtype":"game","subsubtype":"jam","published":"2017-04-23T23:10:45Z","created":"2017-04-21T22:24:49Z","modified":"2017-05-01T13:10:21Z","version":74111,"slug":"stardust","name":"Stardust - A space adventure","body":"This is an adventure game about a clumsy austronaut, who travels through the space in his small rocket. While spaceman is in anabiotic sleep, the flight is managed by naggerish and misanthopic computer. However, spaceman is being awaken in very unpleasant way...\n\nExplore the room, try to point and click onto the objects in order to take or use them, drag and drop items from your inventory for furher interactions.\n\nDiscover new planets, meet new lifeforms and try to make your small world even a better place.\n\nMade specially for Ludum Dare 38.\n\n**Images**\n\n![1.jpg](///raw/757/2/z/2055.jpg)\n![2.jpg](///raw/757/2/z/2058.jpg)\nGraphics by Angie Bogachenko, programming, game and story design - Alexander Wolodarsky, translations - Marina Askania.\n\nMade with Unity3D and Adventure Maker.\n\n**DOWNLOAD**: https://shiitman.itch.io/stardust (Windows)\n\n**PLAY ONLINE**: https://shiitman.itch.io/stardustweb (WebGL build)\n\n**VIDEO**: \n\nhttps://www.youtube.com/watch?v=IHIt0M9puis\n\nFree sound assets were used, including music by Seazo - \"Tribute to Cosmos\". \n\nOpt-outs:\n- Sound.\n","path":"/events/ludum-dare/38/stardust","parents":[1,5,9,9405],"meta":{"grade-06-out":"1","cover":"///content/757/2/z/31fb.png"},"link":{"author":[10071,11959,28478]},"love":0,"notes":27,"notes-timestamp":"2017-05-03T23:36:42Z"}]}