{"status":200,"caller_id":0,"cached":[],"node":[{"id":16358,"parent":9405,"superparent":9,"author":12920,"type":"item","subtype":"game","subsubtype":"jam","published":"2017-04-25T01:16:46Z","created":"2017-04-21T21:59:04Z","modified":"2017-05-01T01:04:13Z","version":72660,"slug":"creatator","name":"Creatator","body":"Cover Image...\n![logo.png](///raw/872/3/z/1f30.png)\nFirst year entering Ludum Dare!!\nStarting with only a few resources try to grow your world as large as you can. Making your world bigger and better rewards you more points to buy things with! Try to unlock everything!\n\nLINK: https://captainquantumelephantman.itch.io/creatator\n\nScreenShots...\n![Capture2.PNG](///raw/872/3/z/1f09.png)![Capture1.PNG](///raw/872/3/z/1f0b.png)![Capture3.PNG](///raw/872/3/z/1f21.png)\n","path":"/events/ludum-dare/38/creatator","parents":[1,5,9,9405],"meta":[],"link":{"author":[12920]},"love":0,"notes":1,"notes-timestamp":"2017-04-30T03:14:11Z"}]}