{"status":200,"caller_id":0,"cached":[],"node":[{"id":16489,"parent":9405,"superparent":9,"author":3403,"type":"item","subtype":"game","subsubtype":"compo","published":"2017-04-24T00:53:03Z","created":"2017-04-21T22:09:23Z","modified":"2017-04-25T12:04:17Z","version":65328,"slug":"chem-trials","name":"CHEM TRIALS","body":"## Play here (WebGL + Windows):\n## https://hegemege.itch.io/chem-trials\n\nAfter years of speculation, the government revealed they are behind the attempts to control the public by spreading chemical agents into the atmosphere.  \nBe a daredevil and fly your bi-plane over the hills and through towns.   \nSpread the de-toxifying substance around the planet!  \nBut beware, the government is trying to cover it up and sent some nasty assault helicopters after you!  \n\n### Gameplay video: https://www.youtube.com/watch?v=tCtYG1K1bIA\n\n### Controls:\nW A S D or arrow keys - movement  \nEsc - credits\n\n![vlcsnap-2017-04-24-03h17m39s324.png](///raw/b4d/z/b67.png)\n\n#### Fixes:\nThe plane engine audio was clicking and cracking a lot in WebGL due to WebGL not supporting low-pass filters, so I fixed that after main submission (porting issue).\n\n![vlcsnap-2017-04-24-03h16m55s853.png](///raw/b4d/z/b6f.png)\n\n### Info:\nMade with Unity 5.5.1f1.  \nSounds made with bfxr.  \nPlanet model made with Blender.\n\n### Source code:  \nhttps://github.com/Hegemege/ludum-dare-38  \nAll rights reserved.","path":"/events/ludum-dare/38/chem-trials","parents":[1,5,9,9405],"meta":{"grade-06-out":"1","cover":"///content/b4d/z/35af.png"},"link":{"author":[3403]},"love":0,"notes":7,"notes-timestamp":"2017-05-02T23:40:54Z"}]}