{"status":200,"caller_id":0,"cached":[],"node":[{"id":15756,"parent":9405,"superparent":9,"author":15707,"type":"item","subtype":"game","subsubtype":"jam","published":"2017-04-24T13:45:15Z","created":"2017-04-21T21:09:14Z","modified":"2017-04-25T03:27:43Z","version":63425,"slug":"smol-wold","name":"SMOL WOLD","body":"Growing kaiju need a safe place to practice razing cities and engaging in epic battles. Where better than Smol Wold? Kaiju kiddies Princess and Demi romp about this tiny planet, destroying its tiny civilization and trying to beat each other up. But it's all in good fun!\nTwo other buddies were supposed to join in, but they didn't show up? It's almost like making a 3D multiplayer game with four unique playable characters for a game jam is overly ambitious.\n\nCONTROLS:\nPlayer 1: left/right to move left and right, up to jump, down to use special dash ability!\nPlayer 2: left/right to move left and right, up to jump\n\nHOW TO PLAY:\nYour objective is to build up speed, then once you're at the maximum, ram into your opponent to send them into space! Running into small or medium-sized buildings will slow you down, and running into large buildings or your opponent (at less than max speed) will send you tumbling! Finally, jumping allows you to dodge obstacles, get your bearings, and turn at a faster rate, but you'll lose speed.\n\nPLAYER ONE controls Princess, and she has a special ability. Press the down arrow to do a short dash, which increases Princess's speed AND makes her more resilient to collisions.\n\nPLAYER TWO controls Demi. Demi lacks a special ability (she, uh, came down with a virus...), but her speed, acceleration, and turning are all higher! Note that she still needs to reach MAX speed to knock Princess out.\n\nThis game is for TWO PLAYERS ONLY. We know it's less convenient, but if you are hanging out with a friend please remember to give our game a try! Thank you for playing, and have fun :)\n\nPlay in browser:\nhttps://peaceful-everglades-51163.herokuapp.com/","path":"/events/ludum-dare/38/smol-wold","parents":[1,5,9,9405],"meta":[],"link":{"author":[15707]},"love":0,"notes":2,"notes-timestamp":"2017-04-24T20:07:39Z"}]}