{"status":200,"caller_id":0,"cached":[],"node":[{"id":16253,"parent":9405,"superparent":9,"author":6312,"type":"item","subtype":"game","subsubtype":"compo","published":"2017-04-24T00:57:01Z","created":"2017-04-21T21:50:27Z","modified":"2017-04-24T03:43:57Z","version":46924,"slug":"the-minuscule-sphere","name":"The Minuscule Sphere","body":"![ss 1.PNG](///raw/8a8/1/z/b8a.png)\n\n![ss 2.PNG](///raw/8a8/1/z/b8d.png)\n\n![ss 3.PNG](///raw/8a8/1/z/b8f.png)\n\nhttps://inventivum-games.itch.io/the-minuscule-sphere\n\nA war spread Across this galaxy, started by an argument over the smallest world in the universe seriously its barely big enough to land on, but any way collect resources build your base bigger than the enemies and conquer The Minuscule Sphere.\n\nControls:\n\n    W and S to move\n    mouse to look and shoot\n    left mouse to select and cancel build\n    right mouse to build selected\n\nFeatures:\n\n    Resource Gathering\n    Base Building\n    An Enemy A.I. Empire\n    And A Quest For The Smallest Planet\n    Five Building types Mines, Turret, Foundry's, Refinery's, And MotherShips\n    Two unit types Bombers and Blasters (Clicking on a foundry while change unit type)\n    Two Resource Types (Refinery's only produce energy if you have more than 60 scrap)\n\n\nMade Entirely By My Self Within 48-Hours For The Ludum Dare Compo\n\n\nit Was Originally going to be about cells but well after i started making the art it kind of went to aliens.\n\nthe Source Code Has Mentions to glucose, proteins and Mother Cells\n","path":"/events/ludum-dare/38/the-minuscule-sphere","parents":[1,5,9,9405],"meta":[],"link":{"author":[6312]},"love":0,"notes":0}]}