{"status":200,"caller_id":0,"cached":[],"node":[{"id":15682,"parent":9405,"superparent":9,"author":15105,"type":"item","subtype":"game","subsubtype":"jam","published":"2017-04-24T16:16:28Z","created":"2017-04-21T21:04:23Z","modified":"2017-05-01T21:34:42Z","version":75417,"slug":"space-raiders","name":"Space Raiders","body":"![Screen1.png](///raw/10b/3/z/12fd.png)\n\n![Screen2.png](///raw/10b/3/z/12ff.png)\n\n![Screen3.png](///raw/10b/3/z/1301.png)\n\n![Screen4.png](///raw/10b/3/z/1303.png)\n\nYou play as a little guy who's trying to protect the heart of his home planet. Farm wood and iron to keep the fire alive and craft ammo so you can fight against the wild creatures in the night. Are you prepared?\n\nDownload Link: https://smaex.itch.io/space-raiders\n\n- Made with GameMaker Studio 2\n- All of the coding and the art is made by me. The sounds are some from me, some from others.\n\nCheck out my Patreon page if you like:\n\nhttps://www.patreon.com/Smaex\n\nHave fun! Smaex","path":"/events/ludum-dare/38/space-raiders","parents":[1,5,9,9405],"meta":{"cover":"///content/10b/3/z/3125.png","grade-06-out":"1"},"link":{"author":[15105]},"love":0,"notes":41,"notes-timestamp":"2017-05-03T20:28:21Z"}]}