{"status":200,"caller_id":0,"cached":[],"node":[{"id":15415,"parent":9405,"superparent":9,"author":2218,"type":"item","subtype":"game","subsubtype":"compo","published":"2017-04-24T01:47:29Z","created":"2017-04-21T20:49:25Z","modified":"2017-04-24T01:47:29Z","version":45227,"slug":"replenish","name":"Replenish","body":"Replenish your desolate home planet by harvesting the resources of others. Voyage to various tiny worlds to collect resources to find all the required components, but watch your fuel levels or you may end up temporarily stranded or even worse - crashed! Control the ship in space and the planet's gravitational fields with WASD and use Space to take off from a planet after it has been harvested.","path":"/events/ludum-dare/38/replenish","parents":[1,5,9,9405],"meta":{"grade-06-out":"1"},"link":{"author":[2218]},"love":0,"notes":0}]}