{"status":200,"caller_id":0,"cached":[],"node":[{"id":15603,"parent":9405,"superparent":9,"author":24,"type":"item","subtype":"game","subsubtype":"jam","published":"2017-04-24T18:31:04Z","created":"2017-04-21T20:59:33Z","modified":"2017-04-28T11:31:32Z","version":70523,"slug":"the-mother-of-all-games","name":"The Mother of All Games","body":"The title pretty much says it all. :D\n\nControls: Arrow keys, and Space-Bar as action key.\n\n*WINDOWS* : https://app.box.com/s/c2nkyrnfmsrtxm28bif9giqu6dy30etj\n\nIf you download/try this, please leave a comment, if only to say Hi. I like comments :)\n\nHave fun!\n\n![bildein.png](///raw/81/z/26f8.png)\n\n","path":"/events/ludum-dare/38/the-mother-of-all-games","parents":[1,5,9,9405],"meta":{"cover":"///content/81/z/3633.png"},"link":{"author":[24]},"love":0,"notes":13,"notes-timestamp":"2017-05-04T00:32:00Z"}]}