{"status":200,"caller_id":0,"cached":[],"node":[{"id":15644,"parent":9405,"superparent":9,"author":12868,"type":"item","subtype":"game","subsubtype":"jam","published":"2017-04-24T22:51:35Z","created":"2017-04-21T21:01:54Z","modified":"2017-04-24T23:02:11Z","version":55775,"slug":"goblin-assault","name":"Goblin Assault","body":"A mix between survival and tower defense.\n\n![Sem título1.png](///raw/442/3/z/194b.png)\n\nHere's the game link: (Sorry if that's not how you do it, first time ever submitting to Ludum Dare)\n\nhttps://syndelis.itch.io/goblin-assault-ld38\n\nThere you can find information about the game, some screenshots and the download itself.\nIf you liked the game, feel free to check my other games at https://syndelis.itch.io/","path":"/events/ludum-dare/38/goblin-assault","parents":[1,5,9,9405],"meta":[],"link":{"author":[12868]},"love":0,"notes":1,"notes-timestamp":"2017-05-01T22:20:39Z"}]}