{"status":200,"caller_id":0,"cached":[],"node":[{"id":15793,"parent":9405,"superparent":9,"author":3303,"type":"item","subtype":"game","subsubtype":"jam","published":"2017-04-25T00:42:11Z","created":"2017-04-21T21:11:38Z","modified":"2017-05-03T17:36:25Z","version":77935,"slug":"tinyplanets","name":"TinyPlanets","body":"![squarelogo.png](///raw/7ec/z/1bfb.png)\n\n### A space strategy game set in many small planets\n\nAfter the invention of the SuperSpeed FTL travel drive most big enterprises deciced to invest on it. You are no exception. A group of pioneers are sent to the system \"Kepler 52B\" with hopes of bringing wealth to your corporation. Will you suceed or will you be defeated by the other groups?\n\n#### There is an ingame guide which should introduce you to the game. If you are confused feel free to ask in the comments\n\n#### If you suddenly get annihilated, it means you had too little soldiers. Make sure you always have a decent ammount!\n\n## Known Issues:\n\n- AI is wonky (slow sometimes, very fast other times)\n- Attacks sometimes are fairly buggy (Ran out of time...)\n- #### Random crashes can happen (And seem not to happen when \"Peaceful\" mode is on)\n\n\nI plan on making updates to this post-jam!\n(If there is any super-huge, trivial bug I will fix it in the jam version, so please report any game-breaking problems you encounter!)\n\n\n## Links:\n\n#### Itch.io\nWindows: https://tajamsoft.itch.io/tinyplanets\n\nLinux: [Coming Soon] \n* I am having some problems making the game work on linux, but will be done soon\n\n#### Soundcloud\nSoundtrack: https://soundcloud.com/user-298559041/sets/tinyplanets-ldjam-ost\n\n#### Source:\nGithub: https://github.com/tatjam/Ludumdare38\n\nMade in 72 hours for the Jam using C++, SFML and ImGui. Graphics made in GIMP and music made in FL Studio.","path":"/events/ludum-dare/38/tinyplanets","parents":[1,5,9,9405],"meta":{"cover":"///content/7ec/z/33ef.png"},"link":{"author":[3303]},"love":0,"notes":4,"notes-timestamp":"2017-05-03T17:35:33Z"}]}