{"status":200,"caller_id":0,"cached":[],"node":[{"id":16025,"parent":9405,"superparent":9,"author":16009,"type":"item","subtype":"game","subsubtype":"jam","published":"2017-04-25T03:03:26Z","created":"2017-04-21T21:29:21Z","modified":"2017-04-30T21:06:01Z","version":72429,"slug":"tiny-planet-defense-1","name":"Tiny Planet Defense","body":"![3.png](///raw/98e/3/z/22ba.png)\n\n![2.png](///raw/98e/3/z/22bb.png)\n\nTPD is a tower defense game, where you place weapons around the orbit of your planet to defend against an alien invasion.\n\n# Controls:\n* Arrow keys - Movement\n* Z - Fire weapons/Confirm\n* X - Cancel\n\n# Links\n* Download link: https://github.com/Phantom-Ignition/LudumDare38/releases/download/v1.0.1/Tiny.Planet.Defense.v1.0.1.rar\n* Source code: https://github.com/Phantom-Ignition/LudumDare38/\n* Twitter: https://twitter.com/phantomignition\n\n# Credits\n\n### Music\n* Rhinoceros - Kevin MacLeod\n* Space Fighter Loop - Kevin MacLeod\n\n### Code\n* TinyTween.cs - Copyright (c) 2013 Nick Gravelyn\n* MonoGame.Extended - Copyright (c) 2015 Dylan Wilson\n\n\n# Changelog\n* v1.0.0 - 4/24/2017\n  * Initial version\n* v1.0.1 - 4/30/2017\n  * Fixed a bug where the game crashed when there were too many sounds\n  * Fixed the gameover being skiped if the user press the confirm key too fast\n  * Fixed the massive frame drops when using lasers\n  * Fixed a bug where the shields were transferring the damage to the planet\n  * Fixed the gun projectile initial position\n  * Code cleanup\n\nThanks for playing :)","path":"/events/ludum-dare/38/tiny-planet-defense-1","parents":[1,5,9,9405],"meta":{"grade-06-out":"1","cover":"///content/98e/3/z/3ba9.png"},"link":{"author":[16009,15032]},"love":0,"notes":4,"notes-timestamp":"2017-05-01T10:04:29Z"}]}