{"status":200,"caller_id":0,"cached":[],"node":[{"id":16372,"parent":9405,"superparent":9,"author":126,"type":"item","subtype":"game","subsubtype":"compo","published":"2017-04-24T00:12:07Z","created":"2017-04-21T22:00:36Z","modified":"2017-05-03T16:50:11Z","version":77901,"slug":"solitary-freedom","name":"Solitary Freedom","body":"![Pics.png](///raw/e7/z/9ad.png)\n\nYou are a slime who lives in the only remains of the world who is on a mission to leave and find freedom.\n\n## Instructions\n\nGet to the exit, but don't starve! Hit barrels for food.\n\nYou get 4 moves before you starve, use them wisely.\n\nControls - Arrow Keys\n\nPress R to restart a level.\n\nPress Q in the game to change the art style.\n\nPress S to skip the game intro.\n\n## Download\n\n8.4MB - **[Solitary Freedom(Windows)](http://www.mediafire.com/file/dd4klddjbazglik/Solitary_Freedom_Compiled.zip)**\n\n2.3MB - **[Solitary Freedom(Python Source)](http://www.mediafire.com/file/j2yj4zs1mafqc8u/Solitary_Freedom_Source.zip)**\n\n## Stuck?\n\n[Level 1 and 2 Guide](http://imgur.com/a/su4yX)\n\n[Level 3 Guide](http://imgur.com/a/aEWh7)\n\n## Other\n\nThe whole opening thing exists because I didn't want to have to draw other living things(it was fun to make though).\n\nThe barrels are not buggy. They make you fall unless you hit them from the bottom.\n\nAt the end of the game, it shows your total time(of successful attempts). Please post your time in the comments. :smile:\n\n## Bugfixes\n\nFixed font color, because it turns out it's hard to see on most monitors. (I see it fine on mine because of my color settings)\n\nChanged the controls in the game description to say Q instead of P(if that even counts as a bug).\n\n## Made Using\n\n-MS Paint\n\n-Python\n\n-Pygame\n\n-Beepbox.co\n\n-SFXR","path":"/events/ludum-dare/38/solitary-freedom","parents":[1,5,9,9405],"meta":{"cover":"///content/e7/z/3bbc.png"},"link":{"author":[126]},"love":0,"notes":39,"notes-timestamp":"2017-05-04T03:37:34Z"}]}