{"status":200,"caller_id":0,"cached":[],"node":[{"id":16031,"parent":9405,"superparent":9,"author":12284,"type":"item","subtype":"game","subsubtype":"jam","published":"2017-04-25T01:02:44Z","created":"2017-04-21T21:29:32Z","modified":"2017-04-25T01:41:40Z","version":60658,"slug":"slimeworld","name":"SlimeWorld","body":"A very simple idle game with slimes on a bouncy slime planet. Can you grow the world with 5 million slime?\n\nDownload at https://nononick.itch.io/slimeworld\n\n![screenshot2.png](///raw/cff/2/z/1f83.png)\n\n![slime.gif](///raw/cff/2/z/1f90.gif)","path":"/events/ludum-dare/38/slimeworld","parents":[1,5,9,9405],"meta":[],"link":{"author":[12284]},"love":0,"notes":1,"notes-timestamp":"2017-04-26T20:03:31Z"}]}