{"status":200,"caller_id":0,"cached":[],"node":[{"id":16738,"parent":9405,"superparent":9,"author":10141,"type":"item","subtype":"game","subsubtype":"compo","published":"2017-04-24T00:56:39Z","created":"2017-04-21T22:30:14Z","modified":"2017-04-24T01:48:37Z","version":45265,"slug":"thirst","name":"Thirst","body":"![cover_630_500.png](///raw/d97/2/z/b48.png)\n\n**Thirst** is a very short 3D platformer about a traveler on a small planet in search of water.\n\n## Links\n* **GAME:** https://natalycreates.itch.io/thirst\n* **SOURCE CODE:** https://github.com/NatalyCreates/ld38-thirst\n* **TWITTER:** https://twitter.com/natalycreates\n\n### Tools:\n* Unity\n* Trello\n* GIMP\n* Audacity\n* BFXR\n* [Otomata](http://www.earslap.com/page/otomata.html)\n* [Circuli](http://www.earslap.com/page/circuli.html)\n* LMMS\n\n","path":"/events/ludum-dare/38/thirst","parents":[1,5,9,9405],"meta":[],"link":{"author":[10141]},"love":0,"notes":1,"notes-timestamp":"2017-05-03T09:27:18Z"}]}