{"status":200,"caller_id":0,"cached":[],"node":[{"id":15400,"parent":9405,"superparent":9,"author":13926,"type":"item","subtype":"game","subsubtype":"jam","published":"2017-04-25T01:54:43Z","created":"2017-04-21T20:48:12Z","modified":"2017-05-01T13:09:38Z","version":74105,"slug":"cell-defender","name":"Cell Defender","body":"Lead the charge to destroy all pathogens in cell!\n\nMy first LD, made with: Unity, blender, MS paint. All except font made during LD.\n\ndownloadable (Win) here:\nhttps://kreur.itch.io/cell-defender-ld-38","path":"/events/ludum-dare/38/cell-defender","parents":[1,5,9,9405],"meta":{"grade-06-out":"1","cover":"///content/666/3/z/32fa.png"},"link":{"author":[13926]},"love":0,"notes":6,"notes-timestamp":"2017-05-03T04:50:47Z"}]}