{"status":200,"caller_id":0,"cached":[],"node":[{"id":15163,"parent":9405,"superparent":9,"author":3037,"type":"item","subtype":"game","subsubtype":"jam","published":"2017-04-24T20:59:44Z","created":"2017-04-21T20:33:09Z","modified":"2017-04-25T16:44:42Z","version":66105,"slug":"small-worlds-universe-balancing-bureau","name":"Small Worlds - Universe Balancing Bureau","body":"## ----------------------------------------------\n## Is your recently aquired universe in utter disarray?\n## Worry no more!\n## The Small Worlds Universe Balancing Bureau © has you covered!\n## ----------------------------------------------\n\n# > DOWNLOAD [THE GAME HERE](http://gamejolt.com/games/small-worlds/251971)\n\n## ----------------------------------------------\n![fin1.jpg](///raw/ddb/z/1455.jpg)\n\n**How to play:\nPress right click to zoom around the universe.\nLeft-Click on a planet to see its requirements and stats.\nClick and drag from one planet to another to link them together.**\n\n**Create an even balance of resource usage in the universe.**\n\n![fin2.jpg](///raw/ddb/z/1489.jpg)\n\n**Read the ingame help and beware that the simulation starts paused.\nYou will have to press the play button to make it start.**\n\n**At the end, when you reached at least 70% you can finish the game.\nA finish game button will appear.**\n\n**But you can try to go further and balance out the whole system for a higher score.**\n\n## ----------------------------------------------\n\n# > DOWNLOAD [THE GAME HERE](http://gamejolt.com/games/small-worlds/251971)\n\n## ----------------------------------------------\n\n# Check out this Let's Play from FellowPlayer :D\n\nhttps://www.youtube.com/watch?v=MGT1-rUsa0A\n\n\n## ----------------------------------------------\n\n# > DOWNLOAD [THE GAME HERE](http://gamejolt.com/games/small-worlds/251971)\n\n## ----------------------------------------------","path":"/events/ludum-dare/38/small-worlds-universe-balancing-bureau","parents":[1,5,9,9405],"meta":[],"link":{"author":[3037,9505]},"love":0,"notes":0}]}