{"status":200,"caller_id":0,"cached":[],"node":[{"id":16590,"parent":9405,"superparent":9,"author":433,"type":"item","subtype":"game","subsubtype":"compo","published":"2017-04-23T20:43:49Z","created":"2017-04-21T22:18:04Z","modified":"2017-04-23T20:43:49Z","version":37972,"slug":"spaceworm-defend-a-sacred-tree-from-worms-invading-your-planet","name":"Spaceworm - Defend a sacred tree from worms invading your planet","body":"You can play it at https://5mixer.itch.io/spaceworm, game uploads aren’t up yet. I hope I can submit it into the compo after school tomorrow :o\n\nThe game is essentially about defending a tree in space as a worm in a semi-rogue like fashion. Enjoy!\n\nInstructions: ‘Steer’ with left/right, move forwards/progress the game with up. Evil space worms will try to destroy the sacred tree on the right side of the island, but they have to get through you. You’re invinceble, but the tree is not. Pickup spell books to get either the wall or bomb spell. To use the spell, hold shift and move around. When you’re done, let go of shift and the spell will be cast.\n\nThe enemies should spawn more and more frequently, see how long you can last. Thanks for playing!\n\nThe game works best on chrome I think, it kinda broke firefox for me.\n\n","path":"/events/ludum-dare/38/spaceworm-defend-a-sacred-tree-from-worms-invading-your-planet","parents":[1,5,9,9405],"meta":[],"link":{"author":[433]},"love":0,"notes":5,"notes-timestamp":"2017-05-03T09:48:33Z"}]}