{"status":200,"caller_id":0,"cached":[],"node":[{"id":15200,"parent":9405,"superparent":9,"author":507,"type":"item","subtype":"game","subsubtype":"compo","published":"2017-04-23T20:52:34Z","created":"2017-04-21T20:36:00Z","modified":"2017-04-23T20:52:34Z","version":38118,"slug":"circle-worlds","name":"Circle Worlds","body":"# Circle Worlds\nA “Small World” Board Game System. \n\nTook the LD weekend to create this system. I realized that I have been making similar games since I was a kid. Then I loved to make fantasy/jrpg inspired board games with a lot of dice rolling. In this system I tried to stay diceless and more general. Maybe someone finds this useful. \n\nIf you do end up using this system, show me a photo of your creation on twitter @headchant.\n\n![cwbgs.png](///raw/bf1/z/42c.png)\n\n## Download\n\n[https://headchant.itch.io/cwbgs](https://headchant.itch.io/cwbgs)\n## How To Play\n1. Put your figure on your starting circle.\n2. You can move once per round to a connected circle.\n3. At the circle, pick a card from the corresponding card stack and follow the text on the card.\n\n## Make Your Own\nMaking your own is also really easy.\n\n![game.jpg](///raw/bf1/z/3fc.jpg)\n\n### Materials\n- paper\n- pens\n- scissors\n- figurines, markers\n\n### Steps\n1. Make a map\n2. give circles symbol which correspond to stack\n3. make cards and put stack symbol to stack\n\n# A Pico8 Cart\nI also made a Pico8 cart that you can load an edit in Pico8 to create such maps: \n\n![sheet.p8.png](///raw/bf1/z/3fa.png)\n\n![Screen Shot 2017-04-23 at 12.35.04.png](///raw/bf1/z/3fd.png)![Screen Shot 2017-04-23 at 17.46.25.png](///raw/bf1/z/3fe.png)","path":"/events/ludum-dare/38/circle-worlds","parents":[1,5,9,9405],"meta":[],"link":{"author":[507]},"love":0,"notes":0}]}