{"status":200,"caller_id":0,"cached":[],"node":[{"id":16048,"parent":9405,"superparent":9,"author":1214,"type":"item","subtype":"game","subsubtype":"jam","published":"2017-04-24T22:27:16Z","created":"2017-04-21T21:31:32Z","modified":"2017-04-24T22:27:16Z","version":54941,"slug":"island-defender","name":"Island Defender","body":"In Island Defender your goal is to stay alive as long as possible using building to protect yourself from enemies.\n![screenshot1.png](///raw/eb4/z/1735.png)\n![screenshot2.png](///raw/eb4/z/1739.png)\n![screenshot3.png](///raw/eb4/z/173a.png)\n\n**_Instructions and stuff_**\n\n**===Controls===**\n\nJump: W\n\nLeft: A\n\nRight: D\n\nPlace Sentry: 1\n\nPlace Part Maker: 2\n\nPlace Wall: 3\n\nHeal/Place/Upgrade: Left Click\n\nRemove: Right Click\n\n**===Machines===**\n\nYou can place a max of 3 sentries, 3 part makers, and 6 walls.\nIt takes 100 parts to make and upgrade a sentry, 80 parts to make and upgrade a part maker, and 25 parts to make and upgrade a wall.\nYou can remove the building to get some metal back.\nYou can hold a max of 400 parts and part makers can hold a max of 100 parts.\n\nI hope this game is not too confusing. I tried to make something different from what I am used to making.\n\nGamejolt: http://gamejolt.com/games/island_defender/252020\n\nItch.io: https://chippymuffins.itch.io/island-defender","path":"/events/ludum-dare/38/island-defender","parents":[1,5,9,9405],"meta":[],"link":{"author":[1214]},"love":0,"notes":7,"notes-timestamp":"2017-05-03T22:59:17Z"}]}