{"status":200,"caller_id":0,"cached":[],"node":[{"id":15851,"parent":9405,"superparent":9,"author":6227,"type":"item","subtype":"game","subsubtype":"jam","published":"2017-04-25T01:53:40Z","created":"2017-04-21T21:15:26Z","modified":"2017-04-27T19:11:34Z","version":69776,"slug":"badass-hobo","name":"Badass Hobo","body":"Guess I'll have to edit it now, huh?\n\n So this is a simple shoot'em up kinda game, in which u play as a BADASS HOBO (not a regular hobo, u know, a BADASS one), \nthat kicks outer space invaders asses (actually they are just Tom Bangalter cosplayers) and taking names.\n \n The game itself plays pretty easy and there's no challenge at all (just spam bullets everywhere), so relax in ur chair and enjoy the ride, but be aware of bugs, there's not much in the first zone, but when u will get to the boss, he's gonna be buggy as hell, just wanted to warn you bout that guys.\n\n So the next thing I wanted to talk about is controls and other stuff.\n\n ![Runner_2017-04-25_03-50-35.png](///raw/358/1/z/28e9.png)\n\n This things being called boosters (dunno why actually), the red one is being activated by pressing the '1' button,\nwhile it active your damage will de doubled (you will be able to oneshot enemies), but besides that, u will be also granted with extra hp! This part gonna get a bit confusy, but I think I should say some words about it. So, if u have less than 5 hp while activating this booster u will give u 2 hp, but if you have 5 or more hp, then u will only get 1 hp on activating, but there's more, not depending on ur character's current hp, at the end of booster's effect u will be granted with 3 more hp, just keep that in mind.\n Okay, the next one is the yellow one booster, you can activate it by pressing '2' button, after activating it your character becoming dodgy and stuff, that means that only every FOURTH shot will actually damage you.\n This one is a easy one, a basic health kit that being activated by pressing 'Q' button, it will grant u with 5 hp, but then there's gonna be a cooldown on it (4 seconds). Oh and yeah, you can't have the red and yellow booster's be active at the same time.\n\n ![Runner_2017-04-27_01-36-14.png](///raw/358/1/z/28f5.png)\n\n This is a beam. A deadly one. There are two of these, just in case if someone gonna try to run past all the enemies,\nso as long as u will be killing all the enemies on your way, u will not stumble upon these.\n\n ![Ludum Dare_2017-04-27_01-41-38.png](///raw/358/1/z/28f6.png)\n \n This Tom Bangalter cosplayers are actually aggresive robots from outer space that will shoot you with their laser pistols till u dead (how original, huh), keep an eye for them.\n\n ![Ludum Dare_2017-04-27_01-48-29.png](///raw/358/1/z/28f7.png)\n\n Those crates contain booster's in em, just press the 'E' button, and u will collect what was in there.\n\n ![Ludum Dare_2017-04-27_01-52-54.png](///raw/358/1/z/28f8.png)\n\n That's the final boss (the only one btw), he's buggy as hell because Ludum Dare cloak learned a new magic trick that makes it tick twice as fast, so I had like 4 hours left to make this one. And by buggy I mean the shooting, sometimes he gonna shoot non-stop, sometimes he just gonna go from left to right doing nothing at all.\n\n Phew, done with this part. Guess it's time to throw in some random screenshots for you guys to see.\n\n![Ludum Dare_2017-04-27_02-06-21.png](///raw/358/1/z/28fb.png)\n![Ludum Dare_2017-04-27_02-08-36.png](///raw/358/1/z/28fd.png)\n![Ludum Dare_2017-04-27_02-07-57.png](///raw/358/1/z/28fc.png)\n![Ludum Dare_2017-04-27_02-09-04.png](///raw/358/1/z/28fe.png)\n\n Wait, um, what do you say? Theme was \"A Small World\"? Oh, um, well then, I'm just gonna say that this is a small world, like, this is how it works, right? But seriously, how should a small world look like? Guess I'll have to look up other guys games to find that out, huh. (We propably gonna have -9000 rating in \"Theme\" category lol)\n\n Download link: https://www.dropbox.com/s/vywqtliriy10n1k/Badass%20Hobo.zip?dl=1\n","path":"/events/ludum-dare/38/badass-hobo","parents":[1,5,9,9405],"meta":{"grade-08-out":"1","cover":"///content/358/1/z/3289.png"},"link":{"author":[6227,21430,16295]},"love":0,"notes":2,"notes-timestamp":"2017-05-02T02:23:10Z"}]}