{"status":200,"caller_id":0,"cached":[],"node":[{"id":15266,"parent":9405,"superparent":9,"author":3960,"type":"item","subtype":"game","subsubtype":"compo","published":"2017-04-23T20:22:12Z","created":"2017-04-21T20:40:24Z","modified":"2017-04-23T20:22:12Z","version":37571,"slug":"plantbox","name":"Plantbox","body":"Okay, so I think my compo is done now. This time my game ended up being wayyy worse than last time, but that's okay.\n\nPlantbox is a game about watering your plants. It's pretty simple really. Go play it over at https://noxim.itch.io/plantbox\n\nSource: https://github.com/Noxime/Plantbox","path":"/events/ludum-dare/38/plantbox","parents":[1,5,9,9405],"meta":[],"link":{"author":[3960]},"love":0,"notes":0}]}