{"status":200,"caller_id":0,"cached":[],"node":[{"id":16656,"parent":9405,"superparent":9,"author":128,"type":"item","subtype":"game","subsubtype":"compo","published":"2017-04-24T01:08:12Z","created":"2017-04-21T22:24:32Z","modified":"2017-04-24T01:46:47Z","version":45201,"slug":"my-very-own-world-1","name":"My Very Own World","body":"![Flipsy_SS4.png](///raw/08/z/c1f.png)\n\n# Description\nMake stars, plant flowers, and choreograph celebratory dance routines. A fun, quirky little world builder and interactive story.\n\n# Downloads\n**Mac**, **Windows**, **Flash** and **Android** downloads all at:\n\nhttps://flipsy.itch.io/my-very-own-world\n\n# Contact\nTwitter:  @flipsy\n\n(C) Tim Cox 2017\n","path":"/events/ludum-dare/38/my-very-own-world-1","parents":[1,5,9,9405],"meta":{"cover":"///content/08/z/2f4d.png"},"link":{"author":[128]},"love":0,"notes":19,"notes-timestamp":"2017-05-04T07:22:32Z"}]}