{"status":200,"caller_id":0,"cached":[],"node":[{"id":15845,"parent":9405,"superparent":9,"author":11961,"type":"item","subtype":"game","subsubtype":"jam","published":"2017-04-25T01:02:31Z","created":"2017-04-21T21:15:10Z","modified":"2017-05-01T17:06:07Z","version":74781,"slug":"boxaverse","name":"[BOXAVERSE]","body":"\n![intro.png](///raw/9be/2/z/1d96.png)\n\n## About the game\n**[BOXAVERSE]** is a game about helping the strange little people living in a cardboard box that has appeared in your backyard. You can give them orders to help fulfill their goals, using your magnifier to gain a new perspective of the small world.\n\n![27b810a445e645ed3a1a8d979dba54b9.png](///raw/9be/2/z/2034.png)\n\n![083be3ebc0d6026dc0826bfa776f6261.png](///raw/9be/2/z/1da0.png)\n\nThe mechanics are simple: pick an action from **the right bar**, select the character that will take action and then the objective.\n\n*Tip*: You can also press **[Alt]** if you are stuck - it will outline every interactive object in the scene that can be used at the moment.\n\n\n## About the team\n**Suprabot** is formed by three guys from Spain. This has been our first Ludum Dare and we are very proud of what we've achieved considering that everything was made from scratch during the weekend.\n\nWe hope you play our little game until the end and enjoy it. Thanks!\n\n\n## Links\n\n\n· **SITE:** https://jaimuepe.itch.io/boxaverse\n\n· **SOURCE CODE:** https://github.com/aimert/Boxaverse\n\n· **Jaime Muela** (programmer): https://twitter.com/jaimuepe\n\n· **Fran Segura** (artist): https://twitter.com/fvsegura\n\n· **Alvatross** (musician): https://twitter.com/AlbatrossKid\n\n**Edit 01/05/17:** Some people were having trouble playing the game in the browser (some sprites were showing as purple boxes) so I added a windows build to in the itch.io game page.","path":"/events/ludum-dare/38/boxaverse","parents":[1,5,9,9405],"meta":{"cover":"///content/9be/2/z/3743.png"},"link":{"author":[11961,12192,12309]},"love":0,"notes":18,"notes-timestamp":"2017-05-03T16:41:47Z"}]}