{"status":200,"caller_id":0,"cached":[],"node":[{"id":16427,"parent":9405,"superparent":9,"author":10194,"type":"item","subtype":"game","subsubtype":"jam","published":"2017-04-24T22:53:26Z","created":"2017-04-21T22:05:00Z","modified":"2017-05-02T10:51:04Z","version":76310,"slug":"protect","name":"Protect","body":"![menu.png](///raw/2d7/2/z/199b.png)\n\nA 16-bit chiptune **rhythm game​ with original music**, all made in 72 hours.\n\n**Play [HERE](https://v6p9d9t4.ssl.hwcdn.net/html/462287/WebGL/index.html)** in a web-browser supporting WebGL\n(the game is ~11 MB large, please wait for it to load)\n\nRules:\n- You are a square.\n- Other squares attack you.\n- Press arrow keys in directions of the attackers to defend.\n- Don't click too late or too soon – failed attack costs you points.\n- You get points for every successful defence.\n- The more precise your timing is, the more points you get.\n- Get as many points as you can.\n\nBtw. there is an online high score leaderboard!\n\n---\n\n​Ludum Dare 38 entry for theme \"A Small World\"\n\nThought processes:\n- a small world -> needs protection -> fend off attacks from all directions\n- world -> word == 16 bits -> retro-styled game\n\n---\n\nCredits:\n- Coding: @M-1\n- Music: @cheeslo\n\n---\n\nChanges since submission (v1.0):\n\nv1.1 (2017-04-28):\n- porting:\n - implemented touch controls\n - reduced RAM usage\n - added \"meta\" tags to the WebGL page generated by Unity to support adding the game to Home Screen on iOS\n - => You can now play it on mobile! (tested on iOS 10.2, **if anybody has Android, please test if/how it works** :wink:)\n  - Instead of pressing arrow keys, tap the top/bottom/left/right side of the screen.\n  - On iOS the sound does not work - workaround:\n   1. Open the game in Safari.\n   2. Press the \"share\" button (bottom, in the middle).\n   3. Choose \"Add to Home Screen\", confirm with \"Add\".\n   4. Start the game from Home Screen. (Make sure the audio/ringing is not muted.)\n   5. Enjoy\n- fixes:\n - fixed missing name in leaderboard when no name is submitted\n - added text \"Loading...\" to leaderboard when the HiScore table loads\n - added black borders to hide \"out-of-display\" items (fixes squares appearing outside of the game area on wide-screen resolutions, e.g. in full-screen mode)\n- misc:\n - updated link to Itch.io, added cover image\n - changed background colour of the WebGL page generated by Unity\n- known bugs:\n - player name can't be set on mobile (WebGL does not allow on-screen keyboard on mobile platforms)\n\nOlder versions are available at the bottom of the [game's page at Itch.io](https://m-1.itch.io/protect).\n\n---\n\n**Any kind of feedback is appreciated!**","path":"/events/ludum-dare/38/protect","parents":[1,5,9,9405],"meta":{"cover":"///content/2d7/2/z/2fdc.png"},"link":{"author":[10194,26788]},"love":0,"notes":27,"notes-timestamp":"2017-05-03T07:31:23Z"}]}