{"status":200,"caller_id":0,"cached":[],"node":[{"id":15233,"parent":9405,"superparent":9,"author":14151,"type":"item","subtype":"game","subsubtype":"compo","published":"2017-04-23T21:02:47Z","created":"2017-04-21T20:37:56Z","modified":"2017-04-30T22:40:41Z","version":72521,"slug":"stack","name":"STACK","body":"![STACK_Cover.PNG](///raw/747/3/z/1b7a.png)\n\nThe floating Island has been a forbidden mystery to you since you were born. Now that everyone has gone missing, this is your chance to visit the Island!\n\nFind furniture, build a tower, reach the Island!\n\nThis was my very first Ludum Dare, and I am glad to have finished. :)\n\n----------------------LINKS-----------------------------\n\nNOTE: The web build seems to be less stable than the Windows build for some reason, but it will run in most browsers.\n\nGAME (WebGL + Windows download): https://bgonz.itch.io/stack\n\nSOURCE CODE: https://drive.google.com/drive/folders/0ByQVSwYfIi3rUUQ3cEVwQVQ1eUU?usp=sharing","path":"/events/ludum-dare/38/stack","parents":[1,5,9,9405],"meta":{"cover":"///content/747/3/z/3741.png"},"link":{"author":[14151]},"love":0,"notes":23,"notes-timestamp":"2017-05-04T03:54:31Z"}]}