{"status":200,"caller_id":0,"cached":[],"node":[{"id":16019,"parent":9405,"superparent":9,"author":954,"type":"item","subtype":"game","subsubtype":"jam","published":"2017-04-24T21:15:42Z","created":"2017-04-21T21:28:53Z","modified":"2017-05-01T14:11:52Z","version":74301,"slug":"a-very-small-planet","name":"a very small planet.","body":"In this game, you must make your own planet into a thriving colony. Grow trees, collect resources and most importantly: survive the night. Try and survive for as long as you can, progressing faster than the oxygen depletion causing death to your planet.\n\n![Capture.PNG](///raw/ab3/z/2696.png)\n\n![Capture1.PNG](///raw/ab3/z/335a.png)\n\n![Capture2.PNG](///raw/ab3/z/335b.png)\n\n![Capture3.PNG](///raw/ab3/z/335d.png)\n\nLink: https://pixelformedstudios.itch.io/a-very-small-planet","path":"/events/ludum-dare/38/a-very-small-planet","parents":[1,5,9,9405],"meta":{"grade-07-out":"1","cover":"///content/ab3/z/3359.png"},"link":{"author":[954]},"love":0,"notes":11,"notes-timestamp":"2017-05-03T18:52:19Z"}]}