{"status":200,"caller_id":0,"cached":[],"node":[{"id":15444,"parent":9405,"superparent":9,"author":12506,"type":"item","subtype":"game","subsubtype":"jam","published":"2017-04-25T02:01:09Z","created":"2017-04-21T20:51:24Z","modified":"2017-05-04T07:53:13Z","version":78447,"slug":"strangeness-1","name":"Strangeness","body":"A short little puzzle game about a world that's too small.\n\n![box_art.png](///raw/ad0/3/z/3dc7.png)\n\nA NOTE ABOUT BUGS: If you play the Jam version of the game, you'll run into some confusing (but not game-breaking) bugs; one that a lot of people encounter is that enemies can move out from under a boulder if you push it directly on top of them. In fact, the bug is that you can push it on top of them in the first place. This and other issues are addressed in the Post-Jam Bugfix version of the game. For details, see \"KNOWN ISSUES\", below.\n\n*JAM -* [Windows](https://bitbucket.org/philomory/ld38/downloads/Strangeness-win32-jam1.zip) | [Mac](https://bitbucket.org/philomory/ld38/downloads/Strangeness-macos-jam2.zip) | [Linux/source](https://bitbucket.org/philomory/ld38/get/ldjam.zip)  \n*POST-JAM BUGFIX -* [Windows](https://bitbucket.org/philomory/ld38/downloads/Strangeness-win32-bugfix1.zip) | [Mac](https://bitbucket.org/philomory/ld38/downloads/Strangeness-macos-bugfix2.zip) | [Linux/source](https://bitbucket.org/philomory/ld38/get/tip.zip) \n\nTo run the Windows distribution, unpack the zip and double-click Strangeness.bat  \nTo run the Mac distribution, unpack the zip and double-click Strangeness.app  \nTo run from source (for Window, Mac or Linux):\n* Have [Ruby 2.3.x](https://www.ruby-lang.org/en/)\n* Have [Bundler](http://bundler.io)\n    * `gem install bundler` if you don't already have it.\n* Unzip the source\n* From the directory that contains `ld38.rb` and `Gemfile`:\n    * `bundle install`\n    * `ruby ld38.rb`\n\nCHANGES (Breaking issues fixed in both Jam and Bugfix release):\n* [WINDOWS] The batch file to start the game has been adjusted so it doesn't break when there are spaces in the directory path.\n* [MAC] Bundled libSDL2-2.0.0.dylib with the game, so that if you don't already have it installed, the game still works.\n* [MAC] Bundled libyaml-0.2.dylib with the game, so that if you don't already have it installed, the game still works.\n\nKNOWN ISSUES (fixed in the bug-fix release, but not in the Jam):\n* [ALL] There's a bug where you can push a rock on top of an enemy. This never helps, and can sometimes get you killed.\n* [ALL] Rocks can be pushed into walls. This also doesn't accomplish anything.\n* [ALL] Enemies tediously move one-at-a-time, resulting in slow gameplay if lots of enemies are around.\n\nOTHER ISSUES (Not Fixed):\n* [WINDOWS] The Windows version hangs for a few seconds after the title screen, for some users. After that, it runs normally.\n    * Do note that you need to press a key to pass the title screen.\n\nTools:\n* Language: [Ruby](http://ruby-lang.org/)\n* GameDev Library: [Gosu](http://libgosu.org/)\n* Editor: [Textmate 2](https://macromates.com) (Yes, _still_).\n* Graphics: [Pyxel Edit](http://pyxeledit.com), [Seashore](http://seashore.sourceforge.net/)\n* Map: [Tiled](http://mapeditor.org)\n* SFX: [bfxr](http://bfxr.net)\n* Music: [Autotracker-bu](https://github.com/iamgreaser/it2everything/blob/master/atrk-bu.py) \n\nThe font used in the game is [Alagard](https://opengameart.org/content/pixel-fonts-by-pix3m) by [@Pix3m](https://ldjam.com/users/pix3m) (used under CC-BY, he's not part of my team). All other graphics, sound effects and audio were created during the event (music was auto-generated). All code was written during the event except for a couple dozen lines of base code taken from my LD33 entry.\n\nBugs can be reported on the [BitBucket issue tracker](https://bitbucket.org/philomory/ld38/issues?status=new&status=open).","path":"/events/ludum-dare/38/strangeness-1","parents":[1,5,9,9405],"meta":{"cover":"///content/ad0/3/z/2f9c.png"},"link":{"author":[12506,23074]},"love":0,"notes":31,"notes-timestamp":"2017-05-04T05:01:16Z"}]}