{"status":200,"caller_id":0,"cached":[15397],"node":[{"id":15397,"parent":9405,"superparent":9,"author":5824,"type":"item","subtype":"game","subsubtype":"compo","published":"2017-04-23T20:22:52Z","created":"2017-04-21T20:48:02Z","modified":"2017-05-01T11:38:06Z","version":73838,"slug":"polar-protector","name":"Polar Protector","body":"![Screenshot from 2017-04-23 14-18-50.png](///raw/0c6/1/z/3ff.png)Polar Protector is an action shooter where the player has the power to absorb elements from their surroundings in order to defend their planet.\n\nThere are three types of enemies  which are invading your planet; water, sand and earth. You must shoot these enemies with their corresponding elements to destroy them.\n\nYou can shoot using the space bar, absorb elements with the F key and move with either the arrow keys or WASD - though the arrow keys are recommended.\n\nGood luck! Get the source code as well as the executables for Windows, Mac and Linux on Gamejolt below!\n\n***NOTE***: Since it's not particularly clear, the enemies will start to deal  damage to your planet once they are near the poles. This is the secret behind the \"damage\" number on the top-left. ;)\n\n- **LINK:** http://gamejolt.com/games/polar_protector/251600\n- **TIMELAPSE:** https://www.youtube.com/watch?v=G__q-WFoLeI","path":"/events/ludum-dare/38/polar-protector","parents":[1,5,9,9405],"meta":{"cover":"///content/0c6/1/z/31d5.png"},"link":{"author":[5824]},"love":0,"notes":38,"notes-timestamp":"2017-05-04T06:16:36Z"}]}