{"status":200,"caller_id":0,"cached":[],"node":[{"id":16494,"parent":9405,"superparent":9,"author":3093,"type":"item","subtype":"game","subsubtype":"jam","published":"2017-04-25T00:02:33Z","created":"2017-04-21T22:09:39Z","modified":"2017-04-25T01:47:59Z","version":60892,"slug":"terrinha","name":"Terrinha","body":"**Terrinha** is a lil game about a bun trying to craft and plant stuff on a tiny, circular world. grow carrots and try not to get attacked by a spider or something and *please* don't eat meat, come on, you're a bun. also time shifts as you go around the world, woo\n\nkinda like a bunch of other ld#38 entries i guess. i mean at least the tiny and circular bit. features polar coordinates and also mechanics already seen on earlier crafting games.\n\nthis game was made by our game dev group, opode games, which consists of:\n- caillard (drew lots of stuff)\n- gio (vxdeed) (drew nice icons)\n- raphaelgoulart (made cute sfx and bgm)\n- unphook (coded and also drew a bun)\n\n# images\n\n![0.png](///raw/51c/z/1b74.png)\n![2.png](///raw/51c/z/1b79.png)\n![5.png](///raw/51c/z/1b7e.png)\n![7.png](///raw/51c/z/1b83.png)\n![8.png](///raw/51c/z/1b84.png)\n\n# links\n\ndownload:\n\nhttps://unphook.itch.io/terrinha\n\nsource code:\n\nhttps://github.com/unphook/terrinha","path":"/events/ludum-dare/38/terrinha","parents":[1,5,9,9405],"meta":[],"link":{"author":[3093,24521,16670,25019]},"love":0,"notes":0}]}