{"status":200,"caller_id":0,"cached":[],"node":[{"id":16281,"parent":9405,"superparent":9,"author":11510,"type":"item","subtype":"game","subsubtype":"jam","published":"2017-04-25T00:06:00Z","created":"2017-04-21T21:52:19Z","modified":"2017-04-25T00:06:00Z","version":57364,"slug":"star-catcher","name":"Star Catcher","body":"A simple platformer where you play a small person from a small world who makes their way up to the sky to bring down the stars. \n\n![LD screenshot 2.png](///raw/6fc/2/z/1b99.png)\n\n![LD screenshot 3.png](///raw/6fc/2/z/1ba2.png)\n\nlink: https://www.dropbox.com/s/jc0emhpwrfjao9t/Star%20Catcher.zip?dl=0\n\nOpting out of the music category.","path":"/events/ludum-dare/38/star-catcher","parents":[1,5,9,9405],"meta":[],"link":{"author":[11510]},"love":0,"notes":1,"notes-timestamp":"2017-05-01T14:56:52Z"}]}