{"status":200,"caller_id":0,"cached":[],"node":[{"id":15747,"parent":9405,"superparent":9,"author":9995,"type":"item","subtype":"game","subsubtype":"jam","published":"2017-04-25T01:01:43Z","created":"2017-04-21T21:08:48Z","modified":"2017-04-25T02:02:03Z","version":61577,"slug":"planetary-warfare","name":"Planetary Warfare","body":"In planetary Warfare you control a very angry planet that wants to destroy all others planets and take over the galaxy!\n\nTurn left/right: A/D or the LEFT/RIGHT arrow keys.\n\nThrust: W or the UP arrow key.\n\nbreak: D or the DOWN arrow key to decelerate.\n\nPress escape to quit.\n\nAfter defeating all enemies in the current area press space to warp.\nYou will get a chance to buy weapons and upgrades with the money you have collected before you arrive in the next area.\n\n## Links\n* Windows: https://www.dropbox.com/s/0fehppaybe5rl3c/PlanetaryWarfare.zip?dl=0\n* If it fails to start you probably need the 2015 c++ redist found here:\n* https://www.microsoft.com/en-us/download/details.aspx?id=48145\n\n![PW_1.png](///raw/b07/2/z/1d68.png)\n\n\n\n![PW_2.png](///raw/b07/2/z/1d6e.png)\n\n\n![PW_3.png](///raw/b07/2/z/1d70.png)","path":"/events/ludum-dare/38/planetary-warfare","parents":[1,5,9,9405],"meta":[],"link":{"author":[9995,10053]},"love":0,"notes":0}]}