{"status":200,"caller_id":0,"cached":[],"node":[{"id":15462,"parent":9405,"superparent":9,"author":105,"type":"item","subtype":"game","subsubtype":"jam","published":"2017-04-25T01:34:42Z","created":"2017-04-21T20:52:12Z","modified":"2017-04-25T02:39:55Z","version":62623,"slug":"extraction","name":"Extraction","body":"![Extraction Screenshot A.png](///raw/96/z/1efd.png)\n\nYou've been logged into a virtual reality. Find the cube and get out.\n\nCreated by Joshua Stone in 72 hours.\n\nMusic used is \"Cylinder Eight\" by Chris Zabriskie\nhttps://soundcloud.com/chriszabriskie/cylinder-eight\n\n:arrow_forward: **Play on Newgrounds:** http://www.newgrounds.com/portal/view/692459\n\n:arrow_forward: **Play on GameJolt:** http://gamejolt.com/games/extraction/252118","path":"/events/ludum-dare/38/extraction","parents":[1,5,9,9405],"meta":{"grade-07-out":"1","cover":"///content/96/z/32c1.png"},"link":{"author":[105]},"love":0,"notes":4,"notes-timestamp":"2017-05-02T22:08:05Z"}]}