{"status":200,"caller_id":0,"cached":[],"node":[{"id":16473,"parent":9405,"superparent":9,"author":1101,"type":"item","subtype":"game","subsubtype":"compo","published":"2017-04-23T22:17:34Z","created":"2017-04-21T22:08:06Z","modified":"2017-04-23T22:17:34Z","version":39597,"slug":"bacteria-simulator","name":"Bacteria Simulator","body":"This took a lot of time and effort (mostly because of the rewrite) but it is finally done (for the most part).\n\n# The Game\nYou are a bacteria in a petri dish. Your goal is to survive by avoiding the other bacteria for as long as possible. You can move your bacteria using the mouse. Bacteria spawning gets faster every 10 seconds. Different bacteria have different sizes and speeds.\n\n## Note\nThe Windows build is the only one that has been tested. I tried to test the Linux build but I could not get it to cooperate due to some permissions being weird.\n\n## Tools:\n- Unity\n- Mono Develop\n- Gimp\n- DrPetter's sfxr\n\nGame: https://jakebacker44.itch.io/bacteria-simulator\n\nSource Code: https://github.com/jakebacker/ld38\n\n\n![BacteriaSim.png](///raw/d44/z/636.png)\n\n![BacteriaSimInGame.png](///raw/d44/z/637.png)","path":"/events/ludum-dare/38/bacteria-simulator","parents":[1,5,9,9405],"meta":{"grade-07-out":"1","grade-08-out":"1","cover":"///content/d44/z/3624.png"},"link":{"author":[1101]},"love":0,"notes":2,"notes-timestamp":"2017-04-23T23:43:53Z"}]}