{"status":200,"caller_id":0,"cached":[],"node":[{"id":16328,"parent":9405,"superparent":9,"author":752,"type":"item","subtype":"game","subsubtype":"compo","published":"2017-04-23T21:53:26Z","created":"2017-04-21T21:56:14Z","modified":"2017-04-24T09:20:46Z","version":48310,"slug":"fugue-gevoelens","name":"Fugue Gevoelens","body":"## Screenshots\n\n![ss.png](///raw/0f2/z/139.png)\n\n## Downloads\n\n* [Love 0.10.2 Package](http://missingsentinelsoftware.com/system/files/Fugue_Gevoelens_v3-%5Bd209efa%5D.love)\n* [Windows 32-bit](http://missingsentinelsoftware.com/system/files/Fugue_Gevoelens_win32_v3-%5Bd209efa%5D.zip)\n* [Windows 64-bit](http://missingsentinelsoftware.com/system/files/Fugue_Gevoelens_win64_v3-%5Bd209efa%5D.zip)\n* [Mac OS X](http://missingsentinelsoftware.com/system/files/Fugue_Gevoelens_macosx_v3-%5Bd209efa%5D.zip)\n* [Linux 64-bit](http://missingsentinelsoftware.com/system/files/Fugue_Gevoelens_linux64_v3-%5Bd209efa%5D.zip)\n* [GitHub Repo](https://github.com/josefnpat/LD38)\n\n## About\n\nhttps://twitter.com/josefnpat\n\nSome emotions: Ecstasy Admiration Terror Amazement Grief Loathing Rage Vigilance\n\nInteract with an emotional platform that tries to say more about you than itself.\n\n__This is an artistic venture more so than a game. Expect no ending, expect no comfort, expect no explanation - Just enjoy the ride.__\n\n_This game was made in 10 hours for LD38. If you would like to see how this game was made, you can check out this youtube video:_\n[youtube video](https://www.youtube.com/watch?v=kwEx905xEZU)","path":"/events/ludum-dare/38/fugue-gevoelens","parents":[1,5,9,9405],"meta":{"cover":"///content/0f2/z/39a6.png"},"link":{"author":[752]},"love":0,"notes":3,"notes-timestamp":"2017-05-02T20:49:42Z"}]}