{"status":200,"caller_id":0,"cached":[],"node":[{"id":15708,"parent":9405,"superparent":9,"author":374,"type":"item","subtype":"game","subsubtype":"jam","published":"2017-04-25T02:13:24Z","created":"2017-04-21T21:06:17Z","modified":"2017-05-01T17:27:40Z","version":74839,"slug":"a-short-tale-of-small-kingdoms","name":"A Short Tale Of Small Kingdoms","body":"This is a short 1D real time strategy game about kingdoms war in a small world.\n\n![SC1.png](///raw/671/z/33e4.png)\n\n![SC2.png](///raw/671/z/3455.png)\n\n## Links\n* Web: http://www.arcadiumplayware.com/AShortTale/index.html\n\n## How to play\n\nYou control the blue castle on top of the planet.\nThere are only **2 basic actions** to play this game: 1) Train a new unit and 2) send a unit to the field.\n\n![Button.png](///raw/671/z/33e6.png)\n\n- **To train a new unit**, click on \"+\" button. It will require some resources, you can check the cost (and get some help on unit function) by placing mouse cursor over it. The button will be invisible if there are not enough resources. The number \"x2\" tells how many units of this type you have in castle.\n- **To send a unit to the field**, click on unit's icon and choose the direction (left or right) from castle. \n\n![Castle.png](///raw/671/z/33f2.png)\n\nYou can't send units while the castle is busy training something (although you can cancel the training by clicking on \"Stop!\" button)\n\n![Training.png](///raw/671/z/3492.png)\n\n## Resources and collectors\n\n![Resources.png](///raw/671/z/3401.png)\n\nResources are used to train new units. \nThey will spawn on planet surface from time to time. \nSend collectors units to catch them (**Farmers** for crops, **Lumberjacks** on trees, **Miners** on stone, iron and mana).\n\n## WARRR\n\nThe other units are the castle's army. They will attack other units and enemy castles.\n\n**Spearmen** are fast troops for quick assaults, useful for hunting enemy collectors.\n**Soldiers** are slow, heavy armored and does a lot of damage.\n**Archers** are short range units with good rate of fire.\n**Mages** have long range fireball attack but they are somewhat fragile.\n**Catapults** are siege weapons with insane range but they attack enemy castles only.\n\nCastles will also fire arrows on near enemy troops.\n\n## Oh, a last unit, the **builders**\n\nWhen sent to the field, they work on castle repairs. Each repair will cost a stone from resources.\n\n## Winning\n\nBring all enemy castles to the ground.\nGood Luck!\n\n## Ludum Dare 38 adventure\n\nWell, another finished LD (this is my 15th edition). Also my first entry with 2D graphics.\nI worked alone in this one. Graphics made with Photoshop, music on FL Studio.\nI'm using the Unity 5.6 with no code base. It should be a 48 hours entry but by Sunday night the AI were terrible.\nAs always, it was amazing to take part of this.\n\n### Post compo fixes\n- A small bug on starting game\n- A bug that prevents game over\n\n## Contacts\n\nhttps://twitter.com/aplayware\n\nhttp://www.arcadiumplayware.com/home/\n\nSee you in LD39!","path":"/events/ludum-dare/38/a-short-tale-of-small-kingdoms","parents":[1,5,9,9405],"meta":{"cover":"///content/671/z/338a.png"},"link":{"author":[374]},"love":0,"notes":1,"notes-timestamp":"2017-05-01T16:55:37Z"}]}