{"status":200,"caller_id":0,"cached":[],"node":[{"id":16644,"parent":9405,"superparent":9,"author":15050,"type":"item","subtype":"game","subsubtype":"jam","published":"2017-04-25T02:39:32Z","created":"2017-04-21T22:23:07Z","modified":"2017-04-25T03:03:34Z","version":63120,"slug":"sticky-keys","name":"Sticky Keys","body":"![game2.jpg](///raw/aca/3/z/2208.jpg)\n\n**itch.io page (contains Windows, OSX and Linux downloads):** https://thevaber.itch.io/sticky-keys\n\nUse your typing skills to gain score by typing on an incredibly nasty keyboard\n\n\n# Instructions\n\nType a verbatim copy of a given text to gain\nscore. Keep in mind that the keyboard we\nprovided is not in the best condition; if (for\nwhetever reason) a keycap becomes detached,\nyou can use your mouse to reattach it.\nESC key will abort the game and take you back\nto the main menu.\n\n# Credits\n\n**Code, graphics** - *Vaclav Patejdl* (@the_vaber)\n\n**Audio** - *Lukas Patejdl*\n\n\n\nTerminal font by int10h.org/oldschool-pc-fonts\n\nText snippets from bug-related Wikipedia\n(en.wikipedia.org) articles, with minor\nmodifications to fit the game screen.","path":"/events/ludum-dare/38/sticky-keys","parents":[1,5,9,9405],"meta":{"cover":"///content/aca/3/z/360c.png"},"link":{"author":[15050]},"love":0,"notes":8,"notes-timestamp":"2017-05-01T22:47:50Z"}]}