{"status":200,"caller_id":0,"cached":[16123],"node":[{"id":16123,"parent":9405,"superparent":9,"author":224,"type":"item","subtype":"game","subsubtype":"jam","published":"2017-04-25T01:06:46Z","created":"2017-04-21T21:38:55Z","modified":"2017-05-01T17:11:22Z","version":74795,"slug":"space-balls","name":"Space Balls","body":"![woo a title screen](///raw/0e/z/28a8.png)\n\n# Description\nYou play as a photon trying to get from the monitor to the eye, so that you can help reveal a beautiful picture.\nControls are WSAD or arrow keys\n\nThe RED arrow is the eye, you are supposed to get to. the BLUE arrows are the atoms, you have to avoid.\n\nEnjoy! :)\n\nP.S. If you get caught in gravity of the atom, it is possible to get out of it\n# Links\n[Windows](http://dejvo.eu/SpaceBalls/SpaceBalls%20windows.zip)\n\n[Mac](http://dejvo.eu/SpaceBalls/SpaceBalls%20MACOSX.app.zip)\n\n[Linux](http://dejvo.eu/SpaceBalls/SpaceBalls%20Linux.zip)\n\n[My Twitter](https://twitter.com/DevDejvo)\n\n[My Instagram](https://www.instagram.com/devdejvo/)","path":"/events/ludum-dare/38/space-balls","parents":[1,5,9,9405],"meta":{"grade-06-out":"1","cover":"///content/0e/z/2f0f.png"},"link":{"author":[224]},"love":0,"notes":12,"notes-timestamp":"2017-05-04T03:48:55Z"}]}