{"status":200,"caller_id":0,"cached":[],"node":[{"id":16043,"parent":9405,"superparent":9,"author":10126,"type":"item","subtype":"game","subsubtype":"jam","published":"2017-04-25T01:25:24Z","created":"2017-04-21T21:31:04Z","modified":"2017-05-02T11:03:51Z","version":76330,"slug":"backyard-warriors","name":"Backyard Warriors","body":"Link: https://ursigames.itch.io/backyard-warriors\n\n![logon5.png](///raw/e87/2/z/26e8.png)\n\n# Backyard Warriors\nThe boy knew this is the day. He could feel it in his bones. When the kids from the other area attacked them and took their backyard he was too weak to fight back. He couldn't do anything when minds and hearts of his friends were taken by the greed. He couldn't do anything when his friends betrayed each other for marbles.\nBut he knows what he has to do. He will fight. He will rule them all. And he will bring back better days. Days long were gone. In the past, he lost fights but not today, not this one. He is going to win. He is going to take control over his small world.\n\nhttps://www.youtube.com/watch?v=7p_4kwNHgUw&feature=youtu.be\n\n# Download\nWebGL and PC versions available on [ursigames.itch.io/backyard-warriors](https://ursigames.itch.io/backyard-warriors)\n\n# Instructions\nYou are the boy. Your goal is to fight in this boy's small world and defeat all enemies.\n\n# Controls\n* W, S, A, D - run\n* Left Shift - sprint\n* LMB - attack\n* G - drop / pickup weapon\n\n![ludek.gif](///raw/e87/2/z/26f7.gif)\n\n# Authors\n- Piotr Światkowski - https://twitter.com/panmadzior\n- Magdalena Stelmach\n\n# Info\nGame made with Unity, Audacity and Photoshop in 72h during the jam. It was made mostly from scratch. Sounds are from https://freesound.org and music is from https://devdog.io.\n\n# Blog posts\nIf you are interested how we did this game you should definitely check out our blog posts:\n* [Player and AI controller](https://ldjam.com/events/ludum-dare/38/backyard-warriors/backyard-warriors-player-and-ai-controller)\n\n# Screenshots\n![Backyard Warriors_2017-04-25_22-50-38.png](///raw/e87/2/z/26ee.png)\n![Backyard Warriors_2017-04-25_22-50-06.png](///raw/e87/2/z/26f0.png)\n![Backyard Warriors_2017-04-25_22-51-09.png](///raw/e87/2/z/26f2.png)\n![Backyard Warriors_2017-04-25_22-53-26.png](///raw/e87/2/z/26f3.png)\n![Backyard Warriors 0-2_2017-04-25_03-43-44.png](///raw/e87/2/z/26f4.png)","path":"/events/ludum-dare/38/backyard-warriors","parents":[1,5,9,9405],"meta":{"grade-06-out":"1","cover":"///content/e87/2/z/31c6.png"},"link":{"author":[10126,13860,16110]},"love":0,"notes":19,"notes-timestamp":"2017-05-03T09:02:58Z"}]}