{"status":200,"caller_id":0,"cached":[],"node":[{"id":15861,"parent":9405,"superparent":9,"author":10905,"type":"item","subtype":"game","subsubtype":"jam","published":"2017-04-25T04:08:26Z","created":"2017-04-21T21:16:11Z","modified":"2017-04-25T12:36:38Z","version":65413,"slug":"beloved-brothers","name":"Beloved Brothers","body":"[IMG_0486.PNG](///raw/99a/2/z/23df.png)\n\nThe tale of two small town Brothers encounter with a man from space.\n\nhttps://lovekc.itch.io/bickering-old-brothers\n\nhttps://github.com/LoveKC94/SmallWorldForRealThisTime!\n","path":"/events/ludum-dare/38/beloved-brothers","parents":[1,5,9,9405],"meta":[],"link":{"author":[10905,10149]},"love":0,"notes":1,"notes-timestamp":"2017-05-01T09:36:46Z"}]}