{"status":200,"caller_id":0,"cached":[],"node":[{"id":16556,"parent":9405,"superparent":9,"author":16550,"type":"item","subtype":"game","subsubtype":"jam","published":"2017-04-24T23:40:31Z","created":"2017-04-21T22:14:54Z","modified":"2017-04-30T22:06:41Z","version":72485,"slug":"no-step-on-hyoomins","name":"NO STEP ON HYOOMINS","body":"![hyoomins.png](///raw/6a0/4/z/1b8d.png)\n\n# [Click To Play](https://makenai.itch.io/no-step-on-hyoomins)\n\nYou were sitting in your living room, playing a video game and minding your own business until you accidentally ate a RADIOACTIVE CHEETO. Now you are 500 feet tall and must get out of the city while causing as little carnage as possible.\n\n**OPT OUTS:** I am opting out of graphics, sound and music as they were either from opengameart or randomly generated.\n\nThis is my first ldjam, and first game in probably 15 years or so. I've made this using Phaser as I am a JavaScript developer for my normal day job and it seemed smart go with what I know! Other tools used: Tiled, Aseprite, bfxr, Wolfram Tones, Texture Packer, and Photoshop.\n\n\n# Links\n\n* **SITE / PLAY Liink**: [NO STEP ON HYOOMINS](https://makenai.itch.io/no-step-on-hyoomins)\n* Source Code [Source Code](https://github.com/makenai/NoStepOnHyoomins)\n* Postmortem: [LD38 - \"NO STEP ON HYOOMINS\" Postmortem](http://makenai.net/Ludum-Dare-38-Postmortem/)\n* TWITTER: [makenai](http://twitter.com/makenai)\n* TIMELAPSE: [LD38 Timelapse](https://www.youtube.com/watch?v=ZYQxab8NXqo)","path":"/events/ludum-dare/38/no-step-on-hyoomins","parents":[1,5,9,9405],"meta":{"grade-05-out":"1","grade-06-out":"1","cover":"///content/6a0/4/z/3504.png"},"link":{"author":[16550]},"love":0,"notes":37,"notes-timestamp":"2017-05-03T21:07:47Z"}]}