{"status":200,"caller_id":0,"cached":[],"node":[{"id":16033,"parent":9405,"superparent":9,"author":104,"type":"item","subtype":"game","subsubtype":"compo","published":"2017-04-24T02:00:20Z","created":"2017-04-21T21:29:41Z","modified":"2017-04-24T03:08:06Z","version":46720,"slug":"bubble-boy","name":"Bubble Boy","body":"Download: https://rjhelms.itch.io/bubble-boy (Windows only at the moment)  \nSource: https://github.com/rjhelms/LD38\n\n![TitleScreenBig2.png](///raw/86/z/e67.png)\n\nHaving spent your whole life in a bubble, it is time to escape your small world and see the much bigger world around you that you've only ever heard about.\n\nUnfortunately, even with your bubble, your immune system is only so strong - and the world outside is full of threats.\n\nAvoid the pollen, sneezes and bird droppings to clear each stage!\n\n# HOW TO PLAY\n\nBubble Boy supports both keyboards and gamepads. Press left and right to move, and \"Fire\" to jump.\n\n## Keyboard:\n\n* A/D - left/right\n* LCtrl - jump\n\n## Gamepad\n\n* Left analog stick / whatever it is on your gamepad - left /right\n* A / whatever it is on your gamepad - jump\n\nThese controls can be remapped in the launcher.\n\nGamplay video: https://www.youtube.com/watch?v=rBq5tv-jVSU","path":"/events/ludum-dare/38/bubble-boy","parents":[1,5,9,9405],"meta":{"cover":"///content/86/z/3713.png"},"link":{"author":[104]},"love":0,"notes":4,"notes-timestamp":"2017-05-03T13:35:46Z"}]}