{"status":200,"caller_id":0,"cached":[],"node":[{"id":16475,"parent":9405,"superparent":9,"author":9738,"type":"item","subtype":"game","subsubtype":"compo","published":"2017-04-24T00:37:15Z","created":"2017-04-21T22:08:12Z","modified":"2017-05-02T17:39:17Z","version":76837,"slug":"destruction-zone","name":"Destruction Zone","body":"Game here: https://chronosv2.itch.io/destruction-zone (WebGL, Win32, Mac, Linux(32&64 in zip))\n\nSource code here: https://github.com/chronosv2/ld38\n\n​WSAD moves. *Hold* Left mouse button to fire.\n\n**Note:** The keys are hard-coded. I'm sorry for any inconvenience this may cause but I'm still learning how to develop in Unity. If you cannot play the game without rebinding I have created a version of the game with rebindable movement keys (aiming and firing remains unchanged). Nothing else has changed in the game, so this should play identically to the Compo Version, but it *is* a post-compo change. You can find it on the itch.io page as the (RebindableInput) version for your platform. More info [here](https://ldjam.com/events/ludum-dare/38/destruction-zone/rebindable-inputs).\n\nYou are a small drone defending what's left of a collapsing habitat station. Everything will be gone in five minutes, and as the station collapses the space you have to move safely decreases. Protect the towers holding the station together, or watch the station's inevitable demise accelerate!\nDestruction Zone is an 80's Arcade inspired twin-stick style shooter. How high can you score when the world is shrinking before your very eyes?\n\n**Postmortem:** https://ldjam.com/events/ludum-dare/38/destruction-zone/destruction-zone-a-post-mortem-on-my-first-ludum-dare-game\n\n**Screenshots**\n\n![2017-04-23 19_34_02-Greenshot.png](///raw/a06/2/z/ac4.png)![2017-04-23 19_34_38-Greenshot.png](///raw/a06/2/z/ac5.png)\n\n**Instructions:**\n\nEvery X:30 you will be notified of the next area to disappear. At the X:00 second mark that section will disappear. Get caught in the emptiness and your health will plummet -- you need the energy of the station to survive!\nIf your health reaches zero you'll be reset to the center of the platform and respawn in five seconds. In that time enemies will be spawning so your job will become that much harder!\nThe structures with health bars above them are Support Towers. Those are the target of (most of) the robots and the thing that will keep your run going longer. When one of those is destroyed, it will add time to a clock. That time will be deducted from your time at six times speed!\n\n![Player_Unit.png](///raw/a06/2/z/a46.png)This is you! You've got your battery pack on your back and darn it, you're going to give these robots what-for, even if your fate is inevitable!\n\n![Enemy_Collider.png](///raw/a06/2/z/7f5.png)\nThe most common robot is the Collider. it has spikes. It will home in on a tower or you, whichever is closest.\n\n![Enemy_Bomber.png](///raw/a06/2/z/7f7.png)\nThe most dangerous robot by far is the Bomber. It roams between the towers, placing little 5-second treats that will explode, taking a tower with it. High priority targets, these.\n\n![Unit_Bomb.png](///raw/a06/2/z/7fa.png)\nThese are their treats. Like candy to them.\n\n![Enemy_Shooter.png](///raw/a06/2/z/7f8.png)\nThe robots you'll encounter last are the Shooters. They want YOU. But if you happen to dodge and their bullet hits a tower, they're okay with that too. A variant you'll see with 45 seconds remaining is the Spread Shooter. It has the same Spread Shot you can acquire!\n\n**Power-Ups:**\n\n![DMG.png](///raw/a06/2/z/7fb.png)Damage Power-Ups are Blue. They increase your damage by 1x. You can have up to Level 5 (5x damage).\n\n![RATE.png](///raw/a06/2/z/7fc.png)Rate Power-Ups are Green. They increase your fire rate by 30% each time you pick one up. Get to Level 5 with these and you'll be shooting 2 times faster!\n\n![SPREAD.png](///raw/a06/2/z/7fd.png)The Spread Power-Up (and you only need one) is Red. Pick this up to get a three-way shot. Probably overpowered, but the robots don't know that.\n\n**Timelapse**\n\nhttps://www.youtube.com/watch?v=J0ZuLaK2oNo\n\n**Debug Changelog:**\n\nApr-24-2017 9:37PM EDT:  [GitHub Commit](https://github.com/chronosv2/ld38/commit/87788345036c92d0be8fbdcfc7461ada1220b6bc)\n*  Forgot I lowered the resolution to 800x600 but left the UI scaled for 1024x768!\n  *  This lead to the Play button being inverted (made it invisible), the Score display was cut off, and the game status UI element was under the Penalty timer. Sorry for the inconvenience! :sweat:\n\nApr-26-2017 10:53AM EDT: [GitHub Commit](https://github.com/chronosv2/ld38/commit/74609a10daeac5073ed985b53509ddba0d075d0b)\n*  This version exists specifically if you _need_ rebindable keys to play the game.\n\nApr-30-2017 04:47PM EDT: [GitHub Commit 1](https://github.com/chronosv2/ld38/commit/7ba651e26adc96ad09c3a86918bdf781a6aba091), [GitHub Commit 2](https://github.com/chronosv2/ld38/commit/097a98b38d26cb9dd4ebe9dab56c98bf1a15d61e)\n*  This version actually lets you hit the \"Return to Title\" button followed by the \"Play\" button to play again!\n  *  Also, full disclosure, last night when I did the edit I nearly let a change (a rounding error) slip through that didn't belong in the Compo release. I've since returned the aforementioned file to its original state.\n\n#### Made With...\n**Engine:** Unity 5.6  \n**Code:** Visual Studio Code  \n**Graphics:** Aseprite  \n**Music:** Bosca Ceoil  \n**Sound:** BFXR  ","path":"/events/ludum-dare/38/destruction-zone","parents":[1,5,9,9405],"meta":{"cover":"///content/a06/2/z/32ea.gif"},"link":{"author":[9738]},"love":0,"notes":41,"notes-timestamp":"2017-05-03T23:08:10Z"}]}