{"status":200,"caller_id":0,"cached":[],"node":[{"id":15896,"parent":9405,"superparent":9,"author":14920,"type":"item","subtype":"game","subsubtype":"jam","published":"2017-04-24T23:48:13Z","created":"2017-04-21T21:19:17Z","modified":"2017-05-01T16:56:30Z","version":74771,"slug":"sillyzilla-rampage","name":"Sillyzilla Rampage","body":"The size of the world is just a matter of perspective, it depends on the eyes of the beholder.\n\nChoose between a giant baby, robot, panda or mime to destroy the city with goofiness.\n\nThe humans will try to kill you, resist as long as you can **(let me know your high score :wink:)**.\n\n### **Play online here ------> https://ericflorio.itch.io/sillyzilla <------**\n\n![Captura de tela 2017-04-24 23.33.26.png](///raw/84a/3/z/22c4.png)\n\n![Captura de tela 2017-04-24 23.32.11.png](///raw/84a/3/z/227a.png)\n\n![Captura de tela 2017-04-24 23.32.46.png](///raw/84a/3/z/22c0.png)\n\n","path":"/events/ludum-dare/38/sillyzilla-rampage","parents":[1,5,9,9405],"meta":{"grade-06-out":"1","cover":"///content/84a/3/z/3736.png"},"link":{"author":[14920]},"love":0,"notes":24,"notes-timestamp":"2017-05-04T08:44:14Z"}]}