{"status":200,"caller_id":0,"cached":[],"node":[{"id":15681,"parent":9405,"superparent":9,"author":1626,"type":"item","subtype":"game","subsubtype":"jam","published":"2017-04-25T00:51:28Z","created":"2017-04-21T21:04:22Z","modified":"2017-05-02T16:37:29Z","version":76775,"slug":"hexahover","name":"HexaHover","body":"![2017-04-23_23-40-43.png](///raw/a56/z/6a8.png)\n\nDrive your neon hovercraft bumper car around to bump other players off the world and be the last person standing to bring home the glory!\n\nControllers are recommended!\n\n---\n## Play here:\n### WebGL: https://solarbear.itch.io/hexahover   (no download required)\n### Win/Mac/Linux download: https://www.dropbox.com/s/33pdbwx6rn766ak/HexaHover_stand_alone.zip?dl=0\n---\n\n\n**Team:**\n\n**[Aidan Vangrysperre: Artwork / Programming](https://www.artstation.com/artist/aidan_v)**\n\n[Brian Van Hyfte: Programming](https://twitter.com/BrianVHyfte)\n\n[AJ Weeks: Programming](https://twitter.com/liqwidice)\n\nFollow on Twitter for future updates: https://twitter.com/team_solarbear\n\nSource (Unity 5.5): https://bitbucket.org/ajweeks/ld38\n\nMusic was provided by [Sooi.](https://soundcloud.com/sooi-cherchye-1/tracks)\n\n\n\n\nhttps://www.youtube.com/watch?v=0vCU9kX45_8&feature=youtu.be\n","path":"/events/ludum-dare/38/hexahover","parents":[1,5,9,9405],"meta":{"grade-06-out":"1","cover":"///content/a56/z/3a42.png"},"link":{"author":[1626,14595,23914]},"love":0,"notes":17,"notes-timestamp":"2017-05-02T20:30:31Z"}]}