{"status":200,"caller_id":0,"cached":[],"node":[{"id":16257,"parent":9405,"superparent":9,"author":15131,"type":"item","subtype":"game","subsubtype":"compo","published":"2017-04-25T10:51:38Z","created":"2017-04-21T21:50:42Z","modified":"2017-04-25T12:41:35Z","version":65428,"slug":"planet-rush-save-the-moiks","name":"Planet Rush: Save the Moiks!","body":"Help Moiks to defend their homeworld from the space hazzards!\n\nSorry, I've been late both for the Compo and the Jam, bad weekend, no time :(\n\nIt took me around 24 hours to design and developt.\n\nHere are some screenshots:\n\n![juego2.png](///raw/b1b/3/z/252c.png)\n\n![snapshot.png](///raw/b1b/3/z/2530.png)\n\n\nAnd this is the link to the game:\n\nhttps://fernandxor.itch.io/planet-rush-save-the-moiks\n\n(NOTE: some changes made few hours after first upload due to bugs found)","path":"/events/ludum-dare/38/planet-rush-save-the-moiks","parents":[1,5,9,9405],"meta":[],"link":{"author":[15131]},"love":0,"notes":13,"notes-timestamp":"2017-05-03T04:04:01Z"}]}