{"status":200,"caller_id":0,"cached":[],"node":[{"id":16495,"parent":9405,"superparent":9,"author":12618,"type":"item","subtype":"game","subsubtype":"jam","published":"2017-04-24T20:28:39Z","created":"2017-04-21T22:09:40Z","modified":"2017-05-04T09:10:19Z","version":78462,"slug":"lazy-taxi","name":"Lazy Taxi","body":"![Screen1.png](///raw/a41/3/z/15de.png)\n\nFirst Ludum Dare Game. Drive slowly, aggravate your passengers. Just be good enough to stop them from jumping out of the cab. Move them around the small world (cities are totally small worlds).\n\n\nDownload from: https://nineliiife.itch.io/lazy-taxi","path":"/events/ludum-dare/38/lazy-taxi","parents":[1,5,9,9405],"meta":{"grade-06-out":"1"},"link":{"author":[12618]},"love":0,"notes":0}]}