{"status":200,"caller_id":0,"cached":[],"node":[{"id":15190,"parent":9405,"superparent":9,"author":14975,"type":"item","subtype":"game","subsubtype":"jam","published":"2017-04-24T23:56:48Z","created":"2017-04-21T20:35:24Z","modified":"2017-04-24T23:56:48Z","version":57105,"slug":"restless","name":"Restless","body":"Use the confirm button to jump (spacebar by default).\n\nYou have to leave this place.\n\n![IMG_24042017_200405_0.png](///raw/f7a/3/z/1b0c.png)\n\n\nDownload (windows): https://dragonsix.itch.io/restless","path":"/events/ludum-dare/38/restless","parents":[1,5,9,9405],"meta":[],"link":{"author":[14975]},"love":0,"notes":2,"notes-timestamp":"2017-04-30T07:43:07Z"}]}