{"status":200,"caller_id":0,"cached":[],"node":[{"id":16615,"parent":9405,"superparent":9,"author":10484,"type":"item","subtype":"game","subsubtype":"jam","published":"2017-04-25T02:05:08Z","created":"2017-04-21T22:21:04Z","modified":"2017-04-30T00:22:18Z","version":71762,"slug":"blocknauts","name":"Blocknauts!","body":"![BlocknautsSplash.png](///raw/4f8/2/z/20c5.png)\n\n\nEnter a big place full of small worlds. You're a courageous Blocknaut, stranded far from home in a tiny star system. You ship is gone, scattered to pieces as it broke apart on reentry. Can you explore this foreign place, and find your ship's scattered parts?\n\n![BlocknautsScreen2.png](///raw/4f8/2/z/21e6.png)\n\n![BlocknautsScreen3.png](///raw/4f8/2/z/2225.png)\n\n**Controls**\n\nWASD to move\nMouse to look\nSpace to use jetpack\nTouch ship pieces to grab them, touch the rocket blueprint to drop them off.\nEsc closes the game\n\n**Tips**\n- There are 16 rocket parts scattered around the system.\n- Don't forget to check small moons and asteroids!\n- You have unlimited jetpack fuel. Yay, micronized fusion bottles!\n\n**Links (Windows)**\n\n:video_game: [Blocknauts! itch.io site](https://endlessplumber.itch.io/ludum-dare-38-blocknauts)\n\n\n**Development Timelapse**\n\nhttps://www.youtube.com/watch?v=ColDkzeX7fM\n\n\n**Rocket Component Map**\n![partsmap.png](///raw/4f8/2/z/2c54.png)\n","path":"/events/ludum-dare/38/blocknauts","parents":[1,5,9,9405],"meta":{"cover":"///content/4f8/2/z/3285.png"},"link":{"author":[10484]},"love":0,"notes":36,"notes-timestamp":"2017-05-04T08:25:36Z"}]}