{"status":200,"caller_id":0,"cached":[],"node":[{"id":16302,"parent":9405,"superparent":9,"author":4146,"type":"item","subtype":"game","subsubtype":"jam","published":"2017-04-25T02:20:47Z","created":"2017-04-21T21:54:03Z","modified":"2017-05-01T17:24:16Z","version":74831,"slug":"planets-of-zoltcon","name":"Planets of Zoltcon","body":"You play an intrepid explorer who stumbles across three planets with unusual behavior. Whenever you step on a planet, it starts shrinking!\n\nMaster orbital mechanics to hurtle from world to world. Tickle tendrils to jump across platforms. Enter the caves to uncover a mysterious specimen and bring balance back to these small worlds.\n\nPress A and D to move left and right. Press W to jump.\n\nAll art, music, animation, and levels created in 72 hours.\n\nOriginal Web:  http://ludum.daretogame.net/planets\n\n**Latest:**        http://ludum.daretogame.net/zoltcon/\n\nLatest Windows executable:  https://drive.google.com/file/d/0B0rDrAN3EYCxMWxYekNaemwxR3M/view?usp=sharing\n\n\nSource:  https://github.com/tgruenewald/smallworld\n![zoltcon.PNG](///raw/230/1/z/2174.png)\n![Pasted image at 2017_04_24 06_46 PM (1).png](///raw/230/1/z/214d.png)\n![Pasted image at 2017_04_24 06_46 PM.png](///raw/230/1/z/2159.png)\n","path":"/events/ludum-dare/38/planets-of-zoltcon","parents":[1,5,9,9405],"meta":[],"link":{"author":[4146,9886,24820,24231]},"love":0,"notes":8,"notes-timestamp":"2017-05-02T04:55:24Z"}]}