{"status":200,"caller_id":0,"cached":[],"node":[{"id":15890,"parent":9405,"superparent":9,"author":11727,"type":"item","subtype":"game","subsubtype":"compo","published":"2017-04-23T21:48:35Z","created":"2017-04-21T21:18:41Z","modified":"2017-04-24T02:56:47Z","version":46631,"slug":"graphite","name":"Graphite","body":"![graphite1.png](///raw/fcd/2/z/62a.png)\n\n- Web Link: https://bajarymi.itch.io/graphite\n- All Files (working file + game exports): https://www.dropbox.com/sh/o1r46byz5kzt95x/AABx2MoyVIOAE8H7rilBornda?dl=0\n\nLudum Dare 38: Theme - A small world\n\nYou are a character drawn in pencil on a paper map. Survive.\n\nControls:\n- WASD: Move\n- Left Mouse Button: Attack\n- Right Mouse Button: Aim\n- LMB + RMB: Shoot\n\nhttps://twitter.com/BAJARYMI\n\n![graphite2.png](///raw/fcd/2/z/62b.png)\n\n![graphite3.png](///raw/fcd/2/z/62c.png)\n\nAll content done by myself within the 48h timeline.\n\nTools:\n- Unity 5.5 + C# (MonoDevelop)\n- Photoshop\n- sfxr (http://www.drpetter.se/project_sfxr.html)","path":"/events/ludum-dare/38/graphite","parents":[1,5,9,9405],"meta":{"grade-07-out":"1","cover":"///content/fcd/2/z/3656.png"},"link":{"author":[11727]},"love":0,"notes":7,"notes-timestamp":"2017-05-02T19:57:12Z"}]}