{"status":200,"caller_id":0,"cached":[],"node":[{"id":15907,"parent":9405,"superparent":9,"author":13835,"type":"item","subtype":"game","subsubtype":"compo","published":"2017-04-23T20:40:20Z","created":"2017-04-21T21:20:02Z","modified":"2017-05-03T17:17:58Z","version":77916,"slug":"islands-in-equlibrium","name":"Islands in Equilibrium","body":"![Screen.PNG](///raw/b06/3/z/4fa.png)\n\nModify the island in order to create a equilibrium between nature and civilization.  \n\n**! Warning !**  \nIncludes a huge amount of developer art. At least there are no developer sounds in there...\n\nAvailable for Windows, Mac and Linux!\n\n* **Download:** https://nekusoul.itch.io/islands-in-equilibrium\n* **Source:** https://github.com/NekuSoul/Islands-in-Equilibrium\n\n* **Twitter:** https://twitter.com/NekuSoul\n\nScreenshots:\n\n![d1.PNG](///raw/b06/3/z/4fb.png)  \n![d2.PNG](///raw/b06/3/z/4fc.png)  \n![d3.PNG](///raw/b06/3/z/4fd.png)","path":"/events/ludum-dare/38/islands-in-equlibrium","parents":[1,5,9,9405],"meta":{"grade-06-out":"1","cover":"///content/b06/3/z/366b.png"},"link":{"author":[13835]},"love":0,"notes":1,"notes-timestamp":"2017-05-02T06:56:18Z"}]}