{"status":200,"caller_id":0,"cached":[],"node":[{"id":16007,"parent":9405,"superparent":9,"author":3104,"type":"item","subtype":"game","subsubtype":"compo","published":"2017-04-23T22:58:09Z","created":"2017-04-21T21:27:46Z","modified":"2017-04-23T22:59:34Z","version":40364,"slug":"chickpeace","name":"ChickPeace","body":"![banner.png](///raw/02c/z/7f9.png)\n\n![Bildschirmfoto 2017-04-24 um 00.56.39.png](///raw/02c/z/831.png)\n\nLD 38 - ChickPeace, entry @pythong\n\n**This game is unfinished. **\nI wanted to create a Famicon Wars clone, themed with chickens, but if you 'play' it, you will see that it is far from finished. Unfortunately, I ran into different problems, some of which are still not fixed\n\nStill, I wanted to upload this for you to see, and if you want to look at the code, feel free to do so!\n\n\n\n\n\n**Ermmm....and since this is unfinished, I'm actually opting out of all categories. :P**\n\n\n\n## Links\n* **SITE:** http://gamejolt.com/games/LD38pythong_chickpeace/251769\n* **TWITTER:** https://twitter.com/pythong\n* **SOURCE CODE:** https://drive.google.com/open?id=0B7f4RrqFs64uVk5YMmIzSjd0UHc","path":"/events/ludum-dare/38/chickpeace","parents":[1,5,9,9405],"meta":[],"link":{"author":[3104]},"love":0,"notes":0}]}