{"status":200,"caller_id":0,"cached":[],"node":[{"id":16748,"parent":9405,"superparent":9,"author":2617,"type":"item","subtype":"game","subsubtype":"compo","published":"2017-04-23T23:11:37Z","created":"2017-04-21T22:30:58Z","modified":"2017-05-01T19:10:15Z","version":75048,"slug":"nucleu","name":"Nucleu","body":"![nucleu_ss.png](///raw/93a/z/68.png)\n\n# Nucleu\nAn atom's journey.  Control with mouse and left/right mouse buttons.\n- Features procedural music\n- Completed in almost exactly 24 hours!  (Just 2 minutes shy)\n\n# Changelog\n- 5/1/2017:  Fixed a bug that occasionally caused the game to become unbeatable.\n\n# Downloads\n- WINDOWS:  https://www.dropbox.com/s/0ozrn4jc13btjaq/Nucleu_win.zip?dl=0\n- MAC:  https://www.dropbox.com/s/a84wi8h0t997esl/Nucleu_mac.zip?dl=0\n- LINUX:  https://www.dropbox.com/s/kk9c8iiqwqsufd5/Nucleu_linux.zip?dl=0\n- SOURCE:  https://www.dropbox.com/s/rg0kcgyjpb4xi9z/Nucleu_source.zip?dl=0","path":"/events/ludum-dare/38/nucleu","parents":[1,5,9,9405],"meta":{"grade-07-out":"1","cover":"///content/93a/z/358a.png"},"link":{"author":[2617]},"love":0,"notes":12,"notes-timestamp":"2017-05-03T11:12:18Z"}]}