{"status":200,"caller_id":0,"cached":[],"node":[{"id":15236,"parent":9405,"superparent":9,"author":15138,"type":"item","subtype":"game","subsubtype":"compo","published":"2017-04-23T21:34:11Z","created":"2017-04-21T20:38:16Z","modified":"2017-04-24T14:03:50Z","version":49558,"slug":"so-you-want-to-be-a-snowman","name":"So You Want To Build A Snowman. - (A finished game for all ages)","body":"![Screenshot from 2017-04-23 14-30-51.png](///raw/22b/3/z/1217.png)\n\nTweet what you create, mention @hartalex0 #ldjam38\n\n[Play Now](https://alexhart.itch.io/so-you-want-to-build-a-snowman)\n\nTake control of the coolest person in the snow globe, the snowman.  Life is great for this little snowman until someone shakes the snow globe and all of his pieces fall off.  Now it's up to you to track down all of the pieces of the snowman, and put him back together.\n\n* Explore a the tiny world of a snow globe.\n* Collect everyday objects to use to rebuild a snowman\n* Clear Objectives\n* For All Ages\n* Replay again to build a new snowman with different pieces.\n* Made in a little over 12 hours.\n* No pesky audio to mute.\n* Uses Standard FPS controls - Mouse Look, WASD movement\n* [Open Source](https://https://github.com/hartalex/ldjam-38)\n\nI want to see the snowman you create.\nI hope you enjoy it\nFollow me on twitter [hartalex0](https://twitter.com/hartalex0)\n\n## Links ##\n\n* Game: [Itch.io!](https://alexhart.itch.io/so-you-want-to-build-a-snowman)\n* Twitter: [hartalex0](https://twitter.com/hartalex0)\n* Source Code: [Github](https://https://github.com/hartalex/ldjam-38)\n\n## Screenshot\n\n![Screenshot from 2017-04-23 14-30-24.png](///raw/22b/3/z/4ca.png)\n","path":"/events/ludum-dare/38/so-you-want-to-be-a-snowman","parents":[1,5,9,9405],"meta":{"grade-06-out":"1","cover":"///content/22b/3/z/3755.png"},"link":{"author":[15138]},"love":0,"notes":5,"notes-timestamp":"2017-05-02T17:06:12Z"}]}