{"status":200,"caller_id":0,"cached":[],"node":[{"id":16479,"parent":9405,"superparent":9,"author":1882,"type":"item","subtype":"game","subsubtype":"jam","published":"2017-04-24T01:46:17Z","created":"2017-04-21T22:08:37Z","modified":"2017-04-24T16:39:33Z","version":50558,"slug":"finding-your-loved-one","name":"Finding your loved one","body":"**Finding your loved one** Shrink and grow and jump all over the world to find your way.\n\n![Screen Shot 2017-04-23 at 8.07.31 PM.png](///raw/a57/z/f12.png)\n\n\n![Screen Shot 2017-04-23 at 10.00.01 PM.png](///raw/a57/z/fa0.png)\n\nStory by Laaph, code by Laaph and McFearless, art by Evrim, yet another game where sound is an afterthought.  I'd like to opt out of sound judging, since no one on this team did sound.\n\nJust a few bugs you are likely to encounter:\n- Blue enemies should be squishable.  I don't know why they aren't.\n- The yellow enemies and hitboxes are all wonky.  I know why, and fixing that might fix the blue problem, but even so it's awful.\n- The controls are dreadful.  I followed the tutorial on the Unity website. \n- Due to time crunching, only the first level has background music, and there is no other sound.\n- And the other bug that irritates me to no end, the button at the end of the game that says \"Restart Game\", does not work!\n\n\n\n## Links\n* **SITE:** https://laaph.itch.io/escape-from-small-world\n* **SOURCE CODE:** https://github.com/mcfearless999/SmallWorld","path":"/events/ludum-dare/38/finding-your-loved-one","parents":[1,5,9,9405],"meta":{"grade-06-out":"1"},"link":{"author":[1882,17996,26199]},"love":0,"notes":5,"notes-timestamp":"2017-05-01T04:42:51Z"}]}