{"status":200,"caller_id":0,"cached":[],"node":[{"id":15671,"parent":9405,"superparent":9,"author":352,"type":"item","subtype":"game","subsubtype":"jam","published":"2017-04-25T00:57:53Z","created":"2017-04-21T21:03:39Z","modified":"2017-04-25T00:57:53Z","version":59105,"slug":"fish-in-a-jar","name":"Fish In A Jar","body":"![Screenshot_1.png](///raw/061/z/1d2a.png)\n\n## Description:\nJust a small and relaxing fishing game.\n\nI was really late to LD so I couldn't think of any fun and exciting game mechanics other than catching fish in a jar... your very own jar... your small world.\n\n## Controls:\n- W,A,S,D ... move the player\n- LMB ... throw fishing rod\n- RMB ... return rod / catch fish\n- ESC ... toggle info\n- ALT+F4 ... quit game :innocent:\n\n## Links:\n* Windows: https://drive.google.com/file/d/0BwL9oCk69-2GWnprSkZkVW5JRmM/view?usp=sharing\n","path":"/events/ludum-dare/38/fish-in-a-jar","parents":[1,5,9,9405],"meta":{"cover":"///content/061/z/3273.png"},"link":{"author":[352]},"love":0,"notes":1,"notes-timestamp":"2017-04-29T19:45:16Z"}]}