{"status":200,"caller_id":0,"cached":[16635],"node":[{"id":16635,"parent":9405,"superparent":9,"author":3011,"type":"item","subtype":"game","subsubtype":"compo","published":"2017-04-24T00:53:56Z","created":"2017-04-21T22:22:40Z","modified":"2017-04-24T00:54:54Z","version":43190,"slug":"chips-planet-defense","name":"Chip's Planet Defense","body":"In chip's Planet Defense, you play as Chip, the chipmunk. You are trying to save your planet from aliens. To do this, you must collect water to put out fires, and collect gasoline, to refuel your ship to fight back!\n\nDev Comment: This was my second Ludum Dare, and I had a blast! The character was also my first fully-fleshed out character model. Despite not turning out great (there's a reason you can't see his face), i'm still proud of my first model. This was also my first fully-fleshed out 3D game. Tons of bugs are contained in this game, but I didn't have time to fix most of them.\nDownload: https://www.dropbox.com/sh/vxpe22gxf0t8m11/AAC-5JUA4dmPTCPKqF-9hZdRa?dl=0\n\n![Sample Login Screen.gif](///raw/3cb/z/b54.gif)\n![UFO-shooting.png](///raw/3cb/z/b51.png)\n![ForestFire.png](///raw/3cb/z/b5b.png)","path":"/events/ludum-dare/38/chips-planet-defense","parents":[1,5,9,9405],"meta":[],"link":{"author":[3011]},"love":0,"notes":7,"notes-timestamp":"2017-05-03T18:49:04Z"}]}