{"status":200,"caller_id":0,"cached":[],"node":[{"id":16667,"parent":9405,"superparent":9,"author":16604,"type":"item","subtype":"game","subsubtype":"jam","published":"2017-04-25T01:44:42Z","created":"2017-04-21T22:25:23Z","modified":"2017-04-25T01:44:42Z","version":60757,"slug":"the-mouse-in-the-kettle","name":"The Mouse In The Kettle","body":"A story of a mouse who finds himself in a tea kettle after a storm. Help him get out and back to his momma!\ngoo.gl/io48yN","path":"/events/ludum-dare/38/the-mouse-in-the-kettle","parents":[1,5,9,9405],"meta":[],"link":{"author":[16604,16535]},"love":0,"notes":0}]}