{"status":200,"caller_id":0,"cached":[],"node":[{"id":15560,"parent":9405,"superparent":9,"author":8246,"type":"item","subtype":"game","subsubtype":"jam","published":"2017-04-24T06:43:32Z","created":"2017-04-21T20:57:16Z","modified":"2017-04-24T17:32:25Z","version":50975,"slug":"tau-zero","name":"Tau Zero","body":"![1017.jpg](///raw/630/2/z/13a2.jpg)\n\nIt's time to seek bigger and better worlds than the tiny one you currenetly inhabit. Navigate the perils of space while you travel the final frontier.\n\n\nNOTE: This game is not mobile friendly. Sorry.\n\n\n## Controls\nIt's all clicking. So, hold down the mouse to power up your ship and blast off. Be careful though, you only get one shot!\n\n## Links\n- (HTML5) http://sharpcoder.github.io/ludumdare/spring2017/\n- (Source) http://sharpcoder.github.io/ludumdare/spring2017/src.zip\n\n\n","path":"/events/ludum-dare/38/tau-zero","parents":[1,5,9,9405],"meta":{"grade-06-out":"1","cover":"///content/630/2/z/345c.png"},"link":{"author":[8246]},"love":0,"notes":6,"notes-timestamp":"2017-05-01T22:58:37Z"}]}