{"status":200,"caller_id":0,"cached":[],"node":[{"id":16597,"parent":9405,"superparent":9,"author":14578,"type":"item","subtype":"game","subsubtype":"jam","published":"2017-04-24T14:43:11Z","created":"2017-04-21T22:18:52Z","modified":"2017-05-02T14:38:43Z","version":76578,"slug":"boots-in-space","name":"Boots In Space","body":"![BoostInSpace_Looping.gif](///raw/2f8/3/z/39ce.gif)\n\nI teamed up with a group of new-to-Unity devs to create this little gem!  We weren't able to fit in all the fun we wanted (as per all my jams) but we're all very happy about what we did get done!\n\n\n**Team**\n\n- Kaitlin Ramirez (Programmer)\n- Tehut Getahun (Programmer)\n- Danielle Birbal (Programmer)\n- Alix Hamilton (Programmer)\n- Mariano Martinez III (Programmer & Art)\n\n**Boots In Space**\n\nPlay as Boots, a curious little girl who loves space.  Jump around and let gravity be your guide!\n\n**Controls**\n\n- Movement Left/Right - Left/Right Arrow keys (or A/D keys)\n- Jump - Space bar\n- Toggle Gravity Boots - E key (Gravity Boots are on by default)\n\n**Tip:** Use the *Gravity Boots* to keep you on a planet.  Toggle them off and jump to explore another planet (but don't forget to turn them back on to ground you to the new planet).\n\n**Download & Play**\n\n- Mac OS: https://drive.google.com/open?id=0B_RZFbQM74XJbEJtUlVuUGQxUmc\n- Windows: https://drive.google.com/open?id=0B_RZFbQM74XJbEJtUlVuUGQxUmc","path":"/events/ludum-dare/38/boots-in-space","parents":[1,5,9,9405],"meta":{"cover":"///content/2f8/3/z/39cd.png"},"link":{"author":[14578]},"love":0,"notes":0}]}