{"status":200,"caller_id":0,"cached":[],"node":[{"id":16165,"parent":9405,"superparent":9,"author":10416,"type":"item","subtype":"game","subsubtype":"jam","published":"2017-04-25T00:40:13Z","created":"2017-04-21T21:42:27Z","modified":"2017-04-25T00:40:13Z","version":58433,"slug":"john-electron","name":"John Electron","body":"Create the right molecules with atoms, solve the riddles to get the right information![John Electron screenshot 2.0.jpg](///raw/0b8/2/z/1bb4.jpg)\n\nhttps://l8.itch.io/john-electron game\n","path":"/events/ludum-dare/38/john-electron","parents":[1,5,9,9405],"meta":[],"link":{"author":[10416]},"love":0,"notes":1,"notes-timestamp":"2017-04-25T05:11:14Z"}]}