{"status":200,"caller_id":0,"cached":[],"node":[{"id":16504,"parent":9405,"superparent":9,"author":12443,"type":"item","subtype":"game","subsubtype":"jam","published":"2017-04-25T00:10:17Z","created":"2017-04-21T22:10:30Z","modified":"2017-04-25T22:00:27Z","version":66917,"slug":"save-that-small-planet","name":"Save that small planet","body":"![_.png](///raw/b90/3/z/1ba9.png) \n\nSave that small planet is a game where you protect the planet from the meteor shower using a satellite that shoot laser beams.\n\n**Download:**\n- [itch.io](https://zeu31.itch.io/save-that-small-planet) \n- [Game jolt](http://gamejolt.com/games/save-that-small-planet/252257)\n\n**Instructions:**\n- Protect the planet from the meteors\n\n**Controls:**\n- A and D (or left and right arrow) to move left and right. \n- left mouse button (or space) to shoot.\n\nMade in Unity3D. Sprites done in Gimp and Paint.net. Sounds done in Bfxr.\n","path":"/events/ludum-dare/38/save-that-small-planet","parents":[1,5,9,9405],"meta":[],"link":{"author":[12443]},"love":0,"notes":1,"notes-timestamp":"2017-05-03T01:45:00Z"}]}