{"status":200,"caller_id":0,"cached":[],"node":[{"id":15438,"parent":9405,"superparent":9,"author":56,"type":"item","subtype":"game","subsubtype":"jam","published":"2017-04-25T02:27:58Z","created":"2017-04-21T20:50:52Z","modified":"2017-05-02T21:12:39Z","version":77078,"slug":"sugar-catcher","name":"Sugar Catcher","body":"![screenshot1.png](///raw/83/z/2173.png)![screenshot2.png](///raw/83/z/2179.png)![screenshot4.png](///raw/83/z/217c.png)\n\nThe Game is not finished, it's more like a concept of what it could be. But I wanted to upload to show what I did.\n\nTools used: [Haxe](http://haxe.org/), [Kha](http://kha.tech/), a [personal engine](https://github.com/RafaelOliveira/Plume), [Bfxr](http://www.bfxr.net/) and Gimp.\n\n**Link**: https://sudoestegames.itch.io/sugarcatcher","path":"/events/ludum-dare/38/sugar-catcher","parents":[1,5,9,9405],"meta":{"cover":"///content/83/z/3b02.png"},"link":{"author":[56]},"love":0,"notes":5,"notes-timestamp":"2017-05-02T21:20:17Z"}]}