{"status":200,"caller_id":0,"cached":[],"node":[{"id":16137,"parent":9405,"superparent":9,"author":11111,"type":"item","subtype":"game","subsubtype":"jam","published":"2017-04-24T17:20:59Z","created":"2017-04-21T21:40:28Z","modified":"2017-04-24T17:24:02Z","version":50882,"slug":"earthescape","name":"EarthEscape","body":"My first Ludum Dare. I hope you enjoy my game.\n\n![screenshot.png](///raw/76b/2/z/1371.png)\n\nLink: https://www.dropbox.com/s/v9cbursav46nmic/EarthEscape.rar?dl=0\n\nOPT-OUT: Graphics and Audio","path":"/events/ludum-dare/38/earthescape","parents":[1,5,9,9405],"meta":[],"link":{"author":[11111]},"love":0,"notes":0}]}