{"status":200,"caller_id":0,"cached":[],"node":[{"id":15983,"parent":9405,"superparent":9,"author":6047,"type":"item","subtype":"game","subsubtype":"jam","published":"2017-04-24T17:23:25Z","created":"2017-04-21T21:25:44Z","modified":"2017-05-02T13:40:19Z","version":76503,"slug":"polyorbis","name":"Polyorbis","body":"![cover.png](///raw/f97/1/z/1860.png)\n\n## **Downloads:** Version 0.1.0 and higher probably fixes your platform and game issues.\n - https://equilgame.itch.io/polyorbis <= LD38F and higher.\n - http://gamejolt.com/games/Polyorbis/253252 <= Only provides most up to date build.\n\nPolyorbis was written in 3 days for the Ludum Dare 38 Jam, created by: Mattparks and Decaxon. The competitions theme is: A Small World. We used our own open-sourced Java OpenGL game engine: [Flounder](https://github.com/Equilibrium-Games/Flounder-Engine). Polyorbis is open-source and can be found here: https://github.com/Equilibrium-Games/Polyorbis\n\n**Brief Features:**\n- Third person low poly art style.\n- Procedurally generated music.\n- Survival and action packed!\n- LWJGL OpenGL engine.\n- \"Fun and addictive!\"\n\n**Made With:**\n- Flounder game engine, created by us\n- Blender for models\n- paint.NET for textures\n- Audacity for audio\n- FMusic music generator, created by us\n\n**About:** In Polyorbis you will compete with red enemies to survive, the longer you survive the harder enemies become. DecCorp has landed strategic boxes into nearby craters to supply you, from these boxes you can pick up pink hearts to gain health, and yellow boxes to refill ammunition. Be aware, enemies will spawn around these boxes, they are black/red and move around the planet, the longer you survive the more they evolve. The enemies will shoot projectiles in an attempt to eliminate you, touching them will also damage you. You are able to launch your own projectiles by pointing your mouse in a direction and left clicking, their charge will drop after repeated usage. Your score will increase the longer you survive and with the amount of enemies you destroy.\n\n![4.24.4.50.22.png](///raw/f97/1/z/232e.png)\n\n**Projectiles:** The first yellow attack is an inaccurate medium-damage common fast attack, the second blue attack is an accurate high-damage slow attack, and the third red attack is an explosion-shotgun style attack. \n\n**Controls:** \n- Movement: WASD + Space to move\n- Attack: The mouse is used to aim, and left click to fire the selected attack. 1-2-3 (on keyboard) cycles the selected attacks (highlighted in the bottom left corner on the HUD).\n- Camera: To zoom the camera use the scroll wheel, and to orientate hold right mouse and move the mouse to a new angle. 0.1.0 automated slight camera tilt near poles.\n- Window: Escape opens a pause menu with settings. F1 toggles this help menu, F2 takes a screenshot to a roaming/home folder, F3 toggles a debug overlay, F4 toggles the HUD, F11 fullscreen. \n- Gamepad: There is support for XBox, and XBox-like controllers, with control customization being added in after Ludum Dare 38.\n\n![4.24.4.49.48.png](///raw/f97/1/z/232c.png)\n\n**Download & install instructions:** Polyorbis will probably work on your computer, if you run into issues read the following tips:\n- To run Polyorbis you must have a graphics card that supports OpenGL 3.0 and higher, you can find that out from [this guide](http://support.esri.com/technical-article/000011375) (you might need to upgrade drivers). If you run Polyorbis and no display window is created, you most likely have outdated drivers.\n\n- Polyorbis is built to run on Java 8, ensure you have a recent Java 8 build (or Java 9), if you need to install or upgrade java, use [this guide](https://www3.ntu.edu.sg/home/ehchua/programming/howto/JDK_Howto.html).\n\n- To start the game run the downloaded .exe or .jar, that should be it. If you experience any crashes please report them. Screenshots and logs are saved in a folder called .polyorbis (might be hidden in your file explorer), found in your home folder (on Mac and Linux), or your [roaming folder](http://www.pcworld.com/article/2690709/windows/whats-in-the-hidden-windows-appdata-folder-and-how-to-find-it-if-you-need-it.html) (Windows).\n\n- If no logs folder was created try to run the Jar from your command prompt, it should read something like this: \"java -jar Polyorbis-LD38F.jar\". Copy/take a screenshot of the result, if the display failed to create read above. \n\n**Bugs/Crashes:** If you experience any replicable bugs or crashes please send a email to \"mattparks5855@gmail.com\", along with the log at the instance (found in roaming or home /.polyorbis/logs/**HOUR.MINUTE.SECOND-MONTH-DAY-YEAR**.log).\n\n**Follow Us:** Here are our Twitters and YouTubes:\n- Equilibrium Games: [Twitter](https://twitter.com/EquilGame)\n- Decaxon: [Twitter](https://twitter.com/decaxon), [YouTube](https://www.youtube.com/user/GamingCubed3)\n- Mattparks: [Twitter](https://twitter.com/Mattparks5855), [Youtube](https://www.youtube.com/channel/UC9urardDd8fGDnUU0R7eKkQ)\n\n","path":"/events/ludum-dare/38/polyorbis","parents":[1,5,9,9405],"meta":{"cover":"///content/f97/1/z/31ea.png"},"link":{"author":[6047,21180]},"love":0,"notes":13,"notes-timestamp":"2017-05-02T21:41:22Z"}]}