{"status":200,"caller_id":0,"cached":[],"node":[{"id":16366,"parent":9405,"superparent":9,"author":6260,"type":"item","subtype":"game","subsubtype":"compo","published":"2017-04-23T21:17:12Z","created":"2017-04-21T21:59:56Z","modified":"2017-04-23T22:17:30Z","version":39594,"slug":"road-ja-vu","name":"Road Ja Vu","body":"![logo.png](///raw/478/1/z/67c.png)\n\nHey! In Road Ja Vu you play in an endless mode where 3 different city tiles will infinitely spawn in front of you.\nOncoming traffic drifts in front of you and you must avoid it. Use Space to create a ramp, which uses points (cost increases). There are also powerups which make you invincible. A and D to move.\n\nThanks!\n\n# -=-=-=-=-=Links=-=-=-=-=-\n## Source: \nhttps://www.dropbox.com/s/0ftaj7420rmhfro/Ludum%20Dare%2038.zip?dl=0\n\n## Game: \nhttps://www.dropbox.com/s/rhx9leir2d6pqj8/Road%20Ja%20Vu.zip?dl=0\n\n![ssd1.png](///raw/478/1/z/74f.png)\n![ssd2.png](///raw/478/1/z/754.png)\n![ssd3.png](///raw/478/1/z/752.png)","path":"/events/ludum-dare/38/road-ja-vu","parents":[1,5,9,9405],"meta":[],"link":{"author":[6260]},"love":0,"notes":3,"notes-timestamp":"2017-05-02T10:00:02Z"}]}