{"status":200,"caller_id":0,"cached":[],"node":[{"id":15745,"parent":9405,"superparent":9,"author":15723,"type":"item","subtype":"game","subsubtype":"compo","published":"2017-04-24T01:36:38Z","created":"2017-04-21T21:08:41Z","modified":"2017-04-24T01:44:55Z","version":45130,"slug":"a-small-world-how-original","name":"A Small World (how original)","body":"I made a game where you're a god of a small planet. There are monuments that give you power and portals through which evil creatures come. They want to destroy your monuments, but you are powerful and can use magic to defend them. Once the monuments give you enough power, you win the game. Lose all of them and suffer defeat.\n\nThe instructions in game should be enough. I made this game alone with Unity 5, Blender, GIMP and FL Studio 12.\n\n![ASW1.png](///raw/b6d/3/z/d3b.png)\n![ASW2.png](///raw/b6d/3/z/d7a.png)\n![ASW3.png](///raw/b6d/3/z/d7b.png)\n![ASW4.png](///raw/b6d/3/z/d7d.png)\n\nTo play the game online:\nhttps://lilkrit.itch.io/a-small-world-ludum-dare-38\n\nTo download the game:\nhttps://drive.google.com/file/d/0B8qokUEu0N3KSmt6ZlhvV216SVk/view?usp=sharing\n\nTo download the source code:\nhttps://drive.google.com/file/d/0B8qokUEu0N3KUklJMUtBNW9IVVk/view?usp=sharing","path":"/events/ludum-dare/38/a-small-world-how-original","parents":[1,5,9,9405],"meta":[],"link":{"author":[15723]},"love":0,"notes":1,"notes-timestamp":"2017-05-01T19:15:55Z"}]}