{"status":200,"caller_id":0,"cached":[],"node":[{"id":15673,"parent":9405,"superparent":9,"author":8047,"type":"item","subtype":"game","subsubtype":"compo","published":"2017-04-23T22:21:25Z","created":"2017-04-21T21:03:59Z","modified":"2017-05-02T14:38:41Z","version":76577,"slug":"inner-world","name":"Inner World","body":"![screenshot1.png](///raw/f6f/1/z/73b.png)\n\n### Description\nThis is a *SHORT* game about a little world.  \nControls: **WASD** or **Arrow keys** for movement and **Mouse** or **Space** for attack.  \nDownload:[here](https://www.dropbox.com/s/vhvt58d5ie5wndo/InnerWorld.zip?dl=1)  \nSource:[here](https://www.dropbox.com/s/wfmzzn20g6frw9m/InnerWorldLD38Source.gmx.zip?dl=1)\n\n\n### Little bit about development\nNormally i like to focus a lot more on game mechanics in my games, but this time, since i wasn't very happy with the theme, i decided i would just try to make a bit more artistic game. Usually the artistic side is something i struggle with, so i decided to dive into the deep unknown. This was first time i drew sprites by hand without using shapes, first time i animated sprites, first time creating audio,music and narration. To say the least i still have a lot to learn.  \nSince i spent most of the time figuring things out with art i didn't really had much time to work on gameplay or game mechanics. Thats pretty much why the game is like 30 seconds short and has some unused game mechanics like jumping and removing resources.\n\n#### Tools\nGamemaker:Studio  \ndrawing - paint.net  \nrecording narration - Audacity  \nsound efects - bfxr  \nmusic - bosca ceoil  \n\nYou can find all of these tools and more here: [http://ludumdare.com/compo/tools/](http://ludumdare.com/compo/tools/)","path":"/events/ludum-dare/38/inner-world","parents":[1,5,9,9405],"meta":{"cover":"///content/f6f/1/z/399a.png"},"link":{"author":[8047]},"love":0,"notes":5,"notes-timestamp":"2017-05-04T00:02:37Z"}]}