{"status":200,"caller_id":0,"cached":[],"node":[{"id":15938,"parent":9405,"superparent":9,"author":1969,"type":"item","subtype":"game","subsubtype":"compo","published":"2017-04-24T00:25:29Z","created":"2017-04-21T21:22:27Z","modified":"2017-04-27T11:16:32Z","version":69287,"slug":"the-adventure-of-malvin","name":"The Adventure of Malvin","body":"![small_screen.gif](///raw/1b7/z/a53.gif)\n\n## Your Mission:\n\nSave your girl and fight against the evil ant king.\n\n\n\n2D platformer\n\n\n\n## Controls:\n\n* left and right - move \n* down - slide\n* A - jump \n* S - run\n* hold S + A - wall run\n* R - restart game\n* N - next level\n\n## Windows:\nhttps://nofuel.itch.io/the-adventure-of-malvin\n\n## Source:\nhttps://www.dropbox.com/s/0kzsopikmtapsm2/LD38_ks.gmx.rar?dl=0\n\n![screen1.PNG](///raw/1b7/z/a4e.png)\n![screen2.PNG](///raw/1b7/z/a50.png)\n\n\nv1.0.1:\n* corrected spelling mistake in the intro\n* selected checkbox in Game Maker Settings so that Single Runtime Executable is running on 60 FPS while Game Maker is closed\n\nv1.0.0: \n* original release\n","path":"/events/ludum-dare/38/the-adventure-of-malvin","parents":[1,5,9,9405],"meta":{"cover":"///content/1b7/z/33b9.png"},"link":{"author":[1969]},"love":0,"notes":22,"notes-timestamp":"2017-05-03T22:15:47Z"}]}