{"status":200,"caller_id":0,"cached":[],"node":[{"id":15454,"parent":9405,"superparent":9,"author":11748,"type":"item","subtype":"game","subsubtype":"compo","published":"2017-04-24T01:13:13Z","created":"2017-04-21T20:51:55Z","modified":"2017-04-24T19:57:56Z","version":52434,"slug":"submerged","name":"Submerged","body":"A city simulator where you race against the tide!\n\nThe sea levels are rising. Only one small piece of land remains on Earth. Expanding upwards is mankinds only hope!\n\n[Play in Browser](http://walnoot.me/LD38/webgl/)\n\n\n[Windows Build](http://walnoot.me/LD38/Submerged-Windows.zip)\n\n[Mac OSX Build](http://walnoot.me/LD38/Submerged-MacOSX.zip)\n\n[Linux Build](http://walnoot.me/LD38/Submerged-Linux.tar.gz)\n\n[Source](https://github.com/Walnoot/Submerged)\n\n![Screenshot from 2017-04-24 03:10:15.png](///raw/4ed/2/z/c2b.png)\n\n![Screenshot from 2017-04-24 03:12:17.png](///raw/4ed/2/z/c30.png)","path":"/events/ludum-dare/38/submerged","parents":[1,5,9,9405],"meta":{"grade-06-out":"1","cover":"///content/4ed/2/z/3c94.png"},"link":{"author":[11748]},"love":0,"notes":7,"notes-timestamp":"2017-05-03T21:46:28Z"}]}