{"status":200,"caller_id":0,"cached":[],"node":[{"id":16685,"parent":9405,"superparent":9,"author":16672,"type":"item","subtype":"game","subsubtype":"jam","published":"2017-04-24T20:18:13Z","created":"2017-04-21T22:26:28Z","modified":"2017-04-25T12:49:20Z","version":65450,"slug":"tinyrealm","name":"TinyRealm","body":"![nagłówek2.png](///raw/021/4/z/1ccf.png)\n\n# BEST SUSTAINABILITY SIMULATOR OF 2017\n## NOW RELEASED\n\n![gif.gif](///raw/021/4/z/1d1c.gif)\n\nImagine that you and your buddy are stuck on a tiny island constantly being under attack of terryfing pterodactyls. \nYou have to decide whether to defend your island or to develop its economy.\nThe bigger the island grows under your gracious rule, the more buddies there are to help you out! But also there are more pterodactyls! How long will you survive?\n\n![TinyRealm 2017-04-25 02-59-48-63.png](///raw/021/4/z/1cea.png)\n\nFortunately, you don't have to sacrifice one of the exotic islands you probably own - we decided to provide you with an amazing simulator! (also a big plus for people afraid of pterodactyls) You are welcome!\n\n![TinyRealm 2017-04-25 03-01-12-33.png](///raw/021/4/z/1cf2.png)\n\n### Controls and How to Play\n- Click on unoccupied tiles to build (click on water to hide the build menu)\n- Click on a building to send your one little Dude to work in that building\n- New Dudes and new island tiles appear every time the progress bar finishes\n- You will almost always have fewer Dudes than building so you will have to send them back and forth\n\n### Play the game:\n- [WebGL](https://wrnk.itch.io/tinyrealm-webgl)\n- [Download (win)](https://wrnk.itch.io/tinyrealm)\n\n\n","path":"/events/ludum-dare/38/tinyrealm","parents":[1,5,9,9405],"meta":[],"link":{"author":[16672,24044,21093,20373,16712]},"love":0,"notes":2,"notes-timestamp":"2017-05-03T19:43:05Z"}]}