{"status":200,"caller_id":0,"cached":[],"node":[{"id":16416,"parent":9405,"superparent":9,"author":5588,"type":"item","subtype":"game","subsubtype":"jam","published":"2017-04-25T01:56:46Z","created":"2017-04-21T22:04:18Z","modified":"2017-05-01T12:32:54Z","version":73994,"slug":"world-en-abyme-1","name":"World en abyme ","body":"![Capture1.PNG](///raw/4d5/1/z/2105.png)\n\n# World en Abyme \n\nIt's a small 2d puzzle platformer inspired by super monkey ball !\n\nThe main idea was the mise en abyme: a level in another one in another one in...\n\n\n\n## Controls: \n\nUse the arrows to move \n\nMaybe turn up the volume if you haven't headphones !\n\n## Links: \n\n- ### [ :joystick: Game](https://hugoveille.itch.io/world-en-abyme)\n- [Twitter](https://twitter.com/Hugo__Veille)\n- [Facebook](https://www.facebook.com/prohugoveille/)\n- [Portfolio - My other games](http://hugoveille.com/)\n\n\n![38.gif](///raw/4d5/1/z/285c.gif)","path":"/events/ludum-dare/38/world-en-abyme-1","parents":[1,5,9,9405],"meta":{"cover":"///content/4d5/1/z/31b6.png","grade-07-out":"1"},"link":{"author":[5588]},"love":0,"notes":34,"notes-timestamp":"2017-05-03T21:07:41Z"}]}