{"status":200,"caller_id":0,"cached":[],"node":[{"id":16619,"parent":9405,"superparent":9,"author":4031,"type":"item","subtype":"game","subsubtype":"compo","published":"2017-04-24T01:31:06Z","created":"2017-04-21T22:21:16Z","modified":"2017-04-25T13:05:59Z","version":65496,"slug":"tower-up","name":"Tower up","body":"The world is small. Too small... Escape it by reaching the top of the highest tower !\n\n- Vertical 2D platformer : up and behond !\n- Hard difficulty level : are you skilled enought to handle it ?\n- Obstacle, enemies, spikes : avoid them, or diiiie !\n- Free roaming big sized world : 1.567855942887398e-10 times the radius of the earth (WoW)\n\n-> Game Link   (Windows and GNU/Linux) : https://bog.itch.io/tower-up\n\n-> Source code                         : https://gitlab.com/bog/ld38","path":"/events/ludum-dare/38/tower-up","parents":[1,5,9,9405],"meta":[],"link":{"author":[4031]},"love":0,"notes":1,"notes-timestamp":"2017-04-24T05:23:51Z"}]}