{"status":200,"caller_id":0,"cached":[],"node":[{"id":16198,"parent":9405,"superparent":9,"author":12617,"type":"item","subtype":"game","subsubtype":"jam","published":"2017-04-24T22:04:22Z","created":"2017-04-21T21:45:56Z","modified":"2017-04-24T22:06:59Z","version":54576,"slug":"roguezilla","name":"RogueZilla","body":"It's hard to hide when the world appears small! Help G'zilla on the journey to find the perfect hiding place! \n\n![scr_1.jpg](///raw/941/3/z/17f7.jpg)\n\nThis is a side-scrolling platform shooter sort of deal, where you have to avoid search helicopters and tackle military strikes once you're detected!\n\n::CONTROLLS\n- A and D to move left and right.\n- W and S to hide behind obstacles.\n- SPACE to jump.\n- LEFT MOUSE to shoot laser.\n- RIGHT MOUSE to shoot fire.\n- ESC to close app.\n\n::HINTS\n- The higher your heat, the more enemies will spawn once you're detected!\n- Heat will rise higher if you use much fire, try to pass obstacles by jumping!\n- Shooting search helicopters generates heat, try hiding instead!\n\n::DOWNLOAD LINK\n- Windows: https://www.dropbox.com/s/kizdki67zqw3l9i/RogueZilla.exe?dl=0\n\n\n","path":"/events/ludum-dare/38/roguezilla","parents":[1,5,9,9405],"meta":[],"link":{"author":[12617]},"love":0,"notes":1,"notes-timestamp":"2017-05-02T23:24:03Z"}]}