{"status":200,"caller_id":0,"cached":[],"node":[{"id":16087,"parent":9405,"superparent":9,"author":11282,"type":"item","subtype":"game","subsubtype":"jam","published":"2017-04-25T02:59:28Z","created":"2017-04-21T21:35:46Z","modified":"2017-05-03T03:15:59Z","version":77416,"slug":"tiny-planet-defender-1","name":"Tiny Planet Defender","body":"Tiny Planet Defender is a game where you defend the core of the small, dying planet. Enemies emerge from the portal and you must stop them by using special turrets to defend the core.\n\n[Download on Dropbox for Universal Jar (Requires Java)](https://www.dropbox.com/s/ghl58mgyx431wif/TinyPlanetDefender-Universal.zip?dl=0)\n\n[Source on GitLab](https://gitlab.com/Sintinium/LudumDare38)\n![screenshot1.png](///raw/21c/2/z/22ab.png)\n![screenshot.png](///raw/21c/2/z/22ad.png)","path":"/events/ludum-dare/38/tiny-planet-defender-1","parents":[1,5,9,9405],"meta":{"cover":"///content/21c/2/z/3b5c.png"},"link":{"author":[11282,14145]},"love":0,"notes":1,"notes-timestamp":"2017-05-01T10:19:00Z"}]}