{"status":200,"caller_id":0,"cached":[],"node":[{"id":15249,"parent":9405,"superparent":9,"author":12568,"type":"item","subtype":"game","subsubtype":"jam","published":"2017-04-24T23:34:22Z","created":"2017-04-21T20:39:31Z","modified":"2017-04-30T14:23:39Z","version":72108,"slug":"keeplanet","name":"Keeplanet","body":"![title.png](///raw/811/3/z/1a07.png)\n![Logo.png](///raw/811/3/z/1a60.png)\n\n**Developer:** Hell Squirrel Games\n\n**Genre:** Casual, maze\n\n**Game engine:** Unity 5\n\n![Screenshot_1.jpg](///raw/811/3/z/1a89.jpg)\n\n**About:** A tiny planet flies in orbit around the Sun. Begin to develop it. Arrange trees, mountains, houses and other objects to make the planet rotate around its axis. The most important thing is not to let the planet stop, because, then the planet will die out.\n\n![Screenshot_2.jpg](///raw/811/3/z/1a8b.jpg)\n\n**How to play:** Evenly distribute objects around the planet to make it spin. If you distribute objects on the planet not evenly, then the planet will stop because of the imbalance of one side to the other. All objects have different weights.\nIf the planet stops, then one half of it will burn out in the sun, and the other will freeze. The population of the planet will begin to die out.\nThe more objects you put on the planet, the larger it becomes.\nIn the queue are the objects that need to be placed around the planet.\nIn the storage cell, you can place the object that is first in the queue.\n\n**Controls:**\n- Mouse ScrollWheel - Zoom In/Out\n- Mouse Movement - Move camera\n\n![Screenshot_3.jpg](///raw/811/3/z/1a8d.jpg)\n\n### LINKS\n\n- **MAIL:** hellsquirrelgames@gmail.com\n- **TWITTER:** https://twitter.com/squirrel_hell\n- **VK:** https://vk.com/hellsquirrelgames\n\n## [DOWNLOAD ON WINDOWS](https://drive.google.com/open?id=0B7bJ05ZTX6W4aC13clJjV2ZOb28)\n## [DOWNLOAD ON LINUX](https://drive.google.com/open?id=0B7bJ05ZTX6W4a0E2Vnl6d3hnRlE)\n## Try it out and give us your feedback\n## Thanks!\n\n![Screenshot_4.jpg](///raw/811/3/z/1a8e.jpg)","path":"/events/ludum-dare/38/keeplanet","parents":[1,5,9,9405],"meta":{"cover":"///content/811/3/z/396f.png"},"link":{"author":[12568]},"love":0,"notes":3,"notes-timestamp":"2017-05-03T19:38:40Z"}]}