{"status":200,"caller_id":0,"cached":[15202],"node":[{"id":15202,"parent":9405,"superparent":9,"author":29,"type":"item","subtype":"game","subsubtype":"compo","published":"2017-04-23T20:38:11Z","created":"2017-04-21T20:36:11Z","modified":"2017-04-23T20:38:11Z","version":37847,"slug":"game-prototype","name":"Game Prototype","body":"![Screenshot_5.png](///raw/d1/z/58e.png)\n\n\n* You can get the [Source code here](https://github.com/zwrawr/LD38)\n* You can play the [game here](https://www.zakwest.tech/files/ludumdare/LD38/Game/)\n","path":"/events/ludum-dare/38/game-prototype","parents":[1,5,9,9405],"meta":{"cover":"///raw/d1/z/58e.png"},"link":{"author":[29]},"love":0,"notes":2,"notes-timestamp":"2017-05-01T08:10:46Z"}]}