{"status":200,"caller_id":0,"cached":[],"node":[{"id":15207,"parent":9405,"superparent":9,"author":15198,"type":"item","subtype":"game","subsubtype":"jam","published":"2017-04-25T00:46:04Z","created":"2017-04-21T20:36:25Z","modified":"2017-04-25T00:46:04Z","version":58637,"slug":"ecosysmall","name":"Ecosysmall","body":"And there it is ! \n\nhttps://ecosysmall.itch.io/ecosysmall\n\nEcosysmall is a game where the player controls the weather of a small island, to influence the development of it's ecosystem. Watch as the grass grows, the sheep eats it, and the wolves feast on them!\n\nMade by 6 people, mostly from Asobo Studio.\n\nPS: The randomness can kick your ass, don't hesitate to reset the level!\n\n![Arrière_Plan2.jpg](///raw/e5b/3/z/1cfd.jpg)","path":"/events/ludum-dare/38/ecosysmall","parents":[1,5,9,9405],"meta":[],"link":{"author":[15198]},"love":0,"notes":0}]}