{"status":200,"caller_id":0,"cached":[],"node":[{"id":16437,"parent":9405,"superparent":9,"author":1222,"type":"item","subtype":"game","subsubtype":"compo","published":"2017-04-24T01:23:22Z","created":"2017-04-21T22:05:44Z","modified":"2017-04-28T12:37:33Z","version":70590,"slug":"the-flip-lands","name":"The Flip Lands","body":"![Logo.png](///raw/6c4/z/c5c.png)\n\nBring harmony to the world by arranging tiles!\n\nPlay in browser or download from Itch.io~\n\nhttps://salamichild.itch.io/the-flip-lands\n\n\n\nMade in 48 hours. Source code/project files can be found in LD38_TheFlipLands.zip","path":"/events/ludum-dare/38/the-flip-lands","parents":[1,5,9,9405],"meta":{"cover":"///content/6c4/z/3b9c.png"},"link":{"author":[1222]},"love":0,"notes":1,"notes-timestamp":"2017-05-01T19:06:17Z"}]}