{"status":200,"caller_id":0,"cached":[],"node":[{"id":16677,"parent":9405,"superparent":9,"author":10151,"type":"item","subtype":"game","subsubtype":"compo","published":"2017-04-23T21:35:35Z","created":"2017-04-21T22:26:05Z","modified":"2017-05-03T17:54:07Z","version":77969,"slug":"under-the-petri-dish","name":"Under The Petri Dish","body":"Description:\n\nFight as an army of white blood cells in a petri dish as cancer tries to invade you. You can move and attack each cell once per turn. Collect items and rank up your cells along the way. Will you beat the cancer in this small world? \n\nTip:\n- Read the info at the top of the game screen. It is important to building your stratagem.\n\n![cover.JPG](///raw/7a7/2/z/979.jpg)\n\n\n![cover1.JPG](///raw/7a7/2/z/97a.jpg)\n\n\nDownload Link:\n\nPRESS THE CONTROL KEY WHEN WANTING TO INTERACT WITH THE USER INTERFACE! :)\n\nGame: https://mryamz.github.io/downloads/Ludum_Dare_38.jar\n\nSRC: https://mryamz.github.io/downloads/Ludum_Dare_38_SRC.zip\n\nDetails:\n\n- This is my first LD38 game. I've never made a turn based strategy game either!\n\n- The intro is kinda crappy lol didn't finish it.\n\n- I started from the main method.\n\n- Made with Java SE8\n\n- Sound effects made with sfxr\n\n- No music :(","path":"/events/ludum-dare/38/under-the-petri-dish","parents":[1,5,9,9405],"meta":[],"link":{"author":[10151]},"love":0,"notes":1,"notes-timestamp":"2017-05-03T04:14:59Z"}]}