{"status":200,"caller_id":0,"cached":[],"node":[{"id":15375,"parent":9405,"superparent":9,"author":14029,"type":"item","subtype":"game","subsubtype":"compo","published":"2017-04-23T23:01:29Z","created":"2017-04-21T20:46:25Z","modified":"2017-04-23T23:01:29Z","version":40385,"slug":"reds-field","name":"Reds Field","body":"First game i've ever finished. Not alot of gameplay. I wouldn't say it's worth the download time. But i learnt alot. Cheers and have a good one, i'm finally off to bed.\n\nGame:\nhttps://www.dropbox.com/sh/hsxd4ppjizdznwx/AADtsiXjSZ3qFrWrYV2D0IApa?dl=0\n\nGame Sourcecode(compressed):\nhttps://www.dropbox.com/s/5802lxqk5z1418f/Redsfield_Source.rar?dl=0\n\n![Redsfield_1.png](///raw/dc6/3/z/83b.png)","path":"/events/ludum-dare/38/reds-field","parents":[1,5,9,9405],"meta":[],"link":{"author":[14029]},"love":0,"notes":0}]}