{"status":200,"caller_id":0,"cached":[],"node":[{"id":16631,"parent":9405,"superparent":9,"author":10769,"type":"item","subtype":"game","subsubtype":"jam","published":"2017-04-23T22:14:06Z","created":"2017-04-21T22:22:31Z","modified":"2017-05-01T12:09:04Z","version":73931,"slug":"match-the-fleas","name":"Match the Fleas","body":"![1.PNG](///raw/11a/2/z/1b0d.png)\n\n**Match the Fleas:** [https://gamejolt.com/games/FleaGame/251735](https://gamejolt.com/games/FleaGame/251735).\n\nHTML5 and Windows .exe available\n\n---\n\nThis is the first game I have ever made. I used GameMaker: Studio Pro, GIMP for the artwork (from scratch but I think that's obvious lol) and Audacity to record sounds. Thanks for playing!\n\nFleas have discovered a new world on the skin of a dirty dog.\n\nHelp them to grow their population by matching similar fleas to be their partner.\nFleas are looking for a mates of the same colour, but with different interests and personality!\n\nMade in 48 hours for Ludum Dare #38 (Theme: A Small World).\n\nI referenced this tutorial as it was my first ever GameMaker Studio project: GameMaker Tutorial - Make a Memory Match Card Game  by SlasherXGAMES (YouTube).\n\n---\n\nI definitely wanted to expand on this game more than time allowed, so I'm working on 3 part post mortem: [Here is Part One](http://www.daisychubb.com/2017/04/28/how-i-made-my-first-game-in-under-48-hours/)\n\nThanks to everyone who gives it a try!\n\n\n","path":"/events/ludum-dare/38/match-the-fleas","parents":[1,5,9,9405],"meta":{"cover":"///content/11a/2/z/326d.png"},"link":{"author":[10769]},"love":0,"notes":4,"notes-timestamp":"2017-05-02T14:19:41Z"}]}