{"status":200,"caller_id":0,"cached":[],"node":[{"id":16508,"parent":9405,"superparent":9,"author":1883,"type":"item","subtype":"game","subsubtype":"jam","published":"2017-04-25T02:05:54Z","created":"2017-04-21T22:10:57Z","modified":"2017-04-30T05:17:15Z","version":71862,"slug":"raven-delivery-service","name":"Raven Delivery Service","body":"Welcome to **Raven Delivery Service**!\n\nTwo twin witches inhabit a small floating island in the sky.  From this **small world**, they contract the raven clan to deliver various magical items to their customers on the surface.\n\nPlay or download at http://ddrkirby.com/games/raven-delivery-service/raven-delivery-service.html\n\nFREE soundtrack download: https://ddrkirbyisq.bandcamp.com/album/raven-delivery-service-original-soundtrack\n\nTwo ways to play:\n* Co-op mode: Coordinate with a partner to gather ingredients for your brews\n* Single-player mode: Switch between the twin witches to maximize your efficiency\n\nCo-op mode recommended!  Grab a friend and play together! (Keyboard + Gamepad supported)\n\nScreenshots:\n\n![screenshot_1.png](///raw/b57/z/2167.png)\n![screenshot_2.png](///raw/b57/z/2177.png)\n![screenshot_3.png](///raw/b57/z/2175.png)\n![screenshot_4.png](///raw/b57/z/2172.png)\n\nNote: HTML5 Gamepad support is inconsistent!  Try the downloadable build if you're having issues getting your gamepads to work (or just use keyboard controls).\n\nCurrent world records (Single-player):\n\n\nLevel 1 - 13 potions by DDRKirby(ISQ):\nhttps://www.youtube.com/watch?v=h7i2uVpQyoQ&index=1&list=PL60CnXi9EAVEr36_vdo_FvsSE6gcGteGS\n\nLevel 2 - 13 potions by DDRKirby(ISQ):\nhttps://www.youtube.com/watch?v=yVIzx1secR8&index=2&list=PL60CnXi9EAVEr36_vdo_FvsSE6gcGteGS\n\nLevel 3 - 10 potions by DDRKirby(ISQ):\nhttps://www.youtube.com/watch?v=1Wj8QKqQ2RI&index=3&list=PL60CnXi9EAVEr36_vdo_FvsSE6gcGteGS\n\nLevel 4 - 9 potions by DDRKirby(ISQ):\nhttps://www.youtube.com/watch?v=5RgtMz4jTHk&index=4&list=PL60CnXi9EAVEr36_vdo_FvsSE6gcGteGS\n\nRead the YouTube descriptions for optimization notes and general high scoring strategies!","path":"/events/ludum-dare/38/raven-delivery-service","parents":[1,5,9,9405],"meta":{"grade-07-out":"1","cover":"///content/b57/z/2f6c.png"},"link":{"author":[1883,10122,10169,26068]},"love":0,"notes":16,"notes-timestamp":"2017-05-02T13:39:51Z"}]}