{"status":200,"caller_id":0,"cached":[],"node":[{"id":16435,"parent":9405,"superparent":9,"author":2674,"type":"item","subtype":"game","subsubtype":"jam","published":"2017-04-25T02:23:48Z","created":"2017-04-21T22:05:28Z","modified":"2017-04-25T16:14:24Z","version":66029,"slug":"koffer","name":"Koffer","body":"![Unbenannt.PNG](///raw/27a/z/2195.png)\nHi,\n\nI played by the compo rules but started late, so I had to submit to the jam.\n\n## Controls:\n* Right Mouse Button: orbit camera\n* Left  Mouse Button: place seed (click and **drag**)\n* Escape: quit game\n\n## Links:\n* windows: https://drive.google.com/uc?export=download&id=0BwE_EBbs_eMWRFQ4NTNBei1fODQ\n* twitter: https://twitter.com/pragmascript\n\nhave fun ._)","path":"/events/ludum-dare/38/koffer","parents":[1,5,9,9405],"meta":{"grade-06-out":"1","grade-07-out":"1"},"link":{"author":[2674]},"love":0,"notes":3,"notes-timestamp":"2017-05-02T18:11:03Z"}]}