{"status":200,"caller_id":0,"cached":[],"node":[{"id":15532,"parent":9405,"superparent":9,"author":15474,"type":"item","subtype":"game","subsubtype":"jam","published":"2017-04-24T22:48:32Z","created":"2017-04-21T20:55:57Z","modified":"2017-04-24T22:48:32Z","version":55474,"slug":"2m2v","name":"2M2V","body":"2M2V: Mini Map Warrior\n\n![Vignette_2M2V.png](///raw/27c/3/z/18be.png)\n\nGOAL: Catch Green Sphere Before Bots, Kill Bots\n\nCOMMANDS: Keyboard + Mouse\n\nhttps://geonpi.itch.io/2m2v","path":"/events/ludum-dare/38/2m2v","parents":[1,5,9,9405],"meta":[],"link":{"author":[15474]},"love":0,"notes":0}]}