{"status":200,"caller_id":0,"cached":[],"node":[{"id":15926,"parent":9405,"superparent":9,"author":11424,"type":"item","subtype":"game","subsubtype":"compo","published":"2017-04-23T20:26:56Z","created":"2017-04-21T21:21:33Z","modified":"2017-04-24T09:01:30Z","version":48228,"slug":"escape-from-the-bottle","name":"Escape From The Bottle","body":"![logo.png](///raw/0ac/2/z/365.png)\n\nYour character was put into a small bottle world. Find items to remove obstacles and help him to escape.\n\nI used LD38 as an opportunity to develop my very first game. It was fun and I was able to learn alot.\n\nThe game was developed with the Godot Engine. I never used this engine before LD38. I have to say, it works out better than expected. Sounds was made with [sfxr](http://www.drpetter.se/project_sfxr.html). [VT323](https://fonts.google.com/specimen/VT323) is used as font.\n\nThank you for give it a try. I would be happy about your feedback and appreciate that you take the time to try it.\n\n- **Play** or download on itch.io: https://twaldigas.itch.io/escape-from-the-bottle\n- Source Code: https://github.com/Twaldigas/ludum-dare-38\n\n![screenshot-1.png](///raw/0ac/2/z/302.png)\n\n![screenshot-2.png](///raw/0ac/2/z/303.png)\n\n![screenshot-3.png](///raw/0ac/2/z/304.png)","path":"/events/ludum-dare/38/escape-from-the-bottle","parents":[1,5,9,9405],"meta":{"grade-06-out":"1","cover":"///content/0ac/2/z/3092.png"},"link":{"author":[11424]},"love":0,"notes":2,"notes-timestamp":"2017-05-01T14:31:58Z"}]}