{"status":200,"caller_id":0,"cached":[],"node":[{"id":16510,"parent":9405,"superparent":9,"author":13897,"type":"item","subtype":"game","subsubtype":"jam","published":"2017-04-25T00:15:58Z","created":"2017-04-21T22:11:03Z","modified":"2017-04-27T23:50:51Z","version":70093,"slug":"greenreaper","name":"GreenReaper","body":"A game of a Mantis that has to fight against other bugs.\nMade by me and: @smash\n\nDownload on Gamejolt: http://gamejolt.com/games/GreenReaper/252062\n\nOr on this site: https://joaobandicoot10.wixsite.com/greenreaper","path":"/events/ludum-dare/38/greenreaper","parents":[1,5,9,9405],"meta":[],"link":{"author":[13897,22258]},"love":0,"notes":0}]}