{"status":200,"caller_id":0,"cached":[],"node":[{"id":16715,"parent":9405,"superparent":9,"author":15123,"type":"item","subtype":"game","subsubtype":"jam","published":"2017-04-24T22:28:49Z","created":"2017-04-21T22:28:30Z","modified":"2017-05-01T13:01:39Z","version":74078,"slug":"crustal","name":"Crustal","body":"Coffee Bland's latest batch:\n\n## The last bastion of hope for this small world. \n\nIt must be protected at all costs! Alas, hordes of musterds creep in the shadows...\n\nFollow franctically behind the Crustal as it wobbles along, and try to survive as long as possible. Move with arrow keys and shoot with wasd. \n\nThe game's written in Lua, running on [Löve](https://love2d.org/). You can install it and run love on the .love file. If you're on Windows, download the corresponding zip file and unzip, there is an executable in it. If you're on OSX, download the corresponding zip file and it contains a .app (you'll have to let your computer run it since it's not registered).\n\n\nWhile overall the idea and execution is pretty tame, we're very happy overall with what we've managed (considering we weren't able to work on it the whole weekend, and barely on monday).\n\n## Links\n* [Release](https://github.com/CoffeeBland/ld38-small-world/releases/tag/v0.2-beta)\n* [Source](https://github.com/CoffeeBland/ld38-small-world)\n\n## Gameplay video\nhttps://www.youtube.com/watch?v=Ty2C-OGA4gQ\n\n## Screenshots\n![exhibit a](///raw/31b/3/z/18a2.png)\n![exhibit b](///raw/31b/3/z/18a3.png)","path":"/events/ludum-dare/38/crustal","parents":[1,5,9,9405],"meta":{"grade-06-out":"1","grade-07-out":"1","cover":"///content/04a/6/z/32ee.png"},"link":{"author":[15123,13197,27200]},"love":0,"notes":1,"notes-timestamp":"2017-05-03T21:37:42Z"}]}