{"status":200,"caller_id":0,"cached":[],"node":[{"id":15810,"parent":9405,"superparent":9,"author":1406,"type":"item","subtype":"game","subsubtype":"compo","published":"2017-04-23T22:33:11Z","created":"2017-04-21T21:12:33Z","modified":"2017-04-23T22:50:28Z","version":40221,"slug":"sword-of-xalavus","name":"Swords of Xalavus","body":"![sc_rescaled.png](///raw/e75/z/78c.png)\n\n# Swords of Xalavus\n\n_Swords of Xalavus_ is a simple CRPG made with nothing but HTML5, Typescript and a sprinkling of insanity.\n\n![cover.png](///raw/e75/z/78e.png)\n\n**Note:** There is only one sound effect in the game (For colliding with solid objects) and a single music track - the game is supposed to be mostly silent. \nThe audio that _is_ present doesn't work 100% correctly in Firefox or IE11, but works fine in Chrome and Edge.\n\n### [Play it on itch.io](https://64mega.itch.io/swords-of-xalavus)\n### [Get the Source Code on GitHub](https://github.com/64Mega/LD38SwordsOfXalavus)\n### [Follow @64Mega on Twitter](https://twitter.com/64Mega)\n","path":"/events/ludum-dare/38/sword-of-xalavus","parents":[1,5,9,9405],"meta":{"cover":"///content/e75/z/3897.png"},"link":{"author":[1406]},"love":0,"notes":4,"notes-timestamp":"2017-05-02T23:49:08Z"}]}