{"status":200,"caller_id":0,"cached":[],"node":[{"id":16413,"parent":9405,"superparent":9,"author":1751,"type":"item","subtype":"game","subsubtype":"compo","published":"2017-04-24T00:00:50Z","created":"2017-04-21T22:04:01Z","modified":"2017-04-26T15:25:11Z","version":68223,"slug":"this-is-not-enough-planet","name":"This Is Not Enough Planet!","body":"This is not enough planet! Why do you not have enough planet? You need more planet. Go get more planet.\n\n![ld38_for_ludum_page_01.gif](///raw/7d6/z/16be.gif)\n\n- **Twinstick Arcade Action**: Fly around, dodge bullets and aim at the red stuff.\n- **Watch Your Planet Grow**: Bring back harvested asteroid meat and see the magic of life happen.\n- **Slimy Alien Garden**: Grow things, hatch things, let them work, fight, and die for you.\n- **Working Leaderboards**: Outscore your bad and terrible friends. Powered by Dreamlo!\n\n**Windows:** http://www.dungeonmans.com/ludum/38/win/this_is_not_enough_planet_ld38.zip\n\n**OSX:** http://www.dungeonmans.com/ludum/38/mac/this_is_not_enough_planet_ld38.app\n\n**Linux:** http://www.dungeonmans.com/ludum/38/linux/this_is_not_enough_planet_ld38.rar\n\n**Sauce:** http://www.dungeonmans.com/ludum/38/source/this_is_not_enough_planet_ld38_source.zip\n","path":"/events/ludum-dare/38/this-is-not-enough-planet","parents":[1,5,9,9405],"meta":[],"link":{"author":[1751]},"love":0,"notes":1,"notes-timestamp":"2017-05-01T20:55:39Z"}]}