{"status":200,"caller_id":0,"cached":[],"node":[{"id":16214,"parent":9405,"superparent":9,"author":5328,"type":"item","subtype":"game","subsubtype":"jam","published":"2017-04-24T21:29:33Z","created":"2017-04-21T21:47:25Z","modified":"2017-04-24T21:29:33Z","version":53904,"slug":"save-gaia","name":"Save Gaia","body":"Hey Guys! :grin:\n\n*Save Gaia is a tap game where you need to protect your planet from the invaders that are trying to destroy it's nature resources.*\n\n![Screenshot 2](///raw/0d4/1/z/171f.png)\n\nAs a possible future feature we want to implement new powers, planets and difficult levels.\n\n- [Download Link](https://mega.nz/#!ip5U3CjI!pz7xWgOQE8H-DtYRszmJpz8yliZ0zKg4eyR3TKVxubA)\n- [Source Code](https://mega.nz/#!3kxx2L4Y!O1Kixs0pzJ4DrWsSnmVJqrkSvKmvAPzHbyYVlhp7V-k)\n\n*Instructions:*\n\n- Just download it and execute.\n\n*Controls:*\n\n- WASD - For rotating the planet\n\n- Click like hell!!!\n\n**Thanks for playing.**","path":"/events/ludum-dare/38/save-gaia","parents":[1,5,9,9405],"meta":[],"link":{"author":[5328,16259,16267,16277,16287,27041]},"love":0,"notes":1,"notes-timestamp":"2017-05-02T23:05:18Z"}]}