{"status":200,"caller_id":0,"cached":[],"node":[{"id":15493,"parent":9405,"superparent":9,"author":313,"type":"item","subtype":"game","subsubtype":"jam","published":"2017-04-25T01:39:25Z","created":"2017-04-21T20:54:00Z","modified":"2017-04-25T20:43:31Z","version":66730,"slug":"catsorbed","name":"Catsorbed","body":"![log2.png](///raw/931/z/24ed.png)\n---\n\n## [Get from itch.io (Windows and .love)](https://igorsgames.itch.io/catsorbed)\n\n## [Get from Dropbox (Windows and .love)](https://www.dropbox.com/sh/2puyhojqflwqxoc/AADTJB7u4f6FdqIY7k0hgc90a?dl=0)\n\n## [Web (post-jam)](http://test.ruwhynot.com/projects/ld38-catsorbed/)\n\n---\n**Help a kitten absorbed into the orb toy return home to the mistress! :3**\n\n\n\n**A, D** to move, **W/Space** to jump, **E** to talk, **hold left mouse button** to attract particles, **move mouse** to direct them\n\nPress **2** - to 2x zoom, **3** - to 3x zoom, **4** - to 4x zoom\n\n---\n\n![s1.png](///raw/931/z/24ee.png) \n![s2.png](///raw/931/z/24ef.png) \n![s3.png](///raw/931/z/24f0.png)\n\n---\n\n**Change log**: \n25.04.2017 \n\n- Hotfix: added missing DLLs to run the game\n\n- Post-jam: For some players the jump height was more than by design\n\n---\n\n**Art**: Egor Iv, AnnTenna\n\n**Audio**: Joshua McLean, Nudsmachado\n\n**Code**: Pavel Grebnev, IgorsGames\n\n**Levels**: IgorsGames, Egor Iv, AnnTenna\n\n**Script**: AnnTenna\n\n**Font**: Press Start 2P by codeman38\n\n**Engine**: Love2D + anim8 library by kikito\n\n","path":"/events/ludum-dare/38/catsorbed","parents":[1,5,9,9405],"meta":[],"link":{"author":[8081,9272,13447,20631,3164,313]},"love":0,"notes":5,"notes-timestamp":"2017-05-03T06:31:36Z"}]}