{"status":200,"caller_id":0,"cached":[],"node":[{"id":15620,"parent":9405,"superparent":9,"author":14241,"type":"item","subtype":"game","subsubtype":"compo","published":"2017-04-24T01:42:41Z","created":"2017-04-21T21:00:30Z","modified":"2017-04-26T19:08:51Z","version":68519,"slug":"something-something","name":"Something Something","body":"![LD38_sgstair_screenshot1.png](///raw/1a7/3/z/d3a.png)\n\n## Something Something\n(a.k.a. \"Sometimes stand-in names never get changed before the release\")\n\n## Links\n* Full release (Windows Binaries + source): http://akkit.org/ld48/LD38_sgstair_Release.zip\n* Source only (Compile with monogame): http://akkit.org/ld48/LD38_sgstair_Source.zip\n* Timelapse: https://www.youtube.com/watch?v=USZBEnRs1Xw&feature=youtu.be\n* Most of the process was streamed on twitch, if you're into that sort of thing: https://www.twitch.tv/sgstair/videos/all\n\n\n## Text!\nThis isn't quite a game yet, but it's getting really close to that point.\nI like it a lot anyway, but I wish I had another day or so. Ah well.\n\nThe original idea for this game was to make something like Starcraft, with a really tiny world.\nSome of the more interesting ideas in the space I haven't got around to exploring yet (multi-tile buildings, and taller maps that limit usable land)\n\nThis project was built with MonoGame - It should be portable to other platforms easily (though I haven't tried yet) via rebuild.\n\nControls are mouse only. Generally left drag = move, right drag = rotate camera\nGame mode is pretty standard RTS controls, click on thing, right click on other thing to interact\nIf you save a map in the editor (with two \"center\" structures), the main menu will give you the option to play that.\nNot much else to say, hope you find it interesting.\n\nI had a lot of fun putting this together, and I'm definitely going to continue to develop it after LD - I'm pretty happy with the structure and it will be pretty easy to add more features to it - I just didn't get the heavy lifting in time to start adding all the crazy features I wanted.\n\n","path":"/events/ludum-dare/38/something-something","parents":[1,5,9,9405],"meta":{"cover":"///content/1a7/3/z/3d48.png"},"link":{"author":[14241]},"love":0,"notes":12,"notes-timestamp":"2017-05-04T08:01:07Z"}]}