{"status":200,"caller_id":0,"cached":[],"node":[{"id":15461,"parent":9405,"superparent":9,"author":14124,"type":"item","subtype":"game","subsubtype":"jam","published":"2017-04-25T01:08:48Z","created":"2017-04-21T20:52:11Z","modified":"2017-04-25T01:31:40Z","version":60200,"slug":"snowglobe-1","name":"Snowglobe","body":"Defend the waves of enemies from your Snowglobe! Don't worry, you're not alone, you'll have friends to help you out too!\n![sc1.png](///raw/c27/3/z/1d35.png)  \n  \n![sc3.png](///raw/c27/3/z/1d42.png)\n\nPurchase soldiers to help you fight off the waves of enemies arriving on the ships!\n\nControls:  \n**Mouse Wheel** - Zoom in and Out  \n**Rightclick Drag** - Pan around the world.  \n**M** - Toggle the music on and off.  \n**1, 2, 3** - Quick buy units.  \n  \nLink: <https://fir3will.itch.io/snowglobe>  \nSource Code: https://github.com/Fir3will/LudumDare38/ (Written all in Java, __Swing__)\n","path":"/events/ludum-dare/38/snowglobe-1","parents":[1,5,9,9405],"meta":[],"link":{"author":[14124]},"love":0,"notes":7,"notes-timestamp":"2017-05-04T01:54:11Z"}]}