{"status":200,"caller_id":0,"cached":[],"node":[{"id":15273,"parent":9405,"superparent":9,"author":2636,"type":"item","subtype":"game","subsubtype":"compo","published":"2017-04-23T23:30:11Z","created":"2017-04-21T20:40:51Z","modified":"2017-04-24T19:18:47Z","version":51985,"slug":"little-blast-planet","name":"littleBLASTplanet","body":"# Description\n\n2-Bit Run 'n Gunner where you defend (and escape) tiny planets from rockets and robots. Watch out for spikes!\n\nDeveloped using HaxeFlixel, with graphics from Photoshop and Piskel, music using the Abundent Music Generator and sound effects using BFXR, ChipTone and Audacity.\n\n# Controls\n**Left / Right** - Move\n\n**Left / Right / Up / Down** - Aim\n\n**Z** - Shoot\n\n**X** - Jump\n\n**POST JAM: Gamepad Support added**. Use **D-Pad/Left Stick** to Move/Aim, **A** to Shoot, **B** to Jump, **Right Shoulder** to Restart and **Start** to return to Menu.\n\n# Goal\n\nLast as long as possible. Once you spend 30 seconds on a planet, the self-destruct will begin and you must reach the ESCAPE zone at the bottom of the planet to teleport to the next one.\n\n**Playable on Windows and Web/HTML5**\n\n[**Play On Itch.io**](https://gamepopper.itch.io/littleblastplanet)\n\n\n![LD38-00005.gif](///raw/c4a/z/796.gif)\n\n![LD38-00004.gif](///raw/c4a/z/797.gif)\n\n# PERFORMANCE WARNING\n\nIf the web build appears laggy, I'm aware of it and there is not much I can do other than suggest you download the windows build. Sorry. :(\n\n# Source Code\n\n[GitHub](https://github.com/gamepopper/little-BLAST-planet)\n\n# Social Media\n\n[Twitter](https://twitter.com/gamepopper)\n\n[Site](https://gamepopper.co.uk/)\n\n","path":"/events/ludum-dare/38/little-blast-planet","parents":[1,5,9,9405],"meta":{"grade-06-out":"1","cover":"///content/c4a/z/30a4.png"},"link":{"author":[2636]},"love":0,"notes":24,"notes-timestamp":"2017-05-04T04:38:29Z"}]}