{"status":200,"caller_id":0,"cached":[],"node":[{"id":15688,"parent":9405,"superparent":9,"author":13035,"type":"item","subtype":"game","subsubtype":"compo","published":"2017-04-23T23:28:05Z","created":"2017-04-21T21:04:44Z","modified":"2017-04-30T09:58:14Z","version":71956,"slug":"tiny-world","name":"Tiny World","body":"![Portada.png](///raw/be2/3/z/849.png)\n## Description ##\nIt has been miniaturized while hunting insects, now you need to survive and why not ... catch the insects you encounter along the way.\n\nIt's my first Ludum Dare, and I'm still learning how to make video games.\n\n## Controls ##\n    W/UpArrow: Jump\n    A/LeftArro: Move Left\n    D/RightArrow: Move Right\n    Space/Mouse: Catch Insects\n\n## Tools ##\n    Unity 5.5.1f\n    Photoshop\n    Otomata\n    Bfxr\n\n## Images ##\n![AAAAAAAAAAAAA.jpg](///raw/be2/3/z/853.jpg)\n\n![bbbbbbbbbbbb.png](///raw/be2/3/z/855.png)\n\n## Links ##\n__Game Download:__ https://drive.google.com/file/d/0B-GrTXz0211aV3NPY2pxbEVEb1E/view?usp=sharing\n__Code Download:__ https://drive.google.com/file/d/0B-GrTXz0211aRFJKTUZJZUF1T3c/view?usp=sharing\n__WebGL Game:__ https://clarianaju.itch.io/tinyworld-ld38","path":"/events/ludum-dare/38/tiny-world","parents":[1,5,9,9405],"meta":{"cover":"///content/be2/3/z/391e.png"},"link":{"author":[13035]},"love":0,"notes":3,"notes-timestamp":"2017-05-01T10:57:58Z"}]}