{"status":200,"caller_id":0,"cached":[],"node":[{"id":15517,"parent":9405,"superparent":9,"author":7883,"type":"item","subtype":"game","subsubtype":"compo","published":"2017-04-23T22:31:58Z","created":"2017-04-21T20:55:24Z","modified":"2017-05-03T18:53:25Z","version":78004,"slug":"the-four-tribes","name":"The Four Tribes","body":"![16d2.png](///raw/bce/1/z/310a.png)\n\nIn this strategy game, you have to recruit soldiers and spies, organize your army and fight waves of enemies for the freedom of your small world ! The hex grid is only used to represent the tribes, clicking on it has no effect. Oh, and the game intro looks like the \"Avatar: The Last Airbender\" intro, but that wasn't intentional. :smile:\n\nSorry for the lack of sounds, I planned to add at least a simple music at the end of the compo, but it turned out that I didn't had the time. :cry:\n\nYou need Java 5 or later to play this game and it should works on every OS. Made with these tools:\n- Eclipse\n- paint.net\n- la boîte à couleurs\n- Launch4J\n\nI also used this base code I have created: https://drive.google.com/file/d/0B3cBiLk7wmeKVGhYZUNld1MyT3M/view?usp=sharing\n\nPlease report bugs, typos and bad translations in comments.\n\n**Download:** https://drive.google.com/file/d/0B3cBiLk7wmeKalIxSlJrdnhkYXM/view?usp=sharing\n\n## Changelog :\n1.1 :\n- Translations into English\n- Difficulty and units adjustments\n- Fixed arrow buttons hitbox\n- Fixed a bug which could occur when moving a unit\n\n1.0 :\n- Release of the game for the Ludum Dare Compo","path":"/events/ludum-dare/38/the-four-tribes","parents":[1,5,9,9405],"meta":{"grade-06-out":"1","cover":"///content/bce/1/z/30ff.png"},"link":{"author":[7883]},"love":0,"notes":4,"notes-timestamp":"2017-05-03T18:50:16Z"}]}