{"status":200,"caller_id":0,"cached":[],"node":[{"id":15717,"parent":9405,"superparent":9,"author":8077,"type":"item","subtype":"game","subsubtype":"jam","published":"2017-04-25T02:09:13Z","created":"2017-04-21T21:06:59Z","modified":"2017-04-25T05:32:45Z","version":64309,"slug":"ellipticats","name":"Ellipticats","body":"![18175481_10155285738894329_78342839_o.png](///raw/d8f/1/z/2473.png)\n\n_Ellipticats_ is a 2D physics-based platformer in which you search the galaxy for lost cats. You play as a rover sent by the cat homeworld to retrieve citizens lost in a cat-astrophe of astronomical proportions. Use your wheels and thrusters to hop between planets and reunite a community.\n\n# Links\n\n[Itch page (Web + All Desktop Platforms)](https://hotchk.itch.io/ellipticats)\n\n# Opt-outs\n\nMusic","path":"/events/ludum-dare/38/ellipticats","parents":[1,5,9,9405],"meta":[],"link":{"author":[8077,4153,6059]},"love":0,"notes":8,"notes-timestamp":"2017-05-04T05:29:05Z"}]}