{"status":200,"caller_id":0,"cached":[],"node":[{"id":16256,"parent":9405,"superparent":9,"author":11546,"type":"item","subtype":"game","subsubtype":"compo","published":"2017-04-24T02:03:51Z","created":"2017-04-21T21:50:36Z","modified":"2017-05-02T06:07:35Z","version":76000,"slug":"hassans-ants","name":"Hassan's Ants","body":"![Screenshot from Hassan's Ants](///raw/a1d/2/z/f38.png) \n\n\nHelp Hassan to save his ants.\njust click on the obstacles with the left mouse button to free the way to the ants.\nTheme: a small world\n\nUnity,Paint.Net,sfxr,piskel\n\n*Unfinished game sorry !*\n\n**Links:**\nDownoad: Windows https://drive.google.com/file/d/0B-NhnM0BTefyaV8xcE1abjFtOTQ/view?usp=sharing\nSource: https://drive.google.com/open?id=0B-NhnM0BTefyb21haXhJYTdldDQ!\n\n\nDoktorX\n\n\n","path":"/events/ludum-dare/38/hassans-ants","parents":[1,5,9,9405],"meta":[],"link":{"author":[11546]},"love":0,"notes":5,"notes-timestamp":"2017-05-02T15:21:48Z"}]}