{"status":200,"caller_id":0,"cached":[],"node":[{"id":16357,"parent":9405,"superparent":9,"author":1314,"type":"item","subtype":"game","subsubtype":"compo","published":"2017-04-23T20:57:52Z","created":"2017-04-21T21:59:02Z","modified":"2017-05-02T07:20:04Z","version":76049,"slug":"near-kingdoms","name":"Near kingdoms","body":"![401.gif](///raw/225/z/5c1.gif)\n\n\n\nThis is my second LD entry, I hope you will enjoy it. It is simple tower deffense game, when you gather wood from trees, and buy units for it. There are two castles, first is yours, and second is control by computer. You can pick one of four diffuclity, and try defeat enemy castle.\n\n- Play: [WEB](https://hadikcz.github.io/LudumDare38_Near_kingdoms/)\n- SourceCode: https://github.com/hadikcz/LudumDare38_Near_kingdoms\n\n# Tutorial\n![tutorial.jpg](///raw/225/z/387c.jpg)\n\n# Gameplay & timelapse\n[Gameplay](https://www.youtube.com/watch?v=0iAVMDoZKGM&feature=youtu.be)\n[Timelapse](https://www.youtube.com/watch?v=ZfOWMvjXsiU)\n\n# Screenshots\n![Screenshot_2.jpg](///raw/225/z/5da.jpg)\n![Screenshot_5.jpg](///raw/225/z/5dc.jpg)\n![Screenshot_1.jpg](///raw/225/z/5dd.jpg)\n\n# Changelog\nAll changes you can verify and track in the GitHub repo.\n\n25.4. BUGFIX - Make all diffucilty easier, because all include easy diffuclty is still hard. Now easy difficulty should be really easy\n","path":"/events/ludum-dare/38/near-kingdoms","parents":[1,5,9,9405],"meta":{"cover":"///content/225/z/2fb7.jpg"},"link":{"author":[1314]},"love":0,"notes":46,"notes-timestamp":"2017-05-02T09:16:28Z"}]}