{"status":200,"caller_id":0,"cached":[],"node":[{"id":16533,"parent":9405,"superparent":9,"author":15000,"type":"item","subtype":"game","subsubtype":"jam","published":"2017-04-25T02:35:23Z","created":"2017-04-21T22:12:41Z","modified":"2017-05-02T16:18:47Z","version":76747,"slug":"skylets","name":"Skylets","body":"![cover_title_smaller_Updated.jpg](///raw/89a/3/z/2557.jpg)\n\nA game by a small group from o7studios.\n  \nThe game is a planet based - resource collecting - 3D platformer, you play as a collector hired to visit the planets that are being torn apart by \"the company\". An unfourtunate side effect of this mining is that the planets become unstable and cannot hold themselves together! You must reach the **(YELLOW HIGHLIGHTED)** escape rock before the planet goes critical!!!\n  \nGoodluck o7!\n  \nP.S - There is a secret planet...\n\n## Links\n* Windows: https://drive.google.com/uc?export=download&id=0B4LCBd84TDvwOWZqbzl0Zzk1U1U\n* Mac: https://drive.google.com/uc?export=download&id=0B4LCBd84TDvwNTlVV3RkSFdUbVU\n\nKeyboard:\nJump - Space  \nMove - WASD  \nInteract - F  \nCentre Camera - Shift  \n\nController:\nJump - A  \nMove - Joystick  \nInteract - B  \nCentre Camera - Left Bumper  \n\nHere is some gameplay : http://i.imgur.com/FWkrR2g.gifv\n![Title.png](///raw/89a/3/z/22a1.png)\n![Planet1.png](///raw/89a/3/z/22a2.png)\n![Blastoff!.png](///raw/89a/3/z/22a4.png)\n![CreditsSmall.jpg](///raw/89a/3/z/22fa.jpg)","path":"/events/ludum-dare/38/skylets","parents":[1,5,9,9405],"meta":{"cover":"///content/89a/3/z/326f.jpg"},"link":{"author":[15000,22058,19384,15003,14622,22116,19411,23389]},"love":0,"notes":28,"notes-timestamp":"2017-05-03T17:05:58Z"}]}