{"status":200,"caller_id":0,"cached":[],"node":[{"id":16618,"parent":9405,"superparent":9,"author":10332,"type":"item","subtype":"game","subsubtype":"jam","published":"2017-04-25T00:17:46Z","created":"2017-04-21T22:21:15Z","modified":"2017-05-02T08:46:16Z","version":76143,"slug":"comme-le-monde-est-petit-smalltalk-supermarket","name":"\"Comme le monde est petit ! \" Smalltalk Supermarket","body":"![Capture2.PNG](///raw/c58/2/z/1bf0.png)\n\n![Untitled-1.png](///raw/c58/2/z/2aea.png)\n\nThe supermarket is almost closing and you don't have much time to find all you need. But what a small world ! like if the time and your son, shaking the shopping cart for candies wasn't enough, you need to avoid the people you know in the supermarket. Will you be able to finish your shopping list and go to the cash register before the supermarket close ? \n\nWe take the expression \"what a small world\" as our theme. We hoped to have more people and more dialogs in the game but that's the game jam spirit :p\n\nYou need to grab object and put them in your shoping cart to check everything on your list. When done, go to the cash register to exit the level. If you spend too much time with your son next to the candies, he might become a bit nervous, a good punch might help you. \n\nBecause, bacon is hard to find in the game, here is an image of what is bacon in the bacon but don't look at bacon at all :p \n\n![bacon.PNG](///raw/c58/2/z/38d8.png)\n\nA game made with love by:\nCharles Taieb,\nRenaud Wintzer,\nGuillaume Martini,\n and Marilyn Bertelle\n\nControls :\n\nArrow or WASD : Move your cart\n\nLeft Mouse Clic : Throw your hand to grab object or slap people\n\nRight Mouse Clic : Change from free rotation to locked rotation of your head.\n\nFIXED VERSION : The kid wasn't working ( bad layers), the mission UI was showing only 3 missions not 5, Improve the readability of how to play screen. i corrected some colliders size who was too big for the cart.  \n\nDOWNLOAD THE FIXED PC VERSION : https://goo.gl/h1XxTR\n\nDOWNLOAD THE FIXED MAC VERSION (UNTESTED) : https://goo.gl/MxKyN9\n\nDOWNLOAD THE ORIGINAL PC VERSION: https://goo.gl/C7Iwxw","path":"/events/ludum-dare/38/comme-le-monde-est-petit-smalltalk-supermarket","parents":[1,5,9,9405],"meta":{"cover":"///content/c58/2/z/38b7.png","grade-06-out":"1"},"link":{"author":[10332,24093]},"love":0,"notes":8,"notes-timestamp":"2017-05-03T18:35:59Z"}]}