{"status":200,"caller_id":0,"cached":[],"node":[{"id":16321,"parent":9405,"superparent":9,"author":11313,"type":"item","subtype":"game","subsubtype":"jam","published":"2017-04-24T21:43:58Z","created":"2017-04-21T21:55:43Z","modified":"2017-04-24T21:43:58Z","version":54166,"slug":"dr-zorongo","name":"Dr. Zorongo","body":"![ImagenZorongo.png](///raw/13c/2/z/178c.png)\n\nEven in the tiniest of worlds a poop with a PhD can triumph.\n\n**Link/Devlog:** http://gamejolt.com/games/drzorongo/251424\n\n\n*Trini Hato*: Artist/3D Modeling/Development - https://twitter.com/trinihc\n\n*Alejandro Martín* - Sound/Music\n\n*Iván Moreno*: 3D Modeling/Animation/Development - https://twitter.com/ivamorlor\n\n*Andrés Rodero*: Programming/Development - https://twitter.com/Lord_Pelos\n\nMade for the #LudumDareGameJam38 #LD38 #LDJAM","path":"/events/ludum-dare/38/dr-zorongo","parents":[1,5,9,9405],"meta":{"cover":"///content/13c/2/z/3977.png"},"link":{"author":[11313,11678,23001]},"love":0,"notes":11,"notes-timestamp":"2017-05-03T23:04:47Z"}]}