{"status":200,"caller_id":0,"cached":[],"node":[{"id":15489,"parent":9405,"superparent":9,"author":7184,"type":"item","subtype":"game","subsubtype":"compo","published":"2017-04-24T02:46:05Z","created":"2017-04-21T20:53:47Z","modified":"2017-05-01T20:01:37Z","version":75217,"slug":"snowglobe-warrior","name":"SnowGlobe Warrior","body":"![ld38-02.jpg](///raw/01c/1/z/c83.jpg)\n## SnowGlobe warrior is a game about being stuck inside a snow globe, and fighting enemies made out of the snow to survive.\n![ld38-03.jpg](///raw/01c/1/z/ca4.jpg)\n# Enemies\n#### Snowman:\nRuns around quickly and once it gets to you swings its arms to deal 1 damage to you.\nHas 6 health. (3 punch to kill)\n\n#### Frost Mage:\nHas a slightly slower move speed than the snowman. Runs to the player and casts a spell around itself dealing 2 damage.\nHas 8 health. (4 punch to kill)\n\n#### Snowball:\nMoves very slowly and prefers to stay at a distance. Once within range, will start spewing snowballs out of its mouth at the player dealing 1 damage.\nHas 2 health. (2 punch to kill)\n\n![ld38-04.jpg](///raw/01c/1/z/d50.jpg)\n# The Boss Fight\nThe third stage of the game (it is split into 3 stages) is a boss fight where you fight that ugly tentacle monster in the picture. The monster spawns weakpoints on either side of itself which the player can attack dealing 2 damage (20 total health). The monster will slap itself down on that side of it and a new weakpoint will appear on the other side. While this is happening enemies are also spawning from the other 2 spawn points. This fight ends when the boss is dead and the remaining enemies are killed as well.\n\n# Controls\nMOVING: arrow keys\nPUNCH: 'Z'\nDODGE: 'X'\nSWORD: 'C'\n\n# LINKS:\nWINDOWS:\nhttps://allwoodgamedev.itch.io/snowglobe-warrior\n\nSOURCE:\nhttps://www.dropbox.com/sh/ho5uetoupdam8j4/AACIystcIg5h-f7hBPaIES48a?dl=0","path":"/events/ludum-dare/38/snowglobe-warrior","parents":[1,5,9,9405],"meta":{"cover":"///content/01c/1/z/362d.jpg"},"link":{"author":[7184]},"love":0,"notes":2,"notes-timestamp":"2017-05-01T22:24:20Z"}]}