{"status":200,"caller_id":0,"cached":[],"node":[{"id":16283,"parent":9405,"superparent":9,"author":6656,"type":"item","subtype":"game","subsubtype":"jam","published":"2017-04-24T19:48:37Z","created":"2017-04-21T21:52:32Z","modified":"2017-04-24T19:48:37Z","version":52334,"slug":"in-a-nutshell","name":"In A Nutshell","body":"![Capture.JPG](///raw/00a/1/z/14ea.jpg)\n\nFight your way through waves of red ants ! You have to scavenge boat parts with your harpoon to create an army strong enough to get a foot on dry land.\n\nControls : \n\nUp or W : Harpoon goes up\n\nDown or S : Harpoon goes down\n\nSpace : Harpoon goes vroooom\n\n\nMade in 48h by Amélie Guinet (art) & David \"Kyrmaal\" Zennaro (programming)\n\n**LINKS**\n\nHTML5 & Windows Download : https://kyrmaal.itch.io/in-a-nutshell\n","path":"/events/ludum-dare/38/in-a-nutshell","parents":[1,5,9,9405],"meta":[],"link":{"author":[6656,26748]},"love":0,"notes":2,"notes-timestamp":"2017-05-03T19:24:55Z"}]}