{"status":200,"caller_id":0,"cached":[],"node":[{"id":16363,"parent":9405,"superparent":9,"author":12889,"type":"item","subtype":"game","subsubtype":"jam","published":"2017-04-25T07:01:41Z","created":"2017-04-21T21:59:39Z","modified":"2017-04-25T07:01:41Z","version":64502,"slug":"firus","name":"Firus!","body":"![SS.png](///raw/952/3/z/24a9.png)\n\n[download link](http://moiensaboohi.ir/wp-content/uploads/Firus.zip)","path":"/events/ludum-dare/38/firus","parents":[1,5,9,9405],"meta":[],"link":{"author":[12889,13485,15148]},"love":0,"notes":6,"notes-timestamp":"2017-05-01T09:16:01Z"}]}