{"status":200,"caller_id":0,"cached":[],"node":[{"id":15548,"parent":9405,"superparent":9,"author":10510,"type":"item","subtype":"game","subsubtype":"jam","published":"2017-04-24T22:33:29Z","created":"2017-04-21T20:56:42Z","modified":"2017-04-25T15:14:43Z","version":65822,"slug":"wrap","name":"WRAP","body":"[![Screenshot from 2017-04-24 22-11-30.png](///raw/e09/2/z/1709.png)](https://coolandgood.github.io/game/export/html5/bin/index.html)\n\n## **[Play it online! :tada:](https://coolandgood.github.io/game/export/html5/bin/index.html)**\n\nWRAP is a little puzzle game where the edges of the level wrap. [It's open source, too.](https://github.com/coolandgood/game)\n\n### How to control the thing\n- arrow keys\n- `m` to mute music :musical_note:\n\n### People who made the thing\n- [alex](http://lightblub.xyz) wrote most of the code since he's the only one who knows what he's doing.\n- [josh](https://git.io/v9L7d) gave us an idea and made all the art and concepts for it\n- [init](https://git.io/v9L7Q) wrote a bunch of terrible code and also made art\n- [liam](https://git.io/v9L7S) fixed all the bugs in init's terrible code\n- [quat](https://ldjam.com/users/quat/) made a level and gave some quality-of-life feedback\n- everybody made levels <3\n- [eq](https://git.io/v9LAc) did nothing but still wanted credit\n- we ~~stole~~ got the music from an awesome guy called [505](http://fiveofive-music.com/)\n\n### Play the thing\nIf you didn't notice above, the game can be played using the magic of HTML5. **[Play it!](https://coolandgood.github.io/game/export/html5/bin/index.html)**\n\n### A picture of the thing\n![Screenshot from 2017-04-23 10-25-57.png](///raw/e09/2/z/1713.png)\n\nThis was the first Ludum Dare any of us did. Hopefully it worked out!","path":"/events/ludum-dare/38/wrap","parents":[1,5,9,9405],"meta":{"grade-06-out":"1","grade-07-out":"1","cover":"///content/e09/2/z/2f7a.png"},"link":{"author":[10510,10557]},"love":0,"notes":13,"notes-timestamp":"2017-05-04T06:29:09Z"}]}