{"status":200,"caller_id":0,"cached":[],"node":[{"id":16210,"parent":9405,"superparent":9,"author":9443,"type":"item","subtype":"game","subsubtype":"jam","published":"2017-04-25T00:01:21Z","created":"2017-04-21T21:47:06Z","modified":"2017-05-01T10:12:16Z","version":73602,"slug":"tommys-shrinking-world","name":"Tommy's Shrinking World","body":"A simple platformer game, where you are trying to escape from old ruins while the environment around you keeps shrinking more and more.\n\nLink : https://mrxedac.itch.io/tommy","path":"/events/ludum-dare/38/tommys-shrinking-world","parents":[1,5,9,9405],"meta":{"grade-06-out":"1","cover":"///content/3e4/2/z/3139.png"},"link":{"author":[9443,9584,9609,10939,11137,11311,12571]},"love":0,"notes":1,"notes-timestamp":"2017-04-26T12:45:47Z"}]}