{"status":200,"caller_id":0,"cached":[],"node":[{"id":15704,"parent":9405,"superparent":9,"author":14061,"type":"item","subtype":"game","subsubtype":"jam","published":"2017-04-24T23:56:38Z","created":"2017-04-21T21:06:04Z","modified":"2017-04-25T14:45:19Z","version":65739,"slug":"small-world-war","name":"Small World War","body":"![swwCover.jpg](///raw/de6/3/z/25ca.jpg)\n\nSmall world war is a game that takes place in the imagination of a young boy playing with his toys. instead of doing his homework, you play as one of the imaginary toy soldiers fighting off hordes of enemies on a great desk battlefield with a dollhouse-castle “loaned” from your little sister. You get to recruit more toy soldiers to help you defend the castle and install battle-defenses to keep the swathing enemies away. You win if you withstand 20 rounds and lose if every single one of your allies die. After a round has passed you receive loot from which you can purchase upgrades and recruit more allies with.\n\nWe had a blast making this game and are pretty proud of ourselves over what we accomplished on the time we were given. our group consisted of one programmer, two modelers and one idea-guy/moral-support. Every asset except the music and sound effects were created by us during the 72 hours, and we are already really looking forward to the next gamejam!   \n\n______________________________________\n\nTools: Unity 5, Photoshop, Blender, Audacity \n______________________________________\n\nDIRECTIONS: \nAfter pressing the play button you will be presented with an in-game menu, this is where you do your pre-battle upgrades and recruiting. You are given 5 actions points with which you can spend on creating more defenses, upgrading existing defenses or go out looking for loot. On the right side of the screen you can see how much loot you currently have. The buttons have their loot costs right next to them. Buying units don’t cost action points and only show how many you have in reserve (not units currently stationed in their respective battlestations). Soldiers killed in battle will be replaced with the soldiers you have in reserve so it is wise to try and keep a healthy supply of soldiers up. When you feel like you are ready to fight you simply pressll\n\n## Links\n * Windows: https://simex.itch.io/small-world-war\n\n![swwGame.jpg](///raw/de6/3/z/25cb.jpg)","path":"/events/ludum-dare/38/small-world-war","parents":[1,5,9,9405],"meta":{"cover":"///content/de6/3/z/34c9.jpg","grade-06-out":"1"},"link":{"author":[14061,15718,15758]},"love":0,"notes":1,"notes-timestamp":"2017-05-01T03:46:54Z"}]}