{"status":200,"caller_id":0,"cached":[],"node":[{"id":16227,"parent":9405,"superparent":9,"author":7477,"type":"item","subtype":"game","subsubtype":"jam","published":"2017-04-23T22:26:16Z","created":"2017-04-21T21:48:29Z","modified":"2017-05-03T20:08:21Z","version":78070,"slug":"flerth","name":"Flerth","body":"___\n![gamejolt_banner_alt01.png](///raw/5da/3/z/2828.png)\n___\n\nThe Peeps live about their happy, banal lives day by day, safe in the knowledge their wee world is round. It’s not. Don’t let them find out or the knowledge will eventually, literally blow their tiny minds. Keep them from the edge until they lose interest. It’s for their own good.\n\n___\n# CONTROLS\n___\n- Left click to pickup Peeps and left click again to set them down\n- Right click to SMASH!\n\nKeep your panicked peeps from reaching the city.\n\n![FlerthGameplay.gif](///raw/53d/1/z/881.gif)\n\n\n___\n# Play\n___\n## [Web version & download version on Alexander Birke's Gamejolt](http://gamejolt.com/games/flerth/251446)\n\n## [Web version on Team Gormless' Itch](https://teamgormless.itch.io/flerth)\n\n\n___\n# Screenshots\n___\n\n![Screenshot 2017-04-23 22.06.49.png](///raw/53d/1/z/776.png)\n\n![Screenshot 2017-04-23 22.07.17.png](///raw/53d/1/z/77a.png)\n\n![Screenshot 2017-04-23 22.07.41.png](///raw/53d/1/z/77d.png)\n\n![Screenshot 2017-04-23 22.06.02.png](///raw/53d/1/z/77c.png)\n\n___\n# CREDITS\n___\nCreated by [Alexander Birke](https://twitter.com/AlexanderBirke), [Jamie Lewis](https://twitter.com/Druidling) and [Daisy Spiers](https://twitter.com/DaisySpiers)\n\nMusic from [Kevin MacLeod](http://incompetech.com/)\n\nSound effects from guitarguy1985, Flasher21, Slave2theLight, RSilveira_88, claracarpintero, TreasureSounds, and Pinball_Wizz at [freesound.com](freesound.com)\n","path":"/events/ludum-dare/38/flerth","parents":[1,5,9,9405],"meta":{"cover":"///content/5da/3/z/3178.png","grade-06-out":"1"},"link":{"author":[7477,16292,15061]},"love":0,"notes":7,"notes-timestamp":"2017-05-03T16:49:18Z"}]}