{"status":200,"caller_id":0,"cached":[],"node":[{"id":15628,"parent":9405,"superparent":9,"author":11154,"type":"item","subtype":"game","subsubtype":"compo","published":"2017-04-23T20:54:47Z","created":"2017-04-21T21:00:54Z","modified":"2017-04-23T23:09:47Z","version":40556,"slug":"smallworld","name":"i","body":"![GameJoltSmallWorld.png](///raw/29b/2/z/878.jpg)\n\nTake Place in trying to destroy the evil probes!\n\n\n\nLinks\nGame : http://gamejolt.com/games/I/251746   \n\n\n \nCode : https://github.com/Jeffhardddyyy/Ludum-Dare-38","path":"/events/ludum-dare/38/smallworld","parents":[1,5,9,9405],"meta":[],"link":{"author":[11154]},"love":0,"notes":1,"notes-timestamp":"2017-04-23T20:55:30Z"}]}