{"status":200,"caller_id":0,"cached":[],"node":[{"id":150980,"parent":139254,"superparent":9,"author":12090,"type":"item","subtype":"game","subsubtype":"jam","published":"2019-04-30T00:50:15Z","created":"2019-04-27T22:02:14Z","modified":"2019-04-30T00:54:44Z","version":457032,"slug":"butt-poke","name":"Butt Poke","body":"![Screenshot from 2019-04-29 21-35-45.png](///raw/a3f/2/z/22e55.png)\n\n# Butt Poke\n\nYou're the devil's employee. Your job is to torture souls (by poking their butts with a trident) that owe something to him, as he's in debt. \n\nMake sure to do it fast, or else, you might *make the boss angry*.\n\n\n\n![Screenshot from 2019-04-29 21-36-52.png](///raw/a3f/2/z/22e59.png)\n\n![sssssssssssds.png](///raw/a3f/2/z/22e5b.png)\n\n\n**Controls**\n\n_Movement:_ WASD\n\n_Hook:_ Left Click\n\n_Poking:_ Automatic :trident: \n\n","meta":{"author":[12090,84868],"link-01-tag":[50],"link-01":"https://github.com/guilhermehto/ludum-dare-44","link-02":"https://enumox.itch.io/butt-poke","link-02-tag":[42336],"link-03":"https://enumox.itch.io/butt-poke","link-03-tag":[42337],"link-04":"https://enumox.itch.io/butt-poke","link-04-tag":[42339],"link-05":"https://enumox.itch.io/butt-poke","link-05-tag":[42341],"cover":"///content/a3f/2/z/23157.png"},"path":"/events/ludum-dare/44/butt-poke","parents":[1,5,9,139254],"love":0,"notes":19,"notes-timestamp":"2019-05-09T07:09:50Z","grade":{"grade-01":23,"grade-02":23,"grade-03":23,"grade-04":23,"grade-05":23,"grade-06":23,"grade-07":22,"grade-08":22},"magic":{"cool":94.077493124783,"feedback":14,"given":19.25,"grade":22.75,"grade-01-average":3.476,"grade-01-result":522,"grade-02-average":3.595,"grade-02-result":275,"grade-03-average":3.357,"grade-03-result":340,"grade-04-average":2.238,"grade-04-result":1112,"grade-05-average":3.286,"grade-05-result":700,"grade-06-average":2.595,"grade-06-result":638,"grade-07-average":3.675,"grade-07-result":136,"grade-08-average":3.2,"grade-08-result":654,"smart":7.4172311059149}}]}