{"status":200,"caller_id":0,"cached":[],"node":[{"id":152600,"parent":139254,"superparent":9,"author":144890,"type":"item","subtype":"game","subsubtype":"compo","published":"2019-04-29T00:59:49Z","created":"2019-04-29T00:47:57Z","modified":"2019-04-29T01:53:22Z","version":446098,"slug":"60-days-till-summer","name":"60 Days Till Summer","body":"![DaysTillSummer.jpg](///raw/af5/32/z/218f3.jpg)\n\nA text-based game where you, as a school kid, put your heart into everyday events in hope of surviving until summer break comes around.\n\nThe game _never got finished_, but should hopefully still be fun to play around with. Choices you make will affect your stats, which again will have an impact on events and happenings.","meta":{"author":[144890],"allow-anonymous-comments":"1","grade-06-out":"1","link-01":"http://www.mediafire.com/file/g36b4j48e61dd6t/daystillsummer_game.zip/file","link-01-tag":[42337],"link-02":"https://www.mediafire.com/file/brk317hrtulp9wq/daystillsummer_source.zip/file","link-02-tag":[42332],"cover":"///content/af5/32/z/217cc.jpg","link-03":"https://fnkee.itch.io/60-days-till-summer","link-03-tag":[42336]},"path":"/events/ludum-dare/44/60-days-till-summer","parents":[1,5,9,139254],"love":0,"notes":16,"notes-timestamp":"2019-05-08T19:05:17Z","grade":{"grade-01":22,"grade-02":22,"grade-03":22,"grade-04":22,"grade-05":23,"grade-07":21,"grade-08":21},"magic":{"cool":97.909176773946,"feedback":19,"given":17.375,"grade":21.857142857143,"grade-01-average":2.975,"grade-01-result":403,"grade-02-average":2.75,"grade-02-result":410,"grade-03-average":2.8,"grade-03-result":356,"grade-04-average":3.275,"grade-04-result":265,"grade-05-average":3.071,"grade-05-result":335,"grade-07-average":3.026,"grade-07-result":161,"grade-08-average":3.211,"grade-08-result":208,"smart":9.6392574453281}}]}