{"status":200,"caller_id":0,"cached":[],"node":[{"id":153206,"parent":139254,"superparent":9,"author":2093,"type":"item","subtype":"game","subsubtype":"jam","published":"2019-04-30T00:14:29Z","created":"2019-04-29T15:20:51Z","modified":"2019-04-30T03:28:56Z","version":461553,"slug":"boat","name":"РабBoata","body":"![oP9nC5.jpg](///raw/d28/z/22cfe.jpg)\n![leshka_Montazhnaya_oblast_1 (0-00-00-00).jpg](///raw/d28/z/21f41.jpg)\nРабboata is a slavers galley simulator. You play as a slave overseer and have to use your crew motivating skills to control different members of the ship in order to maneuver across the sea and fight other ships. \nWhen your ship takes damage you lose some of your employees. This reduces the performance of your ship. After you destroy an enemy ship, the survivors become your new recruts, filling the vacant seats in your team.\n\nControls:\nPress W/S to move\nHold Left/Right Mouse button to motivate people on port/startboard side of ship.","meta":{"author":[2093,145653,143642],"cover":"///content/d28/z/21f3e.jpg","link-01-tag":[42336],"link-02-tag":[42337],"link-01":"https://iron-games.itch.io/rabboata","link-02":"https://drive.google.com/file/d/1aHRvhg2t5F6FKF28iqZYj-A1Y9SA5hGX/view?usp=sharing","link-01-name":"A little big laggy, but it's web","link-02-name":"Better performance, but need to download"},"path":"/events/ludum-dare/44/boat","parents":[1,5,9,139254],"love":0,"notes":12,"notes-timestamp":"2019-05-12T12:33:51Z","grade":{"grade-01":26,"grade-02":26,"grade-03":27,"grade-04":27,"grade-05":27,"grade-06":27,"grade-07":27,"grade-08":27},"magic":{"cool":111.91189322257,"feedback":8,"given":32.25,"grade":26.75,"grade-01-average":3.292,"grade-01-result":705,"grade-02-average":3.083,"grade-02-result":722,"grade-03-average":3.1,"grade-03-result":553,"grade-04-average":2.88,"grade-04-result":917,"grade-05-average":2.8,"grade-05-result":924,"grade-06-average":2.84,"grade-06-result":580,"grade-07-average":3.22,"grade-07-result":317,"grade-08-average":3,"grade-08-result":777,"smart":15.337558035438}}]}