{"status":200,"caller_id":0,"cached":[],"node":[{"id":141515,"parent":139254,"superparent":9,"author":74837,"type":"item","subtype":"game","subsubtype":"jam","published":"2019-04-29T21:21:43Z","created":"2019-04-12T18:16:35Z","modified":"2019-04-29T23:11:56Z","version":454324,"slug":"whipout","name":"Whipout","body":"\"Whipout\" is a challenging, 2D platformer game with excessive gore. The game is set on a stage where your life depends on you completing the course (that is if you don't lose your life on the way through). Enjoy a quick paced, challenging platformer with obstacles, traps and great sound effects!\n\nControls are:\n* WASD or arrow keys for movement\n* W or up for jumping\n* S or down for ducking\n\n![game.gif](///raw/554/21/z/22946.gif)","meta":{"author":[74837,53097,141683,143020],"link-01-tag":[42336],"cover":"///content/554/21/z/21bfd.png","link-01":"https://danielbeck.itch.io/ld-44","link-02":"https://danielbeck.itch.io/ld-44","link-02-tag":[42337]},"path":"/events/ludum-dare/44/whipout","parents":[1,5,9,139254],"love":0,"notes":28,"notes-timestamp":"2019-05-25T19:23:24Z","grade":{"grade-01":48,"grade-02":48,"grade-03":48,"grade-04":47,"grade-05":46,"grade-06":46,"grade-07":45,"grade-08":46},"magic":{"cool":101.49160777171,"feedback":29,"given":47.125,"grade":46.75,"grade-01-average":3.25,"grade-01-result":745,"grade-02-average":3.424,"grade-02-result":433,"grade-03-average":2.098,"grade-03-result":1141,"grade-04-average":1.844,"grade-04-result":1157,"grade-05-average":2.716,"grade-05-result":954,"grade-06-average":3.057,"grade-06-result":516,"grade-07-average":2.965,"grade-07-result":468,"grade-08-average":2.83,"grade-08-result":902,"smart":14.203012404787}}]}