{"status":200,"caller_id":0,"cached":[],"node":[{"id":150689,"parent":139254,"superparent":9,"author":142465,"type":"item","subtype":"game","subsubtype":"jam","published":"2019-04-30T01:59:56Z","created":"2019-04-27T17:49:15Z","modified":"2019-05-03T20:48:35Z","version":471094,"slug":"current-ce-1","name":"Current_CE","body":"This is our first Ludum Dare Game Jam launch!\n\n## Ludum Dare Theme: \"Life is Currency\"\n\nWith some random Google searches, and a stroke of creative luck, 44's theme turned us to the saying of ** _ \"Dead Batteries Bounce\". _ ** \nThe more energy you have, the safer you are from death...but to bounce over hazards you'll need to spend some electric current...cy! ;)\n\n** Get to the \"Current_CE Cart\" with as much energy in your battery as possible… **\n\n** ...because in this game... your life IS currency!! **\n\n![SCREEN SHOT - Battery Army COMP 1920x1080.png](///raw/18c/22/z/243be.png)\n\n\n\n![Build Screenshot 2019.04.29 - 23.04.19.91.png](///raw/18c/22/z/239cf.png)\n\n\n\n![Build Screenshot 2019.04.29 - 23.04.22.25.png](///raw/18c/22/z/239d0.png)\n\n\n\n![Build Screenshot 2019.04.29 - 23.05.20.93.png](///raw/18c/22/z/239d1.png)\n\n\n\n![tunnel SCREENSHOT.png](///raw/18c/22/z/243d2.png)\n\n## The Team:\n   - Coding: Ethan Hooper\n   - Art/Sound: Eli Hooper\n\n## Known Issues:\n   - Battery gets stuck a the \"Cart Acceptance Stage\" [Working on it :)]","meta":{"author":[142465],"cover":"///content/18c/22/z/243a1.png","link-01":"https://zoneoutapps.itch.io/current-ce","link-01-tag":[42337],"link-02":"https://zoneoutapps.itch.io/current-ce","link-02-tag":[42336]},"path":"/events/ludum-dare/44/current-ce-1","parents":[1,5,9,139254],"love":0,"notes":63,"notes-timestamp":"2019-05-16T05:00:30Z","grade":{"grade-01":62,"grade-02":61,"grade-03":62,"grade-04":63,"grade-05":62,"grade-06":61,"grade-07":57,"grade-08":60},"magic":{"cool":129.09944487358,"feedback":73,"given":117,"grade":61,"grade-01-average":3.325,"grade-01-result":672,"grade-02-average":3.136,"grade-02-result":680,"grade-03-average":3.467,"grade-03-result":267,"grade-04-average":3.607,"grade-04-result":347,"grade-05-average":3.508,"grade-05-result":562,"grade-06-average":3.288,"grade-06-result":391,"grade-07-average":3.082,"grade-07-result":385,"grade-08-average":3.276,"grade-08-result":586,"smart":19.081181841853}}]}