{"status":200,"caller_id":0,"cached":[],"node":[{"id":152712,"parent":139254,"superparent":9,"author":146338,"type":"item","subtype":"game","subsubtype":"jam","published":"2019-04-29T05:31:37Z","created":"2019-04-29T01:38:56Z","modified":"2019-04-30T02:46:42Z","version":461217,"slug":"minimum-viable-piggy","name":"Minimum Viable Piggy","body":"Minimum Viable Piggy is our submission for the Ludum Dare 44 Game Jam. Follow Hamilton the Pig on his journey through the kitchen and battle the chefs trying cook our portly porker before he gets all the truffles they have! Our pig is constantly on the move and needs the truffles to stay alive, the skinnier the swine, the faster he's determined to get his snacks. But watch out, don't be too greedy or our bloated boar will slow down, making it easier for tonight's dinner to be a luau!\n\nControls:\n- Enter: Start the game\n- Arrow Keys or WASD : Move the pig around\n- Space: jump\n- Shift or F: attack\n\nThanks for playing! :pig: \n\nNote: we had to make a small modification after the deadline due to a broken warp point. ","meta":{"author":[146338,145509,141208,144757],"cover":"///content/2ab/32/z/219a5.png","link-01-tag":[42332],"link-01":"https://gitlab.com/ludumdare44/staring_vacantly","link-01-name":"Godot Source","link-02":"https://kamkranse.itch.io/minimum-viable-piggy","link-02-tag":[42337],"link-03":"https://kamkranse.itch.io/minimum-viable-piggy","link-03-tag":[42339],"link-04":"https://kamkranse.itch.io/minimum-viable-piggy","link-04-tag":[42341]},"path":"/events/ludum-dare/44/minimum-viable-piggy","parents":[1,5,9,139254],"love":0,"notes":12,"notes-timestamp":"2019-05-02T15:02:05Z","grade":{"grade-01":22,"grade-02":22,"grade-03":21,"grade-04":22,"grade-05":22,"grade-06":22,"grade-07":22,"grade-08":22},"magic":{"cool":91.232413611683,"feedback":24,"given":17.375,"grade":21.875,"grade-01-average":3.625,"grade-01-result":359,"grade-02-average":3.525,"grade-02-result":337,"grade-03-average":2.868,"grade-03-result":800,"grade-04-average":3.1,"grade-04-result":752,"grade-05-average":3.5,"grade-05-result":563,"grade-06-average":3.575,"grade-06-result":264,"grade-07-average":3.9,"grade-07-result":64,"grade-08-average":3.2,"grade-08-result":654,"smart":14.579630040037}}]}