{"status":200,"caller_id":0,"cached":[],"node":[{"id":145002,"parent":139254,"superparent":9,"author":125753,"type":"item","subtype":"game","subsubtype":"jam","published":"2019-04-30T00:58:02Z","created":"2019-04-24T12:59:50Z","modified":"2019-04-30T01:46:30Z","version":459488,"slug":"the-fabulous-wandering-of-gorgeous-inconspicuous-piggy-bank-9000-amazing-pigsy","name":"The Fabulous Wandering of Gorgeous Inconspicuous Piggy Bank 9000: Amazing Pigsy","body":"![11.jpg](///raw/93b/e1/z/22ec8.jpg)\nWe present our entry for Ludum Dare 44\n\nWARNING\nIT IS EARLY ACCESS\n![SWIN.png](///raw/93b/e1/z/22e65.png)\n![фон1.png](///raw/93b/e1/z/23166.png)\nThis game is about Piggy bank's life.\nFind Out, What is the price of your life?\nCan you fight for freedom or your life is just a currency?\n![Capture.PNG](///raw/93b/e1/z/2330b.png)\nhttps://www.youtube.com/watch?v=LK2UsT-fXYU\n![Беx.png](///raw/93b/e1/z/233c0.png)\nWe hope you enjoy it!\n","meta":{"author":[125753,125757],"link-01-tag":[50],"cover":"///content/93b/e1/z/221ca.png","link-01":"https://github.com/krotos139/Amazing-Pigsy-Game","link-02":"https://drive.google.com/file/d/1agsY2Fzclfz2f1Y1Ey9TJW2yzH35RjoC/view","link-02-tag":[42337],"link-03":"https://aping8679858.000webhostapp.com/","link-03-tag":[42336]},"path":"/events/ludum-dare/44/the-fabulous-wandering-of-gorgeous-inconspicuous-piggy-bank-9000-amazing-pigsy","parents":[1,5,9,139254],"love":0,"notes":23,"notes-timestamp":"2019-05-10T08:06:32Z","grade":{"grade-01":30,"grade-02":30,"grade-03":30,"grade-04":30,"grade-05":30,"grade-06":30,"grade-07":30,"grade-08":30},"magic":{"cool":120.52328434359,"feedback":0,"given":42.125,"grade":30,"grade-01-average":2.982,"grade-01-result":947,"grade-02-average":2.804,"grade-02-result":934,"grade-03-average":2.571,"grade-03-result":985,"grade-04-average":3.107,"grade-04-result":745,"grade-05-average":3.464,"grade-05-result":588,"grade-06-average":3.357,"grade-06-result":361,"grade-07-average":3.125,"grade-07-result":367,"grade-08-average":3.179,"grade-08-result":674,"smart":16.570620987534}}]}