{"status":200,"caller_id":0,"cached":[],"node":[{"id":141493,"parent":139254,"superparent":9,"author":141491,"type":"item","subtype":"game","subsubtype":"jam","published":"2019-04-29T23:03:26Z","created":"2019-04-12T16:17:02Z","modified":"2019-04-30T00:25:28Z","version":455877,"slug":"the-robert-in-time","name":"The Robert in Time","body":"![title.png](///raw/3b8/22/z/22d4c.png?raw=true)\nThe world has fallen into chaos and a temporal distortion has brought robert (our friendly robot) into a total mess,\n\nRogue bots and floating islands, help him survive them ! \n\nGame for Ludum dare 44.\n\nGame Tips\n\nEnemies usually drop stuff, like batteries, which gives you some energy.\n\nBut they can also drop bonuses (spheres), whom will cost you energy so don't abuse them !\n\nHere's the list of each one :\n\nBlue sphere : the shield, will give you a temporary protection from your enemies attacks, will cost 5 of your energy\n\nYellow sphere : a multiplier, raise temporarily the amount of energy that your enemy drop (can be cumulated), will cost 10 of your energy\n\nRED sphere : hypermod, for a short amount of time, using capacities will cost you NOTHING, so use it to obliterate your enemies ! \nwill cost 10 of your energy\n\nAll assets ( Arts and Musics ) were made from the team during the jam, only the SFXs were found online.​!\n\n![making.png](///raw/3b8/22/z/22d5e.png?raw=true)\n![charadesign_main_char.png](///raw/3b8/22/z/22d69.png?raw=true)\n![game.png](///raw/3b8/22/z/22d6e.png?raw=true)\n![animations_sheet_adv.png](///raw/3b8/22/z/22d6a.png?raw=true)\n![animation.png](///raw/3b8/22/z/22d74.png?raw=true)","meta":{"author":[141491,144142,142947,142137,142138,142748,144147,146361,153987],"allow-anonymous-comments":"1","link-01-tag":[42337],"link-01":"https://panclette-studio.itch.io/the-robert-in-time","link-01-name":"the game","cover":"///content/3b8/22/z/2255c.png"},"path":"/events/ludum-dare/44/the-robert-in-time","parents":[1,5,9,139254],"love":0,"notes":7,"notes-timestamp":"2019-05-08T20:32:46Z","grade":{"grade-01":14,"grade-02":14,"grade-03":13,"grade-04":12,"grade-05":14,"grade-06":13,"grade-07":13,"grade-08":13},"magic":{"cool":114.73127431578,"feedback":2,"given":16.125,"grade":13.25,"grade-01-average":3.5,"grade-01-result":489,"grade-02-average":3.167,"grade-02-result":657,"grade-03-average":3.136,"grade-04-average":4,"grade-05-average":4.333,"grade-05-result":91,"grade-06-average":3.955,"grade-07-average":2.682,"grade-08-average":3.045,"smart":11.599934832174}}]}