{"status":200,"caller_id":0,"cached":[],"node":[{"id":142051,"parent":139254,"superparent":9,"author":141414,"type":"item","subtype":"game","subsubtype":"jam","published":"2019-04-29T21:24:30Z","created":"2019-04-15T21:39:01Z","modified":"2019-05-04T14:24:33Z","version":471653,"slug":"earn-your-life","name":"Earn Your Life","body":"This is a short text game about living your life. \n![Screenshot (842).png](///raw/668/22/z/225fa.png)\n\nYou can take opportunities as they appear, or you can choose to do nothing. That is okay.\n\nYour choices may affect the paths available to you in the future.\n\nYou are mortal, and cannot keep living forever. You are 18 right now, and you likely wont live much past 80. (It's a good thing untimely death is not a possibility).\n\nThe game is as short or as long as you want it to be. Trying to breeze through life is an understandable temptation.![Screenshot (839).png](///raw/668/22/z/225ed.png)![Screenshot (841).png](///raw/668/22/z/225ee.png)\n\n(The music was written by the lovely @manicInsomniac, who was a part of the team behind https://ldjam.com/events/ludum-dare/44/mahou-shoujo-monster-promised-fate . I am opted out of the music category at her request- if you want to support her, please check out that game as well c: )","meta":{"author":[141414],"link-01-tag":[50],"allow-anonymous-comments":"1","grade-06-out":"1","cover":"///content/668/22/z/225ab.png","link-01":"https://github.com/aCactusOrSomething/Earn-Your-Life","link-01-name":"source code","link-02":"https://acactusorsomething.github.io/Earn-Your-Life/","link-02-tag":[42336],"link-03":"https://github.com/aCactusOrSomething/Earn-Your-Life/releases/tag/1.0","link-03-tag":[42337],"link-03-name":"","link-04":"https://github.com/aCactusOrSomething/Earn-Your-Life/releases/tag/1.0","link-04-tag":[42339],"link-04-name":"macOS (not tested)","link-05":"https://github.com/aCactusOrSomething/Earn-Your-Life/releases/tag/1.0","link-05-tag":[42341],"link-05-name":"linux (not tested)"},"path":"/events/ludum-dare/44/earn-your-life","parents":[1,5,9,139254],"love":0,"notes":31,"notes-timestamp":"2019-05-19T23:24:40Z","grade":{"grade-01":57,"grade-02":59,"grade-03":57,"grade-04":57,"grade-05":54,"grade-07":53,"grade-08":57},"magic":{"cool":105.79087788916,"feedback":65,"given":54,"grade":56.285714285714,"grade-01-average":2.936,"grade-01-result":981,"grade-02-average":2.605,"grade-02-result":1035,"grade-03-average":2.982,"grade-03-result":684,"grade-04-average":3.627,"grade-04-result":332,"grade-05-average":2.269,"grade-05-result":1027,"grade-07-average":3.118,"grade-07-result":372,"grade-08-average":3.091,"grade-08-result":734,"smart":17.470350106407}}]}