{"status":200,"caller_id":0,"cached":[],"node":[{"id":152227,"parent":139254,"superparent":9,"author":23990,"type":"item","subtype":"game","subsubtype":"compo","published":"2019-04-28T21:05:35Z","created":"2019-04-28T20:51:20Z","modified":"2019-04-28T21:17:50Z","version":442503,"slug":"one-more-year","name":"One More Year","body":"I had no time to get back into unity so I used my work skills to create a game in Excel and VBA.\nIn this game you need to decide how you'll spend your precious time during a year.\nOne perk of using excel is you get the graphs for free which enabled me to visualize the players progress.\n\n![OneMoreYear.PNG](///raw/6bd/5/z/21239.png)\n\nImportant: To play this game you'll need to download it, open it in Excel and allow macro's to be run.","meta":{"author":[23990],"cover":"///content/6bd/5/z/211f7.png","allow-anonymous-comments":"1","grade-06-out":"1","link-01":"https://www.dropbox.com/s/tld6h651e7560ev/OneMoreYear.xlsm?dl=0","link-01-tag":[42337],"link-02":"https://www.dropbox.com/s/tld6h651e7560ev/OneMoreYear.xlsm?dl=0","link-02-tag":[42339]},"path":"/events/ludum-dare/44/one-more-year","parents":[1,5,9,139254],"love":0,"notes":18,"notes-timestamp":"2019-05-12T15:33:04Z","grade":{"grade-01":25,"grade-02":25,"grade-03":29,"grade-04":25,"grade-05":23,"grade-07":24,"grade-08":23},"magic":{"cool":110.31171605408,"feedback":18,"given":25.25,"grade":24.857142857143,"grade-01-average":3.783,"grade-01-result":68,"grade-02-average":3.609,"grade-02-result":94,"grade-03-average":4.389,"grade-03-result":3,"grade-04-average":3.63,"grade-04-result":133,"grade-05-average":2.976,"grade-05-result":357,"grade-07-average":3.364,"grade-07-result":96,"grade-08-average":2.881,"grade-08-result":334,"smart":17.382859192405}}]}