{"status":200,"caller_id":0,"cached":[],"node":[{"id":143621,"parent":139254,"superparent":9,"author":50583,"type":"item","subtype":"game","subsubtype":"compo","published":"2019-04-28T20:48:59Z","created":"2019-04-22T12:43:17Z","modified":"2020-08-05T14:08:57Z","version":643592,"slug":"orb-of-life","name":"Orb of Life","body":"![Screenshot1.png](///raw/795/c/z/210df.png)\n\nMy first ever submission for Ludum Dare! Learned a lot, still everything left to learn!\n\nOrb of Life - A combination of Tower Defense and Clicker genre.\nSummon Orbs with Life energy to prevent negative life energy from depleting your life energy!\nSacrifice your life energy to enhance the power of Orbs!\nComplete 5 waves to Ascend! Each ascension allows you to enhance Orbs but also increases the power of negative energies!\nTry to see how many waves of negative energy you can outlast!\n\nPlay the game on itch.io: https://gcttirth.itch.io/orb-of-life\n\n\n\nGoogle drive folder with literally everything dumped in it: https://drive.google.com/open?id=1XJuSZ6TdGyDBC7h03mTzds6AZie9Jy4p\n\nWill post my detailed experience later, probably :)\nANY feedback is appreciated <3\n\n\nTwitter: [@gcttirth](http://twitter.com/gcttirth)","meta":{"author":[50583],"cover":"///content/795/c/z/210e7.png","link-01":"https://drive.google.com/file/d/1cycyTEpS2NUUiaHyWZ1xOKkYnSE4xssE/view?usp=sharing","link-01-tag":[42332],"link-01-name":"Source code (Project folder in ZIP)","link-02":"https://drive.google.com/open?id=1HrvZ6MQrjBb2UPzHG8BwC6T_okXW_IYd","link-02-tag":[42337]},"path":"/events/ludum-dare/44/orb-of-life","parents":[1,5,9,139254],"love":0,"notes":18,"notes-timestamp":"2019-05-08T20:05:56Z","grade":{"grade-01":24,"grade-02":24,"grade-03":24,"grade-04":24,"grade-05":24,"grade-06":24,"grade-07":21,"grade-08":23},"magic":{"cool":74.161984870957,"feedback":23,"given":12.375,"grade":23.5,"grade-01-average":3.341,"grade-01-result":250,"grade-02-average":3.409,"grade-02-result":164,"grade-03-average":2.955,"grade-03-result":293,"grade-04-average":4.091,"grade-04-result":26,"grade-05-average":2.886,"grade-05-result":371,"grade-06-average":2.705,"grade-06-result":307,"grade-07-average":2.421,"grade-07-result":298,"grade-08-average":2.738,"grade-08-result":381,"smart":-1.2837502779625}}]}