{"status":200,"caller_id":0,"cached":[],"node":[{"id":144916,"parent":139254,"superparent":9,"author":35611,"type":"item","subtype":"game","subsubtype":"compo","published":"2019-04-28T23:58:45Z","created":"2019-04-24T10:16:00Z","modified":"2019-04-29T13:43:04Z","version":448695,"slug":"mercs","name":"Mercs","body":"------------------------------\n\n#### DESCRIPTION ####\n\nA not-so infinite shooter, in which you can hire, or be hired, by crews of mercenaries to clear levels of alien bugs. The talent pool isn’t that deep but you might find an elite or a weapon upgrade worth the investment.\n\nIt’s not overly clear but there are two types of missions on the job board, *MERCENARY* and *CONTRACT*. With the former, you hire yourself out to an existing crew, but you only get a small cut of the winnings. With the latter, you and your crew take on the whole contract and all the spoils are yours. The contract missions are more difficult though, make sure you hire some fodder to distract the bugs.\n\n#### THEME ####\n\nAs the leader of a band of mercenaries you risk, exchange even, the lives of you and your crew for monetary reward. Your life and theirs are currency in a never ending bug hunt.\n\nAnother interpretation of the theme; money is more important to you than anything in your life.\n\nI'm sure there'll be lots of entries where the theme has been taken quite literally; life force used as a form of currency. I have not.\n\n#### DEVELOPMENT ####\n\nThere’s quite a bit of stuff I had to strip out of the game, massively over scoped, as always. No music, the force-field upgrade is never available. No terrain or enemy variation unfortunately, but there are three weapons and two different merc characters.\n\nThe game desperately needs some balancing, I didn’t have time before submission, so apologies if it’s too easy or too hard. Let me know!\n\nI’ve stuck comments on anonymous so you can trash me all your want, but if you do leave your name I will be happy to play/rate your game in return.\n\nI hope you enjoy the game!\n\n----------------------\n\n*UPDATE 2019-04-29: I fixed a spelling mistake* 😬 *and a bug where your could walk out of the teleport beam at the end of a mission.*\n\n------------------------","meta":{"author":[35611],"allow-anonymous-comments":"1","cover":"///content/b1b/8/z/21577.png","link-01":"https://fazz.itch.io/mercs","link-01-tag":[50],"link-02":"https://fazz.itch.io/mercs","link-02-tag":[42336]},"path":"/events/ludum-dare/44/mercs","parents":[1,5,9,139254],"love":0,"notes":20,"notes-timestamp":"2019-05-08T03:24:10Z","grade":{"grade-01":29,"grade-02":29,"grade-03":29,"grade-04":29,"grade-05":29,"grade-06":29,"grade-07":28,"grade-08":28},"magic":{"cool":89.543386232697,"feedback":13,"given":22.25,"grade":28.75,"grade-01-average":3.778,"grade-01-result":72,"grade-02-average":4,"grade-02-result":18,"grade-03-average":3.185,"grade-03-result":214,"grade-04-average":2.537,"grade-04-result":457,"grade-05-average":4.5,"grade-05-result":8,"grade-06-average":3.167,"grade-06-result":193,"grade-07-average":2.519,"grade-07-result":283,"grade-08-average":3.788,"grade-08-result":49,"smart":-0.85838497855794}}]}