{"status":200,"caller_id":0,"cached":[],"node":[{"id":146383,"parent":139254,"superparent":9,"author":146382,"type":"item","subtype":"game","subsubtype":"jam","published":"2019-04-30T01:57:24Z","created":"2019-04-25T23:12:31Z","modified":"2019-04-30T15:07:45Z","version":464032,"slug":"meatscape","name":"MeatScape","body":"Live and die by the meat, in ... MEATSCAPE.\n\nGenre: Action/Endless\n\nSee how many levels you can survive in the MeatScape. Watch out, attacking hurts you but you can regain health by collecting the meatclumps that engulf the flies.\n\nControls\nAim - Mouse\nThrow - Left mouse\nMove - WASD\n\nOur first Ludum Dare entry.","meta":{"author":[146382,146546,146329],"link-01-tag":[42336],"cover":"///content/ecb/32/z/23637.png","link-01":"https://furtivefungi.itch.io/meatscape","link-01-name":"Itch.io Link"},"path":"/events/ludum-dare/44/meatscape","parents":[1,5,9,139254],"love":0,"notes":14,"notes-timestamp":"2019-05-02T03:53:12Z","grade":{"grade-01":22,"grade-02":22,"grade-03":22,"grade-04":22,"grade-05":22,"grade-06":21,"grade-07":21,"grade-08":22},"magic":{"cool":106.70305604187,"feedback":18,"given":23.625,"grade":21.75,"grade-01-average":3.225,"grade-01-result":763,"grade-02-average":3.075,"grade-02-result":738,"grade-03-average":2.85,"grade-03-result":817,"grade-04-average":3.275,"grade-04-result":612,"grade-05-average":3.4,"grade-05-result":637,"grade-06-average":2.947,"grade-06-result":558,"grade-07-average":3.211,"grade-07-result":322,"grade-08-average":2.95,"grade-08-result":824,"smart":17.20427511513}}]}