{"status":200,"caller_id":0,"cached":[],"node":[{"id":147615,"parent":139254,"superparent":9,"author":147606,"type":"item","subtype":"game","subsubtype":"compo","published":"2019-04-29T01:40:27Z","created":"2019-04-26T17:33:32Z","modified":"2019-04-29T02:21:28Z","version":446551,"slug":"bounty-hunted","name":"Bounty Hunted","body":"This is my first Ludum Dare so be gentle!\n\nA bounty has been put on the head of you, the player! Your life is currency and some bad bad men are looking to get paid. Defeat as many bounty hunters as you can and increase your bounty to legendary prices!\n\nControls:\nShoot - Left Mouse Button, \nJump - Space Bar\n\n![Bounty Hunted Cover Photo.png](///raw/690/42/z/21ac8.png)","meta":{"author":[147606],"cover":"///content/690/42/z/2294a.png","link-01":"https://www.kongregate.com/games/RoryOC/bounty-hunted","link-01-tag":[42336],"link-02":"https://drive.google.com/open?id=1IEbww1ivLYgGuiu5IC1WQ-UkewKYfxA1","link-02-tag":[42332],"link-01-name":""},"path":"/events/ludum-dare/44/bounty-hunted","parents":[1,5,9,139254],"love":0,"notes":26,"notes-timestamp":"2019-05-11T14:26:00Z","grade":{"grade-01":26,"grade-02":26,"grade-03":26,"grade-04":26,"grade-05":26,"grade-06":25,"grade-07":26,"grade-08":25},"magic":{"cool":84.685991590801,"feedback":16,"given":17.75,"grade":25.75,"grade-01-average":3.458,"grade-01-result":193,"grade-02-average":3.583,"grade-02-result":104,"grade-03-average":3.25,"grade-03-result":191,"grade-04-average":2.375,"grade-04-result":473,"grade-05-average":3.25,"grade-05-result":286,"grade-06-average":4.087,"grade-06-result":11,"grade-07-average":4,"grade-07-result":14,"grade-08-average":3.543,"grade-08-result":107,"smart":-5.3610981724194}}]}