{"status":200,"caller_id":0,"cached":[],"node":[{"id":144330,"parent":139254,"superparent":9,"author":15034,"type":"item","subtype":"game","subsubtype":"compo","published":"2019-04-29T01:22:40Z","created":"2019-04-23T14:37:11Z","modified":"2019-05-01T00:39:22Z","version":466089,"slug":"microtransaction-mages","name":"Microtransaction Mages","body":"Try to get as many stars as possible by throwing fireballs at orcs before they reach your fortress.\n\n![banner_6.png](///raw/aba/3/z/220d0.png)\n\n![screenshots.png](///raw/aba/3/z/21a73.png)\n\n## [Download (Windows)](https://plasmastarfish.itch.io/microtransaction-mages)\n\n## Instructions\n\nARROW KEYS: Move left and right along the bridge.\n\nSPACE: Shoot a fireball. You can hold space for rapid fire.\n\nESCAPE: Something needs to fund your constant purchases in-game. Press escape to go to work at your minimum-wage office job.\n\n**Keep an eye out for story elements as you play. The game does have a story and an ending.**\n\nHope you enjoy!\n\n## About\n\nMade with Pygame!\n\n**All assets, other than fonts and personal logo, made from scratch for the 48-hour Compo.** I started with some base Python code, which you can check out on [my Github](https://github.com/jeremycryan/pyracy). Thanks Paint.NET, MuseScore, and SFXR for being really solid tools.\n\nBe careful about **spoilers in the comments section.**\n","meta":{"author":[15034],"cover":"///content/aba/3/z/218c2.png","allow-anonymous-comments":"1","link-01":"https://github.com/jeremycryan/LD44","link-01-tag":[50],"link-02":"https://plasmastarfish.itch.io/microtransaction-mages","link-02-tag":[42337]},"path":"/events/ludum-dare/44/microtransaction-mages","parents":[1,5,9,139254],"love":0,"notes":27,"notes-timestamp":"2019-05-20T19:18:18Z","grade":{"grade-01":44,"grade-02":44,"grade-03":43,"grade-04":43,"grade-05":43,"grade-06":43,"grade-07":43,"grade-08":42},"magic":{"cool":101.17998183453,"feedback":33,"given":43.125,"grade":43.125,"grade-01-average":4.06,"grade-01-result":17,"grade-02-average":3.488,"grade-02-result":131,"grade-03-average":3.878,"grade-03-result":42,"grade-04-average":3.915,"grade-04-result":46,"grade-05-average":4.195,"grade-05-result":35,"grade-06-average":3.817,"grade-06-result":40,"grade-07-average":3.549,"grade-07-result":58,"grade-08-average":3.825,"grade-08-result":42,"smart":14.949103514956}}]}