{"status":200,"caller_id":0,"cached":[],"node":[{"id":145649,"parent":139254,"superparent":9,"author":83600,"type":"item","subtype":"game","subsubtype":"jam","published":"2019-04-29T15:09:59Z","created":"2019-04-25T08:03:13Z","modified":"2019-05-04T16:48:49Z","version":471791,"slug":"crypt-descend","name":"Crypt Descend","body":"Legends tell of a mystical old scepter that will bring great powers to whoever wields it. You are an aspiring necromancer set to retrieve it from a dark crypt, but beware! You are not the only soul seeking its power...\n\nControls: A & D to move. Mouse for selecting actions.\n\nGame made with Unity.\nGraphics made with Photoshop & Blender.\nMusic generated with Abundant Music.\nSound Effects made with BFXR.\n\nThis was our first attempt at creating a turn based RPG! I hope you have much as fun playing it as we had fun making it. Enjoy!!!\n![sceenshot_2.png](///raw/096/41/z/21f1f.png)![screenshot_3.png](///raw/096/41/z/21f20.png)","meta":{"author":[83600,110460],"link-01-tag":[42337],"cover":"///content/096/41/z/21f15.jpg","allow-anonymous-comments":"1","grade-06-out":"1","link-01":"https://drive.google.com/open?id=1emFmWrVZhm0exFhPXvmWkMuH2iWJs3MS"},"path":"/events/ludum-dare/44/crypt-descend","parents":[1,5,9,139254],"love":0,"notes":15,"notes-timestamp":"2019-05-19T16:41:00Z","grade":{"grade-01":27,"grade-02":27,"grade-03":27,"grade-04":27,"grade-05":28,"grade-07":25,"grade-08":27},"magic":{"cool":118.08659722612,"feedback":11,"given":31.375,"grade":26.857142857143,"grade-01-average":3.42,"grade-01-result":577,"grade-02-average":3.44,"grade-02-result":416,"grade-03-average":3.12,"grade-03-result":540,"grade-04-average":3.72,"grade-04-result":259,"grade-05-average":3.462,"grade-05-result":590,"grade-07-average":2.761,"grade-07-result":589,"grade-08-average":3.4,"grade-08-result":462,"smart":16.099579118705}}]}