{"status":200,"caller_id":0,"cached":[],"node":[{"id":144541,"parent":139254,"superparent":9,"author":144540,"type":"item","subtype":"game","subsubtype":"jam","published":"2019-04-29T00:53:36Z","created":"2019-04-23T19:07:38Z","modified":"2019-04-30T16:00:24Z","version":464260,"slug":"endlessrum","name":"EndlessRum","body":"Check the Itch.io page to play the game\n\nEndlessRum is a pirate adventure game. Where you are the captain of a ship, and as you explore the world, need to keep your crew happy. Or it's just a fantasy?\n\n![Tela Inicial.jpg](///raw/c94/32/z/21873.jpg)\n\n![Começo.jpg](///raw/c94/32/z/21875.jpg)\n\n![Porto.jpg](///raw/c94/32/z/2187b.jpg)\n\n![Exploring.jpg](///raw/c94/32/z/2187d.jpg)\n\n​The was made by some friends who just wanted to have fun.\n\nBackground music: Yo, Ho, Ho! (And a Bottle of Rum) - By: Craig Toungate\n\nMenu music: Blackmoor Tides - By: Matthew Pablo","meta":{"author":[144540],"grade-06-out":"1","link-01":"https://gabrielnied.itch.io/endlessrum","link-01-tag":[42336],"allow-anonymous-comments":"1","cover":"///content/c94/32/z/21b44.jpg"},"path":"/events/ludum-dare/44/endlessrum","parents":[1,5,9,139254],"love":0,"notes":20,"notes-timestamp":"2019-05-03T15:35:16Z","grade":{"grade-01":22,"grade-02":23,"grade-03":22,"grade-04":23,"grade-05":22,"grade-07":22,"grade-08":21},"magic":{"cool":111.26972805284,"feedback":6,"given":22.75,"grade":22.142857142857,"grade-01-average":3.75,"grade-01-result":230,"grade-02-average":3.548,"grade-02-result":314,"grade-03-average":2.925,"grade-03-result":750,"grade-04-average":3.119,"grade-04-result":739,"grade-05-average":3.475,"grade-05-result":586,"grade-07-average":3.675,"grade-07-result":136,"grade-08-average":4.289,"grade-08-result":31,"smart":6.6407039907092}}]}