{"status":200,"caller_id":0,"cached":[],"node":[{"id":152641,"parent":139254,"superparent":9,"author":10260,"type":"item","subtype":"game","subsubtype":"compo","published":"2019-04-29T01:10:41Z","created":"2019-04-29T00:59:16Z","modified":"2019-05-03T23:44:28Z","version":471232,"slug":"somnambulist","name":"Somnambulist","body":"![memorygif.gif](///raw/418/2/z/21984.gif)\n\n----\n\n\n# Somnambulist\n\nPlatformer where you use memories to help you on your journey\n\n\n----\n\n![gameplaygifsmall.gif](///raw/418/2/z/21afe.gif)\n\n\n[![Youtube playthrough](https://img.youtube.com/vi/3TosRME1Lb8/0.jpg)](https://www.youtube.com/watch?v=3TosRME1Lb8)\n\n\n","meta":{"author":[10260],"link-01-tag":[42337],"link-01":"https://danslocombe.itch.io/somnambulist","link-02":"https://danslocombe.itch.io/somnambulist","link-02-tag":[42332],"cover":"///content/418/2/z/218b8.png"},"path":"/events/ludum-dare/44/somnambulist","parents":[1,5,9,139254],"love":0,"notes":14,"notes-timestamp":"2019-05-19T11:48:12Z","grade":{"grade-01":21,"grade-02":21,"grade-03":21,"grade-04":21,"grade-05":21,"grade-06":21,"grade-07":19,"grade-08":21},"magic":{"cool":101.88104257144,"feedback":3,"given":20.5,"grade":20.75,"grade-01-average":3.947,"grade-01-result":34,"grade-02-average":3.921,"grade-02-result":31,"grade-03-average":3.947,"grade-03-result":29,"grade-04-average":3.237,"grade-04-result":282,"grade-05-average":4.184,"grade-05-result":36,"grade-06-average":4.053,"grade-06-result":15,"grade-07-average":3.235,"grade-07-result":117,"grade-08-average":4.158,"grade-08-result":22,"smart":2.9680029842}}]}