{"status":200,"caller_id":0,"cached":[],"node":[{"id":149312,"parent":139254,"superparent":9,"author":13253,"type":"item","subtype":"game","subsubtype":"jam","published":"2019-04-30T01:07:31Z","created":"2019-04-27T02:11:23Z","modified":"2019-04-30T01:07:31Z","version":457834,"slug":"samurai-zombie-girl","name":"Samurai Zombie Girl","body":"![Title.png](///raw/5c3/3/z/23113.png)\n\nYou're a samurai zombie girl, and you must regain your humanity and avoid dismemberment.\n\nBuy items from the flesh merchant, a strange man who will buy body parts from the other zombies you kill. You can sell him your limbs, too.\n\nThis game was made for LD44, and is unfinished.","meta":{"author":[13253],"cover":"///content/5c3/3/z/23118.png","link-01":"https://robotsoulsgames.itch.io/samurai-zombie-girl","link-01-tag":[42336],"link-02":"https://robotsoulsgames.itch.io/samurai-zombie-girl","link-02-tag":[42337],"link-02-name":"Windows EXE"},"path":"/events/ludum-dare/44/samurai-zombie-girl","parents":[1,5,9,139254],"love":0,"notes":24,"notes-timestamp":"2019-05-07T06:18:16Z","grade":{"grade-01":22,"grade-02":22,"grade-03":22,"grade-04":22,"grade-05":23,"grade-06":22,"grade-07":21,"grade-08":22},"magic":{"cool":87.627458188466,"feedback":20,"given":16.125,"grade":22,"grade-01-average":2.9,"grade-01-result":995,"grade-02-average":2.875,"grade-02-result":888,"grade-03-average":3.4,"grade-03-result":308,"grade-04-average":3.325,"grade-04-result":577,"grade-05-average":3.214,"grade-05-result":741,"grade-06-average":2.55,"grade-06-result":644,"grade-07-average":2.553,"grade-07-result":708,"grade-08-average":3.075,"grade-08-result":746,"smart":7.7548658349641}}]}