{"status":200,"caller_id":0,"cached":[],"node":[{"id":142712,"parent":139254,"superparent":9,"author":140117,"type":"item","subtype":"game","subsubtype":"compo","published":"2019-04-29T01:48:03Z","created":"2019-04-19T06:46:23Z","modified":"2019-05-03T16:01:12Z","version":470758,"slug":"fair-n-square","name":"Fair n Square","body":"![2.png](///raw/553/22/z/218c4.png)\n![7.gif](///raw/553/22/z/22367.gif)\n## Fair n Square, the ultimate square shooter?\nTry out your skills in Fair n Square, and see how far you can make it! Buy upgrades, but at the cost of your health. Do you want to stack up on upgrades, and try to dodge every bullet, or play it safe with only a few upgrades?\n\n**Controls: WASD to move, SPACE to jump, MOUSE to aim and shoot**\n\nMAKING OF THIS GAME:\nhttps://youtu.be/gzPGmR6R67Y\n\nChangelog:\nFixed a bug where larger bullets woudn't destroy smaller bullets \\n\nFixed a bug with the sword where it spawned bullets instead of sword \"slashes\" \\n\nFixed a bug where too many enemies would appear at the same time \\n","meta":{"author":[140117],"cover":"///content/553/22/z/21908.png","allow-anonymous-comments":"1","link-01":"https://danidev.itch.io/fair-n-square","link-01-tag":[42337],"link-01-name":"Download here!","link-02":"https://drive.google.com/file/d/1IrA_oZzfyGYeHtL83hqLBvqf7ZAsJ6OG/view?usp=sharing","link-02-tag":[42337],"link-02-name":"Downlaod mirror","link-03":"https://drive.google.com/file/d/1VSM-4oFC6a2xDbcSMKLhKJFXQGSLKMrX/view?usp=sharing","link-03-tag":[42332],"link-03-name":"Source code!","link-04":"https://drive.google.com/file/d/1dMwuHTJ1ZUkeAouwOq5O3CXlXN5DQyWa/view?usp=sharing","link-04-tag":[42337],"link-04-name":"Downlaod (32 bit)","link-05":"https://drive.google.com/file/d/1I0scajSazWgG-mp9iim7gRIxi3sCtQNl/view?usp=sharing","link-05-tag":[42339],"link-05-name":"Download MAC"},"path":"/events/ludum-dare/44/fair-n-square","parents":[1,5,9,139254],"love":0,"notes":99,"notes-timestamp":"2019-08-24T22:54:44Z","grade":{"grade-01":138,"grade-02":139,"grade-03":138,"grade-04":138,"grade-05":139,"grade-06":138,"grade-07":127,"grade-08":134},"magic":{"cool":67.082039324994,"feedback":56,"given":45,"grade":136.375,"grade-01-average":3.89,"grade-01-result":45,"grade-02-average":4.062,"grade-02-result":15,"grade-03-average":2.912,"grade-03-result":308,"grade-04-average":3.665,"grade-04-result":121,"grade-05-average":3.555,"grade-05-result":183,"grade-06-average":3.728,"grade-06-result":55,"grade-07-average":2.964,"grade-07-result":175,"grade-08-average":3.311,"grade-08-result":176,"smart":-29.015307462571}}]}