{"status":200,"caller_id":0,"cached":[],"node":[{"id":142694,"parent":139254,"superparent":9,"author":142693,"type":"item","subtype":"game","subsubtype":"jam","published":"2019-04-29T21:51:56Z","created":"2019-04-19T02:47:13Z","modified":"2019-04-29T21:51:56Z","version":452884,"slug":"updrain","name":"UpDrain","body":"a platform where you upgrade your character, but lose health in the process","meta":{"author":[142693],"grade-07-out":"1","grade-08-out":"1","allow-anonymous-comments":"1","link-01":"https://artisiole.itch.io/updrain","link-01-tag":[42337],"cover":"///content/56d/22/z/23754.png"},"path":"/events/ludum-dare/44/updrain","parents":[1,5,9,139254],"love":0,"notes":8,"notes-timestamp":"2019-05-07T04:43:06Z","grade":{"grade-01":19,"grade-02":19,"grade-03":19,"grade-04":19,"grade-05":19,"grade-06":15},"magic":{"cool":120.45664747771,"feedback":2,"given":18.5,"grade":18.333333333333,"grade-01-average":2.676,"grade-01-result":1098,"grade-02-average":2.971,"grade-02-result":828,"grade-03-average":2.941,"grade-03-result":733,"grade-04-average":3.294,"grade-04-result":593,"grade-05-average":1.794,"grade-05-result":1049,"grade-06-average":1.269,"grade-06-result":713,"smart":3.1327476428493}}]}