{"status":200,"caller_id":0,"cached":[],"node":[{"id":148610,"parent":139254,"superparent":9,"author":8624,"type":"item","subtype":"game","subsubtype":"jam","published":"2019-04-29T02:41:41Z","created":"2019-04-26T23:30:56Z","modified":"2019-04-30T00:11:10Z","version":455563,"slug":"diffraction","name":"Diffraction","body":"![Banner-scaled.png](///raw/0b1/2/z/21ac4.png)\n\n&nbsp;\n\n**WARNING: HARSH LANGUAGE**\n\n&nbsp;\n\n**FROM THE TEAM THAT BROUGHT YOU INSTANT CLASSICS SUCH AS:**\n\n*- Tetris*\n\n*- Pac Man*\n\n*- Super Mario Brothers*\n\n\n&nbsp;\n\n\n**COMES AN NEW, INNOVATIVE GAMEPLAY EXPERIENCE**\n\n**YOU ARE MAX DANGER, AN ELITE SUPERSOLDIER WHO HAS WOKEN UP TO FIND HIS MOON BASE UNDER ATTACK BY A MYSTERIOUS VILLAIN!**\n\n**NAVIGATE THE FACILITY AND DISCOVER A WAY TO ESCAPE... OR WILL MAX DANGER CONFRONT THE NEFARIOUS DR. B.A.D.D. ONCE AND FOR ALL?**\n\n---\n\nThis is our entry for Ludum Dare #44! In Diffraction, you play as MAX DANGER- a supersoldier who wakes up to a moonbase under attack.\n\nThe game is a point-and-click adventure, where every \"action\" you take costs health! It's a bit loose with the theme, but we all had a GREAT time working on it!\n\n&nbsp;\n\nFor the next few weeks, you can find VoDs of the gamejam at\n\nhttp://mixer.com/slimabob\n\nhttp://mixer.com/chambre19\n\nhttp://mixer.com/divic\n\nhttp://mixer.com/thegrandpa\n\n\n&nbsp;\n\n*Walkthrough (SPOILERS):*\n\n- Go to the Kitchen and grab the knife\n- Go to the Cryo Control Room and use the Terminal (Password 1 2 3 4)\n- Return to the starting room, and click on the now open Cryostasis Chamber\n- Take the Severed Hand to the Armory Fingerprint Scanner\n- Use the Power Console and pick your ending\n- Go to the cafeteria and walk through the door you opened!\n\n&nbsp;\n\n**THANKS FOR TRYING OUR GAME!**\n\n*The Team:*\n- slimabob (Programming, Audio, Level Design)\n- Ryan / chambre19 (Concept Artist, Environment Design)\n- Tony (3d Artist)\n- Divic (DR. B.A.D.D.)\n- kt2goofy (MAX DANGER)\n- Renny (Robot Dog)\n\nGithub Repo: https://github.com/slimabob/LDJam44","meta":{"author":[8624,90233,148858,153824],"link-01-tag":[42332],"link-01":"https://github.com/slimabob/LDJam44","link-01-name":"Source (GitHub)","cover":"///content/0b1/2/z/21a7b.png","link-02":"https://drive.google.com/open?id=1m2q0ZcKXpigv-1hT4txlYCtgHJr22FX3","link-02-tag":[42337],"link-02-name":"Windows x64","link-03-tag":[42339],"link-03-name":"OSX (UNTESTED)","link-03":"https://drive.google.com/open?id=1543oCA7FqyJ8dnCUb4_fWxWaWnaeMxUU","link-04":"https://drive.google.com/open?id=1E5_1MCIXK44QPgr2Iw040rkPl5mFvsS4","link-04-tag":[42341],"link-04-name":"Linux (UNTESTED)"},"path":"/events/ludum-dare/44/diffraction","parents":[1,5,9,139254],"love":0,"notes":32,"notes-timestamp":"2019-05-05T17:59:11Z","grade":{"grade-01":48,"grade-02":48,"grade-03":48,"grade-04":48,"grade-05":48,"grade-06":48,"grade-07":47,"grade-08":47},"magic":{"cool":93.648563661894,"feedback":59,"given":41,"grade":47.75,"grade-01-average":3.457,"grade-01-result":538,"grade-02-average":3.185,"grade-02-result":643,"grade-03-average":3.022,"grade-03-result":639,"grade-04-average":2.989,"grade-04-result":842,"grade-05-average":3.761,"grade-05-result":419,"grade-06-average":4,"grade-06-result":65,"grade-07-average":3.756,"grade-07-result":115,"grade-08-average":3.456,"grade-08-result":411,"smart":17.286391201092}}]}