{"status":200,"caller_id":0,"cached":[],"node":[{"id":145761,"parent":139254,"superparent":9,"author":54707,"type":"item","subtype":"game","subsubtype":"jam","published":"2019-04-29T22:32:44Z","created":"2019-04-25T10:52:31Z","modified":"2019-04-30T18:03:39Z","version":464815,"slug":"coin-coin","name":"Coin Coin !","body":"Help Coin-Coin to make money before trading timeout.\n\nIn this game, you are coin-coin, a currency following market curves. Raise your value to be more powerful against coin traps and make more points. Game is synchronized with music, you can choose one of 3 musics for a different level experience. Headphone recommended.\n\n\n![howtoplay2.png](///raw/3b5/d/z/23bdb.png)\n\n\nNote: Audio synchronization with the game might be better with desktop version. More information on itch.io game page.\n\nRelease notes : \n\n* version 1.0 (submission time)\n* version 1.1 (hot fixes) : \n    * fix artifacts when falling.\n    * fix audio synchronization for Web version.\n    * optimize sequence player.\n\nCredits:\n\n* Game design / Programming and graphics : @mgsx\n* Game design / Musics and SFX : @toonguila","meta":{"author":[54707,122047],"link-01":"https://github.com/mgsx-dev/ld44","link-01-tag":[42332],"link-02":"https://mgsx.itch.io/coin-coin","link-02-tag":[42336],"cover":"///content/3b5/d/z/2280a.png","link-03":"https://mgsx.itch.io/coin-coin","link-03-tag":[42337],"link-04":"https://mgsx.itch.io/coin-coin","link-04-tag":[42339],"link-05":"https://mgsx.itch.io/coin-coin","link-05-tag":[42341]},"path":"/events/ludum-dare/44/coin-coin","parents":[1,5,9,139254],"love":0,"notes":16,"notes-timestamp":"2019-05-18T22:50:19Z","grade":{"grade-01":30,"grade-02":29,"grade-03":29,"grade-04":29,"grade-05":30,"grade-06":29,"grade-07":26,"grade-08":27},"magic":{"cool":107.83765240406,"feedback":13,"given":32.125,"grade":28.625,"grade-01-average":3.411,"grade-01-result":580,"grade-02-average":3.259,"grade-02-result":572,"grade-03-average":3.389,"grade-03-result":319,"grade-04-average":2.87,"grade-04-result":923,"grade-05-average":3.339,"grade-05-result":672,"grade-06-average":3.667,"grade-06-result":205,"grade-07-average":2.688,"grade-07-result":638,"grade-08-average":3.28,"grade-08-result":583,"smart":15.159900030815}}]}