{"status":200,"caller_id":0,"cached":[],"node":[{"id":145864,"parent":139254,"superparent":9,"author":10702,"type":"item","subtype":"game","subsubtype":"jam","published":"2019-04-29T23:54:03Z","created":"2019-04-25T12:52:47Z","modified":"2019-05-06T16:46:36Z","version":472929,"slug":"seaway","name":"Seaway","body":"![xGpLIY.png](///raw/fc9/2/z/227ee.png)\n\n\n\n**Seaway** is an adventure game in which you **explore islands** and **destroy ships** in order to become the richest enslaver in the world.\n\nGather the many slaves lost in the islands and trade them for power ups in harbors to have an easier time destroying your rivals and looting their crew !\n\n\nOr enter the **peaceful mode** and enjoy a nonviolent world, you can even use the **auto pilot** and let your ship venture by itself ...\n\n*Beware of the uprising !*\n\n**Controls :**  \n\n**Left Click** : Set target position  \n**Right Click** : Fire  \n**Scroll wheel** : Change current weapon  \n**Space** : Screenshot  \n**P** : Toggle peaceful mode  \n**A** : Toggle auto pilot  \n\n\n**Made by :**\n\n [Constantin Liétard](https://twitter.com/screenshakes)  \n [Thomas Denis](https://twitter.com/tomdns_)  \n [Louis Valet](https://twitter.com/valet_louis)  \n [Maxime Catel](https://www.artstation.com/spyro) \n\n**Breakdowns :**  \n\n  [VFX](https://ldjam.com/events/ludum-dare/44/seaway/seaway-vfx-breakdown)  \n  [Island Generation](http://blog.borderline.games/tutorials/sliced-mountains.html)  \n\n___________\n\n![11.png](///raw/fc9/2/z/22ba3.png)\n","meta":{"author":[10702,10703,58881,56229],"link-01-tag":[42337],"allow-anonymous-comments":"1","link-01":"https://borderline.itch.io/seaway","link-02":"https://borderline.itch.io/seaway","link-02-tag":[42341],"link-03":"https://borderline.itch.io/seaway","link-03-tag":[42339],"cover":"///content/fc9/2/z/22be3.png","link-04":"https://borderline.itch.io/seaway","link-04-tag":[42336]},"path":"/events/ludum-dare/44/seaway","parents":[1,5,9,139254],"love":0,"notes":161,"notes-timestamp":"2019-05-20T01:42:51Z","grade":{"grade-01":286,"grade-02":283,"grade-03":283,"grade-04":279,"grade-05":293,"grade-06":283,"grade-07":241,"grade-08":286},"magic":{"cool":43.874821936961,"feedback":5,"given":19.25,"grade":279.25,"grade-01-average":4.155,"grade-01-result":36,"grade-02-average":3.847,"grade-02-result":106,"grade-03-average":3.598,"grade-03-result":191,"grade-04-average":3.421,"grade-04-result":504,"grade-05-average":4.768,"grade-05-result":6,"grade-06-average":4.335,"grade-06-result":15,"grade-07-average":2.6,"grade-07-result":687,"grade-08-average":4.31,"grade-08-result":26,"smart":-72.410964938167}}]}