{"status":200,"caller_id":0,"cached":[],"node":[{"id":147947,"parent":139254,"superparent":9,"author":50216,"type":"item","subtype":"game","subsubtype":"jam","published":"2019-04-29T22:37:19Z","created":"2019-04-26T19:49:41Z","modified":"2019-04-30T10:13:28Z","version":462833,"slug":"phantom-of-the-mala-strana","name":"Phantom of the Malá Strana","body":"![first.jpg](///raw/824/c/z/22474.jpg)\n\n\nYou play as a pickpocket in Prague. Your entire life is collecting different currencies from unwary tourists. The thief lives in Malá strana (Lesser Town of Prague) and steals at Malostranské náměstí (Lesser Town Square). He steals at noon and in the afternoon. You are stealing via this minigame:\n![minigame.jpg](///raw/824/c/z/22530.jpg)\nYou move by arrows, pick as many different currencies possible and then before the timer depletes you leave the pocket by pressing spacebar. But beware! It takes some time to roll your long hand out. Those black circles are revealed after you are close enough.\n\n![malostranske.jpg](///raw/824/c/z/225c9.jpg)\n\nSome interesting facts:\nYou can actually see the building we were working at - Faculty of Mathematics and Physics, Charles University  (on the right). The sound of the square was really recorded at that square. \n\n**Controls:**\n- **Mouse** - clicking on objects\n- **WSAD/arrows** - movement of the hand\n- **Spacebar** - start rolling your hand back\n- **Escape** - back to main menu\n\n**Team:**\n- maoap - teamleading, programming, game design\n- Bee Sundance - art, level design, thief voice\n- Cyrdach - programming, UI design\n- Standaaad - sound, screenplay\n\nSpecial thanks for people at the MFF site for voices of other characters.","meta":{"author":[50216,83094,147952,147976],"link-01-tag":[42336],"cover":"///content/824/c/z/247e0.png","allow-anonymous-comments":"1","link-01":"https://maoap.itch.io/phantom-of-the-mala-strana","link-02":"https://maoap.itch.io/phantom-of-the-mala-strana","link-02-tag":[42337],"link-03":"https://github.com/maoap1/Phantom-of-the-Mala-Strana","link-03-tag":[42332]},"path":"/events/ludum-dare/44/phantom-of-the-mala-strana","parents":[1,5,9,139254],"love":0,"notes":18,"notes-timestamp":"2019-05-05T11:15:03Z","grade":{"grade-01":23,"grade-02":23,"grade-03":22,"grade-04":23,"grade-05":23,"grade-06":23,"grade-07":23,"grade-08":22},"magic":{"cool":90.971765229468,"feedback":19,"given":18,"grade":22.75,"grade-01-average":3.714,"grade-01-result":274,"grade-02-average":3.548,"grade-02-result":314,"grade-03-average":3.65,"grade-03-result":165,"grade-04-average":3.214,"grade-04-result":664,"grade-05-average":3.833,"grade-05-result":368,"grade-06-average":4.048,"grade-06-result":56,"grade-07-average":4.095,"grade-07-result":27,"grade-08-average":3.675,"grade-08-result":251,"smart":9.9450412156551}}]}