{"status":200,"caller_id":0,"cached":[],"node":[{"id":145901,"parent":139254,"superparent":9,"author":3086,"type":"item","subtype":"game","subsubtype":"compo","published":"2019-04-28T18:44:31Z","created":"2019-04-25T13:42:03Z","modified":"2019-04-29T01:51:45Z","version":446052,"slug":"myrrh","name":"Myrrh","body":"Avoid the evils that dwell in the forest as you carry a child up the mountain.\n\nyour life is the currency with which you can save the game. Guard it well!\n\n[Play time: 5-20 minutes]\n\n.\n![ld44_cover4.gif](///raw/e0c/z/219e8.gif)\n![Screenshot (1362).png](///raw/e0c/z/21005.png)","meta":{"author":[3086],"allow-anonymous-comments":"1","grade-07-out":"1","link-01":"https://bwalter.itch.io/myrrh","link-01-tag":[42337],"link-01-name":"Windows","link-02":"https://bwalter.itch.io/myrrh","link-02-tag":[42332],"link-02-name":"Source Code","cover":"///content/e0c/z/219f9.png"},"path":"/events/ludum-dare/44/myrrh","parents":[1,5,9,139254],"love":0,"notes":42,"notes-timestamp":"2019-05-17T19:10:20Z","grade":{"grade-01":60,"grade-02":59,"grade-03":60,"grade-04":57,"grade-05":61,"grade-06":58,"grade-08":60},"magic":{"cool":23.772054288819,"feedback":0,"given":2.875,"grade":59.285714285714,"grade-01-average":3.776,"grade-01-result":75,"grade-02-average":3.193,"grade-02-result":253,"grade-03-average":3.216,"grade-03-result":207,"grade-04-average":3.736,"grade-04-result":90,"grade-05-average":4.347,"grade-05-result":19,"grade-06-average":2.813,"grade-06-result":286,"grade-08-average":3.776,"grade-08-result":52,"smart":-78.42877103466}}]}