{"status":200,"caller_id":0,"cached":[],"node":[{"id":153573,"parent":139254,"superparent":9,"author":27054,"type":"item","subtype":"game","subsubtype":"jam","published":"2019-04-29T21:19:52Z","created":"2019-04-29T20:43:54Z","modified":"2019-04-30T14:04:55Z","version":463802,"slug":"the-bloom","name":"The Bloom","body":"![Näyttökuva (390).png](///raw/ea9/6/z/2249a.png)\n\nTree sprites sacrifice their lives to take care of their mother tree. Help organizing the sprite village and ensure the greatest bloom!\n\n![Näyttökuva (388).png](///raw/ea9/6/z/224a4.png)\n\n**Controls**\n- Hold left click to pan the view (while not placing item)\n- Hold right click to rotate the view\n- Use mouse wheel to zoom\n- Click items to start placing them (note the prices)\n\n----\n\n## Acknowledgements\n\n**Music**\n\nFunny day\n\nMusic by Ilya Truhanov from Fugue (https://icons8.com/)\n\nWinter smoke\n\nMusic by The Owl from Fugue (https://icons8.com/)\n\n**Font**\n\nXangda Shiny from dafont.com\n\n----\n\n## Known bugs\n\n- Sometimes when panning camera close to the edges of the map causes camera focus to get stuck out of bounds\n\n----\n\n### Linux and Mac builds are untested.\n\n----\n\n\n","meta":{"author":[27054],"grade-06-out":"1","link-01-tag":[42337],"cover":"///content/ea9/6/z/242a0.png","link-01":"https://tuomo.itch.io/the-bloom","link-02":"https://tuomo.itch.io/the-bloom","link-02-tag":[42339],"link-03":"https://tuomo.itch.io/the-bloom","link-03-tag":[42341]},"path":"/events/ludum-dare/44/the-bloom","parents":[1,5,9,139254],"love":0,"notes":11,"notes-timestamp":"2019-05-18T09:15:13Z","grade":{"grade-01":22,"grade-02":22,"grade-03":22,"grade-04":22,"grade-05":23,"grade-07":19,"grade-08":22},"magic":{"cool":94.648472430005,"feedback":21,"given":16.125,"grade":21.714285714286,"grade-01-average":3.725,"grade-01-result":258,"grade-02-average":3.35,"grade-02-result":485,"grade-03-average":3.5,"grade-03-result":239,"grade-04-average":4,"grade-04-result":83,"grade-05-average":4.31,"grade-05-result":104,"grade-07-average":2.559,"grade-07-result":705,"grade-08-average":3.7,"grade-08-result":232,"smart":9.4784478636037}}]}