{"status":200,"caller_id":0,"cached":[],"node":[{"id":145501,"parent":139254,"superparent":9,"author":11282,"type":"item","subtype":"game","subsubtype":"compo","published":"2019-04-28T23:16:46Z","created":"2019-04-25T02:57:19Z","modified":"2019-05-01T05:16:48Z","version":466453,"slug":"death-city","name":"Death City","body":"## Info\n\"My life isn't currency, YOURS IS!\" - Mayor of Death City\n\nDeathCity is a city builder style game where its population is the currency. Want to build a new house? That's gonna cost an arm and a leg literally... Maybe even a few.\n\nTo keep your \"lovely\" citizens ~~alive~~ happy you need to keep up with supply and demand. Each building has a set size (didn't have time for tooltips sorry!) that is based on it's price. The bigger the building the bigger the size.\n\nTo earn more population each building is \"taxed\". If there's not enough population for that building it won't be taxed though so beware!\n\nOnce your population hits 0 it's game over. Good luck!\n\n![screenshot.png](///raw/21c/2/z/214ac.png)\n\n## Tools Used\n#### Engine\n- Godot 3.1\n- Jetbrains Rider\n\n#### Art\n- Aseprite\n- Pyxel Edit\n\n#### Audio\n- Audacity\n- Abundant Music\n\n# Controls\n- Arrow keys to move\n- <> OR -= to make time go faster or slower\n- Space to pause/resume time\n\nBuildings are grouped from left to right. The underline under each building tells it's type:\n- Residential is green\n- Commercial is blue\n- Industrial is red\n\nAny feedback about Linux and Mac builds would be great. I can't afford a Mac (sorry if you dont't speak broke) and I currently don't have Linux installed on this computer but I'm willing to help solve any issues.","meta":{"author":[11282],"cover":"///content/21c/2/z/2146b.png","link-01":"https://github.com/Sintinium/LudumDare44","link-01-tag":[50],"link-02":"https://sintinium.itch.io/death-city","link-02-tag":[42337],"link-03":"https://sintinium.itch.io/death-city","link-03-tag":[42341],"link-04":"https://sintinium.itch.io/death-city","link-04-tag":[42339]},"path":"/events/ludum-dare/44/death-city","parents":[1,5,9,139254],"love":0,"notes":17,"notes-timestamp":"2019-05-17T18:58:50Z","grade":{"grade-01":26,"grade-02":26,"grade-03":26,"grade-04":27,"grade-05":26,"grade-06":25,"grade-07":25,"grade-08":23},"magic":{"cool":110.42589166957,"feedback":9,"given":29.875,"grade":25.5,"grade-01-average":3.396,"grade-01-result":221,"grade-02-average":3.146,"grade-02-result":269,"grade-03-average":3.042,"grade-03-result":273,"grade-04-average":3.46,"grade-04-result":189,"grade-05-average":3.271,"grade-05-result":281,"grade-06-average":3.413,"grade-06-result":118,"grade-07-average":3.065,"grade-07-result":156,"grade-08-average":3.238,"grade-08-result":194,"smart":14.983276375975}}]}