{"status":200,"caller_id":0,"cached":[],"node":[{"id":147418,"parent":139254,"superparent":9,"author":75681,"type":"item","subtype":"game","subsubtype":"jam","published":"2019-04-30T00:32:24Z","created":"2019-04-26T16:02:17Z","modified":"2019-04-30T00:32:24Z","version":456073,"slug":"slime-sweeper","name":"Slime Sweeper","body":"![SlimeSweeper.png](///raw/1a7/21/z/22dba.png)\nA puzzle-roguelike experiment\n\n​Move your slime through the grid, push walls and attack enemies with WASD.\n\nYou have a time limit. Every action you perform has an extra time cost. When the time counter reaches 0, you lose.\n\n​Your goal is to find an opening in the walls and escape. Most levels already have an opening (marked with a yellow arrow).​ Others require you to push and crack walls to find the way.\n\n\n\nHope you have fun!","meta":{"author":[75681],"grade-06-out":"1","link-01":"https://nyamah.itch.io/slimesweeper","link-01-tag":[42336],"cover":"///content/1a7/21/z/22de1.png"},"path":"/events/ludum-dare/44/slime-sweeper","parents":[1,5,9,139254],"love":0,"notes":13,"notes-timestamp":"2019-05-21T01:26:54Z","grade":{"grade-01":21,"grade-02":22,"grade-03":21,"grade-04":21,"grade-05":23,"grade-07":18,"grade-08":19},"magic":{"cool":121.7272288692,"feedback":1,"given":25.375,"grade":20.714285714286,"grade-01-average":2.947,"grade-01-result":974,"grade-02-average":2.775,"grade-02-result":957,"grade-03-average":3.053,"grade-03-result":598,"grade-04-average":2.868,"grade-04-result":926,"grade-05-average":3.143,"grade-05-result":778,"grade-07-average":2.656,"grade-07-result":656,"grade-08-average":2.412,"grade-08-result":1046,"smart":7.9254834033448}}]}