{"status":200,"caller_id":0,"cached":[],"node":[{"id":153482,"parent":139254,"superparent":9,"author":1188,"type":"item","subtype":"game","subsubtype":"jam","published":"2019-04-29T20:48:11Z","created":"2019-04-29T19:45:41Z","modified":"2019-04-29T20:58:15Z","version":451970,"slug":"get-money-you-die","name":"Get Money, You Die!","body":"![Get Money, You Die.gif](///raw/4a4/z/22468.gif)\nGet Money, You Die is a twinstick top down shooter, and ammo is your health. Make tough decisions, collect bullets from enemies, and don't waste yours.\n\nPlease use WASD to navigate menus and left mouse click to confirm your selection, when not playing with a gamepad.\n\nThis game can be played using a *Gamepad* or *Mouse* and *Keyboard*.\n\n\n![Get Money, You Die02.gif](///raw/4a4/z/22467.gif)\n\n![Get Money, You Die03.gif](///raw/4a4/z/2247d.gif)\n\nCreated By: \nAlex Nieradzik\nDaniel Turner\nDavid Wildemann\nRaven Rusch\n\n","meta":{"author":[1188,145986],"link-01-tag":[50],"link-01":"https://github.com/Turninator95/LudumDare44/tree/LD44Gold","link-01-name":"Source Code","cover":"///content/4a4/z/22451.gif","link-02":"https://slowpokesart.itch.io/get-money-you-die","link-02-tag":[42336],"link-02-name":"Web Build","link-03":"https://drive.google.com/open?id=1srhoPpz_o8SFFvxrWiHQW4AJjhzAH3aA","link-03-tag":[42337],"link-03-name":"Win Build","grade-07-out":"1","grade-08-out":"1"},"path":"/events/ludum-dare/44/get-money-you-die","parents":[1,5,9,139254],"love":0,"notes":14,"notes-timestamp":"2019-05-17T21:17:58Z","grade":{"grade-01":20,"grade-02":20,"grade-03":20,"grade-04":20,"grade-05":20,"grade-06":20},"magic":{"cool":106.06601717798,"feedback":5,"given":15.75,"grade":20,"grade-01-average":3.25,"grade-01-result":745,"grade-02-average":3.222,"grade-02-result":601,"grade-03-average":2.556,"grade-03-result":992,"grade-04-average":3.278,"grade-04-result":609,"grade-05-average":3.194,"grade-05-result":754,"grade-06-average":2.75,"grade-06-result":600,"smart":-4.475134127286}}]}