{"status":200,"caller_id":0,"cached":[],"node":[{"id":151446,"parent":139254,"superparent":9,"author":49952,"type":"item","subtype":"game","subsubtype":"compo","published":"2019-04-28T09:59:50Z","created":"2019-04-28T09:22:58Z","modified":"2019-04-29T20:39:26Z","version":451728,"slug":"lifestream","name":"Lifestream","body":"Logical, visual adventure game about chasing fortune and losing yourself on your path. \n\n- Your task is to move some life energy by creating force fields with limited range!\n- You can also examine where are the black holes by loading energy and then clicking further.\n- By clicking you create a force field and remove the previous one.\n\nGood luck :D![scr1.png](///raw/023/c/z/2245a.png)","meta":{"author":[49952],"link-01-tag":[42337],"cover":"///content/023/c/z/20c97.png","allow-anonymous-comments":"1","link-01":"https://manus.itch.io/lifestream","link-02":"https://1drv.ms/u/s!AgN6QG5Rem0j6heamO3mhWjM-zqd","link-02-tag":[42337]},"path":"/events/ludum-dare/44/lifestream","parents":[1,5,9,139254],"love":0,"notes":19,"notes-timestamp":"2019-05-21T18:40:24Z","grade":{"grade-01":23,"grade-02":23,"grade-03":23,"grade-04":23,"grade-05":23,"grade-06":23,"grade-07":18,"grade-08":23},"magic":{"grade":22.375,"given":9,"feedback":8,"smart":-23.776277538277,"cool":64.888568452305,"grade-01-average":3.905,"grade-01-result":42,"grade-02-average":3.667,"grade-02-result":74,"grade-03-average":4.238,"grade-03-result":7,"grade-04-average":3.024,"grade-04-result":360,"grade-05-average":4.69,"grade-05-result":3,"grade-06-average":4.167,"grade-06-result":4,"grade-07-average":2.156,"grade-07-result":354,"grade-08-average":4.452,"grade-08-result":4}}]}