{"status":200,"caller_id":0,"cached":[],"node":[{"id":147731,"parent":139254,"superparent":9,"author":32820,"type":"item","subtype":"game","subsubtype":"jam","published":"2019-04-29T22:54:28Z","created":"2019-04-26T18:23:29Z","modified":"2019-04-30T05:32:49Z","version":461965,"slug":"soul-knight","name":"Soul Knight","body":"![header.png](///raw/430/8/z/228cf.png)\n\nYou are one of the damned souls who have been sent to Castle Moldark to spend the rest of your life among other exiled ones. Legends say the castle is ruled by the most evil of souls - a mighty marble, a greedy ghost and an evil eye *(watch out, it's truly evil!)*. Defeating them all will grant your soul pardon and allow you to live a happy life once again.\n\n## Game Mechanics\n\nThe game is a 2D platformer in which your life total - souls - can be traded for at a merchant. The merchant will trade you other souls which grant you special powers. Until you lose them, that is, by taking damage from evil creatures in the castle.\n\n## How to Play\n\nUse **Arrow keys to move**\n\nUse **X to attack**\n\nUse **Space to interact** (doors & merchant)\n\n> In the merchant GUI, use the mouse to get souls from the merchant (bottom) in exchange for yours (top). You can also use the top screen in the merchant GUI to reorder your souls. The order is important, as the souls get damaged from right to left.\n\n## Screenshots\n![1.png](///raw/430/8/z/22868.png)\n\n![2.png](///raw/430/8/z/22869.png)\n\n![3.png](///raw/430/8/z/2286b.png)\n\n### Credits\nApace - code monkey, Unity guy, credit author, humble\n\nRaphnika - powerful art wizard, contemporary John Williams, incredible level designer\n\nMerle - helpful ideas, boss names, but most importantly, keeping the devs alive with awesome food\n\nSpecial thanks to Sebastian Lague for his great 2D character controller which we modified and used for this game. We couldn't have done it in time without it.","meta":{"author":[32820,133110],"link-01-tag":[42337],"cover":"///content/430/8/z/22854.png","link-01":"https://apace.itch.io/soul-knight","link-01-name":"Windows"},"path":"/events/ludum-dare/44/soul-knight","parents":[1,5,9,139254],"love":0,"notes":18,"notes-timestamp":"2019-05-18T07:01:50Z","grade":{"grade-01":33,"grade-02":33,"grade-03":33,"grade-04":33,"grade-05":33,"grade-06":32,"grade-07":32,"grade-08":32},"magic":{"cool":92.612499689914,"feedback":34,"given":27.125,"grade":32.625,"grade-01-average":3.435,"grade-01-result":560,"grade-02-average":3.258,"grade-02-result":574,"grade-03-average":3.355,"grade-03-result":344,"grade-04-average":3.919,"grade-04-result":125,"grade-05-average":3.21,"grade-05-result":744,"grade-06-average":3.15,"grade-06-result":471,"grade-07-average":2.7,"grade-07-result":629,"grade-08-average":3.35,"grade-08-result":518,"smart":14.554251688559}}]}