{"status":200,"caller_id":0,"cached":[],"node":[{"id":153904,"parent":139254,"superparent":9,"author":11939,"type":"item","subtype":"game","subsubtype":"jam","published":"2019-04-29T23:28:38Z","created":"2019-04-29T23:11:33Z","modified":"2019-05-01T18:51:47Z","version":468049,"slug":"devils-bank-your-life-is-currency","name":"Devil's Bank - Your life is currency!","body":"![base.png](///raw/bee/b/z/22d2a.png)\n\nPeople say the devil is in the details, so we went literal!\n\nIn this game you are in control of Stan, the best soul dealer in hell. Use your hellish minions to see if the mortals beneath you are worth the investiment, bargain your way into their hearts and revel in your profits!!","meta":{"author":[11939,78208,148650,48875],"cover":"///content/bee/b/z/22d1a.png","grade-06-out":"1","link-01-tag":[42336],"link-01":"https://nyunesu.itch.io/devils-bank"},"path":"/events/ludum-dare/44/devils-bank-your-life-is-currency","parents":[1,5,9,139254],"love":0,"notes":12,"notes-timestamp":"2019-05-21T18:58:16Z","grade":{"grade-01":23,"grade-02":22,"grade-03":23,"grade-04":23,"grade-05":23,"grade-07":23,"grade-08":23},"magic":{"cool":50,"feedback":2,"given":4.75,"grade":22.857142857143,"grade-01-average":4,"grade-01-result":82,"grade-02-average":3.375,"grade-02-result":466,"grade-03-average":3.905,"grade-03-result":55,"grade-04-average":4,"grade-04-result":83,"grade-05-average":4.643,"grade-05-result":21,"grade-07-average":4.262,"grade-07-result":13,"grade-08-average":4.024,"grade-08-result":79,"smart":-49.843993380653}}]}