{"status":200,"caller_id":0,"cached":[],"node":[{"id":141651,"parent":139254,"superparent":9,"author":77003,"type":"item","subtype":"game","subsubtype":"jam","published":"2019-04-30T01:58:06Z","created":"2019-04-13T19:33:47Z","modified":"2019-04-30T01:58:06Z","version":460180,"slug":"glampire-baby-herder","name":"Glampire Baby Herder","body":"# Survival Horror Dwarf bebe herding!\n\nSurvival? You'll die if you run out of money!\nHorror? Vampires are scary ... dwarven robbers too...\n\nWhat is Bebe Herding? Well sometimes you gotta round up those bebes and turn them in to the local Inn for cash.\n\nYou're a Glam Vampire named Vampy. Your race of vampires feed off of money! Due to some strange circumstances, taking dwarf bebes to the Inn will earn you some Cash to feed on and so you can afford your coven taxes!\n\nWatch out, the Dwarves will try to rob you! And moving around incurs a Coven Transportation Tax periodically. Don't run out of cash or you'll die!\n\nStand near Axes/Bebes And Press Space to carry them!\n\nArrow Keys / WASD to move Vampy around\n\n\n### Credits\n\nMuch love goes out to OpenGameArt.org the source of the tileset used in this game. (I have opted out of graphics due to this)\nI also used background music from an OpenGameArt track. The Voiceovers are original so please rate audio only for those. Thanks for playing!","meta":{"author":[77003,141597],"link-01-tag":[42336],"cover":"///content/bcc/21/z/235cf.png","grade-05-out":"1","link-01":"https://donshinski.itch.io/glampirebabyherder","link-02":"https://github.com/donachys/LDJam_44","link-02-tag":[42332]},"path":"/events/ludum-dare/44/glampire-baby-herder","parents":[1,5,9,139254],"love":0,"notes":17,"notes-timestamp":"2019-05-22T01:53:42Z","grade":{"grade-01":22,"grade-02":22,"grade-03":22,"grade-04":22,"grade-06":22,"grade-07":23,"grade-08":22},"magic":{"cool":104.97813183356,"feedback":9,"given":20.25,"grade":22.142857142857,"grade-01-average":3.025,"grade-01-result":919,"grade-02-average":2.7,"grade-02-result":996,"grade-03-average":3.15,"grade-03-result":515,"grade-04-average":3.5,"grade-04-result":428,"grade-06-average":3.25,"grade-06-result":406,"grade-07-average":3.881,"grade-07-result":71,"grade-08-average":2.95,"grade-08-result":824,"smart":3.4139470499238}}]}