{"status":200,"caller_id":0,"cached":[],"node":[{"id":153857,"parent":139254,"superparent":9,"author":3094,"type":"item","subtype":"game","subsubtype":"jam","published":"2019-04-29T22:58:17Z","created":"2019-04-29T22:51:12Z","modified":"2019-04-30T03:09:09Z","version":461442,"slug":"swarm-survival","name":"Swarm survival","body":"![img03.png](///raw/61c/z/2292c.png)\n\nI've just heard about the jam 10h ago, so i've tryed my best in this little time.\nI will work on the Project after the jam to compensate the timeloss and hope to bring this project to a stadium where it is nicely playable.\n\nTill then i have to explain some thinks, that the game dosen't tell you:\n\nGame\n\n-restart the game with 'r'\n-use 'esc' to go back to the menu\n-move up with 'space'\n-move left and right with 'a' and 'd'\n\n-you have to get as fast as possible to the goal\n-you get a bonus if you have more then one life\n-you get an even bigger bonus if you find a timeitem and sacrefice one or more lifes\n\n\nEditor\n\n-save with enter\n-the maps are saved in the 'maps'-folder\n-the edited map is always saved as 'test.map'\n-you have to delete or rename the old 'test.map'-file to save the maps correct\n\n-use 'esc' to go back to the menu\n\n-use '1', '2', '3' to switch between modes\n\n\nWhat are modes?\n\n-mode 1 (line):\n   -create a line with leftmouse\n   -create a new line with space\n   -spawn static cubes along the line with rightmouse\n\n-mode 2 (player):\n   -set the player/s with leftmouse\n\n-mode 3 (goal):\n   -set the goal/s with leftmouse\n\n\n-mode 4 (timebonus-item):\n   -set the timebonus-item/s with leftmouse\n\n![img06.png](///raw/61c/z/23873.png)\n\nI hope you like it. Have fun!","meta":{"author":[3094],"grade-05-out":"1","grade-06-out":"1","allow-anonymous-comments":"1","cover":"///content/61c/z/2440e.png","link-01":"https://gamejolt.com/games/Swarmsurvival/411364","link-01-tag":[42337],"link-02":"https://minemes.itch.io/swarm-survival","link-02-tag":[42512],"link-02-name":"Windows PostJam"},"path":"/events/ludum-dare/44/swarm-survival","parents":[1,5,9,139254],"love":0,"notes":16,"notes-timestamp":"2019-05-07T15:11:21Z","grade":{"grade-01":45,"grade-02":45,"grade-03":45,"grade-04":44,"grade-07":40,"grade-08":42},"magic":{"cool":137.45283057257,"feedback":26,"given":59.75,"grade":43.5,"grade-01-average":2.628,"grade-01-result":1110,"grade-02-average":2.535,"grade-02-result":1064,"grade-03-average":2.57,"grade-03-result":987,"grade-04-average":2.583,"grade-04-result":1034,"grade-07-average":2.211,"grade-07-result":856,"grade-08-average":2.413,"grade-08-result":1044,"smart":17.66968108291}}]}