{"status":200,"caller_id":0,"cached":[],"node":[{"id":141562,"parent":139254,"superparent":9,"author":5241,"type":"item","subtype":"game","subsubtype":"jam","published":"2019-04-30T01:12:00Z","created":"2019-04-13T06:04:37Z","modified":"2019-05-09T22:47:05Z","version":474024,"slug":"tecuhtliztacuhxochitls-sacrifice-simulator","name":"Tecuhtliztacuhxochitl's Sacrifice Simulator","body":"---\n\nTecuhtliztacuhxochitl's Sacrifice Simulator is a game about growing a colony of farmers, warriors, and civilians with the help/hindrance of a sadistic deity.  \n\nMade by @adafheyesh (code, art, music) and @almost (code, UI)\n\n---\n### Summary:\n* The god offers things in exchange for human sacrifices\n* VICTORY is an offer in the permanent demands tab\n* Permanent demands upgrade your people\n\n---\n## Controls:  \n* **Mouse**  \n* **Pause time** - spacebar or the pause button **(for planning and reading)**  \n---\n### Sacrificing:  \n* Choose effect, choose people, click sacrifice  \n* **Some offers have multiple requirements**  \n---\n### People:\n* **Can change profession in the People tab**  \n* Farmers produce food  \n* Civilians give birth to new people  \n* Warriors increase army strength  \n---\n### Mechanics:  \n* Food < population ⇒ starvation (damage over time).  \n* Army < invaders ⇒ damage to some people  \n* Time passes ⇒ People level up ⇒ more efficient.\n* Profession change ⇒ reset level.\n* Max level can be increased with Permanent Demands.  \n* Max population is 10.  \n---\n### Tips:  \n* **Increase your population size early**.  \n* Once you have 5+ people, it's ok to sacrifice, you can repopulate.  \n* **It's ok to take some damage**. Plague / Invaders / Starvation are not game over.  \n* **Use the pause button** to plan ahead and to read things.\n\n---\n\nNote: there is a victory message, but the game will keep playing.  \n\n---\n\n![screen8 release.png](///raw/974/1/z/23923.png)\n\n![screen9.png](///raw/974/1/z/23924.png)","meta":{"author":[5241,141563],"link-01-tag":[42336],"allow-anonymous-comments":"1","link-02":"https://github.com/AlmostMatt/LD44","link-02-tag":[42332],"link-01":"https://almost.itch.io/tecuhtl-sacrifice-sim","link-02-name":"Source code (GitHub)","cover":"///content/974/1/z/23947.png"},"path":"/events/ludum-dare/44/tecuhtliztacuhxochitls-sacrifice-simulator","parents":[1,5,9,139254],"love":0,"notes":17,"notes-timestamp":"2019-05-19T06:55:48Z","grade":{"grade-01":31,"grade-02":31,"grade-03":31,"grade-04":31,"grade-05":31,"grade-06":30,"grade-07":31,"grade-08":31},"magic":{"cool":107.26731165937,"feedback":24,"given":34.375,"grade":30.875,"grade-01-average":3.345,"grade-01-result":644,"grade-02-average":3.172,"grade-02-result":654,"grade-03-average":3.31,"grade-03-result":383,"grade-04-average":3.672,"grade-04-result":298,"grade-05-average":2.414,"grade-05-result":1009,"grade-06-average":3.179,"grade-06-result":453,"grade-07-average":2.948,"grade-07-result":478,"grade-08-average":2.845,"grade-08-result":894,"smart":19.684269326943}}]}