{"status":200,"caller_id":0,"cached":[],"node":[{"id":147286,"parent":139254,"superparent":9,"author":103952,"type":"item","subtype":"game","subsubtype":"jam","published":"2019-04-29T19:52:28Z","created":"2019-04-26T14:51:06Z","modified":"2019-04-30T13:10:33Z","version":463617,"slug":"sweat-shop","name":"Sweat Shop","body":"![7D8CBE1EAE2DE21378BEF36F8E264D0C.jpg](///raw/016/91/z/23bf9.jpg)\n\nHey, welcome to our workshop! \n\nI know it's your first time working in such a wonderful company, but believe me, you'll soon get into it, and all you have to do is to repair as many boilers as you can, and enjoy the meaningful life in the company! \n\n![TIM图片20190429124340.png](///raw/1c2/c1/z/222e7.png)\n\nOh wait...You mentioned \"overtime\"? \n\n\nThat's not overtime, it's a way of working. \n\n\nIt's a way to make your life better; \n\nIt's a way to make you work more efficient; \n\nIt's a way to build your ambition; \n\nIt's a way to make your dream come true! \n\n\nSo, just keep working for us, until the day your body is underground —— or you have done all you have to.\n\n\n\n![help (2).png](///raw/1c2/c1/z/222f2.png)","meta":{"author":[103952,104014,125719,115393,127336],"link-01-tag":[42337],"allow-anonymous-comments":"1","cover":"///content/1c2/c1/z/222b3.jpg","grade-06-out":"1","link-01":"https://dimlight07.itch.io/sweat-shop","link-01-name":"1.0"},"path":"/events/ludum-dare/44/sweat-shop","parents":[1,5,9,139254],"love":0,"notes":17,"notes-timestamp":"2019-05-08T22:27:09Z","grade":{"grade-01":30,"grade-02":30,"grade-03":30,"grade-04":30,"grade-05":31,"grade-07":31,"grade-08":29},"magic":{"cool":97.252907816773,"feedback":25,"given":24,"grade":30.142857142857,"grade-01-average":3.661,"grade-01-result":324,"grade-02-average":3.482,"grade-02-result":373,"grade-03-average":4.018,"grade-03-result":34,"grade-04-average":4.214,"grade-04-result":22,"grade-05-average":4.138,"grade-05-result":182,"grade-07-average":3.448,"grade-07-result":211,"grade-08-average":3.37,"grade-08-result":499,"smart":9.1394608353088}}]}