{"status":200,"caller_id":0,"cached":[],"node":[{"id":154146,"parent":139254,"superparent":9,"author":75122,"type":"item","subtype":"game","subsubtype":"jam","published":"2019-04-30T00:57:44Z","created":"2019-04-30T00:38:20Z","modified":"2019-04-30T00:57:44Z","version":457239,"slug":"dusty","name":"Dusty","body":"Dusty is a dungeon crawler where you have to spend your health points to purchase perks.\n\nAs one of  Mr.Necromancer's spawn, explore his dungeon and fight other creatures for a chance of getting your life back!!\n\n![ss0.png](///raw/275/21/z/22f60.png)\n\n![ss1.png](///raw/275/21/z/22f63.png)\n\n![ss2.png](///raw/275/21/z/22f64.png)","meta":{"author":[75122,75464],"link-01-tag":[42337],"cover":"///content/275/21/z/22e91.png","link-01":"https://jvolonte.itch.io/dusty","link-02-tag":[42339],"link-03-tag":[42341],"link-02":"https://jvolonte.itch.io/dusty","link-03":"https://jvolonte.itch.io/dusty"},"path":"/events/ludum-dare/44/dusty","parents":[1,5,9,139254],"love":0,"notes":42,"notes-timestamp":"2019-05-14T06:27:04Z","grade":{"grade-01":59,"grade-02":59,"grade-03":59,"grade-04":58,"grade-05":59,"grade-06":57,"grade-07":53,"grade-08":55},"magic":{"cool":122.70058016369,"feedback":52,"given":84.875,"grade":57.375,"grade-01-average":3.904,"grade-01-result":131,"grade-02-average":3.886,"grade-02-result":94,"grade-03-average":3.061,"grade-03-result":591,"grade-04-average":3.696,"grade-04-result":273,"grade-05-average":4.009,"grade-05-result":270,"grade-06-average":3.655,"grade-06-result":214,"grade-07-average":3.294,"grade-07-result":287,"grade-08-average":3.509,"grade-08-result":369,"smart":12.663705989026}}]}