{"status":200,"caller_id":0,"cached":[],"node":[{"id":143251,"parent":139254,"superparent":9,"author":56986,"type":"item","subtype":"game","subsubtype":"compo","published":"2019-04-29T01:10:22Z","created":"2019-04-21T18:28:42Z","modified":"2019-04-29T01:16:59Z","version":445393,"slug":"salaryman","name":"Salaryman","body":"Nomikai, karaoke, furoshiki, karoshi - what's not to love about being a Japanese salaryman?\n\nType out legal documents, but be sure to maintain your health, your family life, and your sanity.\n\nHey guys, I almost managed to complete it this time! All I had left to do was draw some of the end screens and make the reset button work! ...And then I listened to the audio found a HUUUUUGE glitch. Of course!","meta":{"author":[56986],"cover":"///content/a9e/d/z/21838.png","allow-anonymous-comments":"1","link-01":"https://nickhenley.itch.io/salaryman","link-01-tag":[42336],"link-01-name":"HTML - The sound's messed up on this one","link-02":"https://nickhenley.itch.io/salaryman","link-02-tag":[42332],"link-03":"https://nickhenley.itch.io/salaryman","link-03-tag":[42337],"link-03-name":"Windows, Mac, and Linux versions"},"path":"/events/ludum-dare/44/salaryman","parents":[1,5,9,139254],"love":0,"notes":13,"notes-timestamp":"2019-05-19T12:37:05Z","grade":{"grade-01":23,"grade-02":23,"grade-03":23,"grade-04":23,"grade-05":23,"grade-06":22,"grade-07":23,"grade-08":23},"magic":{"cool":107.17142476292,"feedback":14,"given":25.125,"grade":22.875,"grade-01-average":3.286,"grade-01-result":286,"grade-02-average":3.143,"grade-02-result":272,"grade-03-average":3.167,"grade-03-result":219,"grade-04-average":3.667,"grade-04-result":114,"grade-05-average":2.881,"grade-05-result":373,"grade-06-average":3.125,"grade-06-result":203,"grade-07-average":3.405,"grade-07-result":91,"grade-08-average":3.381,"grade-08-result":154,"smart":17.231887761058}}]}