{"status":200,"caller_id":0,"cached":[],"node":[{"id":141305,"parent":139254,"superparent":9,"author":141304,"type":"item","subtype":"game","subsubtype":"jam","published":"2019-04-28T22:12:34Z","created":"2019-04-10T21:39:56Z","modified":"2019-04-28T22:12:34Z","version":443032,"slug":"hot-mess","name":"Hot Mess","body":"This is our Game: a 2D shooter, with a limited number of ammo that also act as live points.\n\nYOUTUBE VIDEO:\nhttps://youtu.be/100_X_slMrA","meta":{"author":[141304,148584,146380,148576,148570,145126,148799],"cover":"///content/8f7/22/z/212d9.jpg","allow-anonymous-comments":"1","link-01":"https://github.com/AlexandreAubin/LudumDare","link-01-tag":[42332]},"path":"/events/ludum-dare/44/hot-mess","parents":[1,5,9,139254],"love":0,"notes":13,"notes-timestamp":"2019-05-13T04:33:59Z","grade":{"grade-01":21,"grade-02":20,"grade-03":22,"grade-04":21,"grade-05":22,"grade-06":21,"grade-07":21,"grade-08":20},"magic":{"cool":117.52659273543,"feedback":1,"given":27.625,"grade":21,"grade-01-average":3.553,"grade-01-result":421,"grade-02-average":3.5,"grade-02-result":349,"grade-03-average":3,"grade-03-result":654,"grade-04-average":3.447,"grade-04-result":477,"grade-05-average":3.975,"grade-05-result":295,"grade-06-average":3.632,"grade-06-result":227,"grade-07-average":3.553,"grade-07-result":171,"grade-08-average":3.75,"grade-08-result":207,"smart":15.727512471569}}]}