{"status":200,"caller_id":0,"cached":[],"node":[{"id":141165,"parent":139254,"superparent":9,"author":140903,"type":"item","subtype":"game","subsubtype":"jam","published":"2019-04-28T21:02:08Z","created":"2019-04-09T17:09:26Z","modified":"2019-04-30T20:06:07Z","version":465331,"slug":"lic","name":"Under Wave","body":"![Person_skeleton_Clip_super.jpg](///raw/766/22/z/2374a.jpg)\nYour life depends on many factors. By abandoning them you give up life.\n\nAnd then came the moment when you stayed under water and your life depends on your oxygen. Any action takes some time to implement, and for this you spend your life, air.\n\nIn the game you find yourself in a difficult situation on an underwater base, you have to calculate your most valuable resource to save your life.\n\nTo control these buttons are used:\nWASD - movement;\nE - to interact with the subject, return to the base;\nF - for securing resources.\n\nIn order to get to the land and win you will need:\n- Update O2 Generator to max Level\n- Update Rubbish Recycler to max Level\n- 3000 materials and 3000 oxygen\n\nBut you must remember:\n- Your oxygen level is constantly decreasing.\n- You must constantly turn on the generator, because your oxygen level will decrease faster\n- And the constant lack of resources\n\nList of updates:\n- Added prices for updates\n- Fixed bug with pressing E\n- Added background music\n- interface changed\n\n!!All the textures and objects we develop ourselves!!\nHere is a video of textures:\nhttps://youtu.be/0x12csIp0dw\n\n![unknown.png](///raw/766/22/z/21035.png)\n\nHere are two notes that will help get you up to date:\n\n\"May 10, 2030 12:00\nJohn Smith\n\n It's time to make my montt report. \n\n When we arrived here, we were told, that the capacity of the batteries is big enough to supply us with energy for two yesrs. After the term, crew had to deliver us new batteries. \n\n A week later, we lost electricity, the reason was that the batteries were stored in the remote compartment, which was gone. We made a suggestion, that it was destroyed by a large animal. To solve the electricity problem, we have built a new generator.\n\n For the third week, we realized that we were running out of oxygen, and with the extra materials we built a new oxygen generator.\"\n\n\n\"April 1, 2031 10:30\nJohn Smith\n\n Over the past year, more than half of our employees have disappeared, so as many compartments with materials and supplies.\n\n We still got no idea, what's going on.\n\n Employees are terrified, we run out of oxygen, the pressure is above normal.\n\n To solve these problems, we want to create a material generator that will recycle garbage.\n\n After that we will be able to improve the oxygen generator with the obtained materials.\n\n But we won't be able to leave our base for a long time. Every drop of oxygen and every second is priceless\n If we stay alive for a next year, those who bring us batteries will pick us up.\"\n\nhttps://youtu.be/GnNsD4mlpZ8\n\nIf you have problems with 1 cut scene in the form of a white screen, please watch it, we tried very hard:\nhttps://youtu.be/PsqbaLquOfs","meta":{"author":[140903,142313,147225,147230,147904],"link-01-tag":[42337],"grade-06-out":"1","cover":"///content/766/22/z/228d7.png","link-01":"https://drive.google.com/open?id=1-xLK-R5AaiNvOKrkeBG7qADoYIh9MUJv","link-02-tag":null,"link-02":""},"path":"/events/ludum-dare/44/lic","parents":[1,5,9,139254],"love":0,"notes":28,"notes-timestamp":"2019-05-03T00:42:50Z","grade":{"grade-01":24,"grade-02":24,"grade-03":24,"grade-04":24,"grade-05":26,"grade-07":24,"grade-08":24},"magic":{"cool":107.43933114341,"feedback":23,"given":23.375,"grade":24.285714285714,"grade-01-average":3.318,"grade-01-result":675,"grade-02-average":2.818,"grade-02-result":923,"grade-03-average":3.091,"grade-03-result":559,"grade-04-average":3.023,"grade-04-result":817,"grade-05-average":3.625,"grade-05-result":497,"grade-07-average":2.455,"grade-07-result":756,"grade-08-average":3.364,"grade-08-result":504,"smart":17.440933585168}}]}