{"status":200,"caller_id":0,"cached":[],"node":[{"id":140200,"parent":139254,"superparent":9,"author":140199,"type":"item","subtype":"game","subsubtype":"jam","published":"2019-04-30T00:41:50Z","created":"2019-03-26T23:37:43Z","modified":"2019-05-20T13:41:58Z","version":476682,"slug":"swords-and-kreatures","name":"Swords and Kreatures","body":"![Title_Picture.png](///raw/7a3/22/z/22dbd.png)\n\nMix of Card Game and Turn based strategy\n\nControlling many creatures costs you life\n\nThe tutorial is very recomended\n\nMade in Unity\n\nPre Alpha Teaser of Post Ludum Dare version(full 3D graphics)\nhttps://www.youtube.com/watch?v=igjGjeeIIEE\nSubscribe on Youtube to stay updated\n\nBoth our very first game (but both coding experience). Turned out amazing(programmer art).\n\n30.04. 21:24 MESZ Added Windows Version because WebGl kept giveing screen size problems","meta":{"author":[140199,141929],"cover":"///content/7a3/22/z/22bbf.png","grade-06-out":"1","grade-07-out":"1","allow-anonymous-comments":"1","link-01":"https://ausstein.itch.io/swords-and-kreatures","link-01-tag":[42336],"link-02":"https://ausstein.itch.io/swords-and-kreatures","link-02-tag":[42337]},"path":"/events/ludum-dare/44/swords-and-kreatures","parents":[1,5,9,139254],"love":0,"notes":42,"notes-timestamp":"2019-05-23T13:13:58Z","grade":{"grade-01":44,"grade-02":43,"grade-03":43,"grade-04":43,"grade-05":44,"grade-08":43},"magic":{"cool":108.92694508284,"feedback":39,"given":37.375,"grade":43.333333333333,"grade-01-average":3.024,"grade-01-result":922,"grade-02-average":2.878,"grade-02-result":885,"grade-03-average":3.329,"grade-03-result":365,"grade-04-average":3.159,"grade-04-result":702,"grade-05-average":2.286,"grade-05-result":1023,"grade-08-average":2.817,"grade-08-result":911,"smart":14.564392373896}}]}