{"status":200,"caller_id":0,"cached":[],"node":[{"id":149902,"parent":139254,"superparent":9,"author":120389,"type":"item","subtype":"game","subsubtype":"compo","published":"2019-04-28T20:40:12Z","created":"2019-04-27T09:20:59Z","modified":"2019-04-28T20:42:50Z","version":442170,"slug":"save-your-cash","name":"Save your Cash!","body":"So okay this is my first Game Jam (or Compo, idk) ever! Would I say its a good game? I don't know, but I like it, so please give me feedback! Also there is no music because I made some, but it was so terrible that I didn't wanted to put it in the game. So I didn't!![LD44.png](///raw/546/d1/z/21193.png)","meta":{"author":[120389],"cover":"///content/546/d1/z/210f2.png","link-01":"https://nitro-pictures.itch.io/save-your-cash","link-01-tag":[42336],"link-01-name":"My Game on Itch.io","link-02":"https://drive.google.com/file/d/1_T0Oq4WQcWuNsLw98wb9RxqWB0dkS0sW/view?usp=sharing","link-02-tag":[42332],"link-02-name":"The Unity Project (on Google drive)"},"path":"/events/ludum-dare/44/save-your-cash","parents":[1,5,9,139254],"love":0,"notes":15,"notes-timestamp":"2019-05-09T21:35:25Z","grade":{"grade-01":21,"grade-02":20,"grade-03":21,"grade-04":21,"grade-05":21,"grade-06":21,"grade-07":21,"grade-08":21},"magic":{"cool":78.508101572886,"feedback":19,"given":12.25,"grade":20.875,"grade-01-average":2.842,"grade-01-result":438,"grade-02-average":3.028,"grade-02-result":317,"grade-03-average":2.211,"grade-03-result":489,"grade-04-average":3.053,"grade-04-result":350,"grade-05-average":2.632,"grade-05-result":432,"grade-06-average":2.579,"grade-06-result":327,"grade-07-average":2.842,"grade-07-result":205,"grade-08-average":2.316,"grade-08-result":456,"smart":-0.28612361934201}}]}