{"status":200,"caller_id":0,"cached":[],"node":[{"id":145612,"parent":139254,"superparent":9,"author":16712,"type":"item","subtype":"game","subsubtype":"jam","published":"2019-04-30T00:54:32Z","created":"2019-04-25T07:13:38Z","modified":"2019-04-30T00:54:32Z","version":457016,"slug":"journey-through-the-blood-tribe-lands","name":"Journey Through the Blood Tribe Lands","body":"![gif4.gif](///raw/841/4/z/22d71.gif)\n\n**You signed a pact with a deity: great powers to destroy your tribes' enemies in exchange for pieces of your life.**\n\n![Pic2.jpg](///raw/841/4/z/22d77.jpg)\n\n![PIC3.jpg](///raw/841/4/z/22d81.jpg)","meta":{"author":[16712,77764,16672,52298,77509],"link-01-tag":[42336],"cover":"///content/841/4/z/22c9d.png","link-01":"https://kornel.itch.io/jtbtl","link-02":"https://kornel.itch.io/jtbtl","link-02-tag":[42337],"link-03":"https://kornel.itch.io/jtbtl","link-03-tag":[42339],"link-04":"https://kornel.itch.io/jtbtl","link-04-tag":[42341],"link-05":"https://kornel.itch.io/jtbtl","link-05-tag":[42342]},"path":"/events/ludum-dare/44/journey-through-the-blood-tribe-lands","parents":[1,5,9,139254],"love":0,"notes":52,"notes-timestamp":"2019-05-06T09:14:51Z","grade":{"grade-01":47,"grade-02":47,"grade-03":47,"grade-04":46,"grade-05":47,"grade-06":46,"grade-07":43,"grade-08":46},"magic":{"cool":142.3000614168,"feedback":10,"given":91.375,"grade":46.125,"grade-01-average":4.244,"grade-01-result":14,"grade-02-average":4.356,"grade-02-result":4,"grade-03-average":3.956,"grade-03-result":40,"grade-04-average":4.182,"grade-04-result":28,"grade-05-average":4.033,"grade-05-result":258,"grade-06-average":4.17,"grade-06-result":29,"grade-07-average":3.268,"grade-07-result":297,"grade-08-average":3.773,"grade-08-result":191,"smart":8.6105273387141}}]}