{"status":200,"caller_id":0,"cached":[],"node":[{"id":139362,"parent":139254,"superparent":9,"author":2490,"type":"item","subtype":"game","subsubtype":"jam","published":"2019-04-29T22:32:42Z","created":"2019-03-10T10:11:53Z","modified":"2019-04-29T22:33:17Z","version":453602,"slug":"shellshark","name":"ShellShark!","body":"![03.png](///raw/ab9/z/22876.png)\n\n_After wasting a long day doing crappy work no one needs, the worst thing an old shark could imagine is coming back to a lonely home where no-one waits. People can do anything to escape the cruel reality: video games, casino, drugs. All those bad habits did not just happen for no reason. I'm kinda lucky to have the most innocent one. Although, I still wonder what troubles it will lead me to..._\n\nPlay a game of ShellShark! The rules are simple: all you need is a deck of cards and a bunch of shells (we used to use livin​g molluscs​). You have _creature cards_ and _action cards_, should be easy to tell the difference once you see them. Creature cards have their characteristics (_power_ and _health_) and some special abilities. Also you have 48 molluscs that denotes your HPs. You win when your opponent's health turns down to zero.\n\nShuffle your deck and take 4 cards from it.\n\nIn the beginning of the turn take a card from your deck. Now you can put one creature on a table (order matters, so choose wisely) _and/or_ use one of your action cards. When you're done, just say \"pass\" (if no-one answers, try clicking \"end turn\"). Then comes the fight phase where your creatures beat each others' tails. Then comes the opponent's turn.\n\nKnowing these rules should be enough to beat Bob. Good luck!\n\n***\n\nI hate the theme! If you find any clue of it in this game, tell me about it.\n\n***\n\nCredits: \n\n* [Syudzius](https://twitter.com/syudzius) -- Real Artist™.\n* [Yngvarr](https://twitter.com/_yngwarr) -- surreal game programmer.","meta":{"author":[2490,140095],"link-01-tag":[42336],"cover":"///content/ab9/z/2285f.png","grade-06-out":"1","grade-08-out":"1","link-01":"https://yngwarr.itch.io/shellshark","link-02":"https://github.com/hardweird/LD44","link-02-tag":[42332]},"path":"/events/ludum-dare/44/shellshark","parents":[1,5,9,139254],"love":0,"notes":45,"notes-timestamp":"2019-05-12T17:19:29Z","grade":{"grade-01":41,"grade-02":41,"grade-03":41,"grade-04":40,"grade-05":41,"grade-07":40},"magic":{"cool":95.224978919239,"feedback":47,"given":26.75,"grade":40.666666666667,"grade-01-average":3.423,"grade-01-result":573,"grade-02-average":3.436,"grade-02-result":419,"grade-03-average":3.064,"grade-03-result":589,"grade-04-average":2.329,"grade-04-result":1085,"grade-05-average":3.526,"grade-05-result":556,"grade-07-average":3.5,"grade-07-result":188,"smart":11.1600529734}}]}