{"status":200,"caller_id":0,"cached":[],"node":[{"id":146012,"parent":139254,"superparent":9,"author":33249,"type":"item","subtype":"game","subsubtype":"compo","published":"2019-04-28T23:42:13Z","created":"2019-04-25T15:46:42Z","modified":"2019-04-28T23:45:21Z","version":443950,"slug":"hells-business","name":"Hell's Business","body":"![Cover.png](///raw/1e1/8/z/21543.png)\nIt's done! Not perfect but done.\n\nFirst time doing LD in compo and that was quite challenging.\n\nIn this game, Bryan goes to hell to bring back his partner.\nThe game is basically an action platformer.\n\nI'm sorry for not adding any sound in the game, did not have the time to do it. I'm sorry also for any bug, any problem in the physics or the game design in general.\n\nThank you for trying my game :)","meta":{"author":[33249],"cover":"///content/1e1/8/z/21455.png","allow-anonymous-comments":"1","grade-06-out":"1","link-01":"https://drive.google.com/file/d/1lgldwivlR3fsATthh3bk6r-bivm0JqnK/view?usp=sharing","link-01-tag":[42332],"link-02":"https://ami-solah.itch.io/hells-business","link-02-tag":[42336],"link-03":"https://drive.google.com/open?id=1Nh-eTPawOkSsSFJANbNy3to2ruX8h-WX","link-03-tag":[42337]},"path":"/events/ludum-dare/44/hells-business","parents":[1,5,9,139254],"love":0,"notes":32,"notes-timestamp":"2019-05-20T14:32:58Z","grade":{"grade-01":40,"grade-02":42,"grade-03":40,"grade-04":42,"grade-05":41,"grade-07":38,"grade-08":38},"magic":{"cool":102.1741671831,"feedback":39,"given":35.625,"grade":40.142857142857,"grade-01-average":2.882,"grade-01-result":429,"grade-02-average":2.675,"grade-02-result":426,"grade-03-average":2.289,"grade-03-result":476,"grade-04-average":3.313,"grade-04-result":247,"grade-05-average":3.167,"grade-05-result":306,"grade-07-average":3.069,"grade-07-result":155,"grade-08-average":2.722,"grade-08-result":384,"smart":16.46144809676}}]}