{"status":200,"caller_id":0,"cached":[],"node":[{"id":146032,"parent":139254,"superparent":9,"author":146030,"type":"item","subtype":"game","subsubtype":"jam","published":"2019-04-29T21:21:33Z","created":"2019-04-25T16:10:47Z","modified":"2019-04-29T22:09:44Z","version":453193,"slug":"deathly-trade","name":"Deathly Trade","body":"Your goal is to finish your end of the bargain to leave the deepest pits of hell by trading away what remains of your soul. Other Demons are hungry for the souls you are carrying, so watch out!\n\n\n**Controls**\n\n**WASD** to Move\n\n**Mouse** to Aim\n\n**Left** Mouse button to attack\n\n**Escape** to Access shop and pause\n\n**1** for Blink Ability\n\n**2** for Petrify Ability\n\n**3** for Armageddon Ability\n\n**Abilities Require Purchase To Activate**\n\n![1CEC46CB-5942-47C5-8BC1-8E8C9E0A5814.png](///raw/e6a/32/z/22781.png)\n","meta":{"author":[146030,146029,146041,146050,146995,106991,146038],"link-01-tag":[42337],"grade-07-out":"1","grade-06-out":"1","cover":"///content/e6a/32/z/2252a.png","link-01":"https://nitrogolem.itch.io/deathlytrade"},"path":"/events/ludum-dare/44/deathly-trade","parents":[1,5,9,139254],"love":0,"notes":13,"notes-timestamp":"2019-05-09T21:27:56Z","grade":{"grade-01":31,"grade-02":31,"grade-03":30,"grade-04":31,"grade-05":31,"grade-08":31},"magic":{"cool":136.33624104202,"feedback":3,"given":41.125,"grade":30.833333333333,"grade-01-average":2.741,"grade-01-result":1077,"grade-02-average":2.759,"grade-02-result":963,"grade-03-average":2.464,"grade-03-result":1044,"grade-04-average":2.983,"grade-04-result":845,"grade-05-average":3.103,"grade-05-result":798,"grade-08-average":3.224,"grade-08-result":630,"smart":16.635000768446}}]}