{"status":200,"caller_id":0,"cached":[],"node":[{"id":149938,"parent":139254,"superparent":9,"author":2062,"type":"item","subtype":"game","subsubtype":"jam","published":"2019-04-29T20:13:59Z","created":"2019-04-27T09:43:31Z","modified":"2019-04-30T21:29:32Z","version":465653,"slug":"apis","name":"APIS","body":"In APIS, you control a swarm of bees. Gather nectar, care for your brood, defend against attackers. Gather enough nectar and you can bring forth the Imperatrix Apis, the Bee Empress.\n\n![b.png](///raw/e08/z/22397.png)\n\nControls\n\n* Click on a flower to send a bee to harvest nectar.\n* Click on an enemy to send a bee to sting it.\n* First Button: Make new bee (4 nectar)\n* Second Button: Relocate hive (each bee can only carry one nectar, so surplus nectar will be discarded)\n* Third Button: Bring forth the Imperatrix Apis (100 nectar)\n\n## Team\n\n![BEEEE_smaller.jpg](///raw/e08/z/21efe.jpg)\n\n* Kathryn Criston (Music)\n* David Stark (Graphics, SFX)\n* Manuel Mumenthaler (Programming)","meta":{"author":[2062,145609,147918],"link-01-tag":[42336],"grade-07-out":"1","cover":"///content/e08/z/21df4.png","link-01":"https://zarkonnen.itch.io/apis"},"path":"/events/ludum-dare/44/apis","parents":[1,5,9,139254],"love":0,"notes":17,"notes-timestamp":"2019-05-17T15:42:40Z","grade":{"grade-01":33,"grade-02":33,"grade-03":33,"grade-04":32,"grade-05":33,"grade-06":33,"grade-08":33},"magic":{"cool":92.024281950301,"feedback":41,"given":23.5,"grade":32.857142857143,"grade-01-average":3.532,"grade-01-result":458,"grade-02-average":3.194,"grade-02-result":633,"grade-03-average":3.516,"grade-03-result":233,"grade-04-average":3.15,"grade-04-result":711,"grade-05-average":3.129,"grade-05-result":787,"grade-06-average":3.565,"grade-06-result":268,"grade-08-average":3.339,"grade-08-result":525,"smart":15.720803435796}}]}