{"status":200,"caller_id":0,"cached":[],"node":[{"id":147855,"parent":139254,"superparent":9,"author":146616,"type":"item","subtype":"game","subsubtype":"jam","published":"2019-04-29T19:23:07Z","created":"2019-04-26T19:09:48Z","modified":"2019-05-02T08:36:32Z","version":468991,"slug":"age-combat","name":"Age Waves","body":"This was, what I managed to create in 72 hours, I hope, that you will enjoy it.\n\nYou open the shop by pressing Escape.\nIn the shop you can get weapons and ammo by getting older, when you reach 100 age you lose!\n![ScreenShots1.PNG](///raw/8bc/32/z/23c45.png)\nIf an enemy kills you, you also get older, enemies look like this:\n![ARTW.PNG](///raw/8bc/32/z/23c49.png)\n![ScreenShots.PNG](///raw/8bc/32/z/23c41.png)","meta":{"author":[146616],"grade-08-out":"1","grade-07-out":"1","grade-06-out":"1","link-01-tag":[42512],"cover":"///content/8bc/32/z/22289.png","link-01":"https://notekri.itch.io/agewaves","link-01-name":"Windows"},"path":"/events/ludum-dare/44/age-combat","parents":[1,5,9,139254],"love":0,"notes":23,"notes-timestamp":"2019-05-06T09:13:06Z","grade":{"grade-01":29,"grade-02":30,"grade-03":29,"grade-04":29,"grade-05":29},"magic":{"cool":131.87609467916,"feedback":24,"given":30,"grade":29.2,"grade-01-average":2.796,"grade-01-result":1058,"grade-02-average":2.589,"grade-02-result":1041,"grade-03-average":2.556,"grade-03-result":992,"grade-04-average":2.963,"grade-04-result":857,"grade-05-average":2.722,"grade-05-result":953,"smart":17.929151477537}}]}