{"status":200,"caller_id":0,"cached":[],"node":[{"id":151016,"parent":139254,"superparent":9,"author":34521,"type":"item","subtype":"game","subsubtype":"jam","published":"2019-04-30T01:45:01Z","created":"2019-04-27T22:30:18Z","modified":"2019-05-09T19:43:28Z","version":473948,"slug":"lost-in-afterlife","name":"Lost in Afterlife","body":"Lost in Afterlife is a wannabe RPG/Dungeon Crawler/Visual Novel thingie. In this game you play as soul that’s trying to grow strong enough to be reincarnated.\n![Screenshot (25).png](///raw/9d6/8/z/23461.png)\n![Screenshot (26).png](///raw/9d6/8/z/23475.png)\n![Screenshot (28).png](///raw/9d6/8/z/23495.png)\n\nCode, Art, Design, Sound (Generated) by zanagi.\n\nNOTE: \n- You can skip dialogue by pressing TAB key.\n- About the combat: Select a skill by clicking a button on the panel, then click the enemy you want to attack.\n- There’s also a exp/leveling system in the game, just no proper visual feedback for that. You'll probably notice it from your HP recovering and/or new skills added.\n","meta":{"author":[34521],"link-01-tag":[50],"link-01":"https://github.com/zanagi/LostInAfterlife","cover":"///content/9d6/8/z/24698.png","link-02-tag":[42337],"link-02":"https://zanagi.itch.io/lost-in-afterlife","link-03":"https://zanagi.itch.io/lost-in-afterlife","link-03-tag":[42339],"link-04":"https://zanagi.itch.io/lost-in-afterlife","link-04-tag":[42341],"link-05":"","link-05-tag":null,"allow-anonymous-comments":"1"},"path":"/events/ludum-dare/44/lost-in-afterlife","parents":[1,5,9,139254],"love":0,"notes":11,"notes-timestamp":"2019-05-19T15:23:30Z","grade":{"grade-01":23,"grade-02":23,"grade-03":23,"grade-04":23,"grade-05":23,"grade-06":22,"grade-07":22,"grade-08":23},"magic":{"cool":97.674100380078,"feedback":20,"given":20.75,"grade":22.75,"grade-01-average":3.452,"grade-01-result":545,"grade-02-average":3.214,"grade-02-result":611,"grade-03-average":3.262,"grade-03-result":419,"grade-04-average":3.476,"grade-04-result":457,"grade-05-average":2.857,"grade-05-result":906,"grade-06-average":3.2,"grade-06-result":437,"grade-07-average":3.35,"grade-07-result":255,"grade-08-average":3.643,"grade-08-result":281,"smart":13.786503685862}}]}