{"status":200,"caller_id":0,"cached":[],"node":[{"id":149806,"parent":139254,"superparent":9,"author":16765,"type":"item","subtype":"game","subsubtype":"jam","published":"2019-04-29T21:53:42Z","created":"2019-04-27T08:26:04Z","modified":"2019-05-01T18:11:23Z","version":467964,"slug":"demon-of-doom","name":"Demon of Doom","body":"# About the game\n\nYou are a demon. You have been sent to destroy the human world. Not you specifically though! You're part of an army. You're just cannon fodder, as you only have 1 live left. You need to rank up and collect some lives from humans. There's a friendly hell shopkeeper which will give you stuff, in exchange for some of those lives.\n\n# Ludum Dare\n**@JPiolho**: Sadly I barely had time to work on this game so it's very unfinished but I did my best to leave it in a playable stage to resemble a game. I want to continue working on this game for some time though. *There is no sound in the game.*\n\n# How to Play\n- Arrow keys to move\n- Ctrl / Mouse 1 to attack\n- Kill humans to earn lives\n- Cops will shoot at you\n\n# Screenshots\n![Screen1.png](///raw/d71/4/z/22653.png)\n\n![Screen2.png](///raw/d71/4/z/22654.png)\n\n![Screen3.png](///raw/d71/4/z/22656.png)\n\n![Screen4.png](///raw/d71/4/z/22657.png)","meta":{"author":[16765],"grade-06-out":"1","grade-07-out":"1","grade-08-out":"1","link-01-tag":[42336],"cover":"///content/d71/4/z/2261f.png","link-01":"https://jpiolho.itch.io/demon-of-doom","link-01-name":"HTML5 on Itch.io","link-02":"https://jpiolho.itch.io/demon-of-doom","link-02-tag":[42337],"link-02-name":"Windows x64 on Itch.io"},"path":"/events/ludum-dare/44/demon-of-doom","parents":[1,5,9,139254],"love":0,"notes":10,"notes-timestamp":"2019-05-21T12:18:44Z","grade":{"grade-01":22,"grade-02":22,"grade-03":22,"grade-04":22,"grade-05":22},"magic":{"cool":136.48242004153,"feedback":0,"given":23.75,"grade":22,"grade-01-average":2.525,"grade-01-result":1123,"grade-02-average":2.35,"grade-02-result":1115,"grade-03-average":2.5,"grade-03-result":1024,"grade-04-average":2.775,"grade-04-result":976,"grade-05-average":3.025,"grade-05-result":837,"smart":2.7402333828163}}]}