{"status":200,"caller_id":0,"cached":[],"node":[{"id":154107,"parent":139254,"superparent":9,"author":154103,"type":"item","subtype":"game","subsubtype":"jam","published":"2019-04-30T00:53:30Z","created":"2019-04-30T00:27:58Z","modified":"2019-04-30T20:24:06Z","version":465416,"slug":"crystal-castle","name":"Crystal Castle","body":"Choose your hero, kill all the bad guys, don't forget to pick up the crystal and prepare yourself for an epic boss battle!\n\nYour life is currency - Theme Interpretation: Shoot the bad guys with a spew of coins, protectors of the crystal. Don't get too crazy though, as without coin you have no way of paying for a ride home after a long adventure of monster slaying!\n\nControls:\n- Movement: W,A,S,D\n- Shoot: Left Mouse Button\n\nMisc:\n- Pause Game: 'P' or 'enter'\n- Fullscreen Mode: Hold 'F'\n- Restart the game: Hold 'R'\n- Exit the game: Hold 'Esc'","meta":{"author":[154103],"allow-anonymous-comments":"1","link-01":"https://kylazaur.itch.io/crystal-castle","link-01-tag":[42337],"cover":"///content/7f9/52/z/23136.png"},"path":"/events/ludum-dare/44/crystal-castle","parents":[1,5,9,139254],"love":0,"notes":26,"notes-timestamp":"2019-05-08T22:28:16Z","grade":{"grade-01":44,"grade-02":44,"grade-03":43,"grade-04":43,"grade-05":42,"grade-06":40,"grade-07":38,"grade-08":41},"magic":{"cool":91.871469850422,"feedback":47,"given":34.5,"grade":41.875,"grade-01-average":4.143,"grade-01-result":41,"grade-02-average":4.131,"grade-02-result":29,"grade-03-average":3.012,"grade-03-result":650,"grade-04-average":3.72,"grade-04-result":259,"grade-05-average":4.325,"grade-05-result":97,"grade-06-average":4.184,"grade-06-result":25,"grade-07-average":3.139,"grade-07-result":362,"grade-08-average":3.769,"grade-08-result":196,"smart":16.992801634196}}]}