{"status":200,"caller_id":0,"cached":[],"node":[{"id":143573,"parent":139254,"superparent":9,"author":143572,"type":"item","subtype":"game","subsubtype":"jam","published":"2019-04-29T23:20:07Z","created":"2019-04-22T11:24:19Z","modified":"2019-05-08T12:39:34Z","version":473518,"slug":"blood-and-goods","name":"Blood and goods","body":"**⚠️IMPORTANT: We have been rated many times and we're really grateful for it, please consider rating a few other games that could be in danger before playing and rating this one⚠️**\n\n\n\n\n**Come in hero...**\n\nVisit the most dangerous dungeon rooms where all your decisions will be affected by the amount of blood you're willing to pay...\n\n\t\n⚔️**Horripilant creatures**\n\n>Choose wisely between doing a sacrifice to your enemies in exchange to let you advance through corridors, or jump into the action and slay them to show who's the typing boss here\n\n\t\n🧱**Greedy merchants**\n\n>A whole arsenal of over 20 items is at your disposal, if you can afford it with your own blood to feed the creature that merchant hides in its chest\n\n\t\n⛲**A mysterious fountain**\n\n>You see a suspicious statue with blood coming through its mouth, what could go wrong if you drink from it ?\n\n\t\n☠️**Deadly brutes**\n\n>No one wants to face any of these brute creatures, some stories claim that they don't want your blood... They want your whole wallet\n\n![compressed.gif](///raw/4d0/32/z/23af6.gif)\n\n**We will keep working on Blood and goods. Join our [Discord](https://discord.gg/tpPyMcr) community to help us to improve the game!**","meta":{"author":[143572,140689,144469],"link-01-tag":[42337],"grade-07-out":"1","link-01":"https://selewi.itch.io/blood-n-goods","link-02":"https://selewi.itch.io/blood-n-goods","link-02-tag":[42336],"cover":"///content/554/32/z/2483a.png"},"path":"/events/ludum-dare/44/blood-and-goods","parents":[1,5,9,139254],"love":0,"notes":181,"notes-timestamp":"2019-12-03T16:27:31Z","grade":{"grade-01":237,"grade-02":236,"grade-03":236,"grade-04":236,"grade-05":242,"grade-06":233,"grade-08":236},"magic":{"cool":61.135096303187,"feedback":40,"given":37.375,"grade":236.57142857143,"grade-01-average":4.185,"grade-01-result":27,"grade-02-average":3.878,"grade-02-result":96,"grade-03-average":3.654,"grade-03-result":161,"grade-04-average":4.165,"grade-04-result":32,"grade-05-average":4.623,"grade-05-result":22,"grade-06-average":4.175,"grade-06-result":28,"grade-08-average":4.186,"grade-08-result":45,"smart":-51.113256232841}}]}