{"status":200,"caller_id":0,"cached":[],"node":[{"id":147402,"parent":139254,"superparent":9,"author":140514,"type":"item","subtype":"game","subsubtype":"compo","published":"2019-04-28T22:39:01Z","created":"2019-04-26T15:54:15Z","modified":"2020-03-04T13:05:42Z","version":536560,"slug":"bloodia","name":"Bloodia","body":"![IMG_CE3C92A60273-1.jpeg](///raw/2e4/22/z/2143c.jpg)\n\nA short roguelike where life, money and time are merged in a single counter.\n\nWill you reach the final boss ?\n\nThe game is playable on a gamepad or using the keyboard. It was tested on a Windows 10.\n\n- WASD - Move\n- J - Fire\n- K - Open chest\n- Return - Start/Pause\n\nNote: You will need the Visual Studio 2015 Redistributable installed on your machine to launch the game. You most likely already have it installed anyway. \n\nNote:\nThe complete game code and all assets have been made in 48h exclusively on an iPad Pro using [Pyxen](https://pyxen.com) and music was composed on an iPad Pro too using [Reflow](https://reflow.app).","meta":{"author":[140514],"link-01-tag":[50],"cover":"///content/2e4/22/z/20d5b.jpg","link-01":"https://github.com/sbourgeois/bloodia-ld44","link-01-name":"Github","link-02":"https://gargant.itch.io/bloodia","link-02-tag":[42337],"link-02-name":"itch.io","link-03":"","link-03-tag":null,"link-03-name":""},"path":"/events/ludum-dare/44/bloodia","parents":[1,5,9,139254],"love":0,"notes":43,"notes-timestamp":"2019-05-05T10:48:36Z","grade":{"grade-01":37,"grade-02":37,"grade-03":37,"grade-04":37,"grade-05":38,"grade-06":37,"grade-07":34,"grade-08":37},"magic":{"cool":100.1746726222,"feedback":24,"given":35.875,"grade":36.75,"grade-01-average":3.3,"grade-01-result":276,"grade-02-average":3.086,"grade-02-result":293,"grade-03-average":2.786,"grade-03-result":363,"grade-04-average":3.657,"grade-04-result":125,"grade-05-average":3.486,"grade-05-result":211,"grade-06-average":3.157,"grade-06-result":198,"grade-07-average":2.156,"grade-07-result":354,"grade-08-average":3.171,"grade-08-result":230,"smart":14.136807754351}}]}