{"status":200,"caller_id":0,"cached":[],"node":[{"id":153314,"parent":139254,"superparent":9,"author":48758,"type":"item","subtype":"game","subsubtype":"jam","published":"2019-04-29T17:07:24Z","created":"2019-04-29T17:05:33Z","modified":"2019-04-30T12:29:06Z","version":463444,"slug":"criminal-street","name":"Criminal Street","body":"**Your lives are just numbers to me.** - You, playing this.\n\nYou are a bounty hunter who trades in wanted criminals for money. Can you identify the perps in a sea of people? Don't let them get away!\n\n![Screen Shot 2019-04-30 at 11.58.53 am.png](///raw/67e/b/z/23766.png)\n\n**Controls**\n\nSimply drag and drop the criminals onto the WANTED panel. DON'T falsely imprison people!\n\nCheck for five features:\n- Hair\n- Eyes / Glasses / Eye-patches / Scar\n- Nose\n- Mouth / Facial Hair\n- Ear\n\n**Powers**\n\nThere are four powers that will help you:\n- The Freeze: Freeze everyone in time for 5 seconds.\n- The Spotter: Immediately points out a criminal if they are in the crowd.\n- The Snap: Vanish half the people in the crowd who are not criminals (Requires the strongest will. And $5000.)\n- The Extra Life: duh\n\n*Helpful tip for those who are willing to read this far: The criminals on the wanted list only appear AFTER the bounty has been put out on their heads.*\n\n**Credits**\n- Game Design, Code, Art, and Music: me\n- SFX: freesound.org\n\nI missed the compo deadline for Endgame. Worth it.","meta":{"author":[48758],"link-01":"https://gastricsparrow.itch.io/criminal-street","link-01-tag":[42336],"cover":"///content/67e/b/z/23d2b.png","allow-anonymous-comments":"1"},"path":"/events/ludum-dare/44/criminal-street","parents":[1,5,9,139254],"love":0,"notes":29,"notes-timestamp":"2019-05-04T21:53:14Z","grade":{"grade-01":48,"grade-02":48,"grade-03":48,"grade-04":48,"grade-05":48,"grade-06":48,"grade-07":47,"grade-08":47},"magic":{"cool":113.05197328265,"feedback":31,"given":59.75,"grade":47.75,"grade-01-average":3.533,"grade-01-result":457,"grade-02-average":3.326,"grade-02-result":512,"grade-03-average":3.25,"grade-03-result":429,"grade-04-average":2.957,"grade-04-result":862,"grade-05-average":3.207,"grade-05-result":746,"grade-06-average":3.12,"grade-06-result":489,"grade-07-average":3.156,"grade-07-result":356,"grade-08-average":3.078,"grade-08-result":745,"smart":17.120781618426}}]}