{"status":200,"caller_id":0,"cached":[],"node":[{"id":144520,"parent":139254,"superparent":9,"author":113874,"type":"item","subtype":"game","subsubtype":"compo","published":"2019-04-28T21:57:47Z","created":"2019-04-23T18:34:48Z","modified":"2019-04-28T22:00:53Z","version":442913,"slug":"we-are-nuts","name":"We Are Nuts!","body":"Get them nuts! Find the exit! \n\nLook out, you lose your life fast! Get upgrades for remaining hearts!\n\n![title - Kopia.PNG](///raw/2dc/b1/z/2131b.png)\n\n![screen1.PNG](///raw/2dc/b1/z/2131d.png)\n\n![screen2.PNG](///raw/2dc/b1/z/2131e.png)\n","meta":{"author":[113874],"cover":"///content/2dc/b1/z/212ec.png","allow-anonymous-comments":"1","link-01":"https://drive.google.com/drive/folders/1z0Jil-7HLB1H32BfppC5-wyWKQgFtcOT","link-01-tag":[42332],"link-02":"https://kaeveris.itch.io/we-are-nuts","link-02-tag":[42336],"link-03":"https://kaeveris.itch.io/we-are-nuts","link-03-tag":[42337]},"path":"/events/ludum-dare/44/we-are-nuts","parents":[1,5,9,139254],"love":0,"notes":41,"notes-timestamp":"2019-05-20T19:56:40Z","grade":{"grade-01":57,"grade-02":58,"grade-03":58,"grade-04":58,"grade-05":58,"grade-06":58,"grade-07":50,"grade-08":54},"magic":{"cool":107.71587071371,"feedback":62,"given":64.25,"grade":56.375,"grade-01-average":2.845,"grade-01-result":437,"grade-02-average":2.705,"grade-02-result":423,"grade-03-average":2.375,"grade-03-result":461,"grade-04-average":2.518,"grade-04-result":459,"grade-05-average":3.232,"grade-05-result":291,"grade-06-average":2.75,"grade-06-result":298,"grade-07-average":2.333,"grade-07-result":315,"grade-08-average":2.885,"grade-08-result":332,"smart":19.866888478165}}]}