{"status":200,"caller_id":0,"cached":[],"node":[{"id":141667,"parent":139254,"superparent":9,"author":316,"type":"item","subtype":"game","subsubtype":"jam","published":"2019-04-30T01:54:45Z","created":"2019-04-13T21:47:52Z","modified":"2019-05-10T06:02:07Z","version":474086,"slug":"necrosis","name":"Necrosis","body":"![Main.png](///raw/c31/z/240c7.png)\n\n# Post Jam Version\n\nWe uploaded a Version 2 of the game, making the last level possible to solve.\n\n# Controls\nW, S, A, D - scroll map  \nleft mouse button - select infected cell  \nright mouse button - select target  \nmouse wheel - zoom  \n1, 2, 3, 4 - select virus  \nr - restart level  \nesc - return to main menu  \n\n# Gameplay\n\n![Tutorial.png](///raw/c31/z/240aa.png)\n\n# Technical Details\nThe game was made in Unity (https://unity3d.com/). We made all the graphics ourselves, using GIMP, Photoshop and Corel Painter Essentials 5. All the sound effects were created with assets of ‘The #GameAudioGDC Bundle’ or by ourselves. The music was created using Cubase.\n\n# Made by\njanetheodd, Skosnowich and Matjes\n\n# Video\n\nhttps://www.youtube.com/watch?v=4FSxtBAZzsw\n\n# Screenshots\n![1.png](///raw/91a/z/233ee.png)  \n![2.png](///raw/91a/z/233f3.png)  \n![3.png](///raw/91a/z/233f8.png)  \n\n# Downloads","meta":{"author":[316,2585,143150],"link-01-tag":[42337],"cover":"///content/c31/z/240c6.png","link-01":"https://www.dropbox.com/s/of223och4fcwsoq/Necrosis_V2.zip?dl=1","link-02":"https://skosnowich.github.io/LD44-Game_V2/","link-02-tag":[42336],"link-03":"https://www.dropbox.com/s/u647ac7usorxsky/Necrosis_linux_V2.zip?dl=1","link-03-tag":[42341],"link-04":"https://skosnowich.itch.io/necrosis","link-04-tag":[42336],"link-04-name":"itch.io","link-05":"https://www.dropbox.com/s/tml00kwwhylkf3h/Necrosis_linux_V1.zip?dl=1","link-05-tag":[42341],"link-05-name":"","link-06":"https://www.dropbox.com/s/76u9e9c20w6hn8z/Necrosis_V1.zip?dl=1","link-06-tag":[42337],"link-06-name":"","link-07":"https://skosnowich.github.io/LD44-Game/","link-07-tag":[42336],"link-07-name":"","link-01-name":"Windows Post Jam V2","link-02-name":"HTML5 Post Jam V2","link-03-name":"Linux Post Jam V2"},"path":"/events/ludum-dare/44/necrosis","parents":[1,5,9,139254],"love":0,"notes":21,"notes-timestamp":"2019-05-19T15:10:47Z","grade":{"grade-01":41,"grade-02":41,"grade-03":41,"grade-04":41,"grade-05":41,"grade-06":40,"grade-07":39,"grade-08":41},"magic":{"cool":112.47151760021,"feedback":12,"given":50.125,"grade":40.625,"grade-01-average":3.692,"grade-01-result":293,"grade-02-average":3.538,"grade-02-result":326,"grade-03-average":3.923,"grade-03-result":49,"grade-04-average":3.5,"grade-04-result":428,"grade-05-average":3.449,"grade-05-result":608,"grade-06-average":3.276,"grade-06-result":394,"grade-07-average":3.095,"grade-07-result":383,"grade-08-average":3.59,"grade-08-result":326,"smart":16.691993198316}}]}