{"status":200,"caller_id":0,"cached":[],"node":[{"id":139270,"parent":139254,"superparent":9,"author":196,"type":"item","subtype":"game","subsubtype":"jam","published":"2019-04-29T22:28:42Z","created":"2019-03-08T12:55:07Z","modified":"2019-04-30T10:07:44Z","version":462818,"slug":"dovregubben","name":"Dovregubben","body":"![logo-litn.png](///raw/4c/z/227c9.png)\n\nCan you evade the troll for long enough for the sun to rise and turn it to stone before you perish, and can you afford risking your life by plunging downhill to get ahead of this foe?\n\n![2-kopi.png](///raw/4c/z/227e9.png)\n\nA loose but working interpretation of the theme. Your life is not currency in the sense of money, but you can choose to \"pay with your life\" (to an extent) by jumping several platforms down when the risk seems worth it.\n\nI usually do three day jams, but I was moving to a new home this weekend and missed the first day—still happy I got something together!\n\n---\n\n## Credits 👒\n\n* Ava Skoog\n\nSounds from [zapsplat.com](https://www.zapsplat.com/).\n\nPartial melody by Edvard Grieg (*In the hall of the mountain king* / *I dovregubbens hall*) is public domain. I used a MIDI and cut out a part of the song and assigned my own instrumentation and tempo and made it loop properly.\n\n---\n\n## Controllers 🎮\n\nKeyboard only. Arrows or AD to move left and right, down arrow or S to jump straight down.\n\n---\n\n![1x3-kopi.png](///raw/4c/z/227fb.png)","meta":{"author":[196],"allow-anonymous-comments":"1","cover":"///content/4c/z/227bd.png","link-01":"https://prinsessa.itch.io/dovregubben","link-01-tag":[42336],"link-01-name":"itch.io"},"path":"/events/ludum-dare/44/dovregubben","parents":[1,5,9,139254],"love":0,"notes":20,"notes-timestamp":"2019-05-21T16:25:19Z","grade":{"grade-01":22,"grade-02":22,"grade-03":22,"grade-04":21,"grade-05":22,"grade-06":21,"grade-07":20,"grade-08":21},"magic":{"cool":52.542708307804,"feedback":5,"given":5.625,"grade":21.375,"grade-01-average":3.375,"grade-01-result":613,"grade-02-average":3.4,"grade-02-result":452,"grade-03-average":2.625,"grade-03-result":955,"grade-04-average":2.684,"grade-04-result":1008,"grade-05-average":3.975,"grade-05-result":295,"grade-06-average":3.079,"grade-06-result":508,"grade-07-average":2.917,"grade-07-result":491,"grade-08-average":3.395,"grade-08-result":471,"smart":-38.346374067349}}]}