{"status":200,"caller_id":0,"cached":[],"node":[{"id":147635,"parent":139254,"superparent":9,"author":146406,"type":"item","subtype":"game","subsubtype":"jam","published":"2019-04-30T00:04:22Z","created":"2019-04-26T17:40:59Z","modified":"2019-04-30T00:04:22Z","version":455380,"slug":"front-line-fury","name":"Front Line Fury","body":"![one.png](///raw/6eb/32/z/22c5b.png)\n\nFront Line Fury is Tower Defense 2D Game that use the official LDJam 44 them \"Your Life is Currency\" as it's main highlight. You are a unique ape that have power blood that can be used to build structures, then enemy want to take it from you because it's priceless. Your job is to protect yourself from waves of enemies by deploying structures that will defend you but with the cost of your own hp. Be wise managing your resources, which is you.\n\n![2.png](///raw/6eb/32/z/22c60.png)\n\nSolo for this time and using my favourite engine including the other opensource software as my choice. Godot Engine 3.1, Krita for 2D art and texture.\n\nAll assets are my own (art, music, etc) and I made entire of it in 13 hours of total game dev for this jam, solo. I hope I'll go better next time. thanks!\n\n![three.png](///raw/6eb/32/z/22c65.png)","meta":{"author":[146406],"link-01-tag":[42337],"cover":"///content/6eb/32/z/22c26.png","link-01":"https://hernandack.itch.io/front-line-fury-ldjam44"},"path":"/events/ludum-dare/44/front-line-fury","parents":[1,5,9,139254],"love":0,"notes":17,"notes-timestamp":"2019-05-02T17:32:19Z","grade":{"grade-01":23,"grade-02":23,"grade-03":22,"grade-04":24,"grade-05":24,"grade-06":22,"grade-07":21,"grade-08":22},"magic":{"cool":104.24515347546,"feedback":14,"given":23.5,"grade":22.625,"grade-01-average":3.238,"grade-01-result":757,"grade-02-average":2.714,"grade-02-result":989,"grade-03-average":2.375,"grade-03-result":1073,"grade-04-average":3.364,"grade-04-result":543,"grade-05-average":3.705,"grade-05-result":448,"grade-06-average":3.3,"grade-06-result":384,"grade-07-average":2.211,"grade-07-result":856,"grade-08-average":3.125,"grade-08-result":709,"smart":13.62241376618}}]}