{"status":200,"caller_id":0,"cached":[],"node":[{"id":143908,"parent":139254,"superparent":9,"author":7025,"type":"item","subtype":"game","subsubtype":"jam","published":"2019-04-29T18:23:53Z","created":"2019-04-22T22:00:08Z","modified":"2019-04-29T18:33:26Z","version":450447,"slug":"instagram-boyfriend","name":"Instagram Boyfriend","body":"**Overview**\n\nA game made for Ludum Dare 44, the theme was Your Life is Currency.\n\nThe basic idea is that Instagram models and photographers make money by oversharing their life and make it look a certain way. \nSo your goal is to take a photo that will get the most viral shares one way or another. And enjoy soothing audio while being judged.\n\n\n**How to play**\n\nObjective: take a photo that will be \"on brand\" for the model. You need to hit the red button at the right time, and can modify some background objects. Or add a filter!\n\n**Things that we wanted to get in but didn't have time**\n\n- We were originally way over-scoped trying to get in 5 levels, instead we got in 2 levels\n- Scoring unbalanced\n- Not enough time on the HUD making it feel like a phone\n​\n\n**Tools**\n\n- Unreal \n- Audacity\n- Photoshop\n\n**Other notes**\n\n- Screenshots are saved in LD44InstaBF/Saved/Screenshots/WindowsNoEditor\n- Our team had a good mix of experienced and first timer game jam participants. We originally started out with more of a pokemon snap idea and kind of shifted later.\n\n![level1park.jpg](///raw/17b/1/z/2215d.jpg)\n![level2scorescreen.jpg](///raw/17b/1/z/2215e.jpg)\n![CoverScreenshot.jpg](///raw/17b/1/z/2215f.jpg)","meta":{"author":[7025,140880,125471,144485,144789],"link-01-tag":[42337],"cover":"///content/17b/1/z/22159.jpg","link-01":"https://ultrarat.itch.io/insta-bf","link-01-name":"Windows itch link","link-02":"https://github.com/MollyJameson/LD44-InstaBF","link-02-tag":[42332]},"path":"/events/ludum-dare/44/instagram-boyfriend","parents":[1,5,9,139254],"love":0,"notes":16,"notes-timestamp":"2019-05-16T18:42:53Z","grade":{"grade-01":30,"grade-02":29,"grade-03":30,"grade-04":30,"grade-05":30,"grade-06":29,"grade-07":29,"grade-08":27},"magic":{"cool":95.472740862445,"feedback":28,"given":25.75,"grade":29.25,"grade-01-average":2.893,"grade-01-result":1006,"grade-02-average":2.833,"grade-02-result":914,"grade-03-average":3.018,"grade-03-result":644,"grade-04-average":2.929,"grade-04-result":884,"grade-05-average":3.536,"grade-05-result":552,"grade-06-average":2.778,"grade-06-result":595,"grade-07-average":3.074,"grade-07-result":391,"grade-08-average":2.8,"grade-08-result":917,"smart":15.591282274292}}]}