{"status":200,"caller_id":0,"cached":[],"node":[{"id":153197,"parent":139254,"superparent":9,"author":153195,"type":"item","subtype":"game","subsubtype":"jam","published":"2019-04-29T19:33:41Z","created":"2019-04-29T15:10:17Z","modified":"2019-04-30T16:58:56Z","version":464570,"slug":"betyourlife","name":"BetYourLife","body":"TEASER\n\n\nWe created a short teaser for our game and uploaded it on YouTube. You will find the link below.\n\nhttps://www.youtube.com/watch?v=pcSTZW3-PBw\n\n==============================================================================================\n\n![1.png](///raw/b66/52/z/226a5.png)\n\n\nHi!\n\nMe and 3 of my friends gathered around to participate in this gamejam. This is actually our first Ludum Dare gamejam. We decided to make a russian roulette kind of party game as the subject of this event is \"Your life is currency\". The game will be launched on android devices (with +5.0 android). In case you wanted to try it out it will be available to download .apk file. PC version will be android port if trying it out before you install it on your phone seems more convicing. Each player (from 2 to 8) gets his own revolver and uses it to bet his life. The one who stays alive and is the richest one is the winner. It is your life, that you use as money and well... life!\n\n\nWe created all the graphics including 2d art and 3d models. For music and sound effects, we used gamesounds.xyz\n\n==============================================================================================\n\nTEAM\n\n\nKamil Florek - 2d artist\n\nTomasz Szymczyk - 3d artist/Teaser Creator\n\nKrzysztof Tomaszek - Game Designer/Programmer/Teaser Director\n\nDariusz Wójcicki - Game Designer/Programmer/Teaser Assist\n\n==============================================================================================\n\nLike I said, this is our first done project so any comments and constructive criticism are much appreciated!\n\nThanks a lot and have a great time!!!\n\n==============================================================================================\nSCREENSHOOTS\n\n![2.png](///raw/b66/52/z/226a8.png)\n\n\n![3.png](///raw/b66/52/z/226ab.png)\n\n\n![4.png](///raw/b66/52/z/226ae.png)","meta":{"author":[153195,142642,154970],"cover":"///content/b66/52/z/22005.png","allow-anonymous-comments":"1","link-01-tag":[42342],"link-01-name":"Android release","link-02":"https://www.youtube.com/watch?v=pcSTZW3-PBw","link-02-tag":[42440],"link-02-name":"Teaser","link-01":"https://drive.google.com/file/d/1c99pC4DrqjLJKZ1tGj44U5tACwNsixjb/view","link-03":"https://drive.google.com/file/d/1bjTXQpzGMMx3xpAZwNGF-iEWiwLt8rIr/view?usp=sharing","link-03-tag":[42337],"link-03-name":"Windows(Android Port)","link-04":"https://pusheeneiro.itch.io/betyourlife","link-04-tag":[42440],"link-04-name":"Itch.io","link-05":"","link-05-tag":null,"link-05-name":""},"path":"/events/ludum-dare/44/betyourlife","parents":[1,5,9,139254],"love":0,"notes":44,"notes-timestamp":"2019-05-20T23:48:22Z","grade":{"grade-01":77,"grade-02":76,"grade-03":77,"grade-04":77,"grade-05":78,"grade-06":75,"grade-07":73,"grade-08":73},"magic":{"cool":115.66298639325,"feedback":119,"given":116.75,"grade":75.75,"grade-01-average":3.16,"grade-01-result":821,"grade-02-average":3.088,"grade-02-result":720,"grade-03-average":2.853,"grade-03-result":814,"grade-04-average":3.413,"grade-04-result":512,"grade-05-average":3.27,"grade-05-result":711,"grade-06-average":3.062,"grade-06-result":512,"grade-07-average":2.775,"grade-07-result":579,"grade-08-average":2.824,"grade-08-result":905,"smart":14.896997924285}}]}