{"status":200,"caller_id":0,"cached":[],"node":[{"id":144222,"parent":139254,"superparent":9,"author":121743,"type":"item","subtype":"game","subsubtype":"jam","published":"2019-04-29T21:03:44Z","created":"2019-04-23T12:07:45Z","modified":"2019-05-05T10:17:09Z","version":472306,"slug":"save-other-save-you","name":"Save others  Save you","body":"Game for Ludum Dare 44\n\nYou are a white Capsule and have to rescue orange Bots. \nBeware of the red enemies and bring your bot friends to goal.\nBut don't let yourself too much time! There is a danger from below.\n\nThe game contains three level.\n\nUpdate\n\n1) added Text if you loose a Hostage!\n","meta":{"author":[121743,123783,123092,147752],"link-01-tag":[42332],"cover":"///content/f8b/d1/z/22976.png","allow-anonymous-comments":"1","link-01":"https://github.com/wolfsblut84/ludumdare44","link-02":"https://github.com/Wolfsblut84/LudumDare44/raw/master/Save%20others%20save%20you.zip","link-02-tag":[42337]},"path":"/events/ludum-dare/44/save-other-save-you","parents":[1,5,9,139254],"love":0,"notes":21,"notes-timestamp":"2019-05-09T21:56:21Z","grade":{"grade-01":43,"grade-02":43,"grade-03":43,"grade-04":44,"grade-05":43,"grade-06":40,"grade-07":40,"grade-08":42},"magic":{"cool":150.95654602527,"feedback":19,"given":94,"grade":42.25,"grade-01-average":2.659,"grade-01-result":1103,"grade-02-average":2.512,"grade-02-result":1075,"grade-03-average":2.939,"grade-03-result":735,"grade-04-average":2.738,"grade-04-result":991,"grade-05-average":2.195,"grade-05-result":1032,"grade-06-average":2.697,"grade-06-result":613,"grade-07-average":2.145,"grade-07-result":875,"grade-08-average":2.4,"grade-08-result":1048,"smart":17.975118796171}}]}