{"status":200,"caller_id":0,"cached":[],"node":[{"id":147859,"parent":139254,"superparent":9,"author":9655,"type":"item","subtype":"game","subsubtype":"jam","published":"2019-04-30T00:28:39Z","created":"2019-04-26T19:10:19Z","modified":"2019-04-30T00:28:39Z","version":455952,"slug":"memory-run","name":"Memory Run","body":"![Main Menu Showcase.gif](///raw/7b5/2/z/22671.gif)\n\nYou have to command your little robot (or tank) through various levels full of danger and puzzles. \n\nYou will find different powerups, which will help you in the level. \n\n![Level_01_02.png](///raw/7b5/2/z/22688.png)\n\nA special powerup is the star which will grant you a lot of points for the highscore in the end. \nCan you collect all stars while you beat the game?\n\n![Level_03_01.png](///raw/7b5/2/z/226a1.png)\n\n## Disclaimer:\n- The sounds and music is not made by us, we only used them to generate some mood and \"pep up\" the level a bit\n- WebGL Version seems to be still buggy, we recommend to use the normal download versions!\n- MAC and LINUX version are not tested\n\n![Level_02_02.png](///raw/7b5/2/z/226ad.png)\n\n![Level_04_01.png](///raw/7b5/2/z/226b5.png)\n\n## Controls: \n- Right or middle mouse button + WASD - Control the camera\n- Q/E - Descend or ascend the camera\n- ESCape - Open the pause menu\n- F1 / F2 / F3 - Control the speed\n- F5 / CTRL+Return (while commandfield is focused) - Execute the commands\n- SPACE (while commands are proceeding) - Emergency break\n\n## Helping Tips:\n- Read all Tutorials\n- Take a closer look at the whole level\n- Plan your routes\n- Use the help icon in the top left corner if you forgot the commands\n\n## Known Bugs:\n- Some typos and grammar issues\n- Too less levels :/\n- WebGL seems to be buggy, we recommend the normal download versions!\n\n---\n\n## Team:\n**Christian**\n- Twitter: https://twitter.com/key_user\n\n**Christian**\n- Twitter: https://twitter.com/DeathStorm1987\n- Twitch: https://www.twitch.tv/deathstorm_de/\n\n---\n\nWe cant wait for your response and feedback! Thank you so much!","meta":{"author":[9655,6537],"link-01-tag":[42512],"allow-anonymous-comments":"1","link-02-tag":[42440],"link-03-tag":null,"link-04-tag":null,"link-05-tag":null,"link-05-name":"","cover":"///content/7b5/2/z/2266a.png","grade-06-out":"1","link-01":"https://koemii.itch.io/memory-run","link-02":"","link-03":"","link-04":"","link-04-name":"","link-01-name":"itch.io","link-02-name":"Itch.io Site"},"path":"/events/ludum-dare/44/memory-run","parents":[1,5,9,139254],"love":0,"notes":19,"notes-timestamp":"2019-05-18T18:40:00Z","grade":{"grade-01":35,"grade-02":35,"grade-03":36,"grade-04":34,"grade-05":35,"grade-07":30,"grade-08":32},"magic":{"cool":102.16007646193,"feedback":41,"given":29.875,"grade":33.857142857143,"grade-01-average":3.561,"grade-01-result":413,"grade-02-average":3.182,"grade-02-result":645,"grade-03-average":3.912,"grade-03-result":51,"grade-04-average":2.938,"grade-04-result":877,"grade-05-average":3.364,"grade-05-result":660,"grade-07-average":2.75,"grade-07-result":592,"grade-08-average":3.233,"grade-08-result":623,"smart":14.599943776575}}]}