{"status":200,"caller_id":0,"cached":[],"node":[{"id":146090,"parent":139254,"superparent":9,"author":144460,"type":"item","subtype":"game","subsubtype":"compo","published":"2019-04-29T01:07:38Z","created":"2019-04-25T17:18:03Z","modified":"2019-04-29T12:52:05Z","version":448480,"slug":"pilgrimage-of-ascension","name":"Pilgrimage of Ascension","body":"Pilgrimage of Ascension is a 3d puzzle-platformer.\n\nControls:\n* Tested with keyboard + mouse.\n* WSAD keys to move. Mouse to look\n* E to interact with altars\n* E to break walls (with proper blessing)\n* ESC for menu with \"Restart level\" button\n\n![ezgif.com-optimize.gif](///raw/c44/32/z/21ab6.gif)\n\n\nTools used:\n* Unity 2018.2\n* Visual Studio\n* Inkscape\n* Gimp\n* Blender (unsuccessfully)\n\n","meta":{"author":[144460],"grade-05-out":"1","grade-06-out":"1","link-01":"https://pincushionx.itch.io/ld44-pilgrimage-of-ascention","link-01-tag":[42337],"link-02":"https://github.com/pincushionx/ld44-pilgrimage-of-ascension","link-02-tag":[42332],"cover":"///content/c44/32/z/21b18.png"},"path":"/events/ludum-dare/44/pilgrimage-of-ascension","parents":[1,5,9,139254],"love":0,"notes":18,"notes-timestamp":"2019-05-08T16:16:12Z","grade":{"grade-01":34,"grade-02":34,"grade-03":34,"grade-04":34,"grade-07":31,"grade-08":32},"magic":{"cool":105.84983930869,"feedback":34,"given":26.75,"grade":33.166666666667,"grade-01-average":3,"grade-01-result":398,"grade-02-average":2.922,"grade-02-result":365,"grade-03-average":3.063,"grade-03-result":264,"grade-04-average":3.063,"grade-04-result":347,"grade-07-average":2.207,"grade-07-result":344,"grade-08-average":2.317,"grade-08-result":455,"smart":14.851881890848}}]}