{"status":200,"caller_id":0,"cached":[],"node":[{"id":141240,"parent":139254,"superparent":9,"author":140685,"type":"item","subtype":"game","subsubtype":"jam","published":"2019-04-30T00:59:37Z","created":"2019-04-10T10:55:06Z","modified":"2019-05-14T08:16:47Z","version":475082,"slug":"cats-without-cars","name":"Cats Without Cars","body":"![ezgif.com-optimize.gif](///raw/885/22/z/23b87.gif)\n\nYour cat may not have a car, but it has rocketpowered hoverboots, a gun and loads of fun.\n\nIn this insane Arena-Shooter any upgrades you want to purchase cost your life. Luckily, you're a cat and therefore got 7 of them. Even luckier: you can steal the other cat's lifes by shooting them with your big-ass gun. \n\n![photo_2019-04-30_02-53-32.jpg](///raw/d85/22/z/232b4.jpg)\n\nThe first upgrades come cheap. But watch out, the really good upgrades, that make you a flying bulletstorm of pain and agony for everyone around you, cost up to 5 lifes and even a badass life-stealer like you, can never hold more than 7. \n\n![newscreen1.png](///raw/d85/22/z/23ad0.png)\n\nSo power up your boots, distribute aerial-style headshots like a croupier of death and become the ultimate killing-machine. \nOnly after you took all lifes of your enemies, you will be victorious.\n\nBut wait, there is more: To spice things up, you can just start again in a **brand new, one of a kind arena (Random-Generator)**, you have never seen before.\n\n![photo_2019-04-30_02-54-50.jpg](///raw/d85/22/z/232e1.jpg)\n![WinningScene.PNG](///raw/d85/22/z/232c8.png)\n\n\n\n![MainCharacter.PNG](///raw/d85/22/z/2334c.png)![enemy2.jpg](///raw/d85/22/z/23351.png)\n\nAnd for everyone who enjoyed our **Kickass-Music**: \nAll the credits go to Markus Graf-Gabriel. https://www.youtube.com/user/TheStickstring1 \n\nIf you ever wanted to watch wild programmers and artists in nature, now we give you a chance. Our **timelapse** clip gives you a nice overview how we created \"**cat without cars**\" in the **72 hour Jam**. And some stayed up **all day and night**:\n![optimized_ludumDare_gif.gif](///raw/a85/22/z/242ef.gif)\n\nChangeLog:\n- 1.1.1\n - Fixed a problem where cats could dissapear and not be killable.\n - Fixed a sound bug that played the wrong effect when hitting a palyer or the shield.\n - Player now wont freeze any longer in the shop after dieing.\n- 1.1.0\n - Player stucked in Mid Air after shooting an enemy while he was dieing with 1 life left.\n - Fixed a Animation Bug in the Start Screen.\n- 1.0.7\n - We thought it's unfair that the enemy can kill you right after you start the game, so we removed that feature.\n - But for removing that feature we increased the enemies life by 1 (in total they have 3 now)\n - We know that cats love laser pointers. So do we! Therefore we increased the size of the target laser pointer.\n - To compare scores with others, we also included your bounty in both end screens, not just when you die. **(Post your scores in the comments by the way. We would love to know how well you did!)**\n - The camera now rotates more intuitively and you are even able to rotate it by pressing Q/E\n - Improved the UI by simplifying text and buttons\n- 1.0.6\n - Relocated huge bounty UI element, that was blocking the view. He just had a big ego\n - Play sounds now when and where they should play, and not before their time has come\n- 1.0.5\n - Fix Laser Pointer hiding behind trees. We commented out the shy factor\n- 1.0.4\n - Initial Release (Download below)\n\n\n**IMPORTANT NOTE FOR MAC OS AND LINUX USER**\n\nWe could not test the builds for those Systems.\nMac users will have to **[ctrl]** + **click** the App and choose **open**. You Probably have to try it a **couple** of times. Then please **install** the recommended software. Starting the App can lead to error messages but giving the App some **time** can fix that problem.\n","meta":{"author":[140685,127787,140680,140682,141538,154557],"link-01-tag":[42337],"link-01":"https://beethree.itch.io/cats-without-cars","cover":"///content/d85/22/z/22fdd.jpg","link-01-name":"All Versions itch.io","link-02":"https://drive.google.com/file/d/1Li_ahhxU58NjWPHw3F7_YAN7A5Ya4Gtp/view?usp=sharing","link-02-tag":[42337],"link-02-name":"v1.1.1 Windows","link-03":"https://drive.google.com/file/d/1K-8Xruz_zLGHwE3t7P60GIggC4I5taTa/view?usp=sharing","link-03-tag":[42339],"link-03-name":"v1.1.1 MacOS (press ctrl before clicking on the App to open it)","link-04":"https://drive.google.com/file/d/1VcJ3MgY_XMviIULMnQWywbiWpUfQXKVc/view?usp=sharing","link-04-tag":[42341],"link-04-name":"v1.1.1 Linux (small icon update)","link-05":"https://drive.google.com/open?id=1OKrvh38UpZNaAHRhUPBhHsgcSKSins0E","link-05-tag":[42337],"link-05-name":"Initial Version v1.0.4"},"path":"/events/ludum-dare/44/cats-without-cars","parents":[1,5,9,139254],"love":0,"notes":72,"notes-timestamp":"2019-05-19T13:33:44Z","grade":{"grade-01":93,"grade-02":93,"grade-03":92,"grade-04":93,"grade-05":94,"grade-06":89,"grade-07":93,"grade-08":91},"magic":{"cool":104.68478451804,"feedback":97,"given":102.375,"grade":92.25,"grade-01-average":3.813,"grade-01-result":183,"grade-02-average":3.681,"grade-02-result":203,"grade-03-average":3.306,"grade-03-result":387,"grade-04-average":3.632,"grade-04-result":328,"grade-05-average":4.255,"grade-05-result":124,"grade-06-average":3.816,"grade-06-result":128,"grade-07-average":3.764,"grade-07-result":109,"grade-08-average":3.601,"grade-08-result":320,"smart":1.959689898097}}]}