{"status":200,"caller_id":0,"cached":[],"node":[{"id":146086,"parent":139254,"superparent":9,"author":126011,"type":"item","subtype":"game","subsubtype":"jam","published":"2019-04-30T01:06:22Z","created":"2019-04-25T17:08:51Z","modified":"2019-05-02T17:03:35Z","version":469607,"slug":"force-of-nature","name":"Force of Nature","body":"![fon-title.png](///raw/17a/32/z/22fa3.png)\n## About\nThis is the developers first Ludum Dare.\n\nForce of Nature reminds players to get in touch with their roots. Play as the protector of your forest and its people. Use abilities to stop those who want to destroy your lands! Build structures to gain resources and increase your strength, expanding the energy and life of the forest.\nThe only price is....your life.\n\n## Features\n- Use abilities to attack waves of enemies!\n- Build structures to strengthen you and the forest!\n- Upgrade buildings to survive longer!\n- Harness enough forest energy to rest!\n\n## Screenshots\n![Screenshot3.png](///raw/b3c/e1/z/23516.png)\n![Screenshot2.png](///raw/b3c/e1/z/23510.png)\n![screenshot1.png](///raw/17a/32/z/23152.png)\n\n## How to Play\n![HowToPlay-ForceOfNature.PNG](///raw/17a/32/z/245d0.png)\n\n## Changelog POST LD Submission\n- Adjusted variables to make the game winnable\n- Changed the story screen to how to play to onboard easier\n- Improved sapling spawn rate\n- Fixed some minor bugs relating to enemies","meta":{"author":[126011,144384,146033],"link-01-tag":[42337],"grade-07-out":"1","cover":"///content/17a/32/z/22dae.png","allow-anonymous-comments":"1","link-01":"https://bakenshake09.itch.io/force-of-nature","link-02":"https://bakenshake09.itch.io/force-of-nature","link-02-tag":[42339],"link-03":"https://bakenshake09.itch.io/force-of-nature","link-03-tag":[42341]},"path":"/events/ludum-dare/44/force-of-nature","parents":[1,5,9,139254],"love":0,"notes":55,"notes-timestamp":"2019-05-15T14:54:31Z","grade":{"grade-01":74,"grade-02":75,"grade-03":74,"grade-04":75,"grade-05":76,"grade-06":72,"grade-08":71},"magic":{"grade":73.857142857143,"given":78.75,"feedback":105,"smart":15.58018266967,"cool":111.25291104555,"grade-01-average":3.847,"grade-01-result":157,"grade-02-average":3.527,"grade-02-result":332,"grade-03-average":3.535,"grade-03-result":216,"grade-04-average":4.014,"grade-04-result":81,"grade-05-average":4.169,"grade-05-result":169,"grade-06-average":3.9,"grade-06-result":97,"grade-08-average":3.717,"grade-08-result":224}}]}