{"status":200,"caller_id":0,"cached":[],"node":[{"id":147204,"parent":139254,"superparent":9,"author":147197,"type":"item","subtype":"game","subsubtype":"jam","published":"2019-04-30T00:11:08Z","created":"2019-04-26T14:02:51Z","modified":"2019-05-01T17:38:21Z","version":467871,"slug":"soul-catcher","name":"Soul CATcher","body":"## Soul CARcher ![title.png](///raw/dfe/32/z/242da.png)\n\nSell your cat lives for skills that may help you leaving the world of the dead!\n\n![Screenshot 2019-05-01 at 19.31.01.png](///raw/dfe/32/z/242e2.png)\n\n![Screenshot 2019-05-01 at 19.31.31.png](///raw/dfe/32/z/242e3.png)\n\n![Screenshot 2019-05-01 at 19.32.02.png](///raw/dfe/32/z/242e4.png)\n\nDeveloped with Unity\n\nAssets:\n\nScene: SunnyLand by Luis Zuno\n\nCharacter control: https://github.com/cjddmut/Unity-2D-Platformer-Controller\n\nEdit log \n\nadded screenshots to this description","meta":{"author":[147197,147185,147586],"link-01-tag":[42336],"cover":"///content/dfe/32/z/22d14.png","grade-07-out":"1","grade-06-out":"1","grade-05-out":"1","link-02-tag":null,"link-01":"https://hgdebarba.itch.io/soul-catcher"},"path":"/events/ludum-dare/44/soul-catcher","parents":[1,5,9,139254],"love":0,"notes":10,"notes-timestamp":"2019-05-04T12:59:14Z","grade":{"grade-01":20,"grade-02":20,"grade-03":20,"grade-04":20,"grade-08":20},"magic":{"cool":127.68847961381,"feedback":3,"given":18.75,"grade":20,"grade-01-average":3.472,"grade-01-result":529,"grade-02-average":3.222,"grade-02-result":601,"grade-03-average":3.278,"grade-03-result":408,"grade-04-average":3.694,"grade-04-result":277,"grade-08-average":3.278,"grade-08-result":584,"smart":0.62305898749054}}]}