{"status":200,"caller_id":0,"cached":[],"node":[{"id":145203,"parent":139254,"superparent":9,"author":51284,"type":"item","subtype":"game","subsubtype":"jam","published":"2019-04-30T01:40:29Z","created":"2019-04-24T17:58:53Z","modified":"2019-05-03T18:56:57Z","version":471012,"slug":"mouseketeer","name":"Mouseketeer","body":"### **Mouseketeer** is a procedural platformer with a hint of narrative allowing the player to *cheese* his own adventure!\n\n![mouseketeer-03.jpg](///raw/458/c/z/23c95.jpg)\n\nYou play a little mouse eager to go on quests. This is of course very dangerous: the owl's dungeon is rigged with traps and his minions –rats, bats and blobs– are expecting you! Fortunately, should you meet your end (you will), there's plenty more adventurers where you came from: you're indeed from a very large family, and your many many siblings will right away follow your steps.\n\nIs it a lost cause, then? Should everyone of your kind get squished in the attempt, one after the other? No, as you had the wisdom to take up a life insurance before entering the dungeon! Each sibling who die pave so the way to the next, allowing him or her a better chance in the maze.\n\nAmass honour points to maximize the insurance bonus, invest in equipment, defeat enemies both by sword and by word, and finally vainquish all the dungeon keepers!\n\n\n\nMade with Unity, narration elements made with Fungus.\n\n### Controls:\nWASD to Move\nSpace to Jump\nAlt to attack, provided you have bought a weapon first.\n\n## Gamepad support!","meta":{"author":[51284,81144,114706,128624,153036,153065],"link-01-tag":[42337],"link-01":"https://spacemonkeyc.itch.io/mouseketeer","link-02":"https://spacemonkeyc.itch.io/mouseketeer","link-02-tag":[42336],"allow-anonymous-comments":"1"},"path":"/events/ludum-dare/44/mouseketeer","parents":[1,5,9,139254],"love":0,"notes":24,"notes-timestamp":"2019-05-25T19:29:34Z","grade":{"grade-01":22,"grade-02":22,"grade-03":22,"grade-04":22,"grade-05":22,"grade-06":22,"grade-07":20,"grade-08":22},"magic":{"cool":80.65992869068,"feedback":15,"given":13.5,"grade":21.75,"grade-01-average":3.2,"grade-01-result":782,"grade-02-average":3.175,"grade-02-result":650,"grade-03-average":2.975,"grade-03-result":693,"grade-04-average":3.525,"grade-04-result":414,"grade-05-average":3.05,"grade-05-result":820,"grade-06-average":3.425,"grade-06-result":321,"grade-07-average":3.361,"grade-07-result":251,"grade-08-average":2.975,"grade-08-result":804,"smart":-2.8495895675628}}]}