{"status":200,"caller_id":0,"cached":[],"node":[{"id":141470,"parent":139254,"superparent":9,"author":73673,"type":"item","subtype":"game","subsubtype":"jam","published":"2019-04-29T19:01:43Z","created":"2019-04-12T13:46:06Z","modified":"2019-04-29T19:15:23Z","version":450808,"slug":"hero-shop","name":"Hero Shop","body":"Hello!\n\nPlease welcome our game Hero Shop!\nCook hearts and make sure your heroes survive dungeon run. \nHave fun!\n\n![Запись_2019_04_29_22_03_05_989.gif](///raw/9cf/11/z/22225.gif)\n\n![Запись_2019_04_29_22_05_28_84.gif](///raw/9cf/11/z/2222d.gif)\n\n","meta":{"author":[73673,74343,144516],"link-01-tag":[42337],"grade-06-out":"1","cover":"///content/9cf/11/z/22479.jpg","link-02-tag":[42339],"link-03-tag":null,"link-01":"http://manapotionstudios.com/Hero%20Shop.zip","link-02":"http://manapotionstudios.com/HeroShop_mac.zip"},"path":"/events/ludum-dare/44/hero-shop","parents":[1,5,9,139254],"love":0,"notes":19,"notes-timestamp":"2019-05-02T22:25:52Z","grade":{"grade-01":23,"grade-02":23,"grade-03":23,"grade-04":23,"grade-05":23,"grade-07":23,"grade-08":23},"magic":{"cool":122.60782902638,"feedback":7,"given":28.75,"grade":23,"grade-01-average":3.786,"grade-01-result":203,"grade-02-average":3.452,"grade-02-result":404,"grade-03-average":3.738,"grade-03-result":112,"grade-04-average":4.143,"grade-04-result":39,"grade-05-average":3.976,"grade-05-result":294,"grade-07-average":3.714,"grade-07-result":128,"grade-08-average":3.548,"grade-08-result":355,"smart":14.731274315779}}]}