{"status":200,"caller_id":0,"cached":[],"node":[{"id":149040,"parent":139254,"superparent":9,"author":142615,"type":"item","subtype":"game","subsubtype":"jam","published":"2019-04-29T20:38:29Z","created":"2019-04-27T00:58:05Z","modified":"2019-04-30T22:46:59Z","version":465862,"slug":"acculting","name":"Acculting","body":"Invest the lives of your followers in different recruitment schemes to grow your cult and fuel sacrifices to reach immortality!![Acculting.png](///raw/71d/22/z/23958.png)\n\nInvest followers in the stock market to try and gain more followers. However, you are constantly aging, and if you reach 79 years old, you die! Each level brings with it new investment opportunities as well as new gods. You may sacrifice followers to the gods to lower your age, but remember to keep a good balance between your number of followers and your age. Each god and investment opportunity bring about different advantages and disadvantages, so be sure to test them all out!","meta":{"author":[142615,153450],"grade-06-out":"1","link-01-tag":[42337],"link-01":"https://regoradin.itch.io/acculting"},"path":"/events/ludum-dare/44/acculting","parents":[1,5,9,139254],"love":0,"notes":13,"notes-timestamp":"2019-05-10T08:18:44Z","grade":{"grade-01":21,"grade-02":21,"grade-03":21,"grade-04":22,"grade-05":21,"grade-07":22,"grade-08":21},"magic":{"cool":114.23504449192,"feedback":14,"given":23,"grade":21.285714285714,"grade-01-average":3,"grade-01-result":931,"grade-02-average":2.868,"grade-02-result":892,"grade-03-average":3.368,"grade-03-result":329,"grade-04-average":3.275,"grade-04-result":612,"grade-05-average":2.605,"grade-05-result":971,"grade-07-average":2.8,"grade-07-result":560,"grade-08-average":2.5,"grade-08-result":1020,"smart":17.347738807694}}]}