{"status":200,"caller_id":0,"cached":[],"node":[{"id":145385,"parent":139254,"superparent":9,"author":140062,"type":"item","subtype":"game","subsubtype":"jam","published":"2019-04-29T19:19:21Z","created":"2019-04-24T22:36:38Z","modified":"2019-04-29T21:07:17Z","version":452115,"slug":"keep-dem-sick","name":"Keep Dem' Sick !","body":"![spr_cover.png](///raw/e13/22/z/222a5.png)\n\n# **Keep Dem' Sick**\n\n### \" A healed patient, a lost client.\n###  A dead patient, a lost client.\"!\nDescription : \nYou have to keep the patient in the hospital by giving the good pill.\nTo win, you have to reach 100$.\nHalf life, you win more money!\n\nKeys \nZQSD : Move.\nE    : interact.\nMenu : Up, Down and Enter Keys. \n\nWe made this from scratch. \n\nFirst Ludum Dare for \"La Poulperie\" :smiley:\n\nGraphics by Skyalogia\nCode by Vuvuzuella\nAudio by Aurélien Montero \"Punkzen\".!","meta":{"author":[140062,148175],"grade-06-out":"1","allow-anonymous-comments":"1","link-01-tag":[42337],"link-01-name":"itch.io zip file","link-01":"https://vuvuzuella.itch.io/keep-them-sick","cover":"///content/e13/22/z/22263.png"},"path":"/events/ludum-dare/44/keep-dem-sick","parents":[1,5,9,139254],"love":0,"notes":45,"notes-timestamp":"2019-05-13T13:56:47Z","grade":{"grade-01":46,"grade-02":46,"grade-03":46,"grade-04":46,"grade-05":46,"grade-07":46,"grade-08":46},"magic":{"cool":102.98104457327,"feedback":44,"given":41.625,"grade":46,"grade-01-average":3.295,"grade-01-result":701,"grade-02-average":2.898,"grade-02-result":877,"grade-03-average":3.17,"grade-03-result":499,"grade-04-average":3.886,"grade-04-result":140,"grade-05-average":3.795,"grade-05-result":392,"grade-07-average":3.5,"grade-07-result":188,"grade-08-average":3.432,"grade-08-result":428,"smart":15.735633415579}}]}