{"status":200,"caller_id":0,"cached":[],"node":[{"id":145297,"parent":139254,"superparent":9,"author":11376,"type":"item","subtype":"game","subsubtype":"jam","published":"2019-04-30T01:52:05Z","created":"2019-04-24T20:36:26Z","modified":"2019-04-30T16:44:38Z","version":464518,"slug":"99-days-to-each","name":"99 Days To Earth","body":"ℹ *Update: I've added gameplay instructions to the game page.  Since the mechanics aren't terribly clear in-game, please read those before playing.  You'll enjoy the game a lot more.*\n\n## You're the captain of a starship with a crew of 100.\n\n### After finishing you're mission, you're heading back to Earth.\n\n### Unfortunately you're attack by hostile aliens along the way.\n\n### There are other aliens willing to help you, for a price.  But they don't accept money, they are only paid in the life support for your ship.\n\n### Balance spending your oxygen, food, and water.  Buy enough to defend yourself, save enough to keep your crew alive!","meta":{"author":[11376,28453,28527],"link-01-tag":[42336],"grade-07-out":"1","link-01":"https://shaolindave.itch.io/ldjam44","link-01-name":"In-Browser Version","cover":"///content/07c/2/z/236da.png"},"path":"/events/ludum-dare/44/99-days-to-each","parents":[1,5,9,139254],"love":0,"notes":27,"notes-timestamp":"2019-05-11T12:55:44Z","grade":{"grade-01":38,"grade-02":38,"grade-03":38,"grade-04":38,"grade-05":38,"grade-06":38,"grade-08":38},"magic":{"cool":94.62287446539,"feedback":48,"given":28.875,"grade":38,"grade-01-average":2.847,"grade-01-result":1038,"grade-02-average":2.486,"grade-02-result":1082,"grade-03-average":2.931,"grade-03-result":742,"grade-04-average":3.472,"grade-04-result":464,"grade-05-average":2.792,"grade-05-result":928,"grade-06-average":2.167,"grade-06-result":676,"grade-08-average":2.819,"grade-08-result":908,"smart":16.437503870928}}]}