{"status":200,"caller_id":0,"cached":[],"node":[{"id":151846,"parent":139254,"superparent":9,"author":70667,"type":"item","subtype":"game","subsubtype":"jam","published":"2019-04-28T17:20:00Z","created":"2019-04-28T15:50:52Z","modified":"2019-04-28T17:20:00Z","version":440838,"slug":"sorrow","name":"SORROW","body":"Your memories are portraits of your life, cherish and remember them.\n\nYou are being chased by distorted memories of your life. Now, trapped inside your mind, you need to collect memory fragments in order to piece them together.\n\nThanks for playing.","meta":{"author":[70667,133490,148818,148873,152055,148712,153264,152083,133155,49523],"cover":"///content/b04/11/z/20e9a.png","grade-07-out":"1","allow-anonymous-comments":"1","link-01":"https://drive.google.com/file/d/1Qp5scbTiX54DSsAVSh8IOccrk_R5B0rM/view?fbclid=IwAR2SKvEdF5mCWFrXCjRqTB4MxPIhripbPDpGiAGg5cOMY8H7YVkJbm6iWVs","link-01-tag":[42337],"link-01-name":"Google Drive","link-02":"https://alemoas.itch.io/sorrow","link-02-tag":[42337],"link-02-name":"Itch.io"},"path":"/events/ludum-dare/44/sorrow","parents":[1,5,9,139254],"love":0,"notes":15,"notes-timestamp":"2019-05-07T15:05:24Z","grade":{"grade-01":21,"grade-02":22,"grade-03":22,"grade-04":22,"grade-05":22,"grade-06":22,"grade-08":21},"magic":{"cool":126.38125740086,"feedback":11,"given":28.75,"grade":21.714285714286,"grade-01-average":3.763,"grade-01-result":221,"grade-02-average":3.35,"grade-02-result":485,"grade-03-average":3.25,"grade-03-result":429,"grade-04-average":3,"grade-04-result":822,"grade-05-average":4.075,"grade-05-result":226,"grade-06-average":3.925,"grade-06-result":87,"grade-08-average":4.105,"grade-08-result":59,"smart":13.229217143692}}]}