{"status":200,"caller_id":0,"cached":[],"node":[{"id":154214,"parent":139254,"superparent":9,"author":122508,"type":"item","subtype":"game","subsubtype":"jam","published":"2019-04-30T01:46:33Z","created":"2019-04-30T00:51:25Z","modified":"2019-04-30T02:23:07Z","version":460900,"slug":"servant-to-the-reaper","name":"Servant to the Reaper","body":"The Reaper came to take Dave's family to the underworld, but Dave realllllyyyy didn't want the Reaper to take them, so they made a deal. If Dave went out and took the lives of 60 other people within 8 minutes, then Dave's family wouldn't have to die. The Reaper gave Dave his scythe and a bunch of food to throw at the police if they get wise to what Dave's doing.\n\nThe Reaper then dropped Dave off near a shady shop where Dave can purchase upgrades and disguises to help him finish his quest.\n\nThe catch?\n\nThe shop keeper will only take Souls as currency.\n\n\nPlay as Dave on his quest to save his family!...by murdering a bunch of other people...\n\n#CONTROLS:\n- WASD = Move\n- Shift = Sprint\n- Left-Click = Attack\n- Right-Click = Throw Food\n- 1, 2, 3, 4 = Use Diguise\n![Capture3.PNG](///raw/c8e/d1/z/233b5.png)\n\n##IMAGES\n![Capture1.PNG](///raw/c8e/d1/z/233d1.png)\n![Capture.PNG](///raw/c8e/d1/z/233d2.png)\n![Capture2.PNG](///raw/c8e/d1/z/233d6.png)","meta":{"author":[122508],"cover":"///content/c8e/d1/z/235c6.png","link-01":"https://mediocremonty.itch.io/servant-to-the-reaper","link-01-tag":[42337],"link-01-name":"Servant to the Reaper"},"path":"/events/ludum-dare/44/servant-to-the-reaper","parents":[1,5,9,139254],"love":0,"notes":23,"notes-timestamp":"2019-05-18T04:19:55Z","grade":{"grade-01":31,"grade-02":31,"grade-03":31,"grade-04":31,"grade-05":32,"grade-06":30,"grade-07":30,"grade-08":31},"magic":{"cool":114.07257471126,"feedback":5,"given":38.875,"grade":30.875,"grade-01-average":3.621,"grade-01-result":363,"grade-02-average":3.5,"grade-02-result":349,"grade-03-average":3.069,"grade-03-result":583,"grade-04-average":3.483,"grade-04-result":447,"grade-05-average":3.867,"grade-05-result":353,"grade-06-average":3.643,"grade-06-result":220,"grade-07-average":3.411,"grade-07-result":231,"grade-08-average":3.276,"grade-08-result":586,"smart":14.835756609237}}]}