{"status":200,"caller_id":0,"cached":[],"node":[{"id":140938,"parent":139254,"superparent":9,"author":84699,"type":"item","subtype":"game","subsubtype":"jam","published":"2019-04-30T00:52:36Z","created":"2019-04-06T19:38:17Z","modified":"2019-05-17T04:15:38Z","version":475951,"slug":"penny-arcane","name":"Penny Arcane","body":"https://youtu.be/URUn2yxeRaI\n\n![ld-banner.png](///raw/bda/41/z/229a1.png)\n\n\nYou’ve done it this time. They all warned you not to get involved with the Dirty Cash Cult, but you didn’t listen. Also, you were in way over your head and weren’t able to come through on your promises. Now they’re demanding payment by 7 o’clock.. You’ve got to make some major cash fast. Nobody makes a fool of Penny Arcane! You’ve heard tell of an underground den close-by that’s crawling with treasure-hoarding monsters. It’s risky, but what other option do you have? Time to pay back your debt!\n\n![longhero-ld.gif](///raw/bda/41/z/24073.gif)\n\nPenny Arcane is a rogue-like dungeon crawler where you play as a coin mage named Penny. Battle your way through the randomly generated dungeon acquiring quirky items and gold. Use your powerful coin magic wisely at the cost of health, but with the ability to heal with coins. Find shops, ATMs, and chests along the way and reach the end to fight a challenging boss with three heads. Be wary though, that doggo isn't the only thing that bites!\n\n![mimic.gif](///raw/bda/41/z/24070.gif)\n\n[Listen to the soundtrack here on BandCamp](https://juniperparadise.bandcamp.com/album/penny-arcane-original-soundtrack)\n\n## === Controls ===\n\nWASD - Run\n\nShift - Dash\n\nMouse - Aim\n\nF - Interact\n\nLeft Mouse Button - Fire!\n\nRight Mouse Button - Angry Fireball\n\nQ - Dazzle\n\nE - Coin Shield\n\nR - Make It Rain\n\nEscape - Pause Menu\n\nToggle Fullscreen - alt + enter\n\n** BUG FIXES: **\n\n** -Fixed teleporter text disappearing **\n\n** -Fixed enemy healthbars disappearing **\n\n** -Fixed damage text disappearing **\n\n** -Stats now display properly at end of game **\n\n** -Added video resolution options to address bug for mouse only moving in top left of screen and enabled full screen toggle with alt+enter **\n\n![cerberus.gif](///raw/bda/41/z/24071.gif)\n\n## === Contributors ===\n\nCode: Patrick Hill / Aron Hommas / Kevin Ulrich\n\nArt: Sam Bragg\n\nMusic & Sound: Tristan Deniet\n\nScript: Tristan Deniet\n\n\n","meta":{"author":[84699,80570,85204,91710,142471],"link-01-tag":[42337],"cover":"///content/bda/41/z/22789.png","allow-anonymous-comments":"1","link-01":"https://samstallion.itch.io/pennyarcane"},"path":"/events/ludum-dare/44/penny-arcane","parents":[1,5,9,139254],"love":0,"notes":23,"notes-timestamp":"2019-05-03T03:43:46Z","grade":{"grade-01":25,"grade-02":25,"grade-03":25,"grade-04":25,"grade-05":25,"grade-06":26,"grade-07":24,"grade-08":25},"magic":{"cool":94.923214582454,"feedback":29,"given":21.625,"grade":25,"grade-01-average":4.152,"grade-01-result":38,"grade-02-average":4.043,"grade-02-result":46,"grade-03-average":3.457,"grade-03-result":274,"grade-04-average":4.13,"grade-04-result":43,"grade-05-average":4.326,"grade-05-result":95,"grade-06-average":4.292,"grade-06-result":17,"grade-07-average":3.727,"grade-07-result":125,"grade-08-average":3.978,"grade-08-result":101,"smart":15.670348964761}}]}