{"status":200,"caller_id":0,"cached":[],"node":[{"id":142143,"parent":139254,"superparent":9,"author":142142,"type":"item","subtype":"game","subsubtype":"jam","published":"2019-04-30T00:27:06Z","created":"2019-04-16T10:51:23Z","modified":"2019-05-02T08:39:11Z","version":468995,"slug":"hackz-memories","name":"HackZ Memories","body":"![Banner.png](///raw/e3b/22/z/22936.png)\n\n*HackZ got robbed of his memories and try to get it back. But... there is something weird*\n\nCheck it on [Itch](https://blackpotion.itch.io/hackz-memories)\n\n## THE GAME\n\n**HackZ Memories** is a puzzle game. Try to make money and unlock the ending of the game. In this world, memories can be sold in the dark web, and hackers are feared.\nUnfortunatly you were robbed and don't remember anything. The only solution you got is to steal memories from other peoples. But everything will not turn exactly as you expect.\n\n## HOW TO PLAY\n\n- Arrow keys or ASDW to move\n- Right click to turn the camera\n- Middle click to drag the camera\n- Keys 1,2,3,4,5,6,7,8,9,0 to switch selection of memory (or click on it)\n- Click on the cells near your character to create friends using Childhood memories.\n- Each friends will generate memories through time\n- You can buy new memories and upgrade in the shop\n- When you use a Non-Childhood memories on a friend it will change color and begin to generate the new memory you set\n- You can use a special effect of each memory type when you use it on a Non-childhood friend\n- After 30 seconds a Detective will arrive to catch you, you have to logout before he arrives to you\n- Try to combine special effects to unlock the secret ending\n\nhttps://www.youtube.com/watch?v=teVRe4W5Ql0\n\n*EDIT* Fixed bugs :\n\n - currency spawn in shop duplicating currency\n - detective use the wrong timer for speed acceleration\n - Zoom is not working\n - Hover Text showing when nothing to display.\n\n## CREDITS\n\nProgramming by [@Chapo](https://twitter.com/kavaliero) and Narcisse members of [Black Potion](https://twitter.com/blackpotionhq)\n\nYou can check our work at [BlackPotion.fr](https://blackpotion.fr) ! \n\n![Hack_Z memories Intro.png](///raw/e3b/22/z/229ff.png)\n\n![Begin Game.png](///raw/e3b/22/z/22a00.png)\n\n![Shop and research Final.png](///raw/e3b/22/z/22a01.png)\n\n![BIG SCENE.png](///raw/e3b/22/z/22bdd.png)\n","meta":{"author":[142142],"cover":"///content/e3b/22/z/23884.png","grade-05-out":"1","grade-06-out":"1","link-01-tag":[42336],"grade-07-out":"1","link-01":"https://blackpotion.itch.io/hackz-memories","link-02":"https://blackpotion.itch.io/hackz-memories","link-02-tag":[42337],"link-03":"https://blackpotion.itch.io/hackz-memories","link-03-tag":[42339],"link-04":"https://blackpotion.itch.io/hackz-memories","link-04-tag":[42341]},"path":"/events/ludum-dare/44/hackz-memories","parents":[1,5,9,139254],"love":0,"notes":53,"notes-timestamp":"2019-05-19T09:11:08Z","grade":{"grade-01":64,"grade-02":64,"grade-03":64,"grade-04":64,"grade-08":65},"magic":{"cool":141.0820802038,"feedback":79,"given":77.875,"grade":64.2,"grade-01-average":3.952,"grade-01-result":100,"grade-02-average":3.702,"grade-02-result":186,"grade-03-average":4.032,"grade-03-result":31,"grade-04-average":3.726,"grade-04-result":250,"grade-08-average":3.921,"grade-08-result":113,"smart":16.715580092057}}]}