{"status":200,"caller_id":0,"cached":[],"node":[{"id":149471,"parent":139254,"superparent":9,"author":2653,"type":"item","subtype":"game","subsubtype":"compo","published":"2019-04-28T22:40:54Z","created":"2019-04-27T04:08:28Z","modified":"2019-04-29T18:07:04Z","version":450244,"slug":"field-rations","name":"Field Rations","body":"​The war has ended. People are starving. Tanks have been converted to farm machinery.\n\nOh no! Your AI Abrams tank has a broken AI unit and the only way to pilot it is through its command interface.\n\nUpgrade or sell your parts. Plant seeds to grow crops and harvest your farm.\n\nType \"Help\" for a list of commands.​\n\nThis is my first Ludum Dare submission. Tanks for playing!\n\nCreated by Spencer Marr [@Spennerino](https://twitter.com/Spennerino)\n\n![Title.PNG](///raw/d5a/z/21313.png)\n![Gameplay.PNG](///raw/d5a/z/21314.png)","meta":{"author":[2653],"link-01-tag":[50],"cover":"///content/d5a/z/21331.png","link-02-tag":[42337],"link-01":"https://bitbucket.org/spennerino/ld44/src/master/","link-02":"https://spennerino.itch.io/field-rations","link-03":"https://spennerino.itch.io/field-rations","link-03-tag":[42336]},"path":"/events/ludum-dare/44/field-rations","parents":[1,5,9,139254],"love":0,"notes":12,"notes-timestamp":"2019-05-03T18:48:55Z","grade":{"grade-01":21,"grade-02":21,"grade-03":22,"grade-04":21,"grade-05":21,"grade-06":21,"grade-07":18,"grade-08":21},"magic":{"cool":101.25791108334,"feedback":0,"given":20.25,"grade":20.75,"grade-01-average":3.158,"grade-01-result":347,"grade-02-average":2.737,"grade-02-result":415,"grade-03-average":3.925,"grade-03-result":35,"grade-04-average":2.447,"grade-04-result":467,"grade-05-average":3.474,"grade-05-result":216,"grade-06-average":3.053,"grade-06-result":230,"grade-07-average":2.406,"grade-07-result":303,"grade-08-average":2.974,"grade-08-result":305,"smart":-1.2121660092787}}]}