{"status":200,"caller_id":0,"cached":[],"node":[{"id":149406,"parent":139254,"superparent":9,"author":529,"type":"item","subtype":"game","subsubtype":"jam","published":"2019-04-29T15:42:33Z","created":"2019-04-27T03:17:42Z","modified":"2019-04-30T00:33:20Z","version":456099,"slug":"sigilite","name":"Sigilite","body":"A wave based survival shooter game. Will you trade your health? What will you gain?\nEdit: You may now change the camera sensitivity in the escape menu.\n\n![Sigilite_nc8XbRVvLE.png](///raw/112/z/21f6b.png)\n\nControls are:\n\nWASD - Move\n\nE - Interact with sigils\n\nLEFTMOUSE - shoot\n\nESC - Go to menu\n\n![Sigilite_0Hl324ZcvK.png](///raw/112/z/21f71.png)","meta":{"author":[529,3416],"link-01-tag":[42337],"cover":"///content/112/z/21f58.png","link-01":"https://chilleh.itch.io/sigilite","link-02":"https://chilleh.itch.io/sigilite","link-02-tag":[42341],"link-03":"https://chilleh.itch.io/sigilite","link-03-tag":[42339]},"path":"/events/ludum-dare/44/sigilite","parents":[1,5,9,139254],"love":0,"notes":11,"notes-timestamp":"2019-05-08T12:51:51Z","grade":{"grade-01":21,"grade-02":21,"grade-03":21,"grade-04":20,"grade-05":21,"grade-06":20,"grade-07":18,"grade-08":20},"magic":{"cool":101.92943828753,"feedback":10,"given":20,"grade":20.25,"grade-01-average":3.237,"grade-01-result":758,"grade-02-average":3.026,"grade-02-result":772,"grade-03-average":2.526,"grade-03-result":1013,"grade-04-average":3.167,"grade-04-result":695,"grade-05-average":2.763,"grade-05-result":939,"grade-06-average":3.056,"grade-06-result":518,"grade-07-average":2.344,"grade-07-result":803,"grade-08-average":3,"grade-08-result":777,"smart":11.111111111111}}]}