{"status":200,"caller_id":0,"cached":[],"node":[{"id":143640,"parent":139254,"superparent":9,"author":12365,"type":"item","subtype":"game","subsubtype":"compo","published":"2019-04-28T22:58:55Z","created":"2019-04-22T13:16:46Z","modified":"2019-04-28T22:58:55Z","version":443473,"slug":"mutual-exchange","name":"Mutual Exchange","body":"​Control a human and a demon simultaneously as they make their way to through 3 levels. To overcome the obstacles on their way they must exchange life force between them to increase their abilities.\n\nAs the human gives his life force to the demon, his jump abilities increase at the price of his resistance and health.\n\nWhen the demon returns life force to the human, he increases his weight, allowing him to press heavy switches and walk across heavy winds.\n\n![lv2.png](///raw/d40/3/z/2132b.png)\n\n\n​Controls:\n\nArrow keys -> ​move\n\n​​Z -> ​Jump\n\n​X -> ​Give life to demon\n\n​C -> ​Give life to human\n\n​Esc -> ​Exit the game (Linux and Windows downloadable versions)","meta":{"author":[12365],"grade-06-out":"1","cover":"///content/d40/3/z/21390.png","link-01":"https://vinmh.itch.io/mutual-exchange","link-01-tag":[42332],"link-02-tag":[42336],"link-03-tag":[42337],"link-04-tag":[42341],"link-02":"https://vinmh.itch.io/mutual-exchange","link-03":"https://vinmh.itch.io/mutual-exchange","link-04":"https://vinmh.itch.io/mutual-exchange"},"path":"/events/ludum-dare/44/mutual-exchange","parents":[1,5,9,139254],"love":0,"notes":16,"notes-timestamp":"2019-05-18T19:41:30Z","grade":{"grade-01":26,"grade-02":27,"grade-03":27,"grade-04":27,"grade-05":27,"grade-07":24,"grade-08":25},"magic":{"cool":120,"feedback":9,"given":31.5,"grade":26.142857142857,"grade-01-average":3.438,"grade-01-result":205,"grade-02-average":3,"grade-02-result":334,"grade-03-average":4,"grade-03-result":20,"grade-04-average":3.7,"grade-04-result":99,"grade-05-average":2.86,"grade-05-result":380,"grade-07-average":2.477,"grade-07-result":292,"grade-08-average":2.87,"grade-08-result":338,"smart":16.241405459344}}]}