{"status":200,"caller_id":0,"cached":[],"node":[{"id":143699,"parent":139254,"superparent":9,"author":120198,"type":"item","subtype":"game","subsubtype":"jam","published":"2019-04-30T00:55:02Z","created":"2019-04-22T15:00:50Z","modified":"2019-05-03T20:38:11Z","version":471082,"slug":"vampire-escape","name":"Vampire Escape","body":"![Cover.png](///raw/685/d1/z/24821.png)\n\nA deck building game where you trade your life for powerups hoping to ultimately defeat the gate keeper and escape\n\nDrag cards from your hand to defeat monsters\n\n","meta":{"author":[120198],"cover":"///content/685/d1/z/24a54.png","link-01-tag":[42332],"allow-anonymous-comments":"1","link-01":" https://www.dropbox.com/sh/fsx6zdo01yf3amy/AAAxgtxo-OqWNBJqPu8p893Ra?dl=0","link-02":"https://copito.itch.io/ldjam44","link-02-tag":[42336],"link-03":"https://copito.itch.io/ldjam44-post-jam","link-03-tag":[42336],"link-03-name":"Post Jam"},"path":"/events/ludum-dare/44/vampire-escape","parents":[1,5,9,139254],"love":0,"notes":33,"notes-timestamp":"2019-05-19T22:26:14Z","grade":{"grade-01":37,"grade-02":38,"grade-03":38,"grade-04":38,"grade-05":38,"grade-06":37,"grade-07":36,"grade-08":38},"magic":{"cool":131.8986742692,"feedback":9,"given":63.5,"grade":37.5,"grade-01-average":3.343,"grade-01-result":646,"grade-02-average":3.222,"grade-02-result":601,"grade-03-average":3.222,"grade-03-result":463,"grade-04-average":3.694,"grade-04-result":277,"grade-05-average":3.403,"grade-05-result":636,"grade-06-average":3.229,"grade-06-result":418,"grade-07-average":2.706,"grade-07-result":624,"grade-08-average":3.319,"grade-08-result":549,"smart":16.726175299288}}]}