{"status":200,"caller_id":0,"cached":[],"node":[{"id":146907,"parent":139254,"superparent":9,"author":41380,"type":"item","subtype":"game","subsubtype":"jam","published":"2019-04-29T15:20:00Z","created":"2019-04-26T10:24:32Z","modified":"2019-04-30T14:41:33Z","version":463937,"slug":"gaizan-justice-war","name":"GAIZAN : JUSTICE WAR","body":"![title.png](///raw/4a1/a/z/23b62.png)\nGameplay: https://files.catbox.moe/8hpkv4.webm\n\n\nWelcome to New RoboNeoYork. The year is 2019.There is more **CRIME** than **HUMANS**. A city in strife. Ruled by a seedy underbelly of *Mechanized Mafioso*. \nYou are ** GAIZAN! **  the Ace cop of RoboNeoYork's RoboCop Police force! Created for the sole purpose of taking on and defeating all Mechanized Mafia in town...\n\nWhenever a RoboCop is created they're imbued with ** POWER **. With this Power each RoboCop is able to purchase more **POWERFUL** weaponry by accessing shops (conveniently located within most major rooms). Use these weapons to your advantage to take on more and more powerful enemies for the sake of **JUSTICE**. \n\nExplore the sprawling underground network created by the Mechanized Mafia with the help of RoboNeoYorks dutiful labor task force. Is it endless?... Take **CONTROL** of **GAIZAN** and bring **MECHANIZED MAFIA** to **JUSTICE** to find out.\n\n## How to play\n- Use W,A,S and D to move the player.\n- Mouse to look. \n- Left mouse click to fire.\n- Tab or Number keys to switch between weapons.\n- Use PWR (Power) to purchase new weapons. Be careful when you run out of power, you die.\n- E to interact.\n\n## Features\n- 3D Models rendered in ** 2D **\n- Random level generation.\n- Scaling difficulty.\n- A funky beat.\n- Sick references (mostly to anime).\n- Amazing particle effects.\n- Sort of janky looking enemies.\n- Punishing! (?) difficulty\n- 12 Unique Weapons\n- A lot of enemy types (not even we know how many!)\n\n## Screenshots\n\n![Shot1.PNG](///raw/4a1/a/z/23b66.png)\n![Shot2.PNG](///raw/4a1/a/z/23b67.png)\n![yaasss.png](///raw/4a1/a/z/21f45.png)\n\nMade with a lots of love and effort for Ludum Dare 44 by the following humans:\nAidan Lee, Finn Teague-Moore, Duggan\n\nWe hope you enjoy 😊\n\n## GAIZAN: JUSTICE NEVER SLEEPS edition\n\nWe have fixed some game breaking bugs, these are on the itch page as \"gaizan2.zip\". You can still access the original submission, GAIZAN.zip.\n\nChanges in JUSTICE NEVER SLEEPS:\n- Pickups no longer block hitscans\n- Slowed down enemy health scaling\n- Fixed several issues where enemies would fall out of the level preventing progression\n- Fixed an issue preventing barrel pacifist runs\n\nPlease note GAIZAN is best played full-screen via executable as WebGL has lower performance and fidelity.","meta":{"author":[41380,146911],"allow-anonymous-comments":"1","link-01-tag":[42337],"cover":"///content/4a1/a/z/23c61.png","link-01":"https://emptystudios.itch.io/gaizan-justice-war","link-02":"https://emptystudios.itch.io/gaizan-justice-war","link-02-tag":[42339],"link-03":"https://emptystudios.itch.io/gaizan-justice-war","link-03-tag":[42341],"link-04":"https://emptystudios.itch.io/gaizan-justice-war","link-04-tag":[42336]},"path":"/events/ludum-dare/44/gaizan-justice-war","parents":[1,5,9,139254],"love":0,"notes":40,"notes-timestamp":"2019-05-05T23:45:53Z","grade":{"grade-01":54,"grade-02":54,"grade-03":54,"grade-04":55,"grade-05":56,"grade-06":53,"grade-07":52,"grade-08":52},"magic":{"grade":53.75,"given":58.5,"feedback":54,"smart":16.999525165228,"cool":105.30929395531,"grade-01-average":3.712,"grade-01-result":276,"grade-02-average":3.75,"grade-02-result":154,"grade-03-average":3.077,"grade-03-result":574,"grade-04-average":3.264,"grade-04-result":623,"grade-05-average":3.815,"grade-05-result":378,"grade-06-average":3.637,"grade-06-result":224,"grade-07-average":3.43,"grade-07-result":219,"grade-08-average":3.68,"grade-08-result":247}}]}