{"status":200,"caller_id":0,"cached":[],"node":[{"id":151923,"parent":139254,"superparent":9,"author":13537,"type":"item","subtype":"game","subsubtype":"compo","published":"2019-04-28T18:07:00Z","created":"2019-04-28T17:07:41Z","modified":"2019-04-29T04:15:33Z","version":447036,"slug":"does-money-grow-on-trees","name":"Does Money Grow on Trees","body":"![dmgot-banner.png](///raw/1e4/3/z/20ef1.png)\n\nJohn is a lonely young man, a son of two popular country singers, who wants to be a farmer. A Blood Fruit farmer to be more specific, they're the hot new thing and are worth a fair price on the current market. But his harvest hasn't really been too great lately and the bills keep stacking on.\n\nControls and other instructions given in game, good luck on helping John!\n\n---\n\n### 🎮🕹️ [Download or play online on itch.io](https://anttihaavikko.itch.io/dmgot) 🕹️🎮\n\n---\n\n![dmgot-cover.gif](///raw/1e4/3/z/20eb6.gif)\n\n---\n\n### 🛠️ Tools used\n- Unity 2018 (with Post Processing and Anima2D)\n- Adobe Illustrator & Photoshop\n- Bfxr\n- Garage Band\n\n---\n\n### 🎞️ Gameplay video\n[Gameplay video](https://youtu.be/_rvKrctlk0s)\n\n### 🎥 Dev timelapse\n[Dev timelapse](https://youtu.be/P8FbZ6TQxew)\n\n---\n\n### 🖥️ Screenshots\n![28-04-2019_19.31.11.jpg](///raw/1e4/3/z/20eb8.jpg)  \n\n![28-04-2019_19.31.52.jpg](///raw/1e4/3/z/20ebb.jpg) \n\n![28-04-2019_19.34.23.jpg](///raw/1e4/3/z/20ebc.jpg) \n\n![28-04-2019_19.35.34.jpg](///raw/1e4/3/z/20ebd.jpg) \n\n![28-04-2019_19.36.14.jpg](///raw/1e4/3/z/20ebe.jpg)","meta":{"author":[13537],"allow-anonymous-comments":"1","cover":"///content/1e4/3/z/20edb.png","link-01":"https://github.com/anttihaavikko/dmgot","link-01-tag":[50],"link-01-name":"Sources","link-02":"https://anttihaavikko.itch.io/dmgot","link-02-tag":[42336],"link-03":"https://anttihaavikko.itch.io/dmgot","link-03-tag":[42337],"link-04":"https://anttihaavikko.itch.io/dmgot","link-04-tag":[42339],"link-05":"https://anttihaavikko.itch.io/dmgot","link-05-tag":[42341]},"path":"/events/ludum-dare/44/does-money-grow-on-trees","parents":[1,5,9,139254],"love":0,"notes":39,"notes-timestamp":"2019-05-18T04:54:28Z","grade":{"grade-01":51,"grade-02":51,"grade-03":51,"grade-04":51,"grade-05":51,"grade-06":50,"grade-07":49,"grade-08":49},"magic":{"cool":55.575242643975,"feedback":22,"given":15.25,"grade":50.375,"grade-01-average":3.857,"grade-01-result":53,"grade-02-average":3.459,"grade-02-result":143,"grade-03-average":3.439,"grade-03-result":136,"grade-04-average":3.878,"grade-04-result":51,"grade-05-average":4.265,"grade-05-result":25,"grade-06-average":3.906,"grade-06-result":31,"grade-07-average":3.511,"grade-07-result":70,"grade-08-average":3.649,"grade-08-result":81,"smart":-30.519166622035}}]}