{"status":200,"caller_id":0,"cached":[],"node":[{"id":140884,"parent":139254,"superparent":9,"author":10100,"type":"item","subtype":"game","subsubtype":"jam","published":"2019-04-29T23:49:10Z","created":"2019-04-05T23:58:31Z","modified":"2019-04-29T23:49:10Z","version":455039,"slug":"goldf","name":"GÖLDF","body":"**Browser version available, plus Windows and MacOS builds!**\n\nThink you're good at golf? Then put your money where your balls are... _were_... LOOK, IT'S GOLF WITH COINS, OK?!\n\nEach time you shoot a coin, its value reduces by $1 - when it hits 0, that coin is dead: you can't take any more shots with it! You'll also encounter obstacles that require payment to remove or use: fences cost currency to smash down, and pressure pads only trigger when coins of sufficient value sit on them. It's a mercenary world out on the GÖLDF course!\n\nRemember: GOLD + GOLF + an umlaut for no reason = GÖLDF\n\n**Controls**\n- Click and drag back to shoot a coin (aim and power will be shown)\n- Arrow keys to pan the camera around\n- Use \"Prev\" and \"Next\" buttons to jump camera between coins\n- \"Reset level\" if you get stuck!\n\n![Screenshot1Small.png](///raw/b8b/61/z/22ae3.png) \n\n![Screenshot2Small.png](///raw/b8b/61/z/22ae7.png) \n\n![Screenshot3Small.png](///raw/b8b/61/z/22ae9.png)\n\nAll assets (art, music, SFX, code) were made from scratch during the jam by our team.\n\nYour overall score will be shown at the end - the more $$$ the better! Let us know how you do, and let's see who can get the best score!\n","meta":{"author":[10100,93067,136122,145709],"link-01-tag":[42336],"cover":"///content/b8b/61/z/214c4.jpg","link-01":"http://www.xmptgames.co.uk/blog/LD44/","link-02":"http://www.xmptgames.co.uk/blog/LD44/Goldf-Windows.zip","link-02-tag":[42337],"link-03":"http://www.xmptgames.co.uk/blog/LD44/Goldf-Mac.zip","link-03-tag":[42339]},"path":"/events/ludum-dare/44/goldf","parents":[1,5,9,139254],"love":0,"notes":35,"notes-timestamp":"2019-05-07T02:28:14Z","grade":{"grade-01":65,"grade-02":65,"grade-03":62,"grade-04":64,"grade-05":65,"grade-06":63,"grade-07":60,"grade-08":63},"magic":{"cool":107.25206763519,"feedback":57,"given":71.75,"grade":63.375,"grade-01-average":4.151,"grade-01-result":39,"grade-02-average":4.159,"grade-02-result":27,"grade-03-average":3.658,"grade-03-result":159,"grade-04-average":3.54,"grade-04-result":405,"grade-05-average":4.294,"grade-05-result":108,"grade-06-average":3.746,"grade-06-result":165,"grade-07-average":3.474,"grade-07-result":203,"grade-08-average":3.648,"grade-08-result":277,"smart":11.295048278004}}]}