{"status":200,"caller_id":0,"cached":[],"node":[{"id":141581,"parent":139254,"superparent":9,"author":24581,"type":"item","subtype":"game","subsubtype":"jam","published":"2019-04-30T01:34:09Z","created":"2019-04-13T11:06:02Z","modified":"2019-05-05T00:39:01Z","version":472145,"slug":"slavers-market","name":"Slavers Market","body":"Barely finished this time!\nBuy and sell slaves to reach a higher social status in ancient Rome!\nClick the Advisor to get information on the current market trends\n![Advisor_01.png](///raw/9db/21/z/23363.png)\nreach the status of Senatores (1.000.000)  and secure it to win!\n\nAdded an updated version: (Not Jam rateable)\nThe total amount of money in the home view includes the total amount of liquid cash and the value of your slaves","meta":{"author":[24581,76761],"link-01-tag":[42336],"cover":"///content/9db/21/z/233a0.jpg","allow-anonymous-comments":"1","link-01":"https://www.jumpingpossum.com/LD44WEB/","link-01-name":"Jam Version","link-02":"https://www.jumpingpossum.com/LD44WEBPOST/","link-02-tag":[42336],"link-02-name":"Post Jam Version"},"path":"/events/ludum-dare/44/slavers-market","parents":[1,5,9,139254],"love":0,"notes":23,"notes-timestamp":"2019-05-20T15:32:14Z","grade":{"grade-01":22,"grade-02":22,"grade-03":22,"grade-04":22,"grade-05":22,"grade-06":22,"grade-07":21,"grade-08":21},"magic":{"grade":21.75,"given":17.875,"feedback":17,"smart":8.8757667448072,"cool":92.814103622916,"grade-01-average":3.175,"grade-01-result":803,"grade-02-average":2.8,"grade-02-result":940,"grade-03-average":3.225,"grade-03-result":457,"grade-04-average":3.675,"grade-04-result":297,"grade-05-average":3.575,"grade-05-result":524,"grade-06-average":3,"grade-06-result":534,"grade-07-average":2.947,"grade-07-result":479,"grade-08-average":3.211,"grade-08-result":645}}]}