{"status":200,"caller_id":0,"cached":[],"node":[{"id":154259,"parent":139254,"superparent":9,"author":355,"type":"item","subtype":"game","subsubtype":"jam","published":"2019-04-30T01:19:30Z","created":"2019-04-30T00:59:21Z","modified":"2019-05-12T23:46:18Z","version":474784,"slug":"skeleton-arena","name":"Skeleton Arena","body":"Welcome to the fighting pit.\nYou are a pitiful undead made to fight for the amusement of the overlords.\n\nBetween rounds you may exchange some of your life force for better equipment and upgrades.  \nDon't waste too much though, that life force is useful for not dying a miserable death.\n\nEach kill will grant you some extra life force however, so put on a good show before your inevitable demise.\n\n![arena.jpg](///raw/361/z/23244.jpg)\n\nA bit rough and unfinished, but most of the game is here.\n\nDon't ask why the wall is blue. It wasn't supposed to be blue. Why is it blue?\n\n---\n\nControls: WASD: move. Left mouse: attack. Right mouse: block.  \nHold left mouse to ready an attack. release to attack.  \nEscape to get back to the main menu when you die.\n\nYou can edit data/settings.def to change the resolution\n\nI was going to enter this for the compo rather than jam, but the item shop wasn't done in time.  \nAdded a link to the post compo version If anyone wants to try it out. Still not finished but it is more complete.\n","meta":{"author":[355],"link-01":"http://sam.draknek.org/files/ld44.tar.gz","link-01-tag":[42341],"grade-06-out":"1","cover":"///content/361/z/2330d.jpg","link-02":"http://sam.draknek.org/files/ld44-win.7z","link-02-tag":[42337],"link-03":"http://sam.draknek.org/files/arena.zip","link-03-tag":[42337],"link-03-name":"Post Compo Version"},"path":"/events/ludum-dare/44/skeleton-arena","parents":[1,5,9,139254],"love":0,"notes":20,"notes-timestamp":"2019-05-18T15:36:37Z","grade":{"grade-01":28,"grade-02":28,"grade-03":28,"grade-04":28,"grade-05":28,"grade-07":26,"grade-08":27},"magic":{"cool":112.46621114205,"feedback":18,"given":29.25,"grade":27.571428571429,"grade-01-average":3.038,"grade-01-result":911,"grade-02-average":2.962,"grade-02-result":834,"grade-03-average":2.731,"grade-03-result":904,"grade-04-average":3,"grade-04-result":822,"grade-05-average":3.365,"grade-05-result":658,"grade-07-average":2.646,"grade-07-result":660,"grade-08-average":2.7,"grade-08-result":958,"smart":16.730262564912}}]}