{"status":200,"caller_id":0,"cached":[],"node":[{"id":147789,"parent":139254,"superparent":9,"author":143103,"type":"item","subtype":"game","subsubtype":"jam","published":"2019-04-29T21:24:45Z","created":"2019-04-26T18:48:39Z","modified":"2019-04-29T22:11:02Z","version":453227,"slug":"for-the-captain-for-the-ship","name":"For the captain. For the ship.","body":"You are a pirate of the seven islands.  Pay you  debt to the devil and live long and happy life. Feel the trill of the duels to the dead, sell your lives, do what ever you want. But remember this, always pay your debts to the devil in time.\n\nP.S. Crash in to the islands.\n![Cover Image.png](///raw/ffe/22/z/2257d.png)","meta":{"author":[143103],"allow-anonymous-comments":"1","cover":"///content/ffe/22/z/225bf.png","link-01":"https://allugarage.itch.io/for-the-captain-for-the-ship","link-01-tag":[42337],"link-01-name":"itch.io"},"path":"/events/ludum-dare/44/for-the-captain-for-the-ship","parents":[1,5,9,139254],"love":0,"notes":37,"notes-timestamp":"2019-05-17T06:44:57Z","grade":{"grade-01":63,"grade-02":63,"grade-03":61,"grade-04":62,"grade-05":62,"grade-06":60,"grade-07":60,"grade-08":62},"magic":{"cool":128.43225981359,"feedback":68,"given":104.625,"grade":61.625,"grade-01-average":3.033,"grade-01-result":914,"grade-02-average":2.787,"grade-02-result":950,"grade-03-average":2.881,"grade-03-result":792,"grade-04-average":3.058,"grade-04-result":793,"grade-05-average":3.033,"grade-05-result":831,"grade-06-average":3.026,"grade-06-result":529,"grade-07-average":3.103,"grade-07-result":380,"grade-08-average":2.983,"grade-08-result":800,"smart":16.751152641}}]}