{"status":200,"caller_id":0,"cached":[],"node":[{"id":144740,"parent":139254,"superparent":9,"author":141942,"type":"item","subtype":"game","subsubtype":"jam","published":"2019-04-30T00:34:13Z","created":"2019-04-24T02:05:50Z","modified":"2019-05-14T18:11:24Z","version":475151,"slug":"mosquito-hunter","name":"Mosquito Hunter","body":"Scientists have genetically engineered lizards to fight the ever growing plague of mosquitoes.\n\nYou play as one such lizard on a quest to vanquish all the mosquitoes in the jungle!\n\nTo keep the lizard population in check once the mosquito population has subsided, each lizard has been genetically altered to exert it's own life force in order to move. Only the sweet taste of mosquitoes will replenish its health. Every move you make costs you life - you must eat mosquitoes to survive!\n\nUse your extendable tongue to eat mosquitoes and grapple onto surfaces to fling yourself around!\n\n### Controls\n\nUse 'A' and 'D' to move left and right.\nUse 'W' or 'SPACE' to jump.\nUse the arrow keys to shoot out your tongue.\n\n![level1.png](///raw/67a/22/z/22d6f.png)\n![victory.png](///raw/67a/22/z/22af1.png)\n![tongue.png](///raw/67a/22/z/22aef.png)\n![level3.png](///raw/67a/22/z/22af0.png)\n\nThis game was made solo for the Jam. All content was created during the 72 hour competition using:\n\n* Godot (Engine)\n* Aseprite (Art)\n* Bfxr (Sound)\n* Font (https://fonts.google.com/specimen/Gloria+Hallelujah)\n","meta":{"author":[141942],"link-01-tag":[42337],"cover":"///content/67a/22/z/22d4a.png","allow-anonymous-comments":"1","link-01":"https://mharring.itch.io/mosquito-hunter","link-02":"https://mharring.itch.io/mosquito-hunter","link-02-tag":[42336]},"path":"/events/ludum-dare/44/mosquito-hunter","parents":[1,5,9,139254],"love":0,"notes":37,"notes-timestamp":"2019-05-17T22:45:14Z","grade":{"grade-01":53,"grade-02":53,"grade-03":53,"grade-04":53,"grade-05":53,"grade-06":49,"grade-07":51,"grade-08":52},"magic":{"cool":91.443196524996,"feedback":59,"given":42.75,"grade":52.125,"grade-01-average":3.676,"grade-01-result":310,"grade-02-average":3.735,"grade-02-result":168,"grade-03-average":3.725,"grade-03-result":119,"grade-04-average":3.225,"grade-04-result":656,"grade-05-average":4.029,"grade-05-result":262,"grade-06-average":3.16,"grade-06-result":463,"grade-07-average":3.235,"grade-07-result":312,"grade-08-average":3.22,"grade-08-result":637,"smart":17.171737855248}}]}