{"status":200,"caller_id":0,"cached":[],"node":[{"id":147087,"parent":139254,"superparent":9,"author":98299,"type":"item","subtype":"game","subsubtype":"jam","published":"2019-04-29T11:03:34Z","created":"2019-04-26T12:40:04Z","modified":"2019-04-29T11:03:34Z","version":448162,"slug":"roboxery","name":"Roboxery","body":"![banner.png](///raw/bff/71/z/21d7f.png)\n\nA little robot's attempt to collect enough energy to solve his task.\nBut the only thing it's able to is sell boxes - or break them.\nCan you succeed in helping it move around in it's little environment to finish his jobs?\n\n\n## Tools used:\n- Intellij IDEA\n- paint.net\n- Bfxr\n- LibGDX\n\n\n# Get it on https://cozmic185.itch.io/roboxery\n\n## Screenshots\n![screenshot0.png](///raw/bff/71/z/21d86.png)\n![screenshot1.png](///raw/bff/71/z/21d88.png)","meta":{"author":[98299],"cover":"///content/bff/71/z/21d7c.png","link-01":"https://github.com/cozmic185/LD44-Roboxery","link-01-tag":[42332],"link-01-name":"Source","link-02":"https://cozmic185.itch.io/roboxery","link-02-tag":[42337],"link-03":"https://cozmic185.itch.io/roboxery","link-03-tag":[42339],"link-04":"https://cozmic185.itch.io/roboxery","link-04-tag":[42341]},"path":"/events/ludum-dare/44/roboxery","parents":[1,5,9,139254],"love":0,"notes":29,"notes-timestamp":"2019-05-05T22:07:21Z","grade":{"grade-01":44,"grade-02":45,"grade-03":46,"grade-04":46,"grade-05":46,"grade-06":46,"grade-07":39,"grade-08":41},"magic":{"cool":91.366438515226,"feedback":54,"given":36,"grade":44.125,"grade-01-average":3.167,"grade-01-result":813,"grade-02-average":2.733,"grade-02-result":981,"grade-03-average":3.216,"grade-03-result":467,"grade-04-average":3.068,"grade-04-result":778,"grade-05-average":3.341,"grade-05-result":671,"grade-06-average":2.773,"grade-06-result":596,"grade-07-average":2.257,"grade-07-result":840,"grade-08-average":2.769,"grade-08-result":928,"smart":16.241405459344}}]}