{"status":200,"caller_id":0,"cached":[],"node":[{"id":153363,"parent":139254,"superparent":9,"author":13015,"type":"item","subtype":"game","subsubtype":"jam","published":"2019-04-29T23:24:55Z","created":"2019-04-29T17:52:10Z","modified":"2019-05-02T22:21:51Z","version":470090,"slug":"ticker-clicker-defence","name":"Ticker Clicker Defence","body":"Ticker Clicker Defence\n\n![LD44-screen1.PNG](///raw/7d2/3/z/220e2.png)\n![LD44-screen2.PNG](///raw/7d2/3/z/22978.png)\n\n# How to play\n\nThe game is a mix between a tower defence and a clicker.\n\nPlace your defences on the grid and wait for the waves of enemies to arrive. All costs of units and the upgrades of those will cost health from your heart.\n\nEvery killed enemy drops health but be quick to pick it up as they disappears quickly.\n\n\n### Tools used:\n\n- Unity 2019.1\n- Aseprite\n- Ableton Live\n- Gimp\n\nAll graphics, music, audio and code was created during the Jam.\nNo assets from Assets store was used. A few standard Unity provided packages was added and used.\n\n## Credits\n\nProgramming - Nicklas Löf\n\nGraphics - Mathias Lindfeldt, Nicklas Löf\n\nMusic - Mathias Lindfeldt\n\nSound effects - Mathias Lindfeldt\n\n# Running the game\n\nIf the webversion is not working in your browser or is too laggy please try one of the downloaded executables instead.\n\nOn Windows you might get a Smartscreen notification. Click More info and the Run anyway button.\nOn Mac you have to right click and select open on the app to allow unsigned executable to execute. \n\n\n\n## Post-jam version 1.1\n\n### If you are going to rate this game DO NOT play the post-jam version!! Play the link further down instead.\n\nAfter the release we was inspired to do a post-jam version with a few annoying bugs fixed (quicker restarts, better menus, flashing towers instead of the upgrade text) and some tweaking done to the enemy spawner.\n\n[https://cloud.rhapsody.st/ld44/Post1.1/html5](https://cloud.rhapsody.st/ld44/Post1.1/html5)\n\n[https://cloud.rhapsody.st/ld44/Post1.1/Windows/ticker_clicker_defence.exe](https://cloud.rhapsody.st/ld44/Post1.1/Windows/ticker_clicker_defence.exe)\n\n[https://cloud.rhapsody.st/ld44/Post1.1/MacOS/TickerClickerDefence.app.zip](https://cloud.rhapsody.st/ld44/Post1.1/MacOS/TickerClickerDefence.app.zip)\n\n### If you are going to rate this game DO NOT play the post-jam version!! Play the link below instead.\n","meta":{"author":[13015,13016],"link-01-tag":[42336],"cover":"///content/7d2/3/z/2211f.png","link-01":"https://cloud.rhapsody.st/ld44/html5/","link-02":"https://cloud.rhapsody.st/ld44/Windows/ticker_clicker_defence.exe","link-02-tag":[42337],"link-03":"https://cloud.rhapsody.st/ld44/MacOS/TickerClickerDefence.zip","link-03-tag":[42339],"grade-07-out":"1"},"path":"/events/ludum-dare/44/ticker-clicker-defence","parents":[1,5,9,139254],"love":0,"notes":19,"notes-timestamp":"2019-05-03T02:46:50Z","grade":{"grade-01":23,"grade-02":23,"grade-03":23,"grade-04":23,"grade-05":23,"grade-06":22,"grade-08":22},"magic":{"cool":110.98594863631,"feedback":2,"given":23.25,"grade":22.714285714286,"grade-01-average":3.738,"grade-01-result":247,"grade-02-average":3.857,"grade-02-result":103,"grade-03-average":2.929,"grade-03-result":744,"grade-04-average":3.905,"grade-04-result":130,"grade-05-average":4.381,"grade-05-result":72,"grade-06-average":4.1,"grade-06-result":47,"grade-08-average":4,"grade-08-result":85,"smart":1.1232100680048}}]}