{"status":200,"caller_id":0,"cached":[],"node":[{"id":139476,"parent":139254,"superparent":9,"author":2556,"type":"item","subtype":"game","subsubtype":"compo","published":"2019-04-28T20:23:40Z","created":"2019-03-12T19:31:21Z","modified":"2019-04-29T08:11:09Z","version":447626,"slug":"traade","name":"Traade","body":"A puzzle platformer\n\nCollecting coins increases life, touching smoke balls decreases it.\nFind your way to the exit!\n\n![traade.png](///raw/cf9/z/21161.png)","meta":{"author":[2556],"link-01":"http://code.alaiwan.org/games/traade/","link-01-tag":[42336],"link-02-tag":[42332],"link-02":"http://code.alaiwan.org/games/traade.tar.bz2","link-03-tag":[42337],"cover":"///content/cf9/z/211a3.png"},"path":"/events/ludum-dare/44/traade","parents":[1,5,9,139254],"love":0,"notes":22,"notes-timestamp":"2019-05-14T18:05:02Z","grade":{"grade-01":28,"grade-02":28,"grade-03":28,"grade-04":28,"grade-05":28,"grade-06":27,"grade-07":24,"grade-08":28},"magic":{"cool":96.379974715012,"feedback":24,"given":24.5,"grade":27.375,"grade-01-average":3.269,"grade-01-result":297,"grade-02-average":3.288,"grade-02-result":214,"grade-03-average":2.865,"grade-03-result":327,"grade-04-average":3.5,"grade-04-result":175,"grade-05-average":2.692,"grade-05-result":419,"grade-06-average":2.48,"grade-06-result":344,"grade-07-average":1.977,"grade-07-result":380,"grade-08-average":2.558,"grade-08-result":421,"smart":15.470053837925}}]}