{"status":200,"caller_id":0,"cached":[],"node":[{"id":149739,"parent":139254,"superparent":9,"author":58401,"type":"item","subtype":"game","subsubtype":"jam","published":"2019-04-30T01:39:35Z","created":"2019-04-27T07:48:03Z","modified":"2019-05-07T13:23:50Z","version":473201,"slug":"piggy-butchery","name":"Piggy Butchery","body":"![Piggy Butchery.gif](///raw/124/e/z/23880.gif)\n\n## A bloody run in a slaughterhouse!\n\nIt's no good to be an animal in a society where eating meat has become as common as going to the bathroom.\nIn the middle of this despicable slaughterhouse, play as lil' panicky pigs and run to avoid becoming a slice of bacon 🥓\n\nBut this world is cruel and the meat trade is very lucrative. You will need to sacrifice your piggy fellows to earn money and buy stuff to build a passage through the many obstacles that will be in your way!\n\n#### 🐷 Will you survive through the 3 levels?\n\n### [You can listen to the music on SoundCloud!](https://soundcloud.com/halesgaar/tenderizing-the-meat)\n\n![Piggy-Butchery-Tuto.png](///raw/124/e/z/238dc.png)\n\n![Piggy-Butchery-gameplay.gif](///raw/124/e/z/24797.gif)\n\n### ❕ We lost almost an entire day and some minor bugs are still present, we hope you will enjoy it nonetheless! 😁\n\n____________\n\n## ⚙ BUGFIXES\n# 1.0.2 \n- Collision system fixed (if not, still better than before!), you shouldn’t be stuck anymore inside the bridges\n- Checkpoints removed, they could trap you in an endless loop of death ☠\n\n# 1.0.1\n- The game will properly launch after the tutorial\n\n____________\n\n### 🍻 Our friendly team \n* 🎧 **Alexandre Meunier** (Halesgaar: [SoundCloud](https://soundcloud.com/halesgaar) - [Twitter](https://twitter.com/halesgaar)) : Development, music, sound design, voices \n* 🎨 **Emilie Defernez** (Frigolite) :  Character design, animations, motion design, main beer supplier\n* 🖌️ **Quentin Cloos** (Cloos) : Backgrounds, UI, community management, GIF master\n____________\n\n### *[Follow us on Twitter (EN)](https://twitter.com/Reality_Blind)* | *[Follow us on Facebook (FR)](https://www.facebook.com/RealityBlind)* | *[Follow us on Instagram (EN)](https://www.instagram.com/RealityBlind)*\n\n\n","meta":{"author":[58401],"cover":"///content/124/e/z/2314d.gif","link-01-tag":[42337],"link-02":"https://realityblind.itch.io/piggy-butchery","link-02-tag":[42339],"link-01":"https://realityblind.itch.io/piggy-butchery","link-03":"https://realityblind.itch.io/piggy-butchery","link-03-tag":[42342],"link-04":"","link-04-tag":null},"path":"/events/ludum-dare/44/piggy-butchery","parents":[1,5,9,139254],"love":0,"notes":57,"notes-timestamp":"2019-05-18T05:44:19Z","grade":{"grade-01":55,"grade-02":55,"grade-03":55,"grade-04":55,"grade-05":56,"grade-06":55,"grade-07":53,"grade-08":55},"magic":{"cool":71.769158173725,"feedback":30,"given":27.75,"grade":54.875,"grade-01-average":3.868,"grade-01-result":146,"grade-02-average":3.651,"grade-02-result":230,"grade-03-average":3.651,"grade-03-result":164,"grade-04-average":4.075,"grade-04-result":61,"grade-05-average":4.37,"grade-05-result":77,"grade-06-average":3.877,"grade-06-result":104,"grade-07-average":3.765,"grade-07-result":108,"grade-08-average":3.783,"grade-08-result":184,"smart":-12.529966780563}}]}