{"status":200,"caller_id":0,"cached":[],"node":[{"id":142856,"parent":139254,"superparent":9,"author":75288,"type":"item","subtype":"game","subsubtype":"jam","published":"2019-04-30T01:16:27Z","created":"2019-04-19T23:03:32Z","modified":"2019-04-30T01:35:47Z","version":459022,"slug":"coinroll-adventures","name":"Coinroll Adventures","body":"Welcome to the wonderful world of Coinroll Adventures!\n\n![CoinrollAdventuresCover.png](///raw/816/21/z/231e7.png)\n\n(Please note, I could only test the Windows version)\n\n### Controls:\n* R to respawn\n* Left click to shoot\n* Right click to pick up\n* Up to travel through doors\n* Space to jump\n* WASD/Arrows to move\n\nThank you for trying my game! \nLet me know what you thought, and give me any critiques you have down in the comments.\n\nThis is my second Ludum Dare, and my second game. \nI made this game in Godot; an engine I found about a week ago!","meta":{"author":[75288],"link-01-tag":[42337],"cover":"///content/816/21/z/2312f.png","link-01":"https://mrpiedpiper.itch.io/coinroll-adventures","link-01-name":"","link-02":"https://mrpiedpiper.itch.io/coinroll-adventures","link-02-tag":[42339],"link-03":"https://mrpiedpiper.itch.io/coinroll-adventures","link-03-tag":[42341],"link-04":"https://github.com/MrPiedPiper/CoinrollAdventures","link-04-tag":[42332],"link-04-name":"Godot source code","link-05":"","link-05-tag":null,"link-05-name":"","link-03-name":"Untested","link-02-name":"Untested"},"path":"/events/ludum-dare/44/coinroll-adventures","parents":[1,5,9,139254],"love":0,"notes":38,"notes-timestamp":"2019-05-29T17:54:03Z","grade":{"grade-01":32,"grade-02":32,"grade-03":32,"grade-04":32,"grade-05":31,"grade-06":31,"grade-07":30,"grade-08":31},"magic":{"cool":83.14794192831,"feedback":38,"given":21,"grade":31.375,"grade-01-average":3.75,"grade-01-result":230,"grade-02-average":3.617,"grade-02-result":255,"grade-03-average":3.55,"grade-03-result":213,"grade-04-average":4.017,"grade-04-result":78,"grade-05-average":3.569,"grade-05-result":526,"grade-06-average":3.103,"grade-06-result":498,"grade-07-average":3.196,"grade-07-result":330,"grade-08-average":3.328,"grade-08-result":536,"smart":12.022406722241}}]}