{"status":200,"caller_id":0,"cached":[],"node":[{"id":140365,"parent":139254,"superparent":9,"author":140363,"type":"item","subtype":"game","subsubtype":"compo","published":"2019-04-29T00:37:37Z","created":"2019-03-29T17:17:53Z","modified":"2019-04-29T01:45:21Z","version":445901,"slug":"suicide-slime-arena","name":"Suicide Slime Arena","body":"Get to the portal at the top of the level, use your lives to buy weapons and place bets!\n\n| Key | Control |\n|---|---|\n| A/D | Left/Right |\n| K | Jump |\n| L | Attack |","meta":{"author":[140363],"cover":"///content/b44/22/z/216a8.png","link-01":"https://harrywest.itch.io/suicide-slime-arena-ldjam-44","link-01-tag":[42336],"link-02":"https://github.com/HBWest/ld44","link-02-tag":[42332],"link-03":"","link-03-tag":null,"grade-06-out":"1"},"path":"/events/ludum-dare/44/suicide-slime-arena","parents":[1,5,9,139254],"love":0,"notes":20,"notes-timestamp":"2019-05-17T19:06:20Z","grade":{"grade-01":27,"grade-02":27,"grade-03":27,"grade-04":27,"grade-05":28,"grade-07":25,"grade-08":26},"magic":{"cool":118.4159886532,"feedback":9,"given":31.375,"grade":26.714285714286,"grade-01-average":3.12,"grade-01-result":364,"grade-02-average":3.02,"grade-02-result":325,"grade-03-average":2.68,"grade-03-result":404,"grade-04-average":3.56,"grade-04-result":160,"grade-05-average":3.788,"grade-05-result":112,"grade-07-average":2.217,"grade-07-result":341,"grade-08-average":2.708,"grade-08-result":388,"smart":14.814697221927}}]}