{"status":200,"caller_id":0,"cached":[],"node":[{"id":154185,"parent":139254,"superparent":9,"author":128091,"type":"item","subtype":"game","subsubtype":"jam","published":"2019-04-30T01:58:48Z","created":"2019-04-30T00:45:02Z","modified":"2019-05-19T00:25:51Z","version":476313,"slug":"super-psychic","name":"Super Psychic","body":"You, as a poor poor gypsy, take in clients, who have lost somebody very dear to them, and use an array of time-honored techniques to get the most money possible out of them. You do this by acting like you can communicate with their dead relatives.\n\nPost-Jam Fixes:\n-Fixed a bug where character sprites wouldn't appear.\n-Fixed a bug where buttons would occasionally overlap, causing unintentional clicking.\n\n\n![Super Psychic cover photo.png](///raw/b54/f1/z/23736.png)![Screenshot (65).png](///raw/b54/f1/z/24e92.png)","meta":{"author":[128091],"grade-06-out":"1","grade-07-out":"1","allow-anonymous-comments":"1","link-01":"https://tight-occasion.itch.io/super-psychic-an-ld-44-game","link-01-tag":[42337],"cover":"///content/b54/f1/z/23729.png","link-01-name":"Game Download","link-02":"https://tight-occasion.itch.io/super-psychic-an-ld-44-game","link-02-tag":[42339],"link-02-name":"Game Download"},"path":"/events/ludum-dare/44/super-psychic","parents":[1,5,9,139254],"love":0,"notes":16,"notes-timestamp":"2019-05-20T23:10:39Z","grade":{"grade-01":40,"grade-02":40,"grade-03":40,"grade-04":40,"grade-05":40,"grade-08":40},"magic":{"cool":116.52289992485,"feedback":36,"given":39.375,"grade":40,"grade-01-average":2.829,"grade-01-result":1048,"grade-02-average":2.658,"grade-02-result":1013,"grade-03-average":3.013,"grade-03-result":649,"grade-04-average":2.882,"grade-04-result":915,"grade-05-average":3.013,"grade-05-result":841,"grade-08-average":2.592,"grade-08-result":997,"smart":19.023807142381}}]}