{"status":200,"caller_id":0,"cached":[],"node":[{"id":139591,"parent":139254,"superparent":9,"author":96473,"type":"item","subtype":"game","subsubtype":"jam","published":"2019-04-30T01:04:51Z","created":"2019-03-15T07:42:25Z","modified":"2019-05-12T19:44:29Z","version":474763,"slug":"lifeforms-in-space","name":"Lifeforms In Space","body":"LIFEFORMS IN SPACE\n![LIS.gif](///raw/9d8/71/z/249eb.gif)\n![screenshots.jpg](///raw/9d8/71/z/24a59.jpg)\n![battle_01.gif](///raw/9d8/71/z/249e2.gif)\nThis game was written for the Ludum Dare #44 Jam in 72 hours.  The theme was Your Life Is Currency. :rolleyes:  Some additional time was spent post jam fixing bugs and tweeking.\n\nLifeforms In Space is a turn base strategy game that takes place in space.  The objective of the game is to conquer and colonize all the planets in the system before all your fleets are destroyed.\n\n**Left-click to select a fleet, left-click again to warp.  Right-click to cancel warp.**\n\n**Left-click targeter when available to attack enemy fleet.**\n\n**Warp to planets to capture them and place 100 lifeforms to colonize it.**\n\n**OH and sorry for the wall of text!**\n\nTools Used:\n - Unity 2019.1.0f2\n - Photoshop CS2\n - MS Visual Studio 2017\n - Timeline FX\n - Logic Pro X Alchemy/DAW\n - EastWest/Quantum Leap Symphonic Orchestra\n - Universal Audio Real-Verb Pro\n - UA-610B Pre-amp\n - Audacity\n\nEnjoy!\n\nCheck out what these streamers are saying about Lifeforms In Space!\n\n![streamer_01.jpg](///raw/9d8/71/z/24b40.jpg)\n[Watch CearkaLarue play Lifeforms In Space](https://www.twitch.tv/videos/419366310?t=2h53m)\n\n![streamer_02.jpg](///raw/9d8/71/z/24b41.jpg)\n[Watch SDG_Ryo play Lifeforms In Space](https://www.twitch.tv/videos/420796745?t=3h33m)\n\n![streamer_03.jpg](///raw/9d8/71/z/24b42.jpg)\n[Watch UrsaGames play Lifeforms In Space](https://www.twitch.tv/videos/420919023?t=5h55m25s)\n\n![streamer_04.jpg](///raw/9d8/71/z/24b43.jpg)\n[Watch PlayDungeonsman play Lifeforms In Space](https://www.twitch.tv/videos/421001904?t=3h32m11s)\n","meta":{"author":[96473,134897],"link-01-tag":[42336],"cover":"///content/9d8/71/z/2448c.jpg","link-01":"https://zerkywerky.itch.io/lifeforms-in-space","link-02":"https://zerkywerky.itch.io/lifeforms-in-space","link-02-tag":[42337]},"path":"/events/ludum-dare/44/lifeforms-in-space","parents":[1,5,9,139254],"love":0,"notes":44,"notes-timestamp":"2019-05-19T14:55:46Z","grade":{"grade-01":60,"grade-02":60,"grade-03":60,"grade-04":60,"grade-05":60,"grade-06":58,"grade-07":55,"grade-08":58},"magic":{"cool":73.921328796038,"feedback":21,"given":31.625,"grade":58.875,"grade-01-average":3.638,"grade-01-result":342,"grade-02-average":3.5,"grade-02-result":349,"grade-03-average":3.121,"grade-03-result":539,"grade-04-average":3.06,"grade-04-result":790,"grade-05-average":3.733,"grade-05-result":432,"grade-06-average":3.714,"grade-06-result":183,"grade-07-average":2.83,"grade-07-result":541,"grade-08-average":3.518,"grade-08-result":366,"smart":-17.153492601152}}]}