{"status":200,"caller_id":0,"cached":[],"node":[{"id":144202,"parent":139254,"superparent":9,"author":142152,"type":"item","subtype":"game","subsubtype":"compo","published":"2019-04-29T01:35:45Z","created":"2019-04-23T11:03:16Z","modified":"2019-04-29T20:26:23Z","version":451566,"slug":"tomb-of-temptations","name":"Tomb of Temptations","body":"![Screenshot with Title.png](///raw/84b/22/z/223f7.png)\n\n*\"Long life, even immortality, is within your reach. You need only ask for it, but all things have a price - can you earn what the Tomb offers you by escaping alive?\"*\n\nCollect all of the keys and bring them back to the portal in order to move to the next floor. Your health gradually decreases with every floor cleared, so you will need to purchase difficulty modifiers in order to earn back your lives.","meta":{"author":[142152],"grade-06-out":"1","link-01-tag":[42336],"cover":"///content/84b/22/z/22413.png","grade-07-out":"1","link-01":"https://gamejolt.com/games/tomb-of-temptations/411146","link-02-tag":[42332],"link-02":"https://drive.google.com/open?id=1gGUMquBmCwmc4lqCZnEr70gqRgzT3nvq","link-01-name":"WebGL","link-02-name":"0.1.0 Source"},"path":"/events/ludum-dare/44/tomb-of-temptations","parents":[1,5,9,139254],"love":0,"notes":14,"notes-timestamp":"2019-05-06T14:18:31Z","grade":{"grade-01":22,"grade-02":22,"grade-03":22,"grade-04":22,"grade-05":22,"grade-08":21},"magic":{"cool":100,"feedback":21,"given":15.375,"grade":21.833333333333,"grade-01-average":3.35,"grade-01-result":245,"grade-02-average":3.325,"grade-02-result":200,"grade-03-average":3.45,"grade-03-result":134,"grade-04-average":3.45,"grade-04-result":196,"grade-05-average":3.175,"grade-05-result":305,"grade-08-average":3.079,"grade-08-result":269,"smart":6.4524156058526}}]}