{"status":200,"caller_id":0,"cached":[],"node":[{"id":142682,"parent":139254,"superparent":9,"author":142680,"type":"item","subtype":"game","subsubtype":"compo","published":"2019-04-29T01:29:09Z","created":"2019-04-19T00:24:05Z","modified":"2019-05-01T20:41:34Z","version":468299,"slug":"undercave","name":"Undercave","body":"My first Ludum Dare submission ever! :smiley: \n\nGame created with:\n- Godot engine\n- Piskel and Paint.NET\n- Yamaha keyboard and Audacity\n\nI did my best to make it playable and enjoyable, but I can't be sure it works 100%\n\nProbably I focused too much on unnecessary stuff so game isn't very long. (:\n\nI appreciate all the feedback, but please keep in mind that it's my first time and I don't have much experience. \n\nThanks and have fun!\n\n**Edit:**\n\nI've uploaded files to itch.io. I did it first time, so I may have screwed something up.\nI made very minor changes in HTML export. The \"spawn  light\" is hidden due to some bug itch.io caused.\n\nSource code and Windows version remain unchanged.","meta":{"author":[142680],"cover":"///content/85d/22/z/21907.png","link-01":"https://www.dropbox.com/s/l9qzbo3cil7bttw/LD44.zip?dl=0","link-01-tag":[42332],"link-01-name":"Source and Executable","link-02":"https://noobexception.itch.io/undercave","link-02-tag":[42336],"link-02-name":"Itch.io (experimental)"},"path":"/events/ludum-dare/44/undercave","parents":[1,5,9,139254],"love":0,"notes":50,"notes-timestamp":"2019-05-14T05:59:43Z","grade":{"grade-01":67,"grade-02":67,"grade-03":67,"grade-04":67,"grade-05":67,"grade-06":66,"grade-07":59,"grade-08":67},"magic":{"cool":88.989185548069,"feedback":78,"given":51.375,"grade":65.875,"grade-01-average":3.4,"grade-01-result":218,"grade-02-average":3.092,"grade-02-result":291,"grade-03-average":2.962,"grade-03-result":289,"grade-04-average":2.946,"grade-04-result":376,"grade-05-average":3.308,"grade-05-result":263,"grade-06-average":3.477,"grade-06-result":105,"grade-07-average":2.57,"grade-07-result":266,"grade-08-average":3.877,"grade-08-result":36,"smart":14.933230596559}}]}