{"status":200,"caller_id":0,"cached":[],"node":[{"id":139293,"parent":139254,"superparent":9,"author":121516,"type":"item","subtype":"game","subsubtype":"compo","published":"2019-04-29T00:54:43Z","created":"2019-03-08T20:25:49Z","modified":"2019-04-29T00:54:43Z","version":444809,"slug":"blood-money-2","name":"Blood Money","body":"You are a Grim Reaper behind on his blood payments. You must reap the souls that don't fit the description on the NO REAP LIST.\n\n\n*Side Note:* This one wasn't really good. I honestly couldn't make the best for the theme. I'll do better next time ;)","meta":{"author":[121516],"cover":"///content/caa/d1/z/2173c.png","link-01":"https://supergamersgames.itch.io/bloody-money","link-01-tag":[42337],"link-02":"https://supergamersgames.itch.io/bloody-money","link-02-tag":[42332]},"path":"/events/ludum-dare/44/blood-money-2","parents":[1,5,9,139254],"love":0,"notes":10,"notes-timestamp":"2019-05-19T13:05:54Z","grade":{"grade-01":15,"grade-02":15,"grade-03":15,"grade-04":15,"grade-05":15,"grade-06":14,"grade-07":15,"grade-08":15},"magic":{"cool":92.512477853307,"feedback":15,"given":11.875,"grade":14.875,"grade-01-average":3.231,"grade-01-result":313,"grade-02-average":3.154,"grade-02-result":266,"grade-03-average":2.615,"grade-03-result":421,"grade-04-average":2.769,"grade-04-result":425,"grade-05-average":3.269,"grade-05-result":282,"grade-06-average":3.083,"grade-06-result":214,"grade-07-average":3,"grade-07-result":166,"grade-08-average":3,"grade-08-result":289,"smart":14.128042496284}}]}