{"status":200,"caller_id":0,"cached":[],"node":[{"id":147814,"parent":139254,"superparent":9,"author":147809,"type":"item","subtype":"game","subsubtype":"jam","published":"2019-04-30T01:28:22Z","created":"2019-04-26T18:55:56Z","modified":"2019-04-30T16:31:23Z","version":464460,"slug":"devils-dirty-work","name":"Devil's Dirty Work​","body":"![ld_cover.png](///raw/78/z/23af9.png)\n\n## Story\n\nAfter spilling coffee over your laptop and accidentally deleting the game files of your actual game jam submission, you make a pact with the devil in an attempt to recover them, unaware of the consequences. \n\nAfter refusing to hand off your soul, as you had agreed to, the devil makes you an offer:\n\n*\"Collect at a hundred lesser spirits for me, and I will accept them as payment instead.\"*\n\nOn a quest to escape your unavoidable death, you venture into the caves of the underworld, killing bats and capturing their spirits. Be wary though.  While swinging over the deadly lava pits of doom, be sure to look behind you from time to time. Although you've made an agreement, he might just try to take your soul anyways... He is the devil, you know.\n\n**********\n\n## Controls\n\nAim the grappling hook with the **MOUSE**\n\n**SPACE** deploy grappling hook\n\n**W** reel player in towards grappling hook\n\n**SHIFT** release grapple and jump\n\n**ESC** skip cutscene\n\n**********\n","meta":{"author":[147809,135],"link-01-tag":[42337],"grade-06-out":"1","link-01":"https://alexander0153.itch.io/devils-dirty-work","link-02":"https://alexander0153.itch.io/devils-dirty-work","link-02-tag":[42339],"link-03":"https://alexander0153.itch.io/devils-dirty-work","link-03-tag":[42341],"cover":"///content/78/z/23af5.png"},"path":"/events/ludum-dare/44/devils-dirty-work","parents":[1,5,9,139254],"love":0,"notes":16,"notes-timestamp":"2019-05-10T22:12:48Z","grade":{"grade-01":27,"grade-02":27,"grade-03":27,"grade-04":27,"grade-05":27,"grade-07":26,"grade-08":26},"magic":{"cool":129.24360956939,"feedback":6,"given":37.375,"grade":26.714285714286,"grade-01-average":3.7,"grade-01-result":283,"grade-02-average":3.86,"grade-02-result":101,"grade-03-average":3.36,"grade-03-result":338,"grade-04-average":2.88,"grade-04-result":917,"grade-05-average":3.7,"grade-05-result":451,"grade-07-average":3.042,"grade-07-result":411,"grade-08-average":3.375,"grade-08-result":491,"smart":16.56646337869}}]}