{"status":200,"caller_id":0,"cached":[],"node":[{"id":153729,"parent":139254,"superparent":9,"author":144477,"type":"item","subtype":"game","subsubtype":"jam","published":"2019-04-30T00:53:34Z","created":"2019-04-29T21:52:40Z","modified":"2019-04-30T00:53:34Z","version":456958,"slug":"unbound","name":"unbound.","body":"Puzzle platformer where the player must give up their special abilities to progress.\n\nThanks to Mark Wiggans and Kit McLellan for contributing design and art ideas.\n\nSpecial thanks:\n\n* Brian McBarron\n* Chris Pitstick\n* Dave Abrams\n* Josh Suereth\n* Kevin Pitstick\n* Lori McBarron\n* Tony Casale","meta":{"author":[144477],"grade-06-out":"1","grade-07-out":"1","grade-08-out":"1","grade-05-out":"1","link-01":"https://zaw-ld44.appspot.com","link-01-tag":[42336],"cover":"///content/d54/32/z/22e90.png"},"path":"/events/ludum-dare/44/unbound","parents":[1,5,9,139254],"love":0,"notes":13,"notes-timestamp":"2019-05-04T18:28:59Z","grade":{"grade-01":31,"grade-02":31,"grade-03":31,"grade-04":31},"magic":{"cool":148.26583767237,"feedback":11,"given":31.875,"grade":31,"grade-01-average":3,"grade-01-result":931,"grade-02-average":3.034,"grade-02-result":768,"grade-03-average":3.19,"grade-03-result":484,"grade-04-average":2.672,"grade-04-result":1011,"smart":8.0726029111911}}]}