{"status":200,"caller_id":0,"cached":[],"node":[{"id":149955,"parent":139254,"superparent":9,"author":52965,"type":"item","subtype":"game","subsubtype":"jam","published":"2019-04-29T22:07:50Z","created":"2019-04-27T10:01:48Z","modified":"2019-05-04T08:35:33Z","version":471422,"slug":"enemy-of-the-state","name":"Enemy Of The State","body":"Sit down, have some water.\n\n-----------------------------------------------------------------------------------------------------------------------\n\n![Scrn5.png](///raw/5ee/c/z/24886.png)\n\n![Scrn1.png](///raw/5ee/c/z/24885.png)\n\n-----------------------------------------------------------------------------------------------------------------------\n***Money can tempt fate.***\n\nIn Soviet Russia, you are given the opportunity of a lifetime, where your freedom and newfound income is all hinged on your survival,\n\nand as waves of state security storm your apartment, lets see how straight you can aim.\n\n**No mac or linux version as of yet, but they can be run with Wine since it's an exe file, I think**\n\n**Controls**\n\nWASD/Arrow keys - move\n\nLeft Click - shoot\n\nMouse - aim\n\nIts really that simple.\n\n![Scrn2.png](///raw/5ee/c/z/22659.png)\n\n**Changelog**\n\n-Attempted fix for lag issue\n\n-Fixed end screen not appearing after timer ends (SORRY!)\n\n-Fixed instant win\n\n-Fixed enemies still shooting even after won, leading to loss\n\n-Made the game zoom in if the screen is really large (like, 4k, you cant see the game at 4k)\n\n-Added a version of the game that could we windowed :>","meta":{"author":[52965],"allow-anonymous-comments":"1","link-01":"https://www.dropbox.com/s/c54cceoupe8ueok/Application%201.mfa?dl=0","link-01-tag":[50],"link-02":"https://www.dropbox.com/s/2s3djl3f2bkc0lj/Enemy%20Of%20The%20State.exe?dl=0","link-02-tag":[42337],"cover":"///content/5ee/c/z/2454f.png","link-03":"https://www.dropbox.com/s/2s3djl3f2bkc0lj/Enemy%20Of%20The%20State.exe?dl=0","link-03-tag":[42337],"link-03-name":"Windows Windowable version","link-04":"https://www.dropbox.com/s/riujhbe9ddl3c91/Enemy%20Of%20The%20State%20Mk2.exe?dl=0","link-04-tag":[42337],"link-04-name":"Post-Jam Mk1","link-05":"https://www.dropbox.com/s/fsmsrh7g88019i5/Enemy%20Of%20The%20State%20Mk3.exe?dl=0","link-05-tag":[42337],"link-05-name":"Post-Jam Mk2","link-06":"https://www.dropbox.com/s/agcmggz97cmumtd/Enemy%20Of%20The%20State%20Mk4.exe?dl=0","link-06-tag":[42337],"link-06-name":"Post-Jam Mk3"},"path":"/events/ludum-dare/44/enemy-of-the-state","parents":[1,5,9,139254],"love":0,"notes":130,"notes-timestamp":"2019-07-31T14:29:21Z","grade":{"grade-01":124,"grade-02":124,"grade-03":125,"grade-04":124,"grade-05":125,"grade-06":124,"grade-07":114,"grade-08":123},"magic":{"cool":39.686269665969,"feedback":28,"given":15.75,"grade":122.875,"grade-01-average":3.639,"grade-01-result":341,"grade-02-average":3.848,"grade-02-result":105,"grade-03-average":2.602,"grade-03-result":967,"grade-04-average":2.635,"grade-04-result":1019,"grade-05-average":3.398,"grade-05-result":640,"grade-06-average":3.504,"grade-06-result":289,"grade-07-average":3.183,"grade-07-result":337,"grade-08-average":3.488,"grade-08-result":382,"smart":-51.384613450733}}]}