{"status":200,"caller_id":0,"cached":[],"node":[{"id":153230,"parent":139254,"superparent":9,"author":97637,"type":"item","subtype":"game","subsubtype":"jam","published":"2019-04-30T00:43:22Z","created":"2019-04-29T15:45:35Z","modified":"2019-04-30T00:43:22Z","version":456457,"slug":"life-broker-1","name":"Life Broker","body":"__Investing in stocks ain't what it used to be.__ Gone are the days of traditional currency stock exchanges, since every broker now directly trades a much riskier asset--Life. \n\nYou can invest your liquid Life into the Life market by approaching one of the trading booths. Keep an eye on the market at all times, try to buy low and sell high. You lose the game if you run out of liquid Life points, so you may want to withdraw some Life from your investments if your liquidity gets too low. It's a dog-eat-dog world out there, other Life brokers are always trying to steal your Life!\n\nTry to profit as many Life points as you can, but know that at any point you can quit your job and walk away with your current earnings. Don't let greed make you a victim of the market!\n\n![ld44.PNG](///raw/56d/71/z/21fa8.png)\n\n## Controls:\n\nWASD/Arrow keys: Movement\n\nSPACE: Attack with your briefcase\n\nQ: Quit\n\nH: Help\n\nV: Withdraw investments from stock booths\n\nB: Invest liquid health at a stock market booth\n\n#### Known issues\n- There are a few bugs left in the game. If the stock graph is not being drawn refresh the page.","meta":{"author":[97637,3485,145430,153286],"cover":"///content/56d/71/z/21faa.png","link-01":"https://ludditegames.com/game-jams/life-broker/","link-01-tag":[42336],"link-02":"https://drive.google.com/file/d/1IpIiBIV9oukWrPUgT6HiVNU6GwInwJ5L/view?usp=sharing","link-02-tag":[42337]},"path":"/events/ludum-dare/44/life-broker-1","parents":[1,5,9,139254],"love":0,"notes":6,"notes-timestamp":"2019-05-20T05:49:24Z","grade":{"grade-01":21,"grade-02":21,"grade-03":21,"grade-04":21,"grade-05":22,"grade-06":21,"grade-07":21,"grade-08":21},"magic":{"cool":113.11512302031,"feedback":5,"given":25.75,"grade":21.125,"grade-01-average":2.895,"grade-01-result":1002,"grade-02-average":2.632,"grade-02-result":1018,"grade-03-average":3.026,"grade-03-result":628,"grade-04-average":3.342,"grade-04-result":565,"grade-05-average":2.775,"grade-05-result":935,"grade-06-average":2.947,"grade-06-result":558,"grade-07-average":3.5,"grade-07-result":188,"grade-08-average":2.816,"grade-08-result":912,"smart":15.640741372099}}]}