{"status":200,"caller_id":0,"cached":[],"node":[{"id":143857,"parent":139254,"superparent":9,"author":126655,"type":"item","subtype":"game","subsubtype":"jam","published":"2019-04-30T01:02:48Z","created":"2019-04-22T20:21:58Z","modified":"2019-04-30T01:36:10Z","version":459037,"slug":"puncha-ching-bag","name":"PunCha-Ching Bag","body":"Your intergalactic overlord has scanned the galaxy searching for resources needed to continue the survival of your alien race. He has discovered a tiny, feeble planet called \"earth\" that seems to be abundant in these resources, and he has decided to send you, one of the most loyal and feared members of his military, to scout the planet. Upon your arrival, you are terrified to realize that the inhabitants of this world also hold this resource in very high regard. Somehow, possibly due to your appearance, it doesn't take long at all for them to become hostile and come after you. Can you defend yourself long enough to gather the resources your people desperately need?\n\n![title.png](///raw/fbe/e1/z/23141.png)\n\n![screenshot.PNG](///raw/fbe/e1/z/23144.png)\n\nThis was my second Ludum Dare game (check out Potty Panic!), my third game jam game, and my first solo game.\n\nControls:\n- Move: Arrow Keys/WASD\n- Aim: Mouse\n- Punch: Left/Right Click\n- Throw Coins: Space\n- Restart: R\n- Exit: Escape\n\nObjectives:\n- Beat up the people trying to steal your coins.\n- Collect coins to fill your bag and win the game.\n- Throw coins to use as a distraction if you find yourself in a pickle.\n\nCredits:\n- Programming, Graphics, and Music by Ryan Brenner","meta":{"author":[126655],"link-01-tag":[50],"link-02":"http://rbrnr.com/games/punchaching-bag/play/","link-02-tag":[42336],"link-03":"https://rbrnr.itch.io/punchaching-bag","link-03-tag":[42336],"cover":"///content/fbe/e1/z/230b9.png","link-01":"http://rbrnr.com/games/punchaching-bag/PunChaChingBagSource.zip","link-04":"http://rbrnr.com/games/punchaching-bag/PunChaChingBag.zip","link-04-tag":[42337]},"path":"/events/ludum-dare/44/puncha-ching-bag","parents":[1,5,9,139254],"love":0,"notes":30,"notes-timestamp":"2019-05-19T15:15:02Z","grade":{"grade-01":36,"grade-02":36,"grade-03":35,"grade-04":35,"grade-05":35,"grade-06":34,"grade-07":34,"grade-08":32},"magic":{"cool":99.81395332723,"feedback":30,"given":33.5,"grade":34.625,"grade-01-average":3.515,"grade-01-result":485,"grade-02-average":3.088,"grade-02-result":720,"grade-03-average":2.97,"grade-03-result":700,"grade-04-average":4.106,"grade-04-result":51,"grade-05-average":3.803,"grade-05-result":386,"grade-06-average":3.609,"grade-06-result":247,"grade-07-average":3.734,"grade-07-result":120,"grade-08-average":3.25,"grade-08-result":603,"smart":17.506719729106}}]}