{"status":200,"caller_id":0,"cached":[],"node":[{"id":153322,"parent":139254,"superparent":9,"author":27223,"type":"item","subtype":"game","subsubtype":"jam","published":"2019-04-29T18:49:29Z","created":"2019-04-29T17:13:10Z","modified":"2019-04-29T22:45:57Z","version":453826,"slug":"bankrupt-by-desire","name":"Bankrupt by Desire","body":"https://www.youtube.com/watch?v=uWWhwiZflbo\n\nDescription:\n- Destroy your desires with a machine gun to avoid bankruptcy\n\nControls:\n- WASD: Move\n- Left Mouse Button: Shoot\n\nCredits:\n- Developed by: JOZ\n- Graphycs by: Gustavo Lima\n- Music by: Hatus Quemuel\n\nOur social media:\n- https://www.facebook.com/Use-your-head-Games-387445521649634\n- https://facebook.com/JOZGamesOficial/\n- https://www.instagram.com/ilustavo\n- https://www.facebook.com/KimimarDesign/\n- https://www.facebook.com/Hatusquemuelcomposer/","meta":{"author":[27223],"cover":"///content/75a/6/z/232ef.png","link-01-tag":[42336],"allow-anonymous-comments":"1","link-01":"https://jozgames.itch.io/bankrupt-by-desire-ld44","link-01-name":"itch.io","link-02":"https://gamejolt.com/games/Bankrupt-by-Desire/411288","link-02-tag":[42336],"link-02-name":"Gamejolt","link-03":"https://www.newgrounds.com/portal/view/730833","link-03-tag":[42336],"link-03-name":"Newgrounds"},"path":"/events/ludum-dare/44/bankrupt-by-desire","parents":[1,5,9,139254],"love":0,"notes":11,"notes-timestamp":"2019-05-01T14:44:56Z","grade":{"grade-01":30,"grade-02":31,"grade-03":30,"grade-04":30,"grade-05":31,"grade-06":29,"grade-07":30,"grade-08":30},"magic":{"cool":94.709857362077,"feedback":28,"given":26.125,"grade":30.125,"grade-01-average":3.071,"grade-01-result":888,"grade-02-average":3.121,"grade-02-result":694,"grade-03-average":2.679,"grade-03-result":933,"grade-04-average":3.196,"grade-04-result":678,"grade-05-average":2.862,"grade-05-result":903,"grade-06-average":3.13,"grade-06-result":483,"grade-07-average":2.982,"grade-07-result":446,"grade-08-average":2.821,"grade-08-result":907,"smart":15.410147191175}}]}