{"status":200,"caller_id":0,"cached":[],"node":[{"id":143142,"parent":139254,"superparent":9,"author":143141,"type":"item","subtype":"game","subsubtype":"jam","published":"2019-04-29T22:22:25Z","created":"2019-04-21T10:58:58Z","modified":"2019-04-30T18:18:28Z","version":464880,"slug":"welcome","name":"Welcome","body":"-------------------------------------\n\n## Game Plot ##\n\n![p2.png](///raw/52f/22/z/227e6.png)\n\nYou start in a shop and buy a jetpack but learn that the shopkeeper doesn't accept coins as currency.\n\n\n![p1.png](///raw/52f/22/z/227d7.png)\n\nSo, he jumps in his **death machine** and starts to chase you through various platforming obstacles while you try to collect as many tricky-to-get coins as you can to increase your score.\n\n\n![p3.png](///raw/52f/22/z/227f2.png)\n\n-----------------------\n\n## Controls ##\n\n  \n  Control   | Key\n  -------------  | -------------\n  Movement | ← → / A D\n  Jump   | ↑ / Space\n  Interact   | E\n\n--------------------------------------\n\n## Explanation ##\nAt the start of the game you type your **username** of choice (optional) into the text box on the sign and hit enter to exit the text box. Then go near the shop keeper and press *E* to buy a jetpack with your coins. After that try exiting out of the shop and see what happens!\n\nThe game consists of a shop part and 10 underground parts which have **increasing difficulty**. **Coins** are scattered across the stage and can be collected for higher scores and more challenge.\n\nWhen you finish the game you will see a **leaderboard** that contains all the scores of other players who have completed it. You can try getting more coins for higher scores and maybe even reach the highest score: **1000 points**.\n  \n-----------------------------------\n\n## Tools Used ##\n\n- Unity 3D Game Engine\n- Visual Studio\n- Aseprite\n- [dreamlo](dreamlo.com) (for the leaderboard)\n- Music generated with\n[cgMusic](http://codeminion.com/blogs/maciek/2008/05/cgmusic-computers-create-music/).\n\n------------------------------\n","meta":{"author":[143141],"grade-06-out":"1","grade-07-out":"1","grade-08-out":"1","cover":"///content/52f/22/z/23e4c.png","link-01":"https://agurcan.itch.io/welcome","link-01-tag":[42336],"link-01-name":"Web Game (Leaderboard doesn't work)","link-02":"https://agurcan.itch.io/welcome","link-02-tag":[42337],"link-02-name":"Windows","link-03":"https://agurcan.itch.io/welcome","link-03-tag":[42339],"link-03-name":"Mac"},"path":"/events/ludum-dare/44/welcome","parents":[1,5,9,139254],"love":0,"notes":25,"notes-timestamp":"2019-05-02T17:20:02Z","grade":{"grade-01":37,"grade-02":37,"grade-03":37,"grade-04":37,"grade-05":37},"magic":{"cool":112.24468832197,"feedback":24,"given":27.875,"grade":37,"grade-01-average":3.471,"grade-01-result":531,"grade-02-average":3.5,"grade-02-result":349,"grade-03-average":2.857,"grade-03-result":809,"grade-04-average":3.471,"grade-04-result":465,"grade-05-average":3.457,"grade-05-result":596,"smart":2.4374006534312}}]}