{"status":200,"caller_id":0,"cached":[],"node":[{"id":147455,"parent":139254,"superparent":9,"author":51081,"type":"item","subtype":"game","subsubtype":"jam","published":"2019-04-29T22:15:04Z","created":"2019-04-26T16:23:51Z","modified":"2019-05-03T16:26:30Z","version":470801,"slug":"real-time","name":"Real time","body":"\n# Introduction :book: \n\nA Real time operating system creates you and ask you to execute tasks and resolve problems.\nThe thing is that you only have a limited amount of time to achieve it.\nDefeat all the problems that are coming for you and try to convince the OS to let you live longer...\n\n** Quick ! :warning: The clock is ticking. :clock1: ** \n\n![solo.png](///raw/987/c/z/23d7a.png)\n![enterportal](///raw/987/c/z/23d60.gif)\n![portalenter.png](///raw/987/c/z/23d7c.png)\n![hit.png](///raw/987/c/z/23d79.png)\n\n\n# Goal 🎯\n\n**Kill enemies** to gain more life time and **trade your life for upgrades** between waves to **increase your shoot speed**, **movement speed** or **damages**.\n\n# Controls\n## Keyboard / Mouse :keyboard: :mouse_three_button: \n\n**Move** - arrow keys or WASD\n\n**Aim** - Mouse\n\n**Shoot** - Left click\n\n## XBOX Controller :video_game: \n\n**Move** - Left stick\n\n**Aim** - Right stick\n\n**Shoot** - Right trigger\n\n\n# Credits\n\n[**​Antoine Dezarnaud**](https://twitter.com/Antoined73) - code, music, graphics, SFX :computer: :musical_note: :art: \n\n\n\n**Please share your thoughts, and comment below :) ** :speech_balloon: :star: \n","meta":{"author":[51081],"grade-07-out":"1","link-01-tag":[42337],"cover":"///content/987/c/z/227a6.png","link-01":"https://antoined73.itch.io/real-time","link-01-name":"x86 & x64"},"path":"/events/ludum-dare/44/real-time","parents":[1,5,9,139254],"love":0,"notes":31,"notes-timestamp":"2019-05-10T08:52:15Z","grade":{"grade-01":30,"grade-02":30,"grade-03":30,"grade-04":30,"grade-05":31,"grade-06":28,"grade-08":30},"magic":{"cool":55.538969331703,"feedback":10,"given":7.75,"grade":29.857142857143,"grade-01-average":3.75,"grade-01-result":230,"grade-02-average":3.804,"grade-02-result":127,"grade-03-average":3.018,"grade-03-result":644,"grade-04-average":3.232,"grade-04-result":651,"grade-05-average":4.155,"grade-05-result":172,"grade-06-average":3.808,"grade-06-result":134,"grade-08-average":3.643,"grade-08-result":281,"smart":-34.652200280119}}]}