{"status":200,"caller_id":0,"cached":[],"node":[{"id":145350,"parent":139254,"superparent":9,"author":145333,"type":"item","subtype":"game","subsubtype":"compo","published":"2019-04-29T01:13:54Z","created":"2019-04-24T21:41:11Z","modified":"2019-04-29T01:21:46Z","version":445492,"slug":"minus-1-1","name":"-1 (Minus 1)","body":"![minus1.gif](///raw/5b7/32/z/217cb.gif)\n\nClimb and don't lose all your health.​\n\nPlay with:\n>WASD or Arrows\n>Mouse","meta":{"author":[145333],"cover":"///content/5b7/32/z/217d3.png","allow-anonymous-comments":"1","link-01":"https://mahou.itch.io/minus1","link-01-tag":[42337],"link-02":"https://drive.google.com/file/d/1tardP6QXkR4jmeQpqx2Ar5q2zApFY6X-/view?usp=sharing","link-02-tag":[42332]},"path":"/events/ludum-dare/44/minus-1-1","parents":[1,5,9,139254],"love":0,"notes":15,"notes-timestamp":"2019-05-13T03:38:34Z","grade":{"grade-01":22,"grade-02":22,"grade-03":21,"grade-04":22,"grade-05":22,"grade-06":22,"grade-07":21,"grade-08":22},"magic":{"cool":95.374973353436,"feedback":7,"given":18.875,"grade":21.75,"grade-01-average":3.65,"grade-01-result":109,"grade-02-average":3.575,"grade-02-result":109,"grade-03-average":3.711,"grade-03-result":59,"grade-04-average":3.675,"grade-04-result":109,"grade-05-average":3.85,"grade-05-result":97,"grade-06-average":3.6,"grade-06-result":72,"grade-07-average":2.421,"grade-07-result":298,"grade-08-average":3.6,"grade-08-result":93,"smart":-1.8997659840789}}]}