{"status":200,"caller_id":0,"cached":[],"node":[{"id":139895,"parent":139254,"superparent":9,"author":56866,"type":"item","subtype":"game","subsubtype":"jam","published":"2019-04-30T01:46:34Z","created":"2019-03-20T17:46:22Z","modified":"2019-05-01T00:02:55Z","version":466029,"slug":"fowl-goods","name":"Fowl Goods","body":"![dfgdfg.PNG](///raw/22e/d/z/23b37.png)\nCONTROLS\nWASD/Arrow Keys to move\nSPACE to jump\nE to pickup or interact\n\nPRESS E AT THE WINDOW TO START YOUR DAY!\n\n**DESCRIPTION**\nYou play as a chicken pawning off anything he can find in order to save his chicken brothers!\nThe customers are picky though, you can't just give them anything! Pay attention to what they ask for...\nHow many eggs can you get in 5 days? What kind of ending will you get?\n\n**Programmer:** @ziamor\n\n**Art/Audio:** @jakeuro\n\nTOOLS\n\n-Unity\n\n-Aseprite\n\n-FL Studio\n\n-BFXR\n\n-Font used was not made by us, we got it from [Eeve Somepx](https://www.patreon.com/posts/matchup-pro-20630319)\n\n**EDIT**\nFixed a few bugs and made the game shorter\n\nPatch Notes\n- Fixed Metallic bug causing text to overlap making it hard to read\n- Turns out scythes are not lavish, removed lavish as a property for scythes\n- Reduced people per day from 5 to 3 to make the game quicker\n- Changed day text from Day X to Day X of 5 to help show players there is an end to the madness\n- There were toooooo many eggs on the shelf, reduced max reward per customer from 2 to 1\n- Fixed items from clipping through the ceiling\n- Fixed super secret ending from raining all the time\n\n![full_screen.PNG](///raw/22e/d/z/23b3c.png)\n\n![screen_cap.PNG](///raw/22e/d/z/23b3a.png)","meta":{"author":[56866,92126],"link-01-tag":[42336],"cover":"///content/22e/d/z/2384d.png","link-01":"https://ziamor.itch.io/fowl-goods"},"path":"/events/ludum-dare/44/fowl-goods","parents":[1,5,9,139254],"love":0,"notes":39,"notes-timestamp":"2019-05-21T20:29:07Z","grade":{"grade-01":43,"grade-02":43,"grade-03":43,"grade-04":42,"grade-05":43,"grade-06":41,"grade-07":42,"grade-08":41},"magic":{"cool":75.878691063933,"feedback":1,"given":23.75,"grade":42.25,"grade-01-average":3.841,"grade-01-result":160,"grade-02-average":3.963,"grade-02-result":72,"grade-03-average":3.317,"grade-03-result":377,"grade-04-average":3.138,"grade-04-result":723,"grade-05-average":4.329,"grade-05-result":94,"grade-06-average":3.577,"grade-06-result":263,"grade-07-average":4.1,"grade-07-result":26,"grade-08-average":3.782,"grade-08-result":185,"smart":-25.549633024026}}]}