{"status":200,"caller_id":0,"cached":[],"node":[{"id":152840,"parent":139254,"superparent":9,"author":360,"type":"item","subtype":"game","subsubtype":"jam","published":"2019-04-29T05:12:02Z","created":"2019-04-29T04:49:13Z","modified":"2019-04-29T23:43:52Z","version":454911,"slug":"the-tree-of-bounty","name":"The Tree of Bounty","body":"Create conditions for Bountiful life to thrive around you, which in turn gives you Life to create even better conditions!\n\n![Title_Screen_640x512.png](///raw/861/z/21c06.png)\n\nInspired by Conway's Game of Life, but on a hex grid and with flowers and birds and stuff :)\n\n\nmade by:\n\n* Michaelson Britt (game design, art, programming)\n* Samuel Gélineau (programming)\n* Dylan Khor (foley sounds)\n* Zhentao Li (game design, programming)\n* Kyla Squires (music)\n* Farren Wang (art)\n\nfixes in 1.0.1 (still in time for the Jam submission):\n\n* better music\n* better tutorial\n* fix bug where you could add moss to the air","meta":{"author":[360,107638,65234,152848,154962],"cover":"///content/861/z/21c04.png","link-01":"http://github.com/gelisam/ludum-dare-44","link-01-tag":[42332],"link-02-tag":[42337],"allow-anonymous-comments":"1","link-02":"http://gelisam.com/files/ludum-dare-44/The-Tree-of-Bounty_windows-1.0.1.zip","link-03":"http://gelisam.com/files/ludum-dare-44/The-Tree-of-Bounty_macOS-1.0.1.zip","link-03-tag":[42339],"link-02-name":"v1.0.1 (Windows)","link-03-name":"v1.0.1 (macOS)","link-04":"http://gelisam.com/files/ludum-dare-44/The-Tree-of-Bounty_linux-1.0.1.zip","link-04-tag":[42341],"link-04-name":"v1.0.1 (Linux)","link-05":"http://gelisam.com/files/ludum-dare-44/The-Tree-of-Bounty_Windows.zip","link-05-tag":[42337],"link-05-name":"v1.0 (Windows)","link-06":"http://gelisam.com/files/ludum-dare-44/The-Tree-of-Bounty_macOS.zip","link-06-tag":[42339],"link-06-name":"v1.0 (macOS)"},"path":"/events/ludum-dare/44/the-tree-of-bounty","parents":[1,5,9,139254],"love":0,"notes":47,"notes-timestamp":"2019-05-20T08:51:45Z","grade":{"grade-01":71,"grade-02":71,"grade-03":70,"grade-04":71,"grade-05":71,"grade-06":69,"grade-07":59,"grade-08":69},"magic":{"cool":114.7501088321,"feedback":90,"given":89.375,"grade":68.875,"grade-01-average":3.37,"grade-01-result":619,"grade-02-average":3.072,"grade-02-result":740,"grade-03-average":3.787,"grade-03-result":93,"grade-04-average":3.486,"grade-04-result":446,"grade-05-average":3.254,"grade-05-result":722,"grade-06-average":2.933,"grade-06-result":562,"grade-07-average":2.368,"grade-07-result":790,"grade-08-average":3.485,"grade-08-result":387,"smart":17.020056800933}}]}