{"status":200,"caller_id":0,"cached":[],"node":[{"id":140975,"parent":139254,"superparent":9,"author":122409,"type":"item","subtype":"game","subsubtype":"jam","published":"2019-04-30T01:00:00Z","created":"2019-04-07T13:37:33Z","modified":"2019-10-08T19:26:05Z","version":523926,"slug":"yodin-defense","name":"Yodin Defense","body":"![Logo-export.png](///raw/92e/d1/z/23181.png)\n## Description\nA tower defense based around managing your only resource - being the Core's life, building material and townsfolk - to survive the longest!\n\n## Instructions\n- Build Towers to defend the Core by shooting Warriors (keep some supplied!)\n- Build Labs to get skillpoints (by consuming scientists) to upgrade various features\n- Build houses to increase your Cell capacity\n- Try to survive the longest \n\n## Patch notes for v1.1 (LD Bugfix Edition)\n- Warriors amount is increased by Tower's cost on purchase instead of being set to that\n- Towers no longer stop shooting at random\n- Tutorial text is shown in its entirety now\n- Scientists amount should no longer go negative\n- [Start Wave] button disappears after starting the first wave (as intended)\n- Fixed sprite positions of buildings\n- Fixed sprite animations of buildings\n- Field made square-er\n- It's possible to purchase the House for 549(/550) Cells now\n\n*As we aren’t sure it’s valid for LD, we’re leaving the old version up as well. Feel free to check either!\n\n## Credits\nCoding and art by Neon Glass team  \nMusic by [Aleks SHAGI](https://soundcloud.com/aleks-shagi)\n\n![Yodin.gif](///raw/92e/d1/z/2403f.gif)","meta":{"author":[122409],"cover":"///content/92e/d1/z/22c6b.png","link-01-tag":[42337],"link-01":"https://neon-glass.itch.io/yodin-defense"},"path":"/events/ludum-dare/44/yodin-defense","parents":[1,5,9,139254],"love":0,"notes":21,"notes-timestamp":"2019-05-16T22:44:33Z","grade":{"grade-01":22,"grade-02":22,"grade-03":23,"grade-04":22,"grade-05":22,"grade-06":22,"grade-07":16,"grade-08":22},"magic":{"cool":83.629331162427,"feedback":5,"given":14.25,"grade":21.375,"grade-01-average":3.625,"grade-01-result":359,"grade-02-average":3.6,"grade-02-result":270,"grade-03-average":2.905,"grade-03-result":771,"grade-04-average":3.225,"grade-04-result":656,"grade-05-average":3.9,"grade-05-result":335,"grade-06-average":3.925,"grade-06-result":87,"grade-07-average":2,"grade-07-result":907,"grade-08-average":3.45,"grade-08-result":417,"smart":-11.477362726015}}]}