{"status":200,"caller_id":0,"cached":[],"node":[{"id":142840,"parent":139254,"superparent":9,"author":8111,"type":"item","subtype":"game","subsubtype":"compo","published":"2019-04-29T01:02:06Z","created":"2019-04-19T21:46:02Z","modified":"2019-04-29T01:05:23Z","version":445117,"slug":"potion-wolf","name":"Potion Wolf","body":"This is my entry for Ludum Dare 44! Skate around the forest as a wolf, fulfilling potions to earn points!\n\n![ItchBanner.png](///raw/faf/1/z/2173e.png)\n\n# How to Play\n\n- Controller movement or W, A, S, D\n- The potion you need to make is displayed in the top left.\n- Each potion is made up of 1, 2, or 3 ingredients.\n- There are 3 different types of ingredients.\n- Each ingredient has a color and symbol associated with it.\n- Run to the cauldron of the associated color to add that ingredient to your bottle.\n- Your bottle's contents are displayed in the bottom-left corner.\n- Ingredients may be added to a bottle in any order.\n  - If you add more than 3 ingredients, the potion becomes toxic.\n  - Run to a black sphere near the center of the play area to dump out your bottle.\n  - To add multiple ingredients of the same kind, leave the cauldron and then return to it.\n  - The potion order's text changes from a red color to green to indicate it is ready to be delivered.\n- Run to the bottom of the play area to a white sphere to deliver the potion.\n- You are awarded points and a new potion recipe is given.\n- Complete as many orders as you can in 1 minute!\n\n![ldj44_10.gif](///raw/faf/1/z/21741.gif)\n\n# How does this fit the theme?\n\nOriginally, I wanted to build a narrative around the idea that your are making transformation potions! Each potion would transform a person, critter, or animal into some other critter, animal, or a different looking person. The idea being that in some ways we should view our own lives as a currency only so much as that we only have so long to live. Wouldn't it be best to live it most happily, as we most want to be seen and as who we are?\n\nI really dislike the idea of selling or trading your life for commodities or even survival/living, so I didn't want to do anything with that concept. Instead opted for a much more affirmative idea!\n\n# Find me\n\nOn twitter! @Bitzawolf","meta":{"author":[8111],"link-01-tag":[50],"cover":"///content/faf/1/z/2151f.png","link-01":"https://bitzawolf.com/downloads/ldj44/LD44Source.zip","link-02":"https://bitzawolf.com/downloads/ldj44/Winders.zip","link-02-tag":[42337],"link-03":"https://bitzawolf.com/downloads/ldj44/Mac.app.zip","link-03-tag":[42339],"link-04":"https://bitzawolf.itch.io/potion-wolf","link-04-tag":[42512],"link-04-name":"ItchIO","link-05":"http://twitter.com/bitzawolf","link-05-tag":[42440],"link-05-name":"Twitter handle"},"path":"/events/ludum-dare/44/potion-wolf","parents":[1,5,9,139254],"love":0,"notes":22,"notes-timestamp":"2019-05-08T08:17:16Z","grade":{"grade-01":32,"grade-02":32,"grade-03":32,"grade-04":32,"grade-05":32,"grade-06":31,"grade-07":30,"grade-08":32},"magic":{"cool":94.54509775871,"feedback":31,"given":27.375,"grade":31.625,"grade-01-average":2.933,"grade-01-result":416,"grade-02-average":2.617,"grade-02-result":441,"grade-03-average":2.733,"grade-03-result":388,"grade-04-average":1.967,"grade-04-result":493,"grade-05-average":3.817,"grade-05-result":108,"grade-06-average":3.121,"grade-06-result":205,"grade-07-average":2.946,"grade-07-result":179,"grade-08-average":3.267,"grade-08-result":184,"smart":16.435871847831}}]}