{"status":200,"caller_id":0,"cached":[],"node":[{"id":147793,"parent":139254,"superparent":9,"author":83353,"type":"item","subtype":"game","subsubtype":"jam","published":"2019-04-30T01:24:19Z","created":"2019-04-26T18:49:20Z","modified":"2019-04-30T20:47:59Z","version":465477,"slug":"extracted-souls","name":"Extracted Souls","body":"Extracted Souls is based around the common act of being indebted to others, as the debtor is slave to the lender. In the game the character is doing collections for the lender in collections of lives removed from other plants and bandits that roam the game map. The character fights throughs the days collecting lives for the lender that arrives at night forcing collection for an amount of lives, if the amount is not sufficed by the collection of the lives the day earlier the lender removes the characters life.\n\nCredits:\n\n-Préda - Programming, Sound effects\n\n-Vodhok - Art, Music\n\n![Desktop Screenshot 2019.04.30 - 04.12.07.07-min.png](///raw/995/41/z/23268.png)![Desktop Screenshot 2019.04.30 - 04.06.30.89-min.png](///raw/995/41/z/2326b.png)![Desktop Screenshot 2019.04.30 - 04.13.44.48-min.png](///raw/995/41/z/2326d.png)\n\nLeaderboard:\n\n![LeaderboardGif.gif](///raw/995/41/z/23eec.gif)","meta":{"author":[83353,151700],"link-01-tag":[42440],"cover":"///content/995/41/z/22442.png","link-01":"https://ppreda.itch.io/extracted-souls","link-01-name":"Itch.io"},"path":"/events/ludum-dare/44/extracted-souls","parents":[1,5,9,139254],"love":0,"notes":39,"notes-timestamp":"2019-05-21T13:49:43Z","grade":{"grade-01":32,"grade-02":32,"grade-03":32,"grade-04":32,"grade-05":32,"grade-06":31,"grade-07":30,"grade-08":31},"magic":{"cool":78.92723355548,"feedback":19,"given":19,"grade":31.5,"grade-01-average":3.4,"grade-01-result":595,"grade-02-average":3.333,"grade-02-result":496,"grade-03-average":3.25,"grade-03-result":429,"grade-04-average":3.567,"grade-04-result":380,"grade-05-average":2.917,"grade-05-result":883,"grade-06-average":2.983,"grade-06-result":546,"grade-07-average":3.107,"grade-07-result":377,"grade-08-average":3.121,"grade-08-result":715,"smart":-5.6270695591156}}]}