{"status":200,"caller_id":0,"cached":[],"node":[{"id":153841,"parent":139254,"superparent":9,"author":593,"type":"item","subtype":"game","subsubtype":"jam","published":"2019-04-29T23:23:04Z","created":"2019-04-29T22:42:33Z","modified":"2019-04-29T23:29:49Z","version":454630,"slug":"a-lifes-work","name":"A Life's Work","body":"Game made by Gabriel Leite (code and design) and Karen Bubniak (art)\nInstructions are in game.\n\nPlay as an employee at the evergrowing Better World Corp. Welcome to the family!\n\n![lifesworkcover.PNG](///raw/152/z/22a89.png)\n\nWe played with the idea of how we model our lives around money. Hope you find it interesting :)","meta":{"author":[593],"cover":"///content/152/z/228f0.png","grade-06-out":"1","link-01":"https://glimaleite.itch.io/a-lifes-work","link-01-tag":[42337],"link-02":"https://glimaleite.itch.io/a-lifes-work","link-02-tag":[42339],"link-03":"https://glimaleite.itch.io/a-lifes-work","link-03-tag":[42336]},"path":"/events/ludum-dare/44/a-lifes-work","parents":[1,5,9,139254],"love":0,"notes":22,"notes-timestamp":"2019-08-22T15:06:47Z","grade":{"grade-01":30,"grade-02":30,"grade-03":30,"grade-04":30,"grade-05":30,"grade-07":30,"grade-08":30},"magic":{"cool":66.003300247521,"feedback":13,"given":11,"grade":30,"grade-01-average":4.161,"grade-01-result":33,"grade-02-average":3.696,"grade-02-result":195,"grade-03-average":4.071,"grade-03-result":24,"grade-04-average":3.875,"grade-04-result":146,"grade-05-average":4.554,"grade-05-result":30,"grade-07-average":3.5,"grade-07-result":188,"grade-08-average":3.911,"grade-08-result":121,"smart":-25.464400750007}}]}