{"status":200,"caller_id":0,"cached":[],"node":[{"id":142952,"parent":139254,"superparent":9,"author":83680,"type":"item","subtype":"game","subsubtype":"jam","published":"2019-04-30T00:56:21Z","created":"2019-04-20T13:49:18Z","modified":"2019-05-05T10:13:45Z","version":472303,"slug":"dudes-of-wizardry","name":"Dudes of Wizardry","body":"# Dudes of Wizardry\n\nhttps://www.youtube.com/watch?v=wbMLzsBfuzU\n\n## Story: \n\nYou are a necromancer who was killed by some dudes, which knew you were a bad dude.\nThey stole your soulcrystal and buried you on the graveyard (nice guys, tho!).\nFortunately you are a necromancer and so you are capable of self rezzing, stealing souls and stuff.\n\n### Hint:\n\nThe story has multiple endings ;) \nYou may have to teleport to reach certain areas ;) \n\n\n# Controls:\n\n    A / Arrow-left: move left\n    D / Arrow-right: move right\n    Q : next spell (mouse scrolling also works)\n    E : previous spell\n    Space: jump\n    Mouse: Left klick to cast spells\n\n# Spell - Explanation\n\tEach spell (except for *EatSouls*) spells unleash on the position where you click (on the ground)\n\n\t- SkullExplosion: DD, low damage. Can be casted while moving\n\t- Poison: DOT, Can be casted while moving\n\t- Teleport: Teleport, Can be casted while moving\n\t- DeathClaw: DD high damage. Must stand still to cast\n\t- EatSouls: Cast nearby dead enemies. Leach souls from dead enemies to heal yourself! You have to stand near the dead corpses for this to work. This is a channeling spell.\n\n\t\n# Update 01.05.2019:\n\nWe have just released a WebVersion. You can now play Dudes of Wizardry in the browser! <3\n\n# Credits:\n\nDudes of Wizardry\nMade by\n\nWr4thon\nNerzal https://noobygames.de\n\nName by \n\nDer Dachs im Speckmantel\n\n Wolfy\n- Math for HP Bowl\n- Minor parts of the story\n\nmh_studios\n- Some Necro Spell Effects\n- SpellIcons\n\nThank u very much!\n\nFont\n - Blambot Comic Fonts\n - https://www.1001fonts.com/feast-of-flesh-bb-font.html\n\nMultiple sounds are taken from:\nhttp://www.freesfx.co.uk\nhttp://www.freesfx.co.uk/info/eula/\n\nFoodSteps:\nmonte32 <3\nhttps://freesound.org/people/monte32/\n\nMusic:\nhttp://www.freesfx.co.uk\n\nSound FX & Scores Pack\nGame assets collection by Ove Melaa  \nOMSOFTWARE@HOTMAIL.COM\n\nSpecial thanks to everyone who creates free assets! \n\n\nThanks for playing the game!\n","meta":{"author":[83680,82410],"link-01-tag":[42332],"grade-05-out":"1","grade-06-out":"1","cover":"///content/0e6/41/z/226a2.png","link-02":"https://noobygames.de/dudes-of-wizardry-2/","link-02-tag":[42337],"link-02-name":"Windows Build","link-03-tag":[42341],"link-03-name":"Linux Build","link-03":"https://noobygames.de/dudes-of-wizardry-linux-2/","allow-anonymous-comments":"1","link-04":"","link-04-tag":null,"link-04-name":"","link-05":"","link-05-tag":null},"path":"/events/ludum-dare/44/dudes-of-wizardry","parents":[1,5,9,139254],"love":0,"notes":24,"notes-timestamp":"2019-05-13T05:02:52Z","grade":{"grade-01":40,"grade-02":39,"grade-03":39,"grade-04":40,"grade-07":38,"grade-08":40},"magic":{"cool":105.33988431772,"feedback":42,"given":31.625,"grade":39.333333333333,"grade-01-average":3.092,"grade-01-result":873,"grade-02-average":2.716,"grade-02-result":988,"grade-03-average":2.703,"grade-03-result":916,"grade-04-average":3.434,"grade-04-result":488,"grade-07-average":2.972,"grade-07-result":458,"grade-08-average":3.342,"grade-08-result":521,"smart":15.668653005625}}]}