{"status":200,"caller_id":0,"cached":[],"node":[{"id":153713,"parent":139254,"superparent":9,"author":3620,"type":"item","subtype":"game","subsubtype":"jam","published":"2019-04-29T22:09:58Z","created":"2019-04-29T21:48:05Z","modified":"2019-05-07T13:10:37Z","version":473197,"slug":"insurance-billionaire","name":"Insurance Billionaire","body":"# INSURANCE BILLIONAIRE\n\n**Insurance Billionaire** is a game about swindling your insurance agent and getting rich without getting yourself killed. Hit a car. Start a chain reaction. See the cash flowing. Don't kill yourself. Your life is the currency here. Your life is the money.\n\n**Features:**\n- wreck your car!\n- realistic car physics\n- some complicated math behind the scenes\n- covers of classical music playing as you wreck your car\n- saves your highscore!\n- drive around a nice town!\n\n**Screenshots:**\n![billionaire1.png](///raw/42e/z/22773.png)\n![billionaire2.png](///raw/42e/z/22775.png)\n![billionaire3.png](///raw/42e/z/22776.png)\n![billionaire4.png](///raw/42e/z/22777.png)\n![billionaire5.png](///raw/42e/z/2277b.png)\n\n​**​UPDATE: Fixed post-LD bugs (rotated the bottom set of park benches by 180 degrees and fixed the \"resurrection\" bug caused by HP regeneration when crash timer is over)**\n\n**UPDATE 2: A post-jam exe is now available for download! This new, exciting exe includes:**\n- proper Windows 8, Windows 8.1 and Windows 10 support! - no DirectPlay install screen after opening the EXE\n- shaders! shaders! shaders! (might or might not affect the image you view on your screen)\n- first-person camera mode! (including a reverse camera!)\n- revamped engine sounds! (variable pitch instead of three predefined sounds)\n- 3D positional sounds!\n- behind the scenes math improvements!\n\n**INSURANCE BILLIONAIRE WAS MADE BY ADRIAN MAKES GAMES AKA ADRIAN09_01 FOR LUDUM DARE 44. THIS WOULDN'T BE POSSIBLE WITHOUT GAME MAKER 8.1, BY MARK OVERMARS/YOYOGAMES.**","meta":{"author":[3620],"allow-anonymous-comments":"1","cover":"///content/42e/z/2271c.png","link-01":"https://adrianmakesgames.itch.io/insurance-billionaire","link-01-tag":[42337],"link-02":"https://adrianmakesgames.itch.io/insurance-billionaire","link-02-tag":[42337],"link-02-name":"Windows / post-jam","grade-06-out":"1","grade-08-out":"1","link-01-name":"Legacy Windows / jam version","link-03":"https://adrianmakesgames.itch.io/insurance-billionaire","link-03-tag":[42332],"link-03-name":"Legacy / jam source code","link-04":"https://adrianmakesgames.itch.io/insurance-billionaire","link-04-tag":[42332],"link-04-name":"Post-jam source code"},"path":"/events/ludum-dare/44/insurance-billionaire","parents":[1,5,9,139254],"love":0,"notes":19,"notes-timestamp":"2019-05-07T06:18:06Z","grade":{"grade-01":26,"grade-02":26,"grade-03":26,"grade-04":26,"grade-05":25,"grade-07":25},"magic":{"cool":79.381168188769,"feedback":21,"given":11.5,"grade":25.666666666667,"grade-01-average":3.5,"grade-01-result":489,"grade-02-average":3.438,"grade-02-result":417,"grade-03-average":3.521,"grade-03-result":225,"grade-04-average":3.667,"grade-04-result":302,"grade-05-average":4.043,"grade-05-result":249,"grade-07-average":3.913,"grade-07-result":62,"smart":-8.3067978959077}}]}