{"status":200,"caller_id":0,"cached":[],"node":[{"id":146835,"parent":139254,"superparent":9,"author":51110,"type":"item","subtype":"game","subsubtype":"jam","published":"2019-04-29T14:36:15Z","created":"2019-04-26T09:25:45Z","modified":"2019-04-29T14:36:15Z","version":448978,"slug":"one-more-drop","name":"One More Drop","body":"![banner.jpg](///raw/6a7/c/z/21eb4.jpg)\n\nFirst of all, I would like to say that It was a really fun experience to create this game with my friend @A_ColtZZ\nAnd we learned too many things about game development through the game Jam.\n\nOne More Drop is an Arcade game where you use your hp points as a weapon to defeat enemies. It's a simple concept but We thought it will be perfect for the game jam.\n\nThe control is easy :\n \nW A S D - move\nMouse - Shoot\nM - display the map\nE - interact with things\n\nThe game is uploaded to GameJolt and you can play it In the browser or Download an exe file.\n\nOne more thing: I made a documentary / behind the scenes video and I will try to edit it as fast as possible and It will be Uploaded to this channel so consider subscribing if you want to.\n\nhttps://www.youtube.com/channel/UCGdFkzz7xOZTxPiVyd2MLZQ\n\n","meta":{"author":[51110,147138],"cover":"///content/6a7/c/z/21ebe.jpg","allow-anonymous-comments":"1","grade-06-out":"1","link-01":"https://gamejolt.com/games/onemoredrop/411245","link-01-tag":[42336],"link-02":"https://gamejolt.com/games/onemoredrop/411245","link-02-tag":[42337]},"path":"/events/ludum-dare/44/one-more-drop","parents":[1,5,9,139254],"love":0,"notes":96,"notes-timestamp":"2019-05-21T11:03:36Z","grade":{"grade-01":144,"grade-02":144,"grade-03":142,"grade-04":145,"grade-05":145,"grade-07":137,"grade-08":139},"magic":{"cool":100,"feedback":121,"given":114.75,"grade":142.28571428571,"grade-01-average":3.458,"grade-01-result":537,"grade-02-average":3.338,"grade-02-result":494,"grade-03-average":2.507,"grade-03-result":1023,"grade-04-average":3.483,"grade-04-result":447,"grade-05-average":3.476,"grade-05-result":583,"grade-07-average":2.667,"grade-07-result":648,"grade-08-average":3.044,"grade-08-result":765,"smart":-17.601427601756}}]}