{"status":200,"caller_id":0,"cached":[],"node":[{"id":143343,"parent":139254,"superparent":9,"author":8969,"type":"item","subtype":"game","subsubtype":"jam","published":"2019-04-29T22:06:59Z","created":"2019-04-21T20:33:51Z","modified":"2019-05-02T08:43:28Z","version":469008,"slug":"robber-robbert","name":"Robber & Robert","body":"## A fully narrated experience\n\nRobber, that's your name and you have a new neighbor, Robert. He's happy to show you around in his apartment. You wouldn't steal anything, would you?\n\n![roberts house.gif](///raw/903/2/z/23d95.gif)\n\n![credits .jpg](///raw/903/2/z/225b9.jpg)\n\n### Bloopers\nhttps://www.youtube.com/watch?v=mkeMolM7tqk\n","meta":{"author":[8969,39664],"link-01-tag":[42336],"cover":"///content/903/2/z/22669.png","link-01":"https://liquidbrain.itch.io/robber-robert","link-01-name":"WEB"},"path":"/events/ludum-dare/44/robber-robbert","parents":[1,5,9,139254],"love":0,"notes":19,"notes-timestamp":"2019-05-23T11:33:07Z","grade":{"grade-01":24,"grade-02":26,"grade-03":26,"grade-04":25,"grade-05":24,"grade-06":24,"grade-07":26,"grade-08":22},"magic":{"cool":88.789627117124,"feedback":25,"given":18.625,"grade":24.625,"grade-01-average":3.545,"grade-01-result":434,"grade-02-average":3.729,"grade-02-result":171,"grade-03-average":3.396,"grade-03-result":313,"grade-04-average":2.5,"grade-04-result":1051,"grade-05-average":3.591,"grade-05-result":512,"grade-06-average":4.159,"grade-06-result":36,"grade-07-average":4.333,"grade-07-result":6,"grade-08-average":3.675,"grade-08-result":251,"smart":9.1507013174268}}]}