{"status":200,"caller_id":0,"cached":[],"node":[{"id":150959,"parent":139254,"superparent":9,"author":26193,"type":"item","subtype":"game","subsubtype":"jam","published":"2019-04-29T23:28:39Z","created":"2019-04-27T21:45:18Z","modified":"2019-05-02T11:49:45Z","version":469207,"slug":"warshippers","name":"wArshippers","body":"Gattocorno Production is back with a brand new videogame!\nA Deity lives thanks to its faithful followers, Its power depends on their number!\nChallenge other Supreme Entities and beat  your opponents to death using your believers as ammunitions! \nSteal other Gods' followers by throwing your proselytes at them, but be careful, do not remain without disciples, your very existence depends on them!\n\n**Please Note:** the game is best played with xbox controllers!\n\n**BUT:** if you really can't get your hand on a pair of those, we've just added keyboard support (up to 2 players)\n\nCONTROLS:\n\nXbox Controllers\n+ Left stick: Movement\n+ A: Dash\n+ X: Shoot\n\nKeyboard Controllers (player 1)\n+ Arrows: Movement\n+ N: Dash\n+ M: Shoot\n\nKeyboard Controllers (player 2)\n+ W/A/S/D: Movement\n+ T: Dash\n+ R: Shoot\n\nGAME FEATURES:\n+ Shooting game\n+ Multiplayer up 4 players\n+ Original soundtrack\n\nCREDITS:\n+ Daniela Sonia Pessot – 2D Artist & UI Designer\n+ Davide Della Casa Venturelli – Game Programmer\n+ Giammarco Agazzotti – Game Programmer\n+ Giulia Zoccarato – 2D Artist & Animator\n+ Giulio Bursi – Sound Designer\n+ Luca Gatti – Game Programmer\n\n[ Game developed in 72 hours | Ludum Dare 44, April 2019 ]\n\n![UI_menu_SAMPLE_selected.png](///raw/156/6/z/23ee2.png)\n\n![UI_Credits.png](///raw/156/6/z/23ee4.png)\n\n .\n\n![deis.gif](///raw/156/6/z/23f50.gif)\n\n.\n\n**Gameplay**\n![wArshippers_Gameplay_01.jpg](///raw/3e6/6/z/23fe5.jpg)\n\n![wArshippers_Gameplay_02.jpg](///raw/3e6/6/z/23fe7.jpg)\n\n![wArshippers_Gameplay_03.jpg](///raw/3e6/6/z/23fe8.jpg)","meta":{"author":[26193,13692,28997,26339,62646],"link-01-tag":[42337],"link-01":"https://drive.google.com/drive/folders/1aARJePjny93Nxvtd8mcMA7Mzthp6xBh0","cover":"///content/c75/3/z/22af2.jpg","link-02":"https://simmer.io/@los/warshippers","link-02-tag":[42336],"link-02-name":"HTML5 Web"},"path":"/events/ludum-dare/44/warshippers","parents":[1,5,9,139254],"love":0,"notes":31,"notes-timestamp":"2019-09-19T17:27:41Z","grade":{"grade-01":22,"grade-02":21,"grade-03":21,"grade-04":22,"grade-05":25,"grade-06":21,"grade-07":20,"grade-08":22},"magic":{"cool":105.56788485734,"feedback":11,"given":23.125,"grade":21.75,"grade-01-average":3.375,"grade-01-result":613,"grade-02-average":3.132,"grade-02-result":682,"grade-03-average":3,"grade-03-result":654,"grade-04-average":3.1,"grade-04-result":752,"grade-05-average":4.196,"grade-05-result":155,"grade-06-average":3.342,"grade-06-result":366,"grade-07-average":2.333,"grade-07-result":809,"grade-08-average":3.2,"grade-08-result":654,"smart":14.721050989912}}]}