{"status":200,"caller_id":0,"cached":[],"node":[{"id":150502,"parent":139254,"superparent":9,"author":52779,"type":"item","subtype":"game","subsubtype":"jam","published":"2019-04-29T21:24:02Z","created":"2019-04-27T15:38:43Z","modified":"2019-05-01T12:34:04Z","version":467212,"slug":"demons-wages","name":"Demon's Wages","body":"This is a story of an ordinary demon with his ordinary job. Help him so he can get his wages!\n\nChat with people to know what their desires are about: Art, Science, Fame, Wealth or Love. \nIf you bother them too much with a small talk, character would leave. Pay attention to the news - it affects the character desire level, if one the news aspects matches the character desire. Fill their hearts with the desire, and when it turns black - offer them a deal! Their soul will be yours. Collect five souls to be a good worker!\n\nHow to find out what's the character desire:\n\n- They can talk about it in a small talk or think about it, standing alone in the pub;\n- Their desire level changes when news have the aspects, that matches their desire.\n- When talking about desires, character can react positively (that means that's his desire), negatively (that means that's not his desire) or neutral (it can be both).\n\n(We would even recommend to write down the character name and their desire (when you find it out) :D)\n\n![Screenshot_5.png](///raw/d23/01/z/222ba.png)\n\n![Screenshot_4.png](///raw/d23/01/z/222bd.png)\n\n![Screenshot_8.png](///raw/d23/01/z/226f1.png)","meta":{"author":[52779,66349],"link-01-tag":[42337],"cover":"///content/d23/01/z/2093b.png","grade-06-out":"1","link-01":"https://drive.google.com/file/d/1Hi2_2H49c_N8cvWrorvcyb1S099JEWRk/view?usp=sharing","link-02":"https://bibilega.itch.io/demons-wages","link-02-tag":[42336]},"path":"/events/ludum-dare/44/demons-wages","parents":[1,5,9,139254],"love":0,"notes":12,"notes-timestamp":"2019-05-09T11:59:39Z","grade":{"grade-01":14,"grade-02":14,"grade-03":13,"grade-04":14,"grade-05":14,"grade-07":13,"grade-08":14},"magic":{"cool":0,"feedback":0,"given":0,"grade":13.714285714286,"grade-01-average":2.792,"grade-01-result":1059,"grade-02-average":2.208,"grade-02-result":1140,"grade-03-average":3.045,"grade-04-average":3.125,"grade-04-result":733,"grade-05-average":4.417,"grade-05-result":63,"grade-07-average":2.636,"grade-08-average":3.333,"grade-08-result":526,"smart":-72.996913756634}}]}