{"status":200,"caller_id":0,"cached":[],"node":[{"id":143139,"parent":139254,"superparent":9,"author":143137,"type":"item","subtype":"game","subsubtype":"jam","published":"2019-04-29T22:45:34Z","created":"2019-04-21T10:36:50Z","modified":"2019-04-30T19:33:21Z","version":465188,"slug":"bitgrid-official-release","name":"BitGrid official release","body":"Dear fellow cryptocurrency enthusiasts,\nWelcome to BitGrid!\nFor the next year the purpose of your life will be to convert energy into currency.\nBuild your grid wisely, pay heed to the exchange rate and dont forget to pay the bills!\n![BitGrid.png](///raw/12f/22/z/23e70.png)![screen2.png](///raw/12f/22/z/23e72.png)![screen show.png](///raw/12f/22/z/23e73.png)","meta":{"author":[143137,143523],"link-01-tag":[42337],"link-02-tag":[42336],"cover":"///content/12f/22/z/2290e.png","allow-anonymous-comments":"1","link-01":"https://www.dropbox.com/s/6y0dhf5lw8ks49s/BitGrid.jar?dl=0"},"path":"/events/ludum-dare/44/bitgrid-official-release","parents":[1,5,9,139254],"love":0,"notes":12,"notes-timestamp":"2019-05-03T19:17:55Z","grade":{"grade-01":25,"grade-02":24,"grade-03":25,"grade-04":24,"grade-05":25,"grade-06":24,"grade-07":23,"grade-08":25},"magic":{"cool":115.85534037345,"feedback":4,"given":31.375,"grade":24.375,"grade-01-average":3.022,"grade-01-result":925,"grade-02-average":2.977,"grade-02-result":818,"grade-03-average":3.239,"grade-03-result":446,"grade-04-average":2.909,"grade-04-result":901,"grade-05-average":3.13,"grade-05-result":784,"grade-06-average":3.045,"grade-06-result":519,"grade-07-average":2.857,"grade-07-result":529,"grade-08-average":3.022,"grade-08-result":773,"smart":15.832143324449}}]}