{"status":200,"caller_id":0,"cached":[],"node":[{"id":153986,"parent":139254,"superparent":9,"author":114276,"type":"item","subtype":"game","subsubtype":"jam","published":"2019-04-30T00:58:14Z","created":"2019-04-29T23:47:23Z","modified":"2019-04-30T18:28:52Z","version":464928,"slug":"the-trials-of-marzban","name":"The Trials of Marzbān","body":"The Trials of Marzbān is a first person puzzle game where the player must complete a series of objectives in a specific order to succeed. Each trial takes a sense away once it is complete - You pay fragments of your life in order to complete the objectives. You may need to replay several times in order to get the ‘right’ ending.\n\n*Warning! As is the case with pretty much all entrants, I ran out of time, so there are probably quite a few bugs. Hopefully there aren't any that are game breaking*\n\nHope you enjoy it!\n\n**Controls: WASD to move and F to interact.**\n\nMade in about a day by http://www.twitter.com/ryanjavanshir.\n\nArt: 3D models and some SFX obtained from the Unity Asset Store.\nWriting: Madeleine Heal. \nMusic: Matt Javanshir\n\n*Accidentally included Audio score, so don't vote for that!*\n\n![1_op.png](///raw/46e/b1/z/23949.png)![2_op.png](///raw/46e/b1/z/2394a.png)![3_op.png](///raw/46e/b1/z/2394b.png)![4_op.png](///raw/46e/b1/z/2394c.png)![5_op.png](///raw/46e/b1/z/2394e.png)![6_op.png](///raw/46e/b1/z/2394f.png)![7_op.png](///raw/46e/b1/z/23950.png)","meta":{"author":[114276],"link-01-tag":[42337],"grade-05-out":"1","allow-anonymous-comments":"1","link-01":"https://ryanjavanshir.itch.io/the-trials-of-marzbn","cover":"///content/46e/b1/z/23957.png","grade-07-out":"1"},"path":"/events/ludum-dare/44/the-trials-of-marzban","parents":[1,5,9,139254],"love":0,"notes":12,"notes-timestamp":"2019-05-02T16:44:49Z","grade":{"grade-01":31,"grade-02":31,"grade-03":30,"grade-04":28,"grade-06":25,"grade-08":30},"magic":{"cool":132.00435485467,"feedback":7,"given":36.375,"grade":29.166666666667,"grade-01-average":3.19,"grade-01-result":793,"grade-02-average":2.707,"grade-02-result":995,"grade-03-average":2.786,"grade-03-result":861,"grade-04-average":3.269,"grade-04-result":619,"grade-06-average":3.543,"grade-06-result":275,"grade-08-average":3.875,"grade-08-result":129,"smart":15.935375256886}}]}