{"status":200,"caller_id":0,"cached":[],"node":[{"id":150236,"parent":139254,"superparent":9,"author":150229,"type":"item","subtype":"game","subsubtype":"jam","published":"2019-04-29T06:11:39Z","created":"2019-04-27T13:03:24Z","modified":"2019-04-29T06:11:39Z","version":447345,"slug":"time-sacrifice","name":"Time Sacrifice","body":"​After 3 days of learning GODOT engine .I desire to join Ludumdare game jam.Solo creating this game\nSo here is the game\n\nYou convert your IRL lifetime(wasted time) to LifeCoin (1 Sec = 1 LifeCoin) that you can't do anything with it(I give up)\nControls:\nArrow keys = Movement\n\n\nThat's it !","meta":{"author":[150229],"cover":"///content/5da/42/z/21c52.png","link-01-tag":[42337],"allow-anonymous-comments":"1","link-01":"https://jincho.itch.io/time-sacrifice"},"path":"/events/ludum-dare/44/time-sacrifice","parents":[1,5,9,139254],"love":0,"notes":7,"notes-timestamp":"2019-05-18T15:36:53Z","grade":{"grade-01":21,"grade-02":21,"grade-03":21,"grade-04":21,"grade-05":21,"grade-06":19,"grade-07":20,"grade-08":21},"magic":{"cool":99.681019920966,"feedback":3,"given":19.5,"grade":20.625,"grade-01-average":2.132,"grade-01-result":1157,"grade-02-average":1.684,"grade-02-result":1165,"grade-03-average":2.342,"grade-03-result":1083,"grade-04-average":2.921,"grade-04-result":895,"grade-05-average":2.158,"grade-05-result":1034,"grade-06-average":1.559,"grade-06-result":705,"grade-07-average":2.278,"grade-07-result":835,"grade-08-average":1.816,"grade-08-result":1087,"smart":0.90499582190259}}]}