{"status":200,"caller_id":0,"cached":[],"node":[{"id":139548,"parent":139254,"superparent":9,"author":9764,"type":"item","subtype":"game","subsubtype":"jam","published":"2019-04-29T21:02:19Z","created":"2019-03-14T14:18:46Z","modified":"2019-04-29T21:02:19Z","version":452036,"slug":"the-demons-deal","name":"The Demons Deal","body":"My First Ludum Dare; two weeks into learning Unity. \nThe Demons Deal was a rollercoaster of a ride to develop, major crashes in development that almost made me quit.\nThe graphics are not pretty and the gameplay sucks; but its a solid entry from me.\n\nYour adventure begins in a strange place confronted with a demon who needs your assistance.![TDD.png](///raw/426/2/z/2247a.png)","meta":{"author":[9764],"cover":"///content/426/2/z/2247f.png","link-01":"https://bluwind360.itch.io/the-devils-deal","link-01-tag":[42336],"link-02":"https://www.dropbox.com/s/52q6eeuwwofftj4/LifeIsCurrency.zip?dl=0","link-02-tag":[42332]},"path":"/events/ludum-dare/44/the-demons-deal","parents":[1,5,9,139254],"love":0,"notes":13,"notes-timestamp":"2019-05-10T05:31:35Z","grade":{"grade-01":21,"grade-02":21,"grade-03":21,"grade-04":21,"grade-05":21,"grade-06":19,"grade-07":20,"grade-08":21},"magic":{"cool":108.55155222495,"feedback":4,"given":23.125,"grade":20.625,"grade-01-average":2.974,"grade-01-result":956,"grade-02-average":2.947,"grade-02-result":846,"grade-03-average":2.632,"grade-03-result":950,"grade-04-average":2.605,"grade-04-result":1028,"grade-05-average":2.895,"grade-05-result":893,"grade-06-average":1.265,"grade-06-result":714,"grade-07-average":3.194,"grade-07-result":331,"grade-08-average":2.763,"grade-08-result":931,"smart":10.37127426019}}]}