{"status":200,"caller_id":0,"cached":[],"node":[{"id":142175,"parent":139254,"superparent":9,"author":142174,"type":"item","subtype":"game","subsubtype":"compo","published":"2019-04-29T00:50:02Z","created":"2019-04-16T14:23:20Z","modified":"2019-04-29T00:50:02Z","version":444721,"slug":"the-devil-and-some-aliens-went-down-to-georgia","name":"The Devil and Some Aliens Went down to Georgia","body":"![screenshot.png](///raw/e5b/22/z/2169f.png)\n\nControls\n-------------\nPlayer movement: Arrow keys or W-A-S-D​\nAiming: ​ Put your mouse cursor where you want to aim\nShooting: Left mouse button\n\nTop-down shooter where you make pacts with the devil for better gear.​ Defend your self from waves of enemies by shooting them down. The devil has gone down to Georgia and he brought some alien friends with him. Make bets with the devil. In exchange  for your soul the devil will offer you better gear to fight off the aliens are you willing to wager  your soul for a leg up? \n\n\nTools Used\n-----------------\n* Godot 3.1\n* Photoshop\n* Bfxr\n* Autotracker-C","meta":{"author":[142174],"cover":"///content/e5b/22/z/216a1.png","allow-anonymous-comments":"1","link-01":"https://dmarkham421.itch.io/devil-and-aliens-georgia","link-01-tag":[42336],"link-02":"https://dmarkham421.itch.io/devil-and-aliens-georgia","link-02-tag":[42337],"link-03":"https://dmarkham421.itch.io/devil-and-aliens-georgia","link-03-tag":[42339],"link-04":"https://dmarkham421.itch.io/devil-and-aliens-georgia","link-04-tag":[42341],"link-05":"https://github.com/DavidjMarkham/PactWithTheDevil","link-05-tag":[42332]},"path":"/events/ludum-dare/44/the-devil-and-some-aliens-went-down-to-georgia","parents":[1,5,9,139254],"love":0,"notes":20,"notes-timestamp":"2019-05-05T03:10:49Z","grade":{"grade-01":28,"grade-02":28,"grade-03":26,"grade-04":28,"grade-05":28,"grade-06":28,"grade-07":27,"grade-08":27},"magic":{"cool":97.854339188986,"feedback":27,"given":25.375,"grade":27.5,"grade-01-average":2.654,"grade-01-result":480,"grade-02-average":2.365,"grade-02-result":480,"grade-03-average":1.938,"grade-03-result":503,"grade-04-average":2.577,"grade-04-result":452,"grade-05-average":2.154,"grade-05-result":483,"grade-06-average":2.212,"grade-06-result":370,"grade-07-average":2.4,"grade-07-result":304,"grade-08-average":2.44,"grade-08-result":440,"smart":14.795322647288}}]}