{"status":200,"caller_id":0,"cached":[],"node":[{"id":153379,"parent":139254,"superparent":9,"author":5864,"type":"item","subtype":"game","subsubtype":"jam","published":"2019-04-29T20:28:09Z","created":"2019-04-29T18:06:24Z","modified":"2019-04-29T20:28:09Z","version":451587,"slug":"life-hunter","name":"Life Hunter","body":"# Life Hunter\n\n**Capture** monsters and use their life to make yourself more **powerful**. Stun your enemies so you can approach and capture them safely. **Damaged** monsters can be captured more easily, but dead ones are useless.\n\n\nComments and feedback are very welcome! Enjoy!\n\n![sc4.png](///raw/8e6/1/z/2238f.png)\n\n![sc1.png](///raw/8e6/1/z/22375.png)\n\n![sc2.png](///raw/8e6/1/z/2237e.png)\n\n![sc3.png](///raw/8e6/1/z/22383.png)\n","meta":{"author":[5864,6559],"allow-anonymous-comments":"1","cover":"///content/8e6/1/z/2232e.png","link-01-tag":[42337],"link-02-tag":[42332],"link-01":"https://www.dropbox.com/s/n092l1xwzi5onxh/LD44.zip?dl=0","link-02":"https://www.dropbox.com/s/xlousng478q1q3j/LD44%20-%20source.zip?dl=0"},"path":"/events/ludum-dare/44/life-hunter","parents":[1,5,9,139254],"love":0,"notes":20,"notes-timestamp":"2019-05-08T23:05:08Z","grade":{"grade-01":31,"grade-02":30,"grade-03":30,"grade-04":30,"grade-05":30,"grade-06":30,"grade-07":28,"grade-08":30},"magic":{"cool":113.77048362261,"feedback":6,"given":37.375,"grade":29.875,"grade-01-average":3.948,"grade-01-result":106,"grade-02-average":4.018,"grade-02-result":51,"grade-03-average":3.929,"grade-03-result":47,"grade-04-average":3.625,"grade-04-result":333,"grade-05-average":4.304,"grade-05-result":105,"grade-06-average":3.589,"grade-06-result":257,"grade-07-average":2.865,"grade-07-result":526,"grade-08-average":3.893,"grade-08-result":125,"smart":16.252502560007}}]}