{"status":200,"caller_id":0,"cached":[],"node":[{"id":139616,"parent":139254,"superparent":9,"author":139613,"type":"item","subtype":"game","subsubtype":"jam","published":"2019-04-30T01:10:21Z","created":"2019-03-15T18:07:31Z","modified":"2019-04-30T01:10:21Z","version":457961,"slug":"debtors-arena","name":"Debtors' Arena","body":"Debtors' Arena is a fighting game where you try to keep out of debtors' prison by winning your matches. Medical bills come out of your earnings, so the more life you have left after each fight, the more currency you earn to pay back your debt. As you prove yourself, you earn the opportunity to use new weapons - but each one you buy adds to your debt. Will you pay off all your debts and go free, or take too long and go to prison?","meta":{"author":[139613],"grade-06-out":"1","link-01-tag":[42336],"link-01":"https://acearcher.itch.io/debtors-arena","cover":"///content/d51/22/z/23198.png"},"path":"/events/ludum-dare/44/debtors-arena","parents":[1,5,9,139254],"love":0,"notes":22,"notes-timestamp":"2019-05-21T15:33:34Z","grade":{"grade-01":28,"grade-02":28,"grade-03":28,"grade-04":28,"grade-05":28,"grade-07":28,"grade-08":27},"magic":{"cool":109.44683469917,"feedback":28,"given":28,"grade":27.857142857143,"grade-01-average":2.981,"grade-01-result":949,"grade-02-average":2.673,"grade-02-result":1006,"grade-03-average":2.904,"grade-03-result":772,"grade-04-average":3.404,"grade-04-result":515,"grade-05-average":3.096,"grade-05-result":799,"grade-07-average":2.923,"grade-07-result":489,"grade-08-average":3.1,"grade-08-result":726,"smart":10.564606563458}}]}