{"status":200,"caller_id":0,"cached":[],"node":[{"id":154263,"parent":139254,"superparent":9,"author":138348,"type":"item","subtype":"game","subsubtype":"jam","published":"2019-04-30T01:46:28Z","created":"2019-04-30T01:00:37Z","modified":"2019-05-02T11:21:45Z","version":469184,"slug":"altar","name":"Altar","body":"![ThoTH.psd @ 100% (Atlas.png, RGB_8) 2019-05-01 01.29.59.png](///raw/c6c/12/z/23f79.png)\n----\n![ezgif.com-gif-maker.gif](///raw/c6c/12/z/24501.gif)\n----\n![ezgif.com-gif-maker (2).gif](///raw/c6c/12/z/24502.gif)\n----\n![ezgif.com-gif-maker (1).gif](///raw/c6c/12/z/24503.gif)\n\nThis game is about an ancient immortal Egyptian hero, who pays his life to become stronger each time.\n\n- kill various types of bugs\n- make your life more valuable\n- sacrifice yourself to learn new skills\n\nTeam:\n\nDmitri Goriachev - code\n\nAlexander Tutov - code\n\nAlexander Mosin - level design\n\nAlexander Scherbakov - art and animations!","meta":{"author":[138348],"cover":"///content/c6c/12/z/2356a.png","link-01":"https://drive.google.com/file/d/17OrLiaYR41OXuOHvfMbJZZDYa5UMiG2Z/view","link-01-tag":[42337]},"path":"/events/ludum-dare/44/altar","parents":[1,5,9,139254],"love":0,"notes":14,"notes-timestamp":"2019-05-07T13:31:27Z","grade":{"grade-01":22,"grade-02":22,"grade-03":22,"grade-04":22,"grade-05":22,"grade-06":19,"grade-07":19,"grade-08":22},"magic":{"cool":110.55415967851,"feedback":10,"given":24.75,"grade":21.25,"grade-01-average":3.25,"grade-01-result":745,"grade-02-average":2.9,"grade-02-result":874,"grade-03-average":2.65,"grade-03-result":944,"grade-04-average":2.925,"grade-04-result":889,"grade-05-average":3.675,"grade-05-result":466,"grade-06-average":1.765,"grade-06-result":700,"grade-07-average":2.353,"grade-07-result":798,"grade-08-average":2.85,"grade-08-result":893,"smart":14.354374979373}}]}