{"status":200,"caller_id":0,"cached":[],"node":[{"id":141542,"parent":139254,"superparent":9,"author":140857,"type":"item","subtype":"game","subsubtype":"compo","published":"2019-04-28T20:17:06Z","created":"2019-04-12T21:43:47Z","modified":"2019-04-28T20:22:17Z","version":442002,"slug":"life-path","name":"Life Path","body":"​The theme for Ludum Dare 44 was \"Your life is currency\", so in this game you start out deciding what you will do with your life. you \"spend\" your life on work, fun or family.  \n\n(The game is playable here : https://kristinnes.itch.io/path-of-life)\n\nAfter You have decided how you want to spend your life a variety of events based on your choices. F.x, you will get work related events when your life is in a work phase.\n\n![screenshot2.PNG](///raw/936/22/z/21125.png)\n\nIn the end the game will tell you how you will be remembered after your death. If you do well, you will be told how you will be remembered reflecting the choices you made.\n\n![screenshot3.PNG](///raw/936/22/z/2112c.png)","meta":{"author":[140857],"cover":"///content/936/22/z/2111b.png","link-01":"https://github.com/kristinnk/ludum44","link-01-tag":[42332],"link-01-name":"Github public repo","link-02":"https://kristinnes.itch.io/path-of-life","link-02-tag":[42336],"link-02-name":"Game"},"path":"/events/ludum-dare/44/life-path","parents":[1,5,9,139254],"love":0,"notes":65,"notes-timestamp":"2019-05-11T22:04:20Z","grade":{"grade-01":132,"grade-02":132,"grade-03":131,"grade-04":130,"grade-05":132,"grade-06":125,"grade-07":127,"grade-08":129},"magic":{"cool":100,"feedback":47,"given":105.375,"grade":129.75,"grade-01-average":3.438,"grade-01-result":205,"grade-02-average":3.062,"grade-02-result":302,"grade-03-average":3.26,"grade-03-result":190,"grade-04-average":3.375,"grade-04-result":217,"grade-05-average":3.458,"grade-05-result":224,"grade-06-average":3.195,"grade-06-result":185,"grade-07-average":3.46,"grade-07-result":82,"grade-08-average":3.374,"grade-08-result":157,"smart":-25.166852264521}}]}