{"status":200,"caller_id":0,"cached":[],"node":[{"id":145063,"parent":139254,"superparent":9,"author":421,"type":"item","subtype":"game","subsubtype":"jam","published":"2019-04-29T20:57:27Z","created":"2019-04-24T14:34:56Z","modified":"2019-05-01T16:50:18Z","version":467753,"slug":"apocarmalypse","name":"Apocarmalypse","body":"The apocalypse is coming for you !\n\nBut you can still survive a few more days to save the people. Jump in your cool car and share your fuel with survivors to help them escape the apocalypse.\n\n![APO1.PNG](///raw/5a1/z/224f5.png)\n\nControls : \n\n- **[A] and [D]** To move up and down.\n- **[Space]** To rescue a survivor.\n- **[Click]** On a follower fuel bar to share your fuel with him.\n- **[Click]** The red button next to a follower's fuel bar to abandon him in the fire from hell.\n\n**EDIT** : \n\nThe Post LD44 Version fixes a wrong configuration of the project settings and graphic settings. The keyboard inputs were not always taken and the shadows were missing.\n","meta":{"author":[421,140331],"link-01-tag":[42332],"allow-anonymous-comments":"1","cover":"///content/5a1/z/2249c.png","grade-05-out":"1","grade-06-out":"1","link-01":"https://github.com/cocapasteque/LD44","link-01-name":"Source Code","link-02":"https://cocapasteque.itch.io/apocarmalypse","link-02-tag":[42337],"link-02-name":"Windows"},"path":"/events/ludum-dare/44/apocarmalypse","parents":[1,5,9,139254],"love":0,"notes":41,"notes-timestamp":"2019-05-25T19:24:25Z","grade":{"grade-01":57,"grade-02":57,"grade-03":57,"grade-04":56,"grade-07":55,"grade-08":57},"magic":{"cool":126.29988769362,"feedback":52,"given":66,"grade":56.5,"grade-01-average":3.827,"grade-01-result":171,"grade-02-average":3.755,"grade-02-result":153,"grade-03-average":3.655,"grade-03-result":160,"grade-04-average":3.787,"grade-04-result":204,"grade-07-average":3.17,"grade-07-result":346,"grade-08-average":3.682,"grade-08-result":246,"smart":14.96691395505}}]}