{"status":200,"caller_id":0,"cached":[],"node":[{"id":142899,"parent":139254,"superparent":9,"author":79689,"type":"item","subtype":"game","subsubtype":"compo","published":"2019-04-29T01:47:10Z","created":"2019-04-20T06:44:45Z","modified":"2019-04-29T09:59:41Z","version":447958,"slug":"purple-dimension","name":"Purple Dimension","body":"![Screenshot_1.png](///raw/947/31/z/21c7f.png)\n**Overview:**\n\nBecause of scientists' inefficient experiment a portal to another dimension was opened and hordes of monsters came out of it. Only you are strong enough to get there and destroy the crystal that keeps portal opened.\nYou can use injections to upgrade your skills but unfortunately, the side effect of their actions is the reduction of your life energy. They can be really helpful though.\n\n**Features:**\n- 6 types of deadly monsters\n- 1 type of even more deadly weapon\n- 6 powerful skill upgrades\n- ~~countless types of bugs~~\n\n**Controls:**\n* A,D - move\n* Space - jump\n* Mouse - aim\n* LMB - shoot\n\n\n**Notes / Tips:**\n- Difficulty is not really well balanced, but here is a tip: choose better upgrades for easy mode and no upgrades for hard mode\n- There is actually something at the top of the building. This is not an infinite game. You will feel rewarded\n- Don't jump out of a window. There is nothing outside apart from DEATH (i just forgot to add collisions)\n- I wanted to make several types of floors, but ended with only 2 :/ guess why haha.\n- creating working stairs in video games is real pain. Never again!\n- I am quite good at music but sadly this one is really short. Hopefully you like it anyway.\n\n![Screenshot_7.png](///raw/947/31/z/219e0.png)\n![Screenshot_5.png](///raw/947/31/z/219e2.png)\n![Screenshot_6.png](///raw/947/31/z/219eb.png)","meta":{"author":[79689],"allow-anonymous-comments":"1","cover":"///content/947/31/z/219ae.png","link-01":"https://drive.google.com/open?id=1Wx1MOgRl6qM_OCqfGxRfRtzp1RHICCh-","link-01-tag":[42332],"link-02":"https://gamejolt.com/games/purple_dimension/411170","link-02-tag":[42337]},"path":"/events/ludum-dare/44/purple-dimension","parents":[1,5,9,139254],"love":0,"notes":21,"notes-timestamp":"2019-05-01T21:54:58Z","grade":{"grade-01":29,"grade-02":30,"grade-03":30,"grade-04":30,"grade-05":30,"grade-06":30,"grade-07":28,"grade-08":28},"magic":{"cool":95.262216370613,"feedback":22,"given":25.75,"grade":29.375,"grade-01-average":3.852,"grade-01-result":55,"grade-02-average":3.839,"grade-02-result":41,"grade-03-average":3.25,"grade-03-result":191,"grade-04-average":3.964,"grade-04-result":37,"grade-05-average":3.357,"grade-05-result":250,"grade-06-average":3.714,"grade-06-result":58,"grade-07-average":2.808,"grade-07-result":217,"grade-08-average":3.462,"grade-08-result":135,"smart":11.850964671175}}]}