{"status":200,"caller_id":0,"cached":[],"node":[{"id":139801,"parent":139254,"superparent":9,"author":77959,"type":"item","subtype":"game","subsubtype":"jam","published":"2019-04-29T03:28:17Z","created":"2019-03-19T06:30:38Z","modified":"2019-05-04T04:02:35Z","version":471329,"slug":"pig-coins","name":"Pig Coins","body":"![cover - Copy.png](///raw/780/31/z/21ceb.png)\n\nCoins coins everywhere.\n\nHelp Ms. Piggy Bank collects all the coins! \n\nPost your best score in comment :)\n\n## [PLAY NOW](https://play.google.com/store/apps/details?id=com.tlgames.pigcoins)\n\n**Android**: Install from [Google Play](https://play.google.com/store/apps/details?id=com.tlgames.pigcoins)\n\n**PC**: Download apk from https://tlgames.itch.io/pig-coins and play on [BlueStacks](https://www.bluestacks.com/bluestacks-4.html)\n\n![Screenshot_20190430-114409.png](///raw/780/31/z/22b99.png)\n\n![Screenshot_20190429-150032.png](///raw/780/31/z/21bc5.png)\n\n![Screenshot_20190429-150046.png](///raw/780/31/z/21bc6.png)\n\n![Screenshot_20190429-150123.png](///raw/780/31/z/21bc7.png)\n\n![Screenshot_20190429-150232.png](///raw/780/31/z/21bc8.png)\n\n![Screenshot_20190429-174813.png](///raw/780/31/z/21c75.png)","meta":{"author":[77959],"cover":"///content/780/31/z/21ce9.png","grade-06-out":"1","grade-05-out":"1","allow-anonymous-comments":"1","link-01-tag":[42342],"link-01":"https://play.google.com/store/apps/details?id=com.tlgames.pigcoins","link-02":"https://tlgames.itch.io/pig-coins","link-02-tag":[42517],"link-02-name":"Credits"},"path":"/events/ludum-dare/44/pig-coins","parents":[1,5,9,139254],"love":0,"notes":15,"notes-timestamp":"2019-05-07T08:37:18Z","grade":{"grade-01":37,"grade-02":37,"grade-03":37,"grade-04":37,"grade-07":36,"grade-08":36},"magic":{"cool":141.08742104581,"feedback":3,"given":52.75,"grade":36.666666666667,"grade-01-average":3.343,"grade-01-result":646,"grade-02-average":3.329,"grade-02-result":506,"grade-03-average":2.914,"grade-03-result":760,"grade-04-average":3.271,"grade-04-result":616,"grade-07-average":3.015,"grade-07-result":424,"grade-08-average":3.206,"grade-08-result":649,"smart":17.713645097552}}]}