{"status":200,"caller_id":0,"cached":[],"node":[{"id":142437,"parent":139254,"superparent":9,"author":103943,"type":"item","subtype":"game","subsubtype":"jam","published":"2019-04-29T19:35:09Z","created":"2019-04-17T21:28:05Z","modified":"2019-04-29T19:35:09Z","version":450977,"slug":"addiction-your-life-is-currency","name":"Addiction: Your Life is Currency","body":"![Header.png](///raw/706/91/z/222c1.png)\nExistence is draining. Many turn to addictions to help themselves cope. You turned to alcohol, and you have spent a small fortune doing it. Can you learn to deal with your Demons and restore your savings?\n\nWhen your life is running low you can spend your coins on alcohol to restore yourself to full health. Careful though because every time you drink you will spend every dollar you have. Prove you can kick the addiction by saving up 5 coins. Be warned, life outside your home is draining. It takes a lot out of you just to leave your house.","meta":{"author":[103943],"link-01-tag":[42336],"cover":"///content/706/91/z/2224a.application/octet-stream","grade-07-out":"1","grade-06-out":"1","allow-anonymous-comments":"1","link-01":"https://krapht.itch.io/addiction-your-life-is-currency","link-02":"https://drive.google.com/file/d/1ozwD6we9jb8NSLbXbG4mH-i9LCZ3rQeg/view?usp=sharing","link-02-tag":[42332]},"path":"/events/ludum-dare/44/addiction-your-life-is-currency","parents":[1,5,9,139254],"love":0,"notes":14,"notes-timestamp":"2019-05-08T16:37:01Z","grade":{"grade-01":29,"grade-02":29,"grade-03":29,"grade-04":29,"grade-05":28,"grade-08":28},"magic":{"cool":115.82156166423,"feedback":22,"given":27.5,"grade":28.666666666667,"grade-01-average":2.981,"grade-01-result":949,"grade-02-average":2.556,"grade-02-result":1055,"grade-03-average":2.704,"grade-03-result":915,"grade-04-average":3.074,"grade-04-result":773,"grade-05-average":2.808,"grade-05-result":923,"grade-08-average":2.462,"grade-08-result":1031,"smart":15.888880217817}}]}