{"status":200,"caller_id":0,"cached":[],"node":[{"id":143093,"parent":139254,"superparent":9,"author":123154,"type":"item","subtype":"game","subsubtype":"compo","published":"2019-04-29T01:07:02Z","created":"2019-04-21T05:33:43Z","modified":"2019-04-29T01:07:02Z","version":445148,"slug":"prospector-stanley","name":"Prospector Stanley","body":"Prospector Stanley heads out west hoping to get rich with a bit of gold mining. Because, you see, gold is his life.![Screen Shot 2019-04-28 at 5.14.06 PM.png](///raw/211/e1/z/2177c.png)\n\n-Click the gold rock to mine gold.\n\n-Buy miners and fancy technology with gold, to mine more gold for you. Place them next to a cave in your mine. (There are multiple pages of items to buy. Click the arrows to scroll up or down.)\n\n-With enough gold, you can expand your mine and get even more gold.\n\n-Gold\n\n-Gold gold gold gold","meta":{"author":[123154],"cover":"///content/211/e1/z/21774.png","link-01":"https://kypello.itch.io/prospector-stanley","link-01-tag":[42336],"link-02":"https://kypello.itch.io/prospector-stanley-source-code","link-02-tag":[42332]},"path":"/events/ludum-dare/44/prospector-stanley","parents":[1,5,9,139254],"love":0,"notes":31,"notes-timestamp":"2019-05-08T19:08:28Z","grade":{"grade-01":42,"grade-02":41,"grade-03":42,"grade-04":42,"grade-05":42,"grade-06":39,"grade-07":41,"grade-08":41},"magic":{"cool":67.566392469218,"feedback":22,"given":18.375,"grade":41.25,"grade-01-average":3.738,"grade-01-result":87,"grade-02-average":3.667,"grade-02-result":74,"grade-03-average":2.638,"grade-03-result":414,"grade-04-average":3.338,"grade-04-result":235,"grade-05-average":3.838,"grade-05-result":102,"grade-06-average":3.838,"grade-06-result":37,"grade-07-average":3.795,"grade-07-result":29,"grade-08-average":3.718,"grade-08-result":69,"smart":-25.376140684451}}]}