{"status":200,"caller_id":0,"cached":[],"node":[{"id":144486,"parent":139254,"superparent":9,"author":104877,"type":"item","subtype":"game","subsubtype":"compo","published":"2019-04-29T01:15:05Z","created":"2019-04-23T17:51:01Z","modified":"2019-04-29T16:35:40Z","version":449598,"slug":"older-than-war","name":"Older than War","body":"Apparently, I overestimated my capabilities and didn’t manage to do almost anything. In the end, I finally broke everything. And now, just as enemies cannot attack normally, the player’s control refuses to work normally (at least in compiled form ... in the editor, control seems to be quite good).\n\n**[UPD: I fix some bugs]**\n\nThe plans were: A game where, after a defeat, you were asked to choose a card with a bonus in exchange for a few years of life, after which the level started anew, but you became weaker because you were older.\n\nThe game has no sound/music (I did not have time to do it).\n\n## Controls (Updated):\n\n- WASD - Movement\n- LMB - Shoot\n- Q - Change weapon\n- Mouse Wheel Scroll - Turn camera\n- E - Interact (with truck at the level end)\n\n## Rules:\n\n- At the beginning you have a pistol.\n- You need to destroy the enemy squad and get to the enemy truck.\n- After death, you can spend a few \"years of life\" to choose from and receive a skill card in return.\n- Also, after aging (after death), your parameters will drop, except for one that you choose.\n- When you run out all the years you lose the game.\n\n![screenf.PNG](///raw/da9/91/z/21fca.png)\n\n#### Update from 29.04.2019:\n\n1. Fixed generation of skill cards (the choice was not from all possible cards)\n2. Fixed a bug with turns (the character could not turn during the shooting)\n3. Fixed a bug with terrible character management (it arose because of an extra camera, which I forgot to remove)\n4. Fixed bug with the fact that enemies sometimes stopped shooting\n5. Trucks were turned\n6. The camera was close to ignore the enemies before they notice the player.\n7. Added inscription about winning\n8. Fixed a bug when you could just get to the truck without killing anyone (now the level is difficult to pass but you can)\n9. Reassigned input keys\n10. Ported to Windows","meta":{"author":[104877],"grade-06-out":"1","grade-07-out":"1","link-01":"https://betelgeuseman.itch.io/older-than-war","link-01-tag":[42336],"link-01-name":"itch.io (Also Source Code)","cover":"///content/da9/91/z/218f7.png"},"path":"/events/ludum-dare/44/older-than-war","parents":[1,5,9,139254],"love":0,"notes":12,"notes-timestamp":"2019-05-11T10:35:54Z","grade":{"grade-01":22,"grade-02":22,"grade-03":22,"grade-04":22,"grade-05":22,"grade-08":22},"magic":{"cool":124.75782993076,"feedback":0,"given":24.125,"grade":22,"grade-01-average":2.25,"grade-01-result":507,"grade-02-average":1.85,"grade-02-result":504,"grade-03-average":1.975,"grade-03-result":502,"grade-04-average":2.45,"grade-04-result":466,"grade-05-average":3,"grade-05-result":350,"grade-08-average":2.225,"grade-08-result":461,"smart":4.718236668257}}]}