{"status":200,"caller_id":0,"cached":[],"node":[{"id":154054,"parent":139254,"superparent":9,"author":5318,"type":"item","subtype":"game","subsubtype":"jam","published":"2019-04-30T01:27:32Z","created":"2019-04-30T00:10:33Z","modified":"2019-05-01T21:26:42Z","version":468363,"slug":"grand-theft-life","name":"Grand Theft Life","body":"![ld44-done.gif](///raw/6c4/1/z/234b2.gif)\n**Grand Theft Life** is a game about spending your life doing stuff. \n\nGet **EDUCATED, WORK** and make money, pursue **ART** or **SCIENCE** or commit **CRIME**.\n\nDoing stuff spends **YEARS** of your life. How you choose to play is up to YOU! \n\nGood luck and remember, there is more to life than going **POSTAL** (although it is an option).\n\n\n### Controls (Mouse)\n**Move: L-click**\n\n**Use weapon: R-click**\n\n\n### Tools:\nGamemaker Studio\n\nCubase\n\nPhotoshop\n\nBFXR\n\n\n","meta":{"author":[5318],"allow-anonymous-comments":"1","link-01-tag":[42337],"link-01":"https://silkworm-sweatshop.itch.io/grand-theft-life","link-02":"https://silkworm-sweatshop.itch.io/grand-theft-life","link-02-tag":[42332],"cover":"///content/6c4/1/z/2332e.png"},"path":"/events/ludum-dare/44/grand-theft-life","parents":[1,5,9,139254],"love":0,"notes":27,"notes-timestamp":"2019-05-21T16:11:55Z","grade":{"grade-01":37,"grade-02":37,"grade-03":37,"grade-04":38,"grade-05":38,"grade-06":37,"grade-07":37,"grade-08":37},"magic":{"cool":91.350027839114,"feedback":34,"given":30.25,"grade":37.25,"grade-01-average":3.986,"grade-01-result":89,"grade-02-average":3.929,"grade-02-result":82,"grade-03-average":3.786,"grade-03-result":94,"grade-04-average":3.806,"grade-04-result":190,"grade-05-average":3.458,"grade-05-result":592,"grade-06-average":3.5,"grade-06-result":290,"grade-07-average":3.871,"grade-07-result":75,"grade-08-average":3.814,"grade-08-result":168,"smart":12.625768625076}}]}