{"status":200,"caller_id":0,"cached":[],"node":[{"id":140152,"parent":139254,"superparent":9,"author":1314,"type":"item","subtype":"game","subsubtype":"jam","published":"2019-04-30T00:02:43Z","created":"2019-03-26T10:33:39Z","modified":"2019-04-30T00:05:38Z","version":455418,"slug":"mine-corp","name":"Mine Corp.","body":"## [PLAY ON WEB!](https://hadikcz.github.io/LudumDare44_Mine_corp/build/index.html)\n\n## Do you protect yourself, against fate ?\n\n![game_card.png](///raw/225/z/22c18.png)\n\n# About game:\nYou are the planet Earth, and you must protect your natural wealth, against evil Mine Corp. which will try to take your wealth, and kill you. They destroyed your sisters and you are next.\n\n# How to play ? / Controlls\n- Via left mouse click, clicking to enemies\n- After unlock new attacks you can switch by clicking to buttons or use 1,2,3,4 (Q,W,E,R) keys\n\n# Credits\n- Code, Sounds - Hadik\n- Art - Deni vidi vici\n\n# Screenshoot\n![screen.png](///raw/225/z/22c3b.png)","meta":{"author":[1314,140431],"link-01-tag":[42336],"cover":"///content/225/z/22b71.png","link-01":"https://hadikcz.github.io/LudumDare44_Mine_corp/build/index.html","link-02":"https://github.com/hadikcz/LudumDare44_Mine_corp","link-02-tag":[42332]},"path":"/events/ludum-dare/44/mine-corp","parents":[1,5,9,139254],"love":0,"notes":45,"notes-timestamp":"2019-05-25T19:25:57Z","grade":{"grade-01":78,"grade-02":77,"grade-03":77,"grade-04":76,"grade-05":78,"grade-06":71,"grade-07":71,"grade-08":76},"magic":{"cool":19.212691554765,"feedback":4,"given":2.75,"grade":75.5,"grade-01-average":3.842,"grade-01-result":159,"grade-02-average":3.607,"grade-02-result":260,"grade-03-average":3.22,"grade-03-result":464,"grade-04-average":3.696,"grade-04-result":273,"grade-05-average":4.5,"grade-05-result":43,"grade-06-average":3.058,"grade-06-result":514,"grade-07-average":2.819,"grade-07-result":548,"grade-08-average":3.541,"grade-08-result":359,"smart":-75}}]}