{"status":200,"caller_id":0,"cached":[],"node":[{"id":150191,"parent":139254,"superparent":9,"author":124424,"type":"item","subtype":"game","subsubtype":"jam","published":"2019-04-30T01:30:41Z","created":"2019-04-27T12:27:25Z","modified":"2019-04-30T12:46:56Z","version":463531,"slug":"over","name":"Over","body":"You have to gather the lost souls, but the world is disappearing under your feet.\n\nMusic : DiFFtY\n\nnew version with minor update at 4:15 30/04: music wasnt looping at level reload.\n\n![over_alixmi_musicDiffty.PNG](///raw/806/e1/z/2374b.png)","meta":{"author":[124424,9804],"cover":"///content/806/e1/z/23183.png","link-01-tag":[42337],"link-01":"https://wetransfer.com/downloads/e9ab381c4a488256e95f78ff7867426d20190430104556/76efcace43aa92164eec19a582d0722e20190430104556/4ff835","grade-07-out":"1","link-02":"https://alixmi.itch.io/over","link-02-tag":[42337]},"path":"/events/ludum-dare/44/over","parents":[1,5,9,139254],"love":0,"notes":17,"notes-timestamp":"2019-05-22T12:09:42Z","grade":{"grade-01":20,"grade-02":20,"grade-03":20,"grade-04":19,"grade-05":21,"grade-06":20,"grade-08":20},"magic":{"cool":58.387420812114,"feedback":9,"given":5.625,"grade":20,"grade-01-average":3.444,"grade-01-result":553,"grade-02-average":2.861,"grade-02-result":900,"grade-03-average":3.333,"grade-03-result":359,"grade-04-average":2.588,"grade-04-result":1032,"grade-05-average":4.553,"grade-05-result":32,"grade-06-average":3.833,"grade-06-result":120,"grade-08-average":4.139,"grade-08-result":51,"smart":-28.848752646211}}]}