{"status":200,"caller_id":0,"cached":[],"node":[{"id":146053,"parent":139254,"superparent":9,"author":145420,"type":"item","subtype":"game","subsubtype":"jam","published":"2019-04-29T05:21:30Z","created":"2019-04-25T16:37:35Z","modified":"2019-04-29T05:21:30Z","version":447194,"slug":"deterring-delinquents-from-a-dragons-dwelling","name":"Deterring Delinquents from a Dragon's Dwelling","body":"You are a dragon trying to learn how to breath fire, but you need cash for the lessons, stop those who try to steal your dinero and get some for wizard lessons in the process, you run out of money and your dreams are over. Since you can't breath fire you have to throw your cold hard cash at them.","meta":{"author":[145420],"allow-anonymous-comments":"1","link-01-tag":[42337],"cover":"///content/c08/32/z/21c12.png","grade-08-out":"1","link-01":"https://jomiak.itch.io/deterring-delinquents-from-a-dragons-dwelling"},"path":"/events/ludum-dare/44/deterring-delinquents-from-a-dragons-dwelling","parents":[1,5,9,139254],"love":0,"notes":9,"notes-timestamp":"2019-05-20T13:59:49Z","grade":{"grade-01":20,"grade-02":20,"grade-03":20,"grade-04":20,"grade-05":20,"grade-06":20,"grade-07":20},"magic":{"cool":106.95510244675,"feedback":14,"given":18.875,"grade":20,"grade-01-average":2.722,"grade-01-result":1085,"grade-02-average":2.972,"grade-02-result":827,"grade-03-average":2.417,"grade-03-result":1058,"grade-04-average":3.194,"grade-04-result":679,"grade-05-average":2.083,"grade-05-result":1036,"grade-06-average":2.194,"grade-06-result":673,"grade-07-average":2.806,"grade-07-result":558,"smart":12.347457556957}}]}