{"status":200,"caller_id":0,"cached":[],"node":[{"id":143123,"parent":139254,"superparent":9,"author":99013,"type":"item","subtype":"game","subsubtype":"jam","published":"2019-04-29T21:10:19Z","created":"2019-04-21T09:45:30Z","modified":"2019-05-04T10:03:44Z","version":471479,"slug":"powerless","name":"Powerless","body":"Escape the underground lab facility and watch out for your energy level.\n\nSo our first idea was to create a classic roguelike where you'd need to pay with your own health for opening the doors. Fast forward two days and here's a top-down twin-stick shooter where you \"pay\" with your own health for every possible action.\n\n## Featuring:\n\n* One robot fighting for freedom\n* 5 levels of underground lab facility, generated for each run\n* Hidden Memory Disks telling the story\n* Civilians fleeing away in fear\n* Pretty solid game pad support (strongly recommended)\n* Strange sound effects\n* Unexpected ending scene (good luck getting there)\n\n## Controls\n\n* **WASD / Left stick** to move\n* **Mouse / Right stick** to look around\n* **LMB / Left trigger** to shoot laser\n* **RMB / Right trigger** to activate taser\n* **Arrow keys / D-pad** to hack doors\n\n## Known issues\n\nWe're going to continue working on the game, but won't post updates, since that would count as new features and is against the rules. Here are some issues we're aware of:\n\n* Level generation - there is a **small** chance that the generated level won't have a possible path to the finish. Sorry about that. :(\n* Hacking requires moving your hand to the arrow keys. We're aware that this is a poor UX, but didn't come up with anything better yet.\n\n## Authors\n\n* Keeping the team well-fed: **Flamus**\n* Graphics: **Flamus**, **Liath**, **Paulina**\n* Code and Unity3D magic: **m110**, **maclav**\n* Sound effects scraping: **maclav**\n* Testers: well, that'd be you! Enjoy!\n\n![1.png](///raw/5c2/81/z/22428.png)\n\n![2.png](///raw/5c2/81/z/2242c.png)\n\n![3.png](///raw/5c2/81/z/2242d.png)\n\n![4.png](///raw/5c2/81/z/2242e.png)\n\n![5.png](///raw/5c2/81/z/2242f.png)\n\n![6.png](///raw/5c2/81/z/22433.png)\n\n![7.png](///raw/5c2/81/z/22434.png)\n\n![8.png](///raw/5c2/81/z/22436.png)","meta":{"author":[99013,104662,100143,100196,115592],"grade-06-out":"1","link-01-tag":[42336],"cover":"///content/5c2/81/z/22437.png","link-01":"https://m110.itch.io/powerless","link-02":"https://m110.itch.io/powerless","link-02-tag":[42337],"link-03":"https://m110.itch.io/powerless","link-03-tag":[42339],"link-04":"https://m110.itch.io/powerless","link-04-tag":[42341]},"path":"/events/ludum-dare/44/powerless","parents":[1,5,9,139254],"love":0,"notes":43,"notes-timestamp":"2019-05-08T08:07:04Z","grade":{"grade-01":60,"grade-02":61,"grade-03":61,"grade-04":61,"grade-05":61,"grade-07":55,"grade-08":60},"magic":{"grade":59.857142857143,"given":70.25,"feedback":61,"smart":15.96847567695,"cool":116.93573421645,"grade-01-average":3.629,"grade-01-result":356,"grade-02-average":3.525,"grade-02-result":337,"grade-03-average":2.924,"grade-03-result":751,"grade-04-average":3.161,"grade-04-result":700,"grade-05-average":3.483,"grade-05-result":579,"grade-07-average":2.736,"grade-07-result":608,"grade-08-average":3.379,"grade-08-result":489}}]}