{"status":200,"caller_id":0,"cached":[],"node":[{"id":153705,"parent":139254,"superparent":9,"author":153703,"type":"item","subtype":"game","subsubtype":"jam","published":"2019-04-30T00:27:06Z","created":"2019-04-29T21:43:55Z","modified":"2019-04-30T00:51:23Z","version":456825,"slug":"readme-btc","name":"README.btc","body":"**README.btc** follows the life of a literal cryptocurrency miner. Validate transactions to earn currency and defeat your competitors on your journey to sentience.  \nThis game is a combination of a puzzle and a strategy, equipped with a branching storyline and multiple endings. \n\n![Screenshot 2019-04-30 at 00.48.12.png](///raw/768/52/z/2291e.png)\n\n![Screenshot 2019-04-30 at 00.50.57.png](///raw/768/52/z/2293a.png)\n\n![Screenshot 2019-04-30 at 00.48.43.png](///raw/768/52/z/2293f.png)\n","meta":{"author":[153703,145690,153718,145689],"allow-anonymous-comments":"1","link-01-tag":[42337],"grade-06-out":"1","cover":"///content/a19/32/z/229ca.png","link-02-tag":[42339],"link-01":"https://bit.ly/2PBpeEg","link-02":"https://mega.nz/#!jx9iCSZZ!RbYxOGqvbXWASsVDMb6JgSJhKiol8hiUgtUtONc4Hxc","link-03":"https://drive.google.com/file/d/1npApIci7_ZbxqnLhBrv9XsfEVJoF554h/view?usp=sharing","link-03-tag":[42341]},"path":"/events/ludum-dare/44/readme-btc","parents":[1,5,9,139254],"love":0,"notes":30,"notes-timestamp":"2019-05-21T13:53:55Z","grade":{"grade-01":43,"grade-02":43,"grade-03":43,"grade-04":43,"grade-05":43,"grade-07":39,"grade-08":43},"magic":{"cool":103.90306901562,"feedback":44,"given":39,"grade":42.428571428571,"grade-01-average":3.878,"grade-01-result":140,"grade-02-average":3.622,"grade-02-result":251,"grade-03-average":3.683,"grade-03-result":146,"grade-04-average":3.549,"grade-04-result":394,"grade-05-average":3.146,"grade-05-result":777,"grade-07-average":2.649,"grade-07-result":658,"grade-08-average":3.817,"grade-08-result":163,"smart":17.174671055555}}]}