{"status":200,"caller_id":0,"cached":[],"node":[{"id":144691,"parent":139254,"superparent":9,"author":144675,"type":"item","subtype":"game","subsubtype":"compo","published":"2019-04-28T18:55:02Z","created":"2019-04-23T23:54:30Z","modified":"2019-04-28T18:55:02Z","version":441416,"slug":"time-demand","name":"Time Demand","body":"A life simulator in which you must spend wisely the time you have recibed in various steps of your life.![Captura.PNG](///raw/325/32/z/20f6b.png)","meta":{"author":[144675],"allow-anonymous-comments":"1","cover":"///content/325/32/z/20f7b.png","link-01":"https://2x3lab.itch.io/time-demand","link-01-tag":[42336],"link-02":"https://mega.nz/#!MGwU1AiR","link-02-tag":[42332]},"path":"/events/ludum-dare/44/time-demand","parents":[1,5,9,139254],"love":0,"notes":22,"notes-timestamp":"2019-05-19T15:31:16Z","grade":{"grade-01":28,"grade-02":28,"grade-03":26,"grade-04":26,"grade-05":28,"grade-06":28,"grade-07":27,"grade-08":26},"magic":{"cool":95.596840851888,"feedback":24,"given":23.875,"grade":27.125,"grade-01-average":3.192,"grade-01-result":334,"grade-02-average":2.75,"grade-02-result":410,"grade-03-average":2.792,"grade-03-result":361,"grade-04-average":3.313,"grade-04-result":247,"grade-05-average":3.615,"grade-05-result":162,"grade-06-average":3.385,"grade-06-result":127,"grade-07-average":3.42,"grade-07-result":88,"grade-08-average":3.063,"grade-08-result":275,"smart":15.003506257909}}]}