{"status":200,"caller_id":0,"cached":[],"node":[{"id":153990,"parent":139254,"superparent":9,"author":817,"type":"item","subtype":"game","subsubtype":"jam","published":"2019-04-30T00:42:19Z","created":"2019-04-29T23:49:36Z","modified":"2019-05-03T19:25:58Z","version":471024,"slug":"arcade-wars","name":"Arcade Wars","body":"# [Play now! (Web)](ludum.thenet.sk/ld44/) | [(Itch.io link)](https://aurel300.itch.io/arcade-wars) #\n\n![ss1.png](///raw/133/z/2300a.png)\n\n# Gameplay #\n\nSurvive onslaughts of arcade machine enemies! The **coins** on the right side of your screen show your current health, as well as ammunition. Collect dropped coins from destroyed enemies into your **funnels**. You can also collect bullets into the funnels, but be careful – bullets hitting your **chassis** (the green box) will hurt you!\n\n![ss2.png](///raw/133/z/23011.png)\n\n# Story\n\nIn an arcade far, far away...\n\nIt is a dark time for the arcades.\nAlthough the regulars still play\nevery day, newcomers are unheard\nof. The arcade machines, whose\nlifeforce comes from the coins,\nnow have to compete with each\nother.\n\nSo, in the middle of the deepest\nnights ... the war has changed.\n\n![ss3.png](///raw/133/z/23014.png)\n\n# Controls\n\n - **Arrow keys** to move\n - **Spacebar** to shoot\n - **B** to bomb (clears enemy bullets for five seconds)\n","meta":{"author":[817,23390],"link-01":"http://ludum.thenet.sk/ld44/","link-01-tag":[42336],"cover":"///content/133/z/22eb6.png","allow-anonymous-comments":"1","link-02":"https://github.com/Aurel300/ludumdare44","link-02-tag":[42332],"link-03":"https://aurel300.itch.io/arcade-wars","link-03-tag":[42336],"link-03-name":"Itch.io"},"path":"/events/ludum-dare/44/arcade-wars","parents":[1,5,9,139254],"love":0,"notes":15,"notes-timestamp":"2019-05-18T13:17:16Z","grade":{"grade-01":25,"grade-02":25,"grade-03":25,"grade-04":25,"grade-05":25,"grade-06":25,"grade-07":23,"grade-08":23},"magic":{"cool":100.53050770151,"feedback":0,"given":23.75,"grade":24.5,"grade-01-average":3.87,"grade-01-result":144,"grade-02-average":3.826,"grade-02-result":119,"grade-03-average":3.522,"grade-03-result":224,"grade-04-average":4.152,"grade-04-result":36,"grade-05-average":4.217,"grade-05-result":146,"grade-06-average":3.717,"grade-06-result":181,"grade-07-average":3.405,"grade-07-result":234,"grade-08-average":3.667,"grade-08-result":257,"smart":-1.5425089136413}}]}