{"status":200,"caller_id":0,"cached":[],"node":[{"id":142339,"parent":139254,"superparent":9,"author":77334,"type":"item","subtype":"game","subsubtype":"jam","published":"2019-04-29T00:56:51Z","created":"2019-04-17T10:44:27Z","modified":"2019-05-17T16:31:54Z","version":476042,"slug":"doc-bloodaway","name":"Doc. BLOODAWAY","body":"Welcome new subject on this test directed by the famous Doc. BLOODAWAY. \nEveryone in the country know the legend, but no one survive his test. \nPerhaps it's not that simple. You actually have to choose between 3 type of moods. \n\nPersuade: convince him not to take your blood.\n\nStay passive: say nothing and hope for the best.\n\nBe agressive: try everything to stay alive. \n\n\nLike a rock paper cisor game each mood can beat an \nother one: Persuade > Stay passive > Be agressive > Persuade. \n\n\nEach time you select a mood, it 'll be compare to an other patient. \nIf you loose, some of your blood 'll be taken and that 'll increase each turn until \nsome one hasn't enough to survive. So try to survive for the next test.\n\n\nThis game has been made in 48h it's my 2nd LD. Hope everyone that gonna like to defeate\nthe doctor will enjoy this compo. By the way it's made in löve 2D for windows.\n\nThanks in advance for feedback. Enjoy and have fun.\n\n![s1.png](///raw/61e/21/z/2171d.png)\n![s2.png](///raw/61e/21/z/2171f.png)\n![s3.png](///raw/61e/21/z/21720.png)\n\nupdated version (win): https://tinyurl.com/y6od8emz\n\nupdated version (mac): https://tinyurl.com/y3nr5p8e\n\nchanges:\n- fixed resolution bug\n- fixed few sound bug\n- added few sounds\n- added walk animation\n- added more patient to defeat","meta":{"author":[77334],"cover":"///content/61e/21/z/216b4.png","allow-anonymous-comments":"1","link-01":"https://tinyurl.com/y67lsxb8","link-01-tag":[42337]},"path":"/events/ludum-dare/44/doc-bloodaway","parents":[1,5,9,139254],"love":0,"notes":28,"notes-timestamp":"2019-05-20T07:10:06Z","grade":{"grade-01":31,"grade-02":31,"grade-03":31,"grade-04":32,"grade-05":33,"grade-06":26,"grade-07":30,"grade-08":31},"magic":{"cool":101.67375641047,"feedback":35,"given":30.625,"grade":30.625,"grade-01-average":2.931,"grade-01-result":984,"grade-02-average":2.379,"grade-02-result":1111,"grade-03-average":2.414,"grade-03-result":1060,"grade-04-average":3.2,"grade-04-result":672,"grade-05-average":4.081,"grade-05-result":218,"grade-06-average":2.958,"grade-06-result":555,"grade-07-average":2.786,"grade-07-result":574,"grade-08-average":3.362,"grade-08-result":508,"smart":21.453521375076}}]}