{"status":200,"caller_id":0,"cached":[],"node":[{"id":148305,"parent":139254,"superparent":9,"author":148298,"type":"item","subtype":"game","subsubtype":"compo","published":"2019-04-29T01:59:30Z","created":"2019-04-26T21:49:53Z","modified":"2019-04-29T04:07:29Z","version":447015,"slug":"bloodmage-human-sacrifice","name":"Blood Mage: Human Sacrifice ","body":"In order to play:\n\nDrag cards over the player to sacrifice limbs (you start with all fingers, toes, hands, and feet) to gain essence. Sacrificing limbs does damage to your constitution (not your defense). If your constitution falls below zero, you die.\n\nLeft click on spells, right click on targets to use them.\n\nEnd turn using the spacebar.\n\n![screen2.PNG](///raw/a43/42/z/21bbf.png)\n\nUse spells (which require essence) to defeat enemies.\n\nSpells include:\n\nFireball - deals damage based on your destruction skill\n\nFrost Bolt - deals damage based on your destruction skill and prevents movement for one turn\n\nSiphon - steal additional body parts from your enemies\n\nBind - prevent your enemies from moving for one turn\n\nShield - raise your shield level by 20.\n\nShuffle - shuffle your remaining cards.\n\nThere is a basic leveling system that I wish could have been more fleshed out, but it at least exists.\n![screen1.PNG](///raw/a43/42/z/21bc1.png)\n\nThis game was made for the Compo edition of Ludum Dare 44 (\"Your Life is Currency\"). It was minimally game tested and is barely functioning - but it was my first LD, so I wanted to include it.\n\n\n\nAll art, code, and music was created by me. Or, in the case of music, it was chosen by me using sound effect generators such as BRFX, SFXR, and BeepBox.","meta":{"author":[148298],"allow-anonymous-comments":"1","link-01-tag":[42337],"link-01":"https://tdg-2.itch.io/bloodmage-human-sacrifice","link-02":"https://tdg-2.itch.io/bloodmage-human-sacrifice","link-02-tag":[42332],"cover":"///content/a43/42/z/21af6.png","link-02-name":"Use .gmz for source code"},"path":"/events/ludum-dare/44/bloodmage-human-sacrifice","parents":[1,5,9,139254],"love":0,"notes":18,"notes-timestamp":"2019-05-21T17:43:14Z","grade":{"grade-01":41,"grade-02":41,"grade-03":42,"grade-04":42,"grade-05":42,"grade-06":40,"grade-07":37,"grade-08":38},"magic":{"cool":127.8640150676,"feedback":9,"given":64.375,"grade":40.375,"grade-01-average":3.141,"grade-01-result":356,"grade-02-average":2.936,"grade-02-result":357,"grade-03-average":3.288,"grade-03-result":176,"grade-04-average":3.488,"grade-04-result":183,"grade-05-average":3.125,"grade-05-result":316,"grade-06-average":3.039,"grade-06-result":235,"grade-07-average":2.414,"grade-07-result":301,"grade-08-average":2.833,"grade-08-result":354,"smart":16.182838717187}}]}