{"status":200,"caller_id":0,"cached":[],"node":[{"id":148256,"parent":139254,"superparent":9,"author":148249,"type":"item","subtype":"game","subsubtype":"jam","published":"2019-04-30T01:51:12Z","created":"2019-04-26T21:35:14Z","modified":"2019-05-01T22:31:07Z","version":468522,"slug":"bravebelly-funny-dystopian-thicboy-runner-with-dark-undertones","name":"BraveBelly (Thiccboy hurdle jump sim) no download required","body":"Jump hurdles, collect fruit to restore energy, and whatever you do Don’t Stop Running. The government has decided to do something with the beautifully thicc, what you ask? Well, you’ll have to play till the end to find out. Remember the theme :wink: \nLINK HERE\nhttps://tomasmunro.itch.io/bravebelly \n\n![jump.png](///raw/913/42/z/2346a.png)\n\n\n![CONTROLS.PNG](///raw/913/42/z/23476.png)\n\n\n![coverimage.PNG](///raw/913/42/z/234f3.png)\n\n\nProgramming: Ethun Moffatt. \n\nDesign/Art/UI: Tomas Munro.\n \nArt: Tarsha Schaller\n\n\n\n","meta":{"author":[148249],"cover":"///content/913/42/z/2344c.png","grade-06-out":"1","allow-anonymous-comments":"1","link-01":"https://drive.google.com/open?id=1Nu2ZPpq_4vH3sR9M18cvEsZ2HAFDwlPP","link-01-tag":[42332],"link-01-name":"","link-02":"https://tomasmunro.itch.io/bravebelly","link-02-tag":[42336],"link-03-tag":[42337]},"path":"/events/ludum-dare/44/bravebelly-funny-dystopian-thicboy-runner-with-dark-undertones","parents":[1,5,9,139254],"love":0,"notes":38,"notes-timestamp":"2019-05-11T02:35:48Z","grade":{"grade-01":71,"grade-02":70,"grade-03":70,"grade-04":70,"grade-05":73,"grade-07":71,"grade-08":69},"magic":{"cool":66.974597481575,"feedback":30,"given":27.25,"grade":70.571428571429,"grade-01-average":3.181,"grade-01-result":800,"grade-02-average":3.015,"grade-02-result":789,"grade-03-average":2.235,"grade-03-result":1114,"grade-04-average":2.426,"grade-04-result":1067,"grade-05-average":3.768,"grade-05-result":413,"grade-07-average":3.572,"grade-07-result":170,"grade-08-average":3.104,"grade-08-result":723,"smart":-22.897966187068}}]}