{"status":200,"caller_id":0,"cached":[],"node":[{"id":151811,"parent":139254,"superparent":9,"author":151792,"type":"item","subtype":"game","subsubtype":"jam","published":"2019-04-30T01:17:36Z","created":"2019-04-28T15:15:53Z","modified":"2019-05-08T15:29:14Z","version":473582,"slug":"get-me-my-drones","name":"Get Me My Drones!","body":"Get Me My Dormes! (GMMD) is a small Shoot 'em up, where your goal is to get as many drones as possible to the end of the level. Easy, right?\n\n## Controls:\n wasd   : movement\n\n\"space\" : fire your drones at the enemys (but look out, you only have the amount you see)(press not hold!)\n\n\n### Bugs of the ludum dare version:\n- spawning of enemys and hostile projectiles does not work correctly (fixed in postLD version)\n- enemy rockets wont explode, so they are invincible (fixed in postLD version)\n- the try \"again\" button does not work correctly; the player spawns without drones and is invincible (fixed in postLD version)\n- the ending screen does not trigger (not fixed because we had no time yet)\n\n--\n\n[@akronsus]: \"Unfortunantly it's not possible to win the Ludum Dare version, since the rockets don't handle their collision correctly. Enemys and enemy-projectiles also do not spawn as intended. For some reason they are weirdly offset to the far right or left.\n\nNext time we really should focus on the base mechanics first and then expand the game, not build a lot of stuff that could be interesting and try to mash everything together in the last few hours. Well, atleast it was a fun exercise in using the Godot Engine and in how loosing your mind, as the remaining time ticks away, influences your decision making in prefering bad architectural choices.\"\n![ld44_game_screenshot_v2.png](///raw/ef0/52/z/241e5.png)","meta":{"author":[151792,151806],"allow-anonymous-comments":"1","link-01-tag":[42341],"link-02-tag":[42337],"cover":"///content/0f0/52/z/23209.png","link-01":"https://akronsus.itch.io/ld44-get-me-my-drones","link-02":"https://akronsus.itch.io/ld44-get-me-my-drones"},"path":"/events/ludum-dare/44/get-me-my-drones","parents":[1,5,9,139254],"love":0,"notes":25,"notes-timestamp":"2019-05-19T00:08:45Z","grade":{"grade-01":38,"grade-02":37,"grade-03":38,"grade-04":38,"grade-05":39,"grade-06":37,"grade-07":28,"grade-08":33},"magic":{"cool":114.79795916553,"feedback":8,"given":46.125,"grade":36,"grade-01-average":2.556,"grade-01-result":1120,"grade-02-average":2.514,"grade-02-result":1073,"grade-03-average":2.458,"grade-03-result":1046,"grade-04-average":2.944,"grade-04-result":873,"grade-05-average":3.135,"grade-05-result":782,"grade-06-average":2.529,"grade-06-result":646,"grade-07-average":2.212,"grade-07-result":855,"grade-08-average":2.452,"grade-08-result":1035,"smart":16.392857587127}}]}