{"status":200,"caller_id":0,"cached":[],"node":[{"id":152088,"parent":139254,"superparent":9,"author":134801,"type":"item","subtype":"game","subsubtype":"jam","published":"2019-04-30T00:57:07Z","created":"2019-04-28T19:14:26Z","modified":"2019-05-01T15:21:28Z","version":467557,"slug":"rollin-bonez","name":"Rollin' Bonez","body":"To throw the bones you need to bet some bones\n\n***update- I made an error uploading the music!  The music currently in the game was written by Amanda Laven.  I apologize to Muse and Amanda for this error.  I will include Muse's wonderful music on future builds of the game.  Look here in the future for a link!","meta":{"author":[134801,85270,110574,112083,317,16920,153405],"link-01-tag":[42336],"link-01":"https://amyflaherty.itch.io/rollin-bonez","cover":"///content/19e/02/z/23757.png"},"path":"/events/ludum-dare/44/rollin-bonez","parents":[1,5,9,139254],"love":0,"notes":13,"notes-timestamp":"2019-05-20T21:48:31Z","grade":{"grade-01":26,"grade-02":26,"grade-03":25,"grade-04":26,"grade-05":26,"grade-06":26,"grade-07":25,"grade-08":25},"magic":{"cool":96.117525354136,"feedback":27,"given":22.75,"grade":25.625,"grade-01-average":2.438,"grade-01-result":1137,"grade-02-average":2.125,"grade-02-result":1149,"grade-03-average":2.63,"grade-03-result":954,"grade-04-average":3.313,"grade-04-result":587,"grade-05-average":3.188,"grade-05-result":758,"grade-06-average":3.729,"grade-06-result":176,"grade-07-average":3.239,"grade-07-result":309,"grade-08-average":3.196,"grade-08-result":659,"smart":18.938393563284}}]}