{"status":200,"caller_id":0,"cached":[],"node":[{"id":144900,"parent":139254,"superparent":9,"author":2804,"type":"item","subtype":"game","subsubtype":"compo","published":"2019-04-28T22:09:05Z","created":"2019-04-24T09:50:16Z","modified":"2019-05-14T07:46:16Z","version":475080,"slug":"catch-them-all","name":"Catch them all !","body":"![LD 44 - 2.PNG](///raw/4fa/z/2133b.png)\n\nYou are in your spaceship and your goal is to catch a maximum of uncommun monsters by using your weapon ! \n\nDepending on the level, each kind of monster have this own value.\n\nTry to be profitable for your compagny !\n\n--------------------------------\nLanguage : \n - HAXE (and compile in HTML5) with personnal framework\n\nTools used : \n - HaxeDevelop\n - Paint / Photofiltre 7 / Photoshop\n - GraphicsGale","meta":{"author":[2804],"grade-06-out":"1","cover":"///content/4fa/z/21330.png","link-01":"https://github.com/sebastienroelandt/LD-44","link-01-tag":[42332],"link-02":"https://sroelandt.itch.io/ld-44-catch-them-all","link-02-tag":[42336]},"path":"/events/ludum-dare/44/catch-them-all","parents":[1,5,9,139254],"love":0,"notes":22,"notes-timestamp":"2019-05-21T15:27:31Z","grade":{"grade-01":26,"grade-02":26,"grade-03":26,"grade-04":26,"grade-05":26,"grade-07":23,"grade-08":23},"magic":{"cool":126.77313820928,"feedback":0,"given":33.75,"grade":25.142857142857,"grade-01-average":3.604,"grade-01-result":127,"grade-02-average":3.833,"grade-02-result":42,"grade-03-average":3.729,"grade-03-result":57,"grade-04-average":2.729,"grade-04-result":428,"grade-05-average":3.375,"grade-05-result":244,"grade-07-average":3.19,"grade-07-result":129,"grade-08-average":3.19,"grade-08-result":216,"smart":14.723841848935}}]}