{"status":200,"caller_id":0,"cached":[],"node":[{"id":144812,"parent":139254,"superparent":9,"author":144811,"type":"item","subtype":"game","subsubtype":"compo","published":"2019-04-28T23:05:39Z","created":"2019-04-24T06:21:14Z","modified":"2019-04-28T23:05:39Z","version":443522,"slug":"mortal-the-fate-of-cells","name":"Mortal: the fate of cells","body":"Mortal is an arcade game where cells go on missions. depending on their type, cells have different missions to complete.\n\n////\nhow is this related to the theme “life is currency”? my take is this: cells are the currency of our bodies. even if we do not often think of their work; what, when and why we are doing what we do - this is exactly what it means to be alive, but also what it means to be mortal.\n////\n\nduring the missions, cells act as currency. you can loose one cell type, but in return receive two cells of a different type. there’s always a trade off, but also a price to pay.\n\nafter each completed mission, the next one is always harder and more challenging.\n\n![screen.JPG](///raw/ba5/32/z/21430.jpg)\n\n![screen2.JPG](///raw/ba5/32/z/21433.jpg)\n\n![screen3.JPG](///raw/ba5/32/z/21435.jpg)\n\n![screen4.JPG](///raw/ba5/32/z/21436.jpg)\n\n*Tooling used:*\n\n```\n* Unity\n* Gimp\n* Audacity\n```\n\n\n### Notes\n\n*Dedicated to my wife, I couldn't make it without her support.*\n","meta":{"author":[144811],"grade-07-out":"1","cover":"///content/ba5/32/z/213e1.jpg","link-01":"https://www.dropbox.com/s/b6n8iw0nf59dzgy/Mortal%20-%20the%20fate%20of%20cells.zip?dl=0","link-01-tag":[42337],"link-02":"https://github.com/pwroff/Mortal","link-02-tag":[42332]},"path":"/events/ludum-dare/44/mortal-the-fate-of-cells","parents":[1,5,9,139254],"love":0,"notes":38,"notes-timestamp":"2019-05-21T05:51:32Z","grade":{"grade-01":37,"grade-02":37,"grade-03":37,"grade-04":37,"grade-05":37,"grade-06":37,"grade-08":37},"magic":{"cool":105.43025110757,"feedback":35,"given":34.875,"grade":37,"grade-01-average":3.229,"grade-01-result":315,"grade-02-average":3.3,"grade-02-result":207,"grade-03-average":3.314,"grade-03-result":166,"grade-04-average":2.929,"grade-04-result":381,"grade-05-average":3.357,"grade-05-result":250,"grade-06-average":2.586,"grade-06-result":326,"grade-08-average":3.143,"grade-08-result":243,"smart":16.635741108359}}]}