{"status":200,"caller_id":0,"cached":[],"node":[{"id":145079,"parent":139254,"superparent":9,"author":133926,"type":"item","subtype":"game","subsubtype":"jam","published":"2019-04-30T00:36:31Z","created":"2019-04-24T15:09:22Z","modified":"2019-05-04T10:07:17Z","version":471482,"slug":"document-shrederer","name":"Document Shrederer","body":"This game is a simple topsown-shooter,you play as a offic worker and you have to \"finish\" these files or you have to pay... liturly.After every wave you can get some nice upgrades.\n\nfixed a resize bug(sort of)\n\n![ludumdare44_pic1.PNG](///raw/62b/02/z/22e35.png)\n![ludumdare44_pic2.PNG](///raw/62b/02/z/22e37.png)\n","meta":{"author":[133926],"link-01":"https://kinuni.itch.io/document-shredere","link-01-tag":[42337],"cover":"///content/62b/02/z/22e29.png"},"path":"/events/ludum-dare/44/document-shrederer","parents":[1,5,9,139254],"love":0,"notes":13,"notes-timestamp":"2019-05-14T21:17:38Z","grade":{"grade-01":24,"grade-02":24,"grade-03":24,"grade-04":24,"grade-05":24,"grade-06":24,"grade-07":22,"grade-08":23},"magic":{"cool":118.69455669935,"feedback":3,"given":31.875,"grade":23.625,"grade-01-average":2.977,"grade-01-result":954,"grade-02-average":3,"grade-02-result":793,"grade-03-average":2.295,"grade-03-result":1094,"grade-04-average":3.068,"grade-04-result":778,"grade-05-average":3.159,"grade-05-result":772,"grade-06-average":2.932,"grade-06-result":563,"grade-07-average":2.45,"grade-07-result":761,"grade-08-average":2.5,"grade-08-result":1020,"smart":16.418638938899}}]}