{"status":200,"caller_id":0,"cached":[],"node":[{"id":150543,"parent":139254,"superparent":9,"author":150541,"type":"item","subtype":"game","subsubtype":"jam","published":"2019-04-29T09:06:24Z","created":"2019-04-27T16:07:14Z","modified":"2019-04-29T09:06:24Z","version":447779,"slug":"save-your-soul","name":"Save Your Soul!","body":"My submission to the Ludum Dare Game Jam 44.\nEach time i dont feel ready to join the jam but this time i was doing it no matter what!!\nAlthough i did join late but i had this idea that i wanted to make and show you guys, hopefully you like and enjoy it :D \nThe game is simple and reflects the Theme, you are a human surrounded by zombies and there is a safe place you should go to that zombies cant reach. So its like a zombie puzzle game.\nIn order to go to that safe spot you need to run away from zombies by throwing body parts as a decoy to run away until you figure out the hide spot.\nYou should read the Rules before playing since i wanted to add more logic to it by not allowing you to do certain things if you cut the wrong body parts(ex:- no legs, no jump, etc..) \n\nIt was an amazing experience to join the Ludum Dare! Thanks :)![ss3.PNG](///raw/d0c/42/z/21ca1.png)","meta":{"author":[150541],"grade-05-out":"1","link-01-tag":[42337],"cover":"///content/d0c/42/z/21c8e.png","grade-06-out":"1","link-01":"https://drive.google.com/open?id=1EArY7jIu9pRCkA84z5um2cml2u8Ljfi4","link-01-name":"Google Drive","link-02":"https://wardetta.itch.io/save-your-soul-ld44","link-02-tag":[42336],"link-02-name":"WebGel_itch","link-03":"https://twitter.com/WardettaGaming","link-03-tag":[42440],"link-03-name":"Twitter"},"path":"/events/ludum-dare/44/save-your-soul","parents":[1,5,9,139254],"love":0,"notes":20,"notes-timestamp":"2019-05-12T10:59:08Z","grade":{"grade-01":30,"grade-02":30,"grade-03":29,"grade-04":30,"grade-07":29,"grade-08":29},"magic":{"cool":115.89630133323,"feedback":23,"given":28.375,"grade":29.5,"grade-01-average":2.875,"grade-01-result":1016,"grade-02-average":2.607,"grade-02-result":1033,"grade-03-average":3,"grade-03-result":654,"grade-04-average":3.179,"grade-04-result":691,"grade-07-average":2.63,"grade-07-result":671,"grade-08-average":3.111,"grade-08-result":718,"smart":16.26241504692}}]}