{"status":200,"caller_id":0,"cached":[],"node":[{"id":154081,"parent":139254,"superparent":9,"author":52048,"type":"item","subtype":"game","subsubtype":"jam","published":"2019-04-30T00:52:25Z","created":"2019-04-30T00:20:16Z","modified":"2019-04-30T00:52:25Z","version":456896,"slug":"no-more-chicken","name":"No more Chicken","body":"Embody a resigned chicken that is determinded to fight the system and free his peers from KFC !![giphy.gif](///raw/05b/c/z/22f79.gif)","meta":{"author":[52048],"cover":"///content/05b/c/z/22f7e.png","allow-anonymous-comments":"1","link-01":"https://paully.itch.io/no-more-chicken","link-01-tag":[42337]},"path":"/events/ludum-dare/44/no-more-chicken","parents":[1,5,9,139254],"love":0,"notes":18,"notes-timestamp":"2019-05-06T12:18:08Z","grade":{"grade-01":26,"grade-02":26,"grade-03":26,"grade-04":26,"grade-05":26,"grade-06":24,"grade-07":26,"grade-08":26},"magic":{"cool":100.50378152592,"feedback":15,"given":25,"grade":25.75,"grade-01-average":3.833,"grade-01-result":167,"grade-02-average":4.125,"grade-02-result":31,"grade-03-average":3.25,"grade-03-result":429,"grade-04-average":3,"grade-04-result":822,"grade-05-average":3.875,"grade-05-result":350,"grade-06-average":3.091,"grade-06-result":502,"grade-07-average":4.167,"grade-07-result":21,"grade-08-average":3.771,"grade-08-result":193,"smart":12.34482285936}}]}