{"status":200,"caller_id":0,"cached":[],"node":[{"id":149650,"parent":139254,"superparent":9,"author":124935,"type":"item","subtype":"game","subsubtype":"compo","published":"2019-04-28T15:00:49Z","created":"2019-04-27T06:52:35Z","modified":"2019-04-28T15:04:15Z","version":440310,"slug":"grow","name":"Grow","body":"So. Here we are.\n\nThis ludum dare was a LOT different from my first one. I have 130 hours of 3d modeling under my belt, and tons more experience with Unity. Also, this event wasnt during a school week.\n\nThen, whats the result you might ask. Well. Not amazing, but I guess pretty good compared to last time. The game play is pretty stale, you have to collect health to trade for strength, while avoiding dangers. Sadly, I could program anything that moves towards you, so all dangers are static objects.\n\nI also made a soundtrack, for the first time, I made it because I had time left. Its mediocre at best. There are no sounds effects though.\n\nFinally the level, this is definitly what I like most about this project, the models overall look really nice with the lowpoly style.\n\nI had some issues coverting my project to HTML5, next time Ill have to start it as HTML5 project. So, sorry, next time you'll have a HTML :D.\n\nA note on the \"Mood\" catogory, the mood I aimed for was a relaxed, chill mood.\n\nAnyways, my tired ramble aside, enjoy playing my game!\n\n![MMbackground.png](///raw/708/e1/z/20dff.png)\nSome environment\n\n![Screenshot2.png](///raw/708/e1/z/20e03.png)\nGameplay screenshot","meta":{"author":[124935],"allow-anonymous-comments":"1","grade-07-out":"1","cover":"///content/708/e1/z/20def.png","link-01":"https://bitbucket.org/Caspercaper17/ludum-dare-44-source-code/src/master/","link-01-tag":[50],"link-01-name":"Source Code","link-02":"https://caspercaper17.itch.io/grow-ld44","link-02-tag":[42337],"link-02-name":"Windows","link-03":"https://caspercaper17.itch.io/grow-ld44","link-03-tag":[42339],"link-03-name":"Mac - Untested","link-04":"https://caspercaper17.itch.io/grow-ld44","link-04-tag":[42341],"link-04-name":"Linux - Untested"},"path":"/events/ludum-dare/44/grow","parents":[1,5,9,139254],"love":0,"notes":38,"notes-timestamp":"2019-05-05T10:38:42Z","grade":{"grade-01":44,"grade-02":43,"grade-03":43,"grade-04":43,"grade-05":44,"grade-06":43,"grade-08":44},"magic":{"cool":104.46129504349,"feedback":31,"given":40.375,"grade":43.428571428571,"grade-01-average":2.976,"grade-01-result":402,"grade-02-average":2.451,"grade-02-result":467,"grade-03-average":2.72,"grade-03-result":389,"grade-04-average":2.915,"grade-04-result":387,"grade-05-average":3.702,"grade-05-result":136,"grade-06-average":3.061,"grade-06-result":225,"grade-08-average":3.643,"grade-08-result":82,"smart":13.428188504306}}]}