{"status":200,"caller_id":0,"cached":[],"node":[{"id":143178,"parent":139254,"superparent":9,"author":111735,"type":"item","subtype":"game","subsubtype":"compo","published":"2019-04-28T11:11:28Z","created":"2019-04-21T13:47:48Z","modified":"2019-04-28T11:25:16Z","version":439508,"slug":"ez-game","name":"EZ GAME","body":"Survive and earn highest point by killing some mob(fireball) in the games. Aiko Chan will be the anime character(PS : Self made character) you use in the game. Be careful of the enemy which will decrease your points you earn and attack you until you're out of Health point. Caution: health point will NOT be shown in the game. Your health point is part of the point. You can only determine the points keep decreasing when you take damage from enemy.![ScreenShot.png](///raw/774/b1/z/20cd4.png)","meta":{"author":[111735],"link-01-tag":[42332],"grade-06-out":"1","allow-anonymous-comments":"1","cover":"///content/774/b1/z/20cd6.png","grade-07-out":"1","grade-08-out":"1","link-01":"https://drive.google.com/drive/folders/1qUIKG-tyaVwyCGWbBTAhXba_xCOaVc4A?usp=sharing","link-02":"https://limzijie.itch.io/ez-game","link-02-tag":[42337]},"path":"/events/ludum-dare/44/ez-game","parents":[1,5,9,139254],"love":0,"notes":20,"notes-timestamp":"2019-05-02T05:01:17Z","grade":{"grade-01":21,"grade-02":21,"grade-03":21,"grade-04":21,"grade-05":21},"magic":{"cool":126.40957813116,"feedback":1,"given":19.375,"grade":21,"grade-01-average":2.579,"grade-01-result":493,"grade-02-average":2.368,"grade-02-result":479,"grade-03-average":2.237,"grade-03-result":485,"grade-04-average":1.895,"grade-04-result":495,"grade-05-average":3,"grade-05-result":350,"smart":-2.7154394865983}}]}