{"status":200,"caller_id":0,"cached":[],"node":[{"id":141431,"parent":139254,"superparent":9,"author":141430,"type":"item","subtype":"game","subsubtype":"jam","published":"2019-04-30T01:15:07Z","created":"2019-04-12T03:31:33Z","modified":"2019-05-01T05:55:51Z","version":466490,"slug":"the-underworld-underworld","name":"The Underworld Underworld","body":"You've messed up.\nYou owe the Reaper Gang big time. And they've taken your soul as collateral.\nBut the big man himself is willing to give you another chance.\nYou just have to do him one small favor...![Mafia Death1.png](///raw/408/32/z/22b79.png)\n\nControls:\n- `WASD`: Move\n- `R`: Reload\n- `Left Click`: Primary Weapon\n- `Right Click`: Secondary Weapon\n- `Scroll`: Change Weapon\n- `Space`: Advance Dialog\n\nCredits:\n- `Osspial`: Programming, Game Design, and SFX\n- `Absent`: Art, Writing, Game Design, and Level Design\n- `Caleb Erb-White`: Music","meta":{"author":[141430,145412,151708],"link-01-tag":[42336],"cover":"///content/678/22/z/23e3c.png","link-01":"https://osspial.itch.io/the-underworld-underworld","link-02":"https://github.com/Osspial/ldjam_april_2019","link-02-tag":[42332]},"path":"/events/ludum-dare/44/the-underworld-underworld","parents":[1,5,9,139254],"love":0,"notes":12,"notes-timestamp":"2019-05-07T08:04:07Z","grade":{"grade-01":20,"grade-02":20,"grade-03":20,"grade-04":20,"grade-05":20,"grade-06":20,"grade-07":20,"grade-08":20},"magic":{"cool":72.547625011001,"feedback":13,"given":10,"grade":20,"grade-01-average":3.722,"grade-01-result":266,"grade-02-average":3.5,"grade-02-result":349,"grade-03-average":3.306,"grade-03-result":387,"grade-04-average":3.444,"grade-04-result":480,"grade-05-average":3.861,"grade-05-result":356,"grade-06-average":3.722,"grade-06-result":178,"grade-07-average":3.667,"grade-07-result":143,"grade-08-average":3.806,"grade-08-result":174,"smart":-9.1704893770753}}]}