{"status":200,"caller_id":0,"cached":[],"node":[{"id":147273,"parent":139254,"superparent":9,"author":147269,"type":"item","subtype":"game","subsubtype":"compo","published":"2019-04-28T23:12:41Z","created":"2019-04-26T14:40:35Z","modified":"2019-04-29T05:08:06Z","version":447164,"slug":"survive-tonight","name":"SURVIVE tonight","body":"Controls: WASD/arrows + mouse\n\n\n![Snímek obrazovky (8).png](///raw/54f/32/z/21495.png)\n\n\nIn this fast-paced shooting game you unlock up to 4 weapons and buy upgrades--for your lives.\n4 types of enemies each with different behavior\n\n!!\nThere is problem with the cursor in menu. Your actual pointer is located in top-left corner of the crosshair not in middle of it.","meta":{"author":[147269],"allow-anonymous-comments":"1","grade-07-out":"1","cover":"///content/54f/32/z/2144d.png","link-01-tag":[50],"link-02":"https://yahub.itch.io/survive-tonight","link-02-tag":[42336],"link-03":"https://yahub.itch.io/survive-tonight","link-03-tag":[42337],"link-04":"","link-04-tag":null,"link-05":"","link-05-tag":null,"grade-08-out":"1","link-01":"https://yahub.itch.io/survive-tonight"},"path":"/events/ludum-dare/44/survive-tonight","parents":[1,5,9,139254],"love":0,"notes":17,"notes-timestamp":"2019-05-22T07:34:05Z","grade":{"grade-01":22,"grade-02":22,"grade-03":21,"grade-04":20,"grade-05":22,"grade-06":21},"magic":{"cool":111.43009766965,"feedback":10,"given":18.625,"grade":21.333333333333,"grade-01-average":3.175,"grade-01-result":340,"grade-02-average":3.35,"grade-02-result":191,"grade-03-average":2.342,"grade-03-result":466,"grade-04-average":3.222,"grade-04-result":289,"grade-05-average":3.525,"grade-05-result":200,"grade-06-average":2.895,"grade-06-result":271,"smart":5.2341140030171}}]}