{"status":200,"caller_id":0,"cached":[],"node":[{"id":152616,"parent":139254,"superparent":9,"author":37511,"type":"item","subtype":"game","subsubtype":"compo","published":"2019-04-29T01:12:04Z","created":"2019-04-29T00:52:26Z","modified":"2019-04-29T01:14:33Z","version":445323,"slug":"anthill","name":"Anthill","body":"Anthill is a short puzzle/action game based on a physical arcade game from 1983 called Zeke's Peak, which I have never played, but once saw a youtube video of.\n\n![Screenshot 2019-04-28 18.07.22.png](///raw/782/9/z/21849.png)\n\n![Screenshot 2019-04-28 18.07.37.png](///raw/782/9/z/21870.png)\n\n![Screenshot 2019-04-28 18.09.31.png](///raw/782/9/z/2184c.png)","meta":{"author":[37511],"grade-06-out":"1","grade-07-out":"1","cover":"///content/782/9/z/2180b.png","link-01":"https://github.com/mikelovesrobots/anthill","link-01-tag":[50],"link-02":"https://github.com/mikelovesrobots/anthill/releases/download/v1/anthill-osx.zip","link-02-tag":[42339],"link-03":"https://github.com/mikelovesrobots/anthill/releases/download/v1/anthill-win.zip","link-03-tag":[42337]},"path":"/events/ludum-dare/44/anthill","parents":[1,5,9,139254],"love":0,"notes":24,"notes-timestamp":"2019-05-21T13:03:42Z","grade":{"grade-01":30,"grade-02":30,"grade-03":30,"grade-04":29,"grade-05":30,"grade-08":30},"magic":{"cool":122.3550580643,"feedback":18,"given":32,"grade":29.833333333333,"grade-01-average":3.571,"grade-01-result":138,"grade-02-average":3.607,"grade-02-result":95,"grade-03-average":3.643,"grade-03-result":78,"grade-04-average":2.093,"grade-04-result":487,"grade-05-average":3.464,"grade-05-result":223,"grade-08-average":2.607,"grade-08-result":409,"smart":15.313907649066}}]}