{"status":200,"caller_id":0,"cached":[],"node":[{"id":152749,"parent":139254,"superparent":9,"author":144980,"type":"item","subtype":"game","subsubtype":"compo","published":"2019-04-29T03:41:04Z","created":"2019-04-29T01:58:26Z","modified":"2019-04-29T12:29:50Z","version":448416,"slug":"gods-life","name":"God's Life","body":"You are THE GOD and your purpose is to stay as many time as you can. The game is a survival game,you lose when all your believers are dead.You can fight some monster in the night or craft your items by the sacrifice zone. Be aware the nights getting harder and harder, but you are THE GOD what is few monsters for you.\n\nGAME EXPLAIN:\nTo get an item you need to sacrifice your life's material.\nThe game works by drag and drop your material(humen,cows,spoiler,spoiler) to the sacrifice zone at the right corner. You need to match the material to the shadow in the craft zone.\nThe whole game works on the mouse left button.\nand also you can press on 'R' to restart the game.\n\nITEM EXPLAIN:\nCamp - let you burn material for exschange with other material.(it happens when you place the material on the camp)\nHouse - create you new believer by putting two believers in the House.\nAxe - make you cut trees.(stone Axe works only once)\nSword - let you kill monsters (destroy after few hits) (stone can kill only wolves)\n\nHave alot of fun(didn't finish the game yet)\n\n-if you have any bugs just write to me-\n-Fix Linked-","meta":{"author":[144980],"allow-anonymous-comments":"1","link-01":"https://www.dropbox.com/s/fg9ndk1nuc5asd0/God%27S%20Life.exe?dl=0","link-01-tag":[42440],"cover":"///content/456/32/z/21bbd.png"},"path":"/events/ludum-dare/44/gods-life","parents":[1,5,9,139254],"love":0,"notes":8,"notes-timestamp":"2019-05-07T22:38:39Z","grade":{"grade-01":14,"grade-02":13,"grade-03":13,"grade-04":13,"grade-05":13,"grade-06":11,"grade-07":12,"grade-08":12},"magic":{"cool":127.4227575427,"feedback":0,"given":18.875,"grade":12.625,"grade-01-average":2.292,"grade-01-result":505,"grade-02-average":2.227,"grade-03-average":2.455,"grade-04-average":2.682,"grade-05-average":2.409,"grade-06-average":1.5,"grade-07-average":1.85,"grade-08-average":2,"smart":11.710961158586}}]}