{"status":200,"caller_id":0,"cached":[],"node":[{"id":148493,"parent":139254,"superparent":9,"author":106606,"type":"item","subtype":"game","subsubtype":"jam","published":"2019-04-30T01:58:15Z","created":"2019-04-26T22:53:40Z","modified":"2019-04-30T02:37:00Z","version":461110,"slug":"between-us","name":"bETween us","body":"bETween us is a horror FPS, where you need to find help but find out you're being hunted.\n\n\n![entrenosreference01.png](///raw/e60/a1/z/237e1.png)\n\n![entrenosreference03.png](///raw/e60/a1/z/237e5.png)","meta":{"author":[106606],"link-01-tag":[42337],"cover":"///content/e60/a1/z/235fa.png","link-01-name":"ZIP","link-01":"https://nayvos.itch.io/between-us"},"path":"/events/ludum-dare/44/between-us","parents":[1,5,9,139254],"love":0,"notes":17,"notes-timestamp":"2019-05-17T20:43:35Z","grade":{"grade-01":26,"grade-02":26,"grade-03":27,"grade-04":27,"grade-05":25,"grade-06":24,"grade-07":25,"grade-08":25},"magic":{"cool":114.66127559829,"feedback":2,"given":32.375,"grade":25.625,"grade-01-average":2.875,"grade-01-result":1016,"grade-02-average":2.813,"grade-02-result":929,"grade-03-average":2.44,"grade-03-result":1054,"grade-04-average":2.34,"grade-04-result":1083,"grade-05-average":3.304,"grade-05-result":693,"grade-06-average":3.114,"grade-06-result":492,"grade-07-average":2.87,"grade-07-result":519,"grade-08-average":3.935,"grade-08-result":111,"smart":14.124450683902}}]}