{"status":200,"caller_id":0,"cached":[],"node":[{"id":153908,"parent":139254,"superparent":9,"author":1970,"type":"item","subtype":"game","subsubtype":"jam","published":"2019-04-29T23:34:36Z","created":"2019-04-29T23:13:59Z","modified":"2019-04-29T23:34:36Z","version":454740,"slug":"highway-to-hell","name":"Highway To Hell","body":"Going through hell to find your daughter, you shall trade your life with the merchant to get more powerful to vanquish your most dangerous enemies ..\n\n@Team :v: \n\n@MonsieurDuba - design music\n\n@Poueteuh - game design\n\n@SebV - dev\n\n@Kataleya - dev \n\n@BouDeSit - dev\n\n\n![highway-to-hell1.png](///raw/2b7/z/22aa9.png)\n\n![highway-to-hell2.png](///raw/2b7/z/22aad.png)\n\n\nEnjoy ! :smiling_imp: \n","meta":{"author":[1970],"cover":"///content/2b7/z/23d8c.jpg","link-01-tag":[42336],"link-01":"https://boudesit.github.io/LD44/index.html","link-02":"https://github.com/boudesit/LD44","link-02-tag":[42332]},"path":"/events/ludum-dare/44/highway-to-hell","parents":[1,5,9,139254],"love":0,"notes":26,"notes-timestamp":"2019-05-09T13:38:36Z","grade":{"grade-01":34,"grade-02":34,"grade-03":34,"grade-04":34,"grade-05":35,"grade-06":34,"grade-07":31,"grade-08":32},"magic":{"cool":96.476382123773,"feedback":28,"given":30.25,"grade":33.5,"grade-01-average":2.875,"grade-01-result":1016,"grade-02-average":2.859,"grade-02-result":902,"grade-03-average":2.5,"grade-03-result":1024,"grade-04-average":2.75,"grade-04-result":983,"grade-05-average":2.924,"grade-05-result":879,"grade-06-average":2.984,"grade-06-result":545,"grade-07-average":2.345,"grade-07-result":802,"grade-08-average":2.917,"grade-08-result":850,"smart":14.930218932536}}]}