{"status":200,"caller_id":0,"cached":[],"node":[{"id":145491,"parent":139254,"superparent":9,"author":124763,"type":"item","subtype":"game","subsubtype":"jam","published":"2019-04-29T04:55:10Z","created":"2019-04-25T02:41:22Z","modified":"2019-05-05T21:49:16Z","version":472651,"slug":"pastemates-overdrive","name":"Pastemates Overdrive!!!","body":"​\n![Screenshot.png](///raw/b57/e1/z/21bf4.png)\n\nIt's time to take your deliveries into overdrive with this fast-paced arcade racer. Weave through a metropolitan fortress and make your deliveries on time or you'll run out of gas.\n\nControls:\n\n* Arrow keys or WASD - movement\n\n\n\n_Pastemates Overdrive_​ explores the challenges of on-demand delivery service through the perspective of an autonomous vehicle. It was created using Godot 3.1 in 50 hours for the Ludum Dare 44 jam (Theme: Your Life is Currency). Programming + art created by me.\n\n\n\n\nThanks to the curators at freesounds.org for the audio:\n\n* richerlandtv for phone notification​\n* kwahmah-02 for low gas alarm​\n* ulose2piranha for ahh​\n* jwheeler91 for doorbell​​","meta":{"author":[124763],"cover":"///content/b57/e1/z/21ba1.png","link-01-tag":[42337],"grade-06-out":"1","link-01":"https://tinymushroom.itch.io/pastemates-overdrive","link-02-tag":[42339],"allow-anonymous-comments":"1","link-02":"https://tinymushroom.itch.io/pastemates-overdrive","link-03":"https://tinymushroom.itch.io/pastemates-overdrive","link-03-tag":[42341],"link-04":"","link-04-tag":[42341],"link-05-tag":null},"path":"/events/ludum-dare/44/pastemates-overdrive","parents":[1,5,9,139254],"love":0,"notes":8,"notes-timestamp":"2019-05-19T23:08:08Z","grade":{"grade-01":21,"grade-02":21,"grade-03":21,"grade-04":20,"grade-05":21,"grade-07":21,"grade-08":20},"magic":{"cool":111.06649550318,"feedback":16,"given":21.125,"grade":20.714285714286,"grade-01-average":2.421,"grade-01-result":1141,"grade-02-average":2.395,"grade-02-result":1110,"grade-03-average":2.211,"grade-03-result":1121,"grade-04-average":2.722,"grade-04-result":998,"grade-05-average":2.211,"grade-05-result":1031,"grade-07-average":2.5,"grade-07-result":732,"grade-08-average":2.5,"grade-08-result":1020,"smart":18.576324903356}}]}