{"status":200,"caller_id":0,"cached":[],"node":[{"id":139600,"parent":139254,"superparent":9,"author":39038,"type":"item","subtype":"game","subsubtype":"compo","published":"2019-04-28T23:46:57Z","created":"2019-03-15T11:45:54Z","modified":"2019-04-28T23:48:34Z","version":443985,"slug":"torture-for-a-living","name":"Torture For A Living","body":"Your job is to torture people. The more pain you cause to the guy, the more money you make. Try not to kill them too fast. You have 30 sec per client.\n\n**How to play:**\n\n*Click* the move you want to perform or select the left or right one using the *arrow keys*.\nSome moves deal damages and some heal.\n\n![TortureForALiving_Gameplay.gif](///raw/e78/9/z/21520.gif)","meta":{"author":[39038],"cover":"///content/e78/9/z/214f0.png","link-01-tag":[42336],"link-02-tag":[42337],"link-03":"https://github.com/AntoineCollot/TortureForALiving","link-03-tag":[42332],"allow-anonymous-comments":"1","link-02":"https://yorsh.itch.io/torture-for-a-living","link-01":"https://yorsh.itch.io/torture-for-a-living"},"path":"/events/ludum-dare/44/torture-for-a-living","parents":[1,5,9,139254],"love":0,"notes":19,"notes-timestamp":"2019-05-16T22:00:07Z","grade":{"grade-01":31,"grade-02":31,"grade-03":31,"grade-04":31,"grade-05":31,"grade-06":29,"grade-07":30,"grade-08":31},"magic":{"cool":108.30492973963,"feedback":9,"given":34.75,"grade":30.625,"grade-01-average":3.362,"grade-01-result":238,"grade-02-average":3.362,"grade-02-result":188,"grade-03-average":3.603,"grade-03-result":84,"grade-04-average":3.207,"grade-04-result":294,"grade-05-average":3.448,"grade-05-result":227,"grade-06-average":3.074,"grade-06-result":221,"grade-07-average":3.339,"grade-07-result":99,"grade-08-average":3.086,"grade-08-result":265,"smart":13.20921574948}}]}