{"status":200,"caller_id":0,"cached":[],"node":[{"id":147623,"parent":139254,"superparent":9,"author":147620,"type":"item","subtype":"game","subsubtype":"jam","published":"2019-04-29T18:15:18Z","created":"2019-04-26T17:35:11Z","modified":"2019-05-03T23:21:26Z","version":471212,"slug":"lifo-the-forest-necro","name":"Lifo, The Forest Necro","body":"From an unknown forest, there is a necromancer that watches over all the trees on the unseen land. One day, travelers have found this beautiful forest but because of the dark nature of these trespassers, the trees are slowly dying. Bound by the responsibility of the necromancer, he uses its life in order to payback the lives of the trees that the trespassers have bought. This necromancer's heroic name is...\n\nLifo, The Forest Necro \n\nIt is a submission for the Ludum Dare Jam 44\n\nMade in 2 days.\n\nTheme: Your life is currency\n\nMechanics:\n\nThe goal of the game is to save many dead tree as many as possible by transferring your own life force. The more trees you save, the higher your life force multiplier will be. \n\nControls:\n\nA and D - to move right and left\n\nLeft Mouse - to attack\n\n\nv.02 Changelog:\n\n- Fixed the mouse problem\n- Add Scoring Counter \n​- Add Exit game when failed\n\n\n\n\nTip: Do not waste your life :(\n\nInstall instructions:\n\nUnzip then play.! \n\n\n![SS.png](///raw/4a0/42/z/24532.png)\n\n\n![ss2.png](///raw/4a0/42/z/24533.png)\n\n\n![ss3.png](///raw/4a0/42/z/24534.png)\n\n\n![ss4.png](///raw/4a0/42/z/24535.png)\n\n\n![ss5.png](///raw/4a0/42/z/24547.png)","meta":{"author":[147620],"cover":"///content/4a0/42/z/247a4.png","link-01":"https://kkyloves.itch.io/lifo-the-forest-necro","link-01-tag":[42337],"allow-anonymous-comments":"1"},"path":"/events/ludum-dare/44/lifo-the-forest-necro","parents":[1,5,9,139254],"love":0,"notes":25,"notes-timestamp":"2019-05-07T01:41:17Z","grade":{"grade-01":35,"grade-02":35,"grade-03":35,"grade-04":35,"grade-05":35,"grade-06":34,"grade-07":32,"grade-08":33},"magic":{"cool":132.78395591098,"feedback":0,"given":58.625,"grade":34.25,"grade-01-average":3.273,"grade-01-result":726,"grade-02-average":3.303,"grade-02-result":538,"grade-03-average":2.758,"grade-03-result":883,"grade-04-average":3.197,"grade-04-result":677,"grade-05-average":3.121,"grade-05-result":791,"grade-06-average":3.297,"grade-06-result":385,"grade-07-average":2.583,"grade-07-result":695,"grade-08-average":3.097,"grade-08-result":731,"smart":17.444043902941}}]}