{"status":200,"caller_id":0,"cached":[],"node":[{"id":146966,"parent":139254,"superparent":9,"author":7975,"type":"item","subtype":"game","subsubtype":"jam","published":"2019-04-29T20:10:15Z","created":"2019-04-26T11:12:58Z","modified":"2019-04-30T19:50:29Z","version":465276,"slug":"brave-swordsman","name":"Brave Swordsman","body":"![header.png](///raw/72f/1/z/23e95.png)\n\nWelcome brave swordsman! The world is falling and only You can stop it! Many years of ill consumerism and the corporate rat race have led to the degeneration of society. Evil corporations in agreement with the government and demonic forces have created a system in which the only currency is human life. Humanity has lost its sense and many have gone mad and have gone to the desert. Now they are wandering and attacking everything they encounter on their path. The last hope in you. Go and save the world!\n\nControls:\n\n>W,A,S,D or arrows - Move\n\n>Mouse - Sword movement\n\n>E - Interact\n\n>LMB,RMB,Q,Shift or Z,X,C,V - Special abilities\n\n>F12 - Fullscreen\n\n\nGamepad Controls:\n\n>Left stick - Move\n\n>Right stick - Sword movement\n\n>A - Interact\n\n>Left and right bumper, Left and right trigger- Special abilities\n\n![1.png](///raw/72f/1/z/23e90.png)\n\n![2.png](///raw/72f/1/z/23e91.png)\n\n![3.png](///raw/72f/1/z/23e92.png)\n\n![4.png](///raw/72f/1/z/23e93.png)\n\n![5.png](///raw/72f/1/z/23e94.png)","meta":{"author":[7975],"grade-06-out":"1","cover":"///content/72f/1/z/2239c.png","link-01":"https://gamejolt.com/games/BraweSwrodsman/411336","link-01-tag":[42337]},"path":"/events/ludum-dare/44/brave-swordsman","parents":[1,5,9,139254],"love":0,"notes":36,"notes-timestamp":"2019-05-14T00:49:27Z","grade":{"grade-01":55,"grade-02":53,"grade-03":54,"grade-04":54,"grade-05":55,"grade-07":52,"grade-08":53},"magic":{"cool":102.28370604226,"feedback":52,"given":48.125,"grade":53.714285714286,"grade-01-average":3.632,"grade-01-result":345,"grade-02-average":3.627,"grade-02-result":248,"grade-03-average":3.49,"grade-03-result":254,"grade-04-average":3.663,"grade-04-result":306,"grade-05-average":3.226,"grade-05-result":739,"grade-07-average":2.95,"grade-07-result":476,"grade-08-average":3.392,"grade-08-result":478,"smart":17.47283524831}}]}