{"status":200,"caller_id":0,"cached":[],"node":[{"id":153504,"parent":139254,"superparent":9,"author":35538,"type":"item","subtype":"game","subsubtype":"jam","published":"2019-04-29T21:25:37Z","created":"2019-04-29T20:01:05Z","modified":"2019-04-29T21:25:37Z","version":452446,"slug":"lifeblood","name":"Lifeblood","body":"![Screenshot (20).png](///raw/2da/8/z/2257a.png)\n\n![Screenshot (22).png](///raw/2da/8/z/2257c.png)\n\n​Lifeblood is an unforgiving game where choices stack. \n\nA survivor is trying to build a way out of a world where the belief that the blood contains the soul has formed a cult. In order to build their machine the survivor must hunt, search and give their blood in order to collect the needed items.\n","meta":{"author":[35538,112276],"grade-06-out":"1","grade-07-out":"1","link-01-tag":[42336],"cover":"///content/2da/8/z/22364.png","link-01":"https://arcticallosaurus.itch.io/lifeblood"},"path":"/events/ludum-dare/44/lifeblood","parents":[1,5,9,139254],"love":0,"notes":17,"notes-timestamp":"2019-05-17T19:08:06Z","grade":{"grade-01":23,"grade-02":23,"grade-03":22,"grade-04":22,"grade-05":23,"grade-08":23},"magic":{"grade":22.666666666667,"given":20.125,"feedback":9,"smart":3.0994490910485,"cool":112.15224028079,"grade-01-average":3.952,"grade-01-result":100,"grade-02-average":3.571,"grade-02-result":297,"grade-03-average":3.6,"grade-03-result":189,"grade-04-average":4.35,"grade-04-result":14,"grade-05-average":4.667,"grade-05-result":18,"grade-08-average":4.5,"grade-08-result":8}}]}