{"status":200,"caller_id":0,"cached":[],"node":[{"id":145813,"parent":139254,"superparent":9,"author":38468,"type":"item","subtype":"game","subsubtype":"jam","published":"2019-04-29T23:09:58Z","created":"2019-04-25T11:44:24Z","modified":"2019-05-01T10:43:16Z","version":466977,"slug":"the-extravagant-bill","name":"The Extravagant Bill","body":"The Extravagant Bill is a figure head contest between two players. You shall win if you have the most expensive hat by the end of the timer. But will they be stable enough to support all this fancy ?!\n\n![1_ecran_titre.png](///raw/446/9/z/22c73.png)\n\n![Ingame.png](///raw/446/9/z/240f7.png)\nhttps://youtu.be/fswq93YpvOc\n\n#### Credit :\n\nArt : Roxane Campoy & Noémi Gruner\n\nCode & Music : Arthur Bourdot\n\nCode : Bragou\n\n\n#### Edit :\nYou can now also play with two gamePads !","meta":{"author":[38468,46652,145815,146269],"cover":"///content/446/9/z/229f9.png","link-01-tag":[42337],"allow-anonymous-comments":"1","link-01":"https://bragou.itch.io/the-extravagant-bill"},"path":"/events/ludum-dare/44/the-extravagant-bill","parents":[1,5,9,139254],"love":0,"notes":22,"notes-timestamp":"2019-05-01T18:28:56Z","grade":{"grade-01":26,"grade-02":26,"grade-03":26,"grade-04":26,"grade-05":27,"grade-06":25,"grade-07":26,"grade-08":26},"magic":{"cool":101.24228365658,"feedback":22,"given":25.625,"grade":26,"grade-01-average":3.604,"grade-01-result":378,"grade-02-average":3.417,"grade-02-result":436,"grade-03-average":3.708,"grade-03-result":132,"grade-04-average":2.917,"grade-04-result":897,"grade-05-average":4.44,"grade-05-result":58,"grade-06-average":3.826,"grade-06-result":125,"grade-07-average":3.104,"grade-07-result":379,"grade-08-average":3.583,"grade-08-result":332,"smart":17.561705997238}}]}