{"status":200,"caller_id":0,"cached":[],"node":[{"id":33863,"parent":2,"superparent":1,"author":33863,"type":"user","subtype":"","subsubtype":"","published":"2017-07-17T13:04:00Z","created":"2017-07-17T13:04:00Z","modified":"2019-04-21T14:59:51Z","version":423914,"slug":"nnnikki","name":"NNNIKKI","body":"Hi! I'm a quite experienced game developer. I work for the [Green Bean company](https://greenbeangames.wordpress.com), a small indie dev team consisting of me and [misotanni](https://misotanni.bandcamp.com). We're currently working on [Kramening](https://kramening.wordpress.com). You can find various links on its website.\nYou can visit my website [here](https://nnnikkisgames.wordpress.com) or download/buy our games [here](https://nnnikki.itch.io).","meta":{"avatar":"///content/744/8/z/2008a.png"},"path":"/users/nnnikki","parents":[1,2],"love":0,"games":0,"articles":0,"posts":0}]}