{"status":200,"caller_id":0,"cached":[],"node":[{"id":148165,"parent":2,"superparent":1,"author":148165,"type":"user","subtype":"","subsubtype":"","published":"2019-04-26T21:04:10Z","created":"2019-04-26T21:04:10Z","modified":"2019-04-26T21:07:11Z","version":431680,"slug":"ultrasonicaeron","name":"UltrasonicAeron","body":"I am in a constant state of confusion, but I'm trying.","meta":{"avatar":"///content/5c2/42/z/205f8.png"},"path":"/users/ultrasonicaeron","parents":[1,2],"love":0,"games":0,"articles":0,"posts":0}]}