{"status":200,"caller_id":0,"cached":[],"node":[{"id":3657,"parent":2,"superparent":1,"author":3657,"type":"user","subtype":"","subsubtype":"","published":"2016-12-03T17:47:05Z","created":"2016-12-03T17:47:05Z","modified":"2020-05-02T04:17:18Z","version":635916,"slug":"killedbyapixel","name":"KilledByAPixel","body":"Livelong game developer. Participated in over 20 game jams, 9 Ludum Dares. Also worked on many AAA games.\n\n[My Game Dev Blog](http://www.frankforce.com/)\n\n[Original Ludum Dare page](http://ludumdare.com/compo/author/killedbyapixel/)\n\n**Ludum Dare Games**\n\n- LD 44 - [SPENDOTRON: 2019](https://ldjam.com/events/ludum-dare/44/currency-wars) (65th in fun)\n- LD 34 - [Berry Thorny](http://frankforce.com/?p=5155) (88th in graphics)\n- LD 33 - [The Monster I Am](http://frankforce.com/?p=5041) (66th in fun)\n- LD 31 - [Scan Lines](http://frankforce.com/?p=4894) (15th in innovation)\n- LD 26- [(R,G,B)](http://frankforce.com/?p=3829) (10th in graphics)\n- LD 25 - [Dark World](http://frankforce.com/?p=2874) (38th mood)\n- LD 21 - [Scpacescape](http://frankforce.com/?page_id=2171) (18th overall)\n- LD 20 - [Light The Way](http://frankforce.com/?page_id=2115) (11th in innovation)\n- LD 18 - [Protractor](http://frankforce.com/?page_id=1897) (12th in graphics)\n","meta":{"avatar":"///content/94e/z/25286.png"},"path":"/users/killedbyapixel","parents":[1,2],"love":0,"games":0,"articles":0,"posts":0}]}