{"status":200,"caller_id":0,"cached":[],"node":[{"id":127540,"parent":2,"superparent":1,"author":127540,"type":"user","subtype":"","subsubtype":"","published":"2018-11-30T17:13:29Z","created":"2018-11-30T17:13:29Z","modified":"2020-02-26T21:15:34Z","version":536257,"slug":"eddensoft","name":"EddenSoft","body":"Hi, my name is Adam Němec and I am a student who is expressing his ideas and feelings through games.","meta":{"avatar":"///content/432/f1/z/2a092.png"},"path":"/users/eddensoft","parents":[1,2],"love":0,"games":0,"articles":0,"posts":0}]}