{"status":200,"caller_id":0,"cached":[],"node":[{"id":55816,"parent":2,"superparent":1,"author":55816,"type":"user","subtype":"","subsubtype":"","published":"2017-11-29T19:54:28Z","created":"2017-11-29T19:54:28Z","modified":"2019-04-29T02:55:55Z","version":446766,"slug":"repine","name":"repine","body":"https://twitter.com/repinegames\n🕹️http://repine.itch.io  🎼 https://soundcloud.com/user-112019805","meta":{"avatar":"///content/80a/d/z/21b3a.png"},"path":"/users/repine","parents":[1,2],"love":0,"games":0,"articles":0,"posts":0}]}