{"status":200,"caller_id":0,"cached":[],"node":[{"id":148763,"parent":2,"superparent":1,"author":148763,"type":"user","subtype":"","subsubtype":"","published":"2019-04-27T00:12:47Z","created":"2019-04-27T00:12:47Z","modified":"2019-04-27T00:17:28Z","version":432749,"slug":"wtg","name":"WTG","body":"First Game Jam ever - still relatively new to coding but willing to give it a shot (solo)! Whats the worst that can happen..","meta":{"avatar":"///content/b15/42/z/20695.png"},"path":"/users/wtg","parents":[1,2],"love":0,"games":0,"articles":0,"posts":0}]}