{"status":200,"caller_id":0,"cached":[],"node":[{"id":7419,"parent":2,"superparent":1,"author":7419,"type":"user","subtype":"","subsubtype":"","published":"2016-12-09T09:24:41Z","created":"2016-12-09T09:24:41Z","modified":"2018-12-03T16:06:36Z","version":389439,"slug":"xlambein","name":"xlambein","body":"Just a person who likes to make things.\n\nFollow me on Twitter: [xlambein](https://twitter.com/xlambein)\n\nVisit my website: [🔗 lambein.xyz](https://lambein.xyz)","meta":{"avatar":"///content/bfc/1/z/1ce39.jpg"},"path":"/users/xlambein","parents":[1,2],"love":0,"games":0,"articles":0,"posts":0}]}