{"status":200,"caller_id":0,"cached":[],"node":[{"id":102415,"parent":2,"superparent":1,"author":102415,"type":"user","subtype":"","subsubtype":"","published":"2018-08-06T13:10:51Z","created":"2018-08-06T13:10:51Z","modified":"2018-12-03T10:00:34Z","version":388089,"slug":"ectomic","name":"Ectomic","body":"Pixel Artist and kind of a Game Designer/Developer.\nFunfact: I've never ever done a single pixel art in my entire life before Ludum Dare 42. (Which was my first Game Jam.)","meta":{"avatar":"///content/f00/91/z/151d8.png"},"path":"/users/ectomic","parents":[1,2],"love":0,"games":0,"articles":0,"posts":0}]}