{"status":200,"caller_id":0,"cached":[],"node":[{"id":6984,"parent":2,"superparent":1,"author":6984,"type":"user","subtype":"","subsubtype":"","published":"2016-12-08T21:47:27Z","created":"2016-12-08T21:47:27Z","modified":"2019-04-24T18:27:47Z","version":426843,"slug":"oillen","name":"oillen","body":"looking forward to LD44![mySuggestions_44.png](///raw/84b/1/z/2004b.png)","meta":{"avatar":"///content/84b/1/z/203b4.png"},"path":"/users/oillen","parents":[1,2],"love":0,"games":0,"articles":0,"posts":0}]}