{"status":200,"caller_id":0,"cached":[],"node":[{"id":146726,"parent":2,"superparent":1,"author":146726,"type":"user","subtype":"","subsubtype":"","published":"2019-04-26T07:36:40Z","created":"2019-04-26T07:36:40Z","modified":"2019-05-01T19:19:04Z","version":468103,"slug":"yukimiitsuka","name":"YukimiItsuka","body":"Tsinghua University, Department of Computer Science and Technology, third year\n\nInterested in game designing & programming. Trying to become a TA.\n\nEnjoy our game!","meta":{"avatar":"///content/62d/32/z/24324.png"},"path":"/users/yukimiitsuka","parents":[1,2],"love":0,"games":0,"articles":0,"posts":0}]}