{"status":200,"caller_id":0,"cached":[],"node":[{"id":120765,"parent":2,"superparent":1,"author":120765,"type":"user","subtype":"","subsubtype":"","published":"2018-11-08T23:32:47Z","created":"2018-11-08T23:32:46Z","modified":"2019-09-19T18:03:02Z","version":481792,"slug":"lilou-cormic","name":"lilou_cormic","body":"Hey! 36 year-old French Canadian (Acadian!) experienced programmer here. Game dev is my hobby.\nNo, I don't live in Montreal.\nNo, I am not a man.\nYes, I AM a geek gamer.\n\nI use Unity and Bxfr\n\nWebsite: [https://purplecable.ca/](https://purplecable.ca/)\n\nItch: [https://lilou-cormic.itch.io/](https://lilou-cormic.itch.io/)\n\nGitHub: [https://github.com/lilou-cormic/](https://github.com/lilou-cormic/)\n\nTwitter: [@lilou_cormic](https://twitter.com/lilou_cormic)\n\nDiscord: [lilou_cormic#4493](https://discordapp.com/invite/umzMXNq)","meta":{"avatar":"///content/db7/d1/z/1fbdc.png"},"path":"/users/lilou-cormic","parents":[1,2],"love":0,"games":0,"articles":0,"posts":0}]}