{"status":200,"caller_id":0,"cached":[],"node":[{"id":171,"parent":2,"superparent":1,"author":171,"type":"user","subtype":"","subsubtype":"","published":"2016-11-24T08:26:05Z","created":"2016-11-24T08:26:05Z","modified":"2020-03-27T05:09:04Z","version":538426,"slug":"krasse","name":"krasse","body":"Here are my old games at the previous LD site. Most of the links are broken though :)\n\n\nhttps://ludumdata.openfu.com/~krasse\n\n\nTry my music generators:\n\n[WaveBots Editor](https://krasse.itch.io/wavebots-editor)\n\n[Abundant Music](https://pernyblom.github.io/abundant-music/index.html)\n\n\n","meta":[],"path":"/users/krasse","parents":[1,2],"love":0,"games":0,"articles":0,"posts":0}]}