{"status":200,"caller_id":0,"cached":[],"node":[{"id":1406,"parent":2,"superparent":1,"author":1406,"type":"user","subtype":"","subsubtype":"","published":"2016-11-28T16:12:42Z","created":"2016-11-28T16:12:42Z","modified":"2017-11-30T10:54:21Z","version":151734,"slug":"64mega","name":"64mega","body":"Freelance developer/artist that enjoys coffee and throwing projects together.","meta":{"avatar":"///content/e75/z/4376.png"},"path":"/users/64mega","parents":[1,2],"love":0,"games":0,"articles":0,"posts":0}]}