{"status":200,"caller_id":0,"cached":[],"node":[{"id":429,"parent":2,"superparent":1,"author":429,"type":"user","subtype":"","subsubtype":"","published":"2016-11-25T10:12:32Z","created":"2016-11-25T10:12:32Z","modified":"2017-05-03T08:23:57Z","version":77563,"slug":"adamd","name":"AdamD","body":"Freelance illustrator and web developer. As a member of [Second Dimension Games](http://www.seconddimension.co.uk) I often produce environmental and UI artwork, but occasionally I also work on game design and development.","meta":{"avatar":"///content/da1/z/3c14.jpg"},"path":"/users/adamd","parents":[1,2],"love":0,"games":0,"articles":0,"posts":0}]}