{"status":200,"caller_id":0,"cached":[],"node":[{"id":139769,"parent":2,"superparent":1,"author":139769,"type":"user","subtype":"","subsubtype":"","published":"2019-03-18T19:31:51Z","created":"2019-03-18T19:31:51Z","modified":"2019-11-01T12:51:56Z","version":533547,"slug":"myrmyxo","name":"myrmyxo","body":"I do graphics in pixel art using Pro Motion NG.\nMy DeviantArt : https://www.deviantart.com/myrmyxo","meta":{"avatar":"///content/9f1/22/z/29f39.png"},"path":"/users/myrmyxo","parents":[1,2],"love":0,"games":0,"articles":0,"posts":0}]}