{"status":200,"caller_id":0,"cached":[],"node":[{"id":36196,"parent":2,"superparent":1,"author":36196,"type":"user","subtype":"","subsubtype":"","published":"2017-07-25T14:47:58Z","created":"2017-07-25T14:47:58Z","modified":"2017-07-25T14:51:26Z","version":92381,"slug":"deconstructeam","name":"Deconstructeam","body":"Seeking new narrative experiences in games.","meta":{"avatar":"///content/46d/8/z/4c24.png"},"path":"/users/deconstructeam","parents":[1,2],"love":0,"games":0,"articles":0,"posts":0}]}