{"status":200,"caller_id":0,"cached":[],"node":[{"id":121482,"parent":2,"superparent":1,"author":121482,"type":"user","subtype":"","subsubtype":"","published":"2018-11-14T15:22:24Z","created":"2018-11-14T15:22:24Z","modified":"2019-04-30T15:03:49Z","version":464017,"slug":"vlad-dae","name":"Vlad Dae","body":"Fuf... I did it! Now i can get sleep. \n\n![Unity_2019-04-30_01-16-42.png](///raw/a8a/d1/z/2386c.png)\nhttps://ldjam.com/events/ludum-dare/44/kings-alchemist","meta":{"avatar":"///content/a8a/d1/z/1e9fc.png"},"path":"/users/vlad-dae","parents":[1,2],"love":0,"games":0,"articles":0,"posts":0}]}