{"status":200,"caller_id":0,"cached":[],"node":[{"id":82136,"parent":2,"superparent":1,"author":82136,"type":"user","subtype":"","subsubtype":"","published":"2018-04-20T03:11:44Z","created":"2018-04-20T03:11:44Z","modified":"2019-05-02T10:57:35Z","version":469155,"slug":"caeonosphere","name":"caeonosphere","body":"Hi! I'm Tom. All my stuff is on [my site right here.](thquinn.github.io)\n\nIf you're an artist and you like my work, we could collaborate! You can reach me at thomashquinn@gmail.com.","meta":{"avatar":"///content/8d0/41/z/15187.png"},"path":"/users/caeonosphere","parents":[1,2],"love":0,"games":0,"articles":0,"posts":0}]}