{"status":200,"caller_id":0,"cached":[],"node":[{"id":154453,"parent":2,"superparent":1,"author":154453,"type":"user","subtype":"","subsubtype":"","published":"2019-04-30T01:45:25Z","created":"2019-04-30T01:45:25Z","modified":"2019-10-08T07:20:52Z","version":521630,"slug":"generalbeans","name":"GeneralBeans","body":"Music, Sound Design and Graphics man. Do Animations and UI.\nCome hang out at my stream!\n[General Beans' Stream!](https://www.twitch.tv/GeneralBeans)","meta":{"avatar":"///content/55b/52/z/28abf.jpg"},"path":"/users/generalbeans","parents":[1,2],"love":0,"games":0,"articles":0,"posts":0}]}