{"status":200,"caller_id":0,"cached":[],"node":[{"id":143230,"parent":2,"superparent":1,"author":143230,"type":"user","subtype":"","subsubtype":"","published":"2019-04-21T16:50:34Z","created":"2019-04-21T16:50:34Z","modified":"2020-04-18T16:58:03Z","version":563745,"slug":"oku","name":"oku","body":"Hello!\n\nI'm a designer and illustrator, learning about video game development (>w<)/\n\n*\n\nThis is the first game I helped develop:\n\nThe 7 cents deal\nhttps://ldjam.com/events/ludum-dare/44/the-7-cents-deal\n\n*\n\nMore about my work:\n\nhttps://www.instagram.com/okuworks\n\nhttps://www.youtube.com/ohkumachannel\n\n\n\n","meta":{"avatar":"///content/e7f/22/z/239a6.jpg"},"path":"/users/oku","parents":[1,2],"love":0,"games":0,"articles":0,"posts":0}]}