{"status":200,"caller_id":0,"cached":[],"node":[{"id":3513,"parent":2,"superparent":1,"author":3513,"type":"user","subtype":"","subsubtype":"","published":"2016-12-03T07:00:06Z","created":"2016-12-03T07:00:06Z","modified":"2017-05-01T08:28:03Z","version":73355,"slug":"managore","name":"managore","body":"[twitter](twitter.com/managore) | [games](managore.itch.io) | [website](daniellinssen.net)","meta":{"avatar":"///content/9bd/z/3031.png"},"path":"/users/managore","parents":[1,2],"love":0,"games":0,"articles":0,"posts":0}]}