{"status":200,"caller_id":0,"cached":[],"node":[{"id":12168,"parent":2,"superparent":1,"author":12168,"type":"user","subtype":"","subsubtype":"","published":"2017-04-17T16:28:25Z","created":"2017-04-17T16:28:25Z","modified":"2017-08-02T14:32:13Z","version":133182,"slug":"guillaume-gomez","name":"Guillaume Gomez","body":"[github](github.com/guillaume-gomez)","meta":{"avatar":"///content/88f/2/z/8605.png"},"path":"/users/guillaume-gomez","parents":[1,2],"love":0,"games":0,"articles":0,"posts":0}]}