{"status":200,"caller_id":0,"cached":[],"node":[{"id":141387,"parent":2,"superparent":1,"author":141387,"type":"user","subtype":"","subsubtype":"","published":"2019-04-11T17:51:12Z","created":"2019-04-11T17:51:12Z","modified":"2019-04-30T00:38:17Z","version":456246,"slug":"jadedresearcher","name":"jadedResearcher","body":"Joined for Ludum Dare 44 after a team member recomended it to me.","meta":{"avatar":"///content/b48/22/z/22e67.png"},"path":"/users/jadedresearcher","parents":[1,2],"love":0,"games":0,"articles":0,"posts":0}]}