{"status":200,"caller_id":0,"cached":[58592],"node":[{"id":58592,"parent":2,"superparent":1,"author":58592,"type":"user","subtype":"","subsubtype":"","published":"2017-12-01T17:35:42Z","created":"2017-12-01T17:35:42Z","modified":"2019-04-28T14:22:21Z","version":440093,"slug":"velvetlobster","name":"velvetlobster","body":"![me2.png](///raw/0e4/e/z/20dbf.png)","meta":{"avatar":"///content/0e4/e/z/22e71.png"},"path":"/users/velvetlobster","parents":[1,2],"love":0,"games":0,"articles":0,"posts":0}]}