{"status":200,"caller_id":0,"cached":[],"node":[{"id":98940,"parent":2,"superparent":1,"author":98940,"type":"user","subtype":"","subsubtype":"","published":"2018-07-20T19:52:50Z","created":"2018-07-20T19:52:50Z","modified":"2019-05-01T05:46:58Z","version":466486,"slug":"nexusviper","name":"Nexusviper","body":"Love to make games... Each of my games are unique and is fun to play. You could also try my latest game on Google Play Store https://play.google.com/store/apps/details?id=com.NXDeveloper.ProjectEarth","meta":[],"path":"/users/nexusviper","parents":[1,2],"love":0,"games":0,"articles":0,"posts":0}]}