{"status":200,"caller_id":0,"cached":[],"node":[{"id":79451,"parent":2,"superparent":1,"author":79451,"type":"user","subtype":"","subsubtype":"","published":"2018-04-17T15:05:50Z","created":"2018-04-17T15:05:50Z","modified":"2020-07-17T07:58:21Z","version":643234,"slug":"onnofal","name":"onnofal","body":"hobbyist in making games since CP/M times\n\nwell yeah I took a long break while focusing on other stuff, but Unity brought me back ツ","meta":{"avatar":"///content/b56/31/z/20103.png"},"path":"/users/onnofal","parents":[1,2],"love":0,"games":0,"articles":0,"posts":0}]}