{"status":200,"caller_id":0,"cached":[],"node":[{"id":124835,"parent":2,"superparent":1,"author":124835,"type":"user","subtype":"","subsubtype":"","published":"2018-11-28T00:16:02Z","created":"2018-11-28T00:16:02Z","modified":"2020-05-13T02:32:25Z","version":640958,"slug":"shawn-moore","name":"Shawn Moore","body":"Full stack engineer at Stripe, makin' games after dark.\n\n[twitter.com/sartak](https://twitter.com/sartak)\n\n　\n　\n# LD 46: [Boids of Prey](https://ldjam.com/events/ludum-dare/46/boids-of-prey)\n\n*(421st overall, 51st for fun, 81st for humor)*\n\n[![dash.gif](///raw/3a7/e1/z/32a15.gif)](https://ldjam.com/events/ludum-dare/46/boids-of-prey)\n\n　\n　\n　\n　\n\n# LD 44: [Jumpcoins](https://ldjam.com/events/ludum-dare/44/jumpcoins)\n\n*(77th overall, 34th for fun, 69th for theme, 90th for audio)*\n\n[![246da.gif](///raw/3a7/e1/z/24ac8.gif)](https://ldjam.com/events/ludum-dare/44/jumpcoins)\n\n　\n　\n　\n　\n\n# LD 43: [Pigheaded Pirate](https://ldjam.com/events/ludum-dare/43/pigheaded-pirate)\n\n*(356th overall, 127th for humor)*\n\n[![1f31c.gif](///raw/3a7/e1/z/24ac9.gif)](https://ldjam.com/events/ludum-dare/43/pigheaded-pirate)","meta":{"avatar":"///content/3a7/e1/z/1e647.jpg"},"path":"/users/shawn-moore","parents":[1,2],"love":0,"games":0,"articles":0,"posts":0}]}