{"status":200,"caller_id":0,"cached":[],"node":[{"id":6005,"parent":2,"superparent":1,"author":6005,"type":"user","subtype":"","subsubtype":"","published":"2016-12-07T14:58:00Z","created":"2016-12-07T14:58:00Z","modified":"2017-08-01T15:44:17Z","version":130438,"slug":"machinescreen","name":"machinescreen","body":"[machinescreen.itch.io](https://machinescreen.itch.io)\n\n[@machine_screen](https://twitter.com/machine_screen)","meta":{"avatar":"///content/577/1/z/23de7.png"},"path":"/users/machinescreen","parents":[1,2],"love":0,"games":0,"articles":0,"posts":0}]}