{"status":200,"caller_id":0,"cached":[],"node":[{"id":78391,"parent":2,"superparent":1,"author":78391,"type":"user","subtype":"","subsubtype":"","published":"2018-04-16T10:41:59Z","created":"2018-04-16T10:41:59Z","modified":"2018-04-16T10:51:57Z","version":221373,"slug":"bentekiller","name":"Bentekiller","body":"cout << \"hello \" << \"I don't know what to say, so I wrote this\" << endl;","meta":{"avatar":"///content/732/31/z/1a543.jpg"},"path":"/users/bentekiller","parents":[1,2],"love":0,"games":0,"articles":0,"posts":0}]}