{"status":200,"caller_id":0,"cached":[],"node":[{"id":125654,"parent":2,"superparent":1,"author":125654,"type":"user","subtype":"","subsubtype":"","published":"2018-11-29T04:30:22Z","created":"2018-11-29T04:30:22Z","modified":"2019-04-30T18:01:43Z","version":464802,"slug":"jerrtato","name":"jerrtato","body":"I try to leave the best feedback I can, sprinkled with a little bit of praise.  Every game in Ludum Dare has something awesome.  If you're reading this YOU ARE AWESOME TOO! \n\nOur LD44 Game: https://ldjam.com/events/ludum-dare/44/the-price-is-people","meta":{"avatar":"///content/6da/e1/z/1afae.png"},"path":"/users/jerrtato","parents":[1,2],"love":0,"games":0,"articles":0,"posts":0}]}