{"status":200,"caller_id":0,"cached":[],"node":[{"id":75464,"parent":2,"superparent":1,"author":75464,"type":"user","subtype":"","subsubtype":"","published":"2018-04-05T21:44:14Z","created":"2018-04-05T21:44:14Z","modified":"2019-05-01T13:38:44Z","version":467330,"slug":"daspanjo","name":"dasPanjo","body":"I'm dasPanjo - a programmer from Germany who loves to create games in his free time!\n\nAfter learning programming games in a few different languages (Java, C++, Javascript, etc.) I stoped at Unity.\n\nI love to convert small ideas into games and always learning new things while doing it!\n\nSo, feel free to try them out and maybe leave a comment!","meta":{"avatar":"///content/8c6/21/z/23f6c.png"},"path":"/users/daspanjo","parents":[1,2],"love":0,"games":0,"articles":0,"posts":0}]}