{"status":200,"caller_id":0,"cached":[],"node":[{"id":77434,"parent":2,"superparent":1,"author":77434,"type":"user","subtype":"","subsubtype":"","published":"2018-04-13T15:07:00Z","created":"2018-04-13T15:07:00Z","modified":"2019-04-30T00:04:35Z","version":455390,"slug":"thedefault","name":"TheDefault","body":"Ludum Dare 43 : https://ldjam.com/events/ludum-dare/43/an-unpharo-seeable-future\n\nLudum Dare 44 : https://ldjam.com/events/ludum-dare/44/an-unnecroman-seeable-future","meta":{"avatar":"///content/a7e/21/z/1ecb3.png"},"path":"/users/thedefault","parents":[1,2],"love":0,"games":0,"articles":0,"posts":0}]}