{"status":200,"caller_id":0,"cached":[],"node":[{"id":11949,"parent":2,"superparent":1,"author":11949,"type":"user","subtype":"","subsubtype":"","published":"2017-04-16T18:11:08Z","created":"2017-04-16T18:11:08Z","modified":"2017-11-12T19:08:42Z","version":143931,"slug":"hacksawunit","name":"HacksawUnit","body":"Howdy! I'm HacksawUnit. I like to make video games!\n\nYou can follow my work at:\n\nhttps://twitter.com/HacksawUnit\n","meta":{"avatar":"///content/dae/2/z/46bf.png"},"path":"/users/hacksawunit","parents":[1,2],"love":0,"games":0,"articles":0,"posts":0}]}