{"status":200,"caller_id":0,"cached":[],"node":[{"id":72657,"parent":2,"superparent":1,"author":72657,"type":"user","subtype":"","subsubtype":"","published":"2018-01-28T21:31:27Z","created":"2018-01-28T21:31:26Z","modified":"2019-10-24T16:37:27Z","version":532125,"slug":"mediyaz","name":"mediyaz","body":"![LNF.gif](///raw/1db/11/z/29d24.gif)\n\n### mediyaz (AKA LukeNoFurther)\n—\n\n#### Motion graphics designer by day - Game Maker game maker on the occasional weekend.\n—\n\nI sure do like to polish me a game to the detriment of adding additional scope - It's my comfort zone and I like it here okay??\n\n—\n\n###  [👉 Play some of my games](http://lukenofurther.games/)\n###  [👉 View my professional portfolio site](http://lukenofurther.com)\n\n—","meta":{"avatar":"///content/1db/11/z/13dcb.jpg"},"path":"/users/mediyaz","parents":[1,2],"love":0,"games":0,"articles":0,"posts":0}]}