{"status":200,"caller_id":0,"cached":[],"node":[{"id":2752,"parent":2,"superparent":1,"author":2752,"type":"user","subtype":"","subsubtype":"","published":"2016-12-01T06:47:59Z","created":"2016-12-01T06:47:59Z","modified":"2018-04-19T09:50:37Z","version":225696,"slug":"tgiant","name":"tgiant","body":"For years now I have been developing software and none of the development I have done is as satisfying as completing a game in 48 hours for Ludum Dare.\n\nThis will be a fun Weekend. \nEnjoy yourself and remember you are not in control.\n\n         ||\n     ====  ====\n         ||\n         ||\n         ||\n         ||\n\n\nLet the GAMES DEV begin!","meta":{"avatar":"///content/0ca/z/f296.png"},"path":"/users/tgiant","parents":[1,2],"love":0,"games":0,"articles":0,"posts":0}]}