{"status":200,"caller_id":0,"cached":[],"node":[{"id":153744,"parent":2,"superparent":1,"author":153744,"type":"user","subtype":"","subsubtype":"","published":"2019-04-29T21:56:08Z","created":"2019-04-29T21:56:08Z","modified":"2019-04-29T22:04:14Z","version":453096,"slug":"laryssaokada","name":"laryssaokada","body":"composer & audio engineer (sfx and vo maybe sometimes)","meta":{"avatar":"///content/098/52/z/22709.png"},"path":"/users/laryssaokada","parents":[1,2],"love":0,"games":0,"articles":0,"posts":0}]}