{"status":200,"caller_id":0,"cached":[],"node":[{"id":1257,"parent":2,"superparent":1,"author":1257,"type":"user","subtype":"","subsubtype":"","published":"2016-11-28T04:18:11Z","created":"2016-11-28T04:18:11Z","modified":"2019-04-11T00:14:42Z","version":421238,"slug":"masterkrepta","name":"masterkrepta","body":"Gamer and hobbyist, working on FloridaMan : Swan Karate\n\nAll My Games: https://masterkrepta.itch.io/\n\nOld LD Games http://ludumdare.com/compo/author/masterkrepta/","meta":{"avatar":"///content/9e4/z/28fc4.jpg"},"path":"/users/masterkrepta","parents":[1,2],"love":0,"games":0,"articles":0,"posts":0}]}