{"status":200,"caller_id":0,"cached":[],"node":[{"id":53075,"parent":2,"superparent":1,"author":53075,"type":"user","subtype":"","subsubtype":"","published":"2017-11-24T21:17:08Z","created":"2017-11-24T21:17:08Z","modified":"2017-12-15T16:14:19Z","version":209051,"slug":"anaconda-games","name":"Anaconda Games","body":"A small group of 2 people who love create games!","meta":{"avatar":"///content/35f/c/z/94a6.png"},"path":"/users/anaconda-games","parents":[1,2],"love":0,"games":0,"articles":0,"posts":0}]}