{"status":200,"caller_id":0,"cached":[],"node":[{"id":9523,"parent":2,"superparent":1,"author":9523,"type":"user","subtype":"","subsubtype":"","published":"2017-04-03T21:42:01Z","created":"2017-04-03T21:42:01Z","modified":"2018-04-20T11:00:54Z","version":228011,"slug":"boaheck-artgent","name":"boaheck-artgent","body":"My name is Breogán Hackett. I'm a 21 year old game developer from Ireland. I have been developing games in Unity for 4 years now and the second game I ever made was my first of 10 ludum dare entries so far. I love game jams and Ludum Dare will always have a special place in my heart.\n\nYou can find my games at [my itch page](boaheck.itch.io) and find me on twitter [@ BreoganHackett](https://twitter.com/BreoganHackett).","meta":{"avatar":"///content/335/2/z/94f7.png"},"path":"/users/boaheck-artgent","parents":[1,2],"love":0,"games":0,"articles":0,"posts":0}]}