{"status":200,"caller_id":0,"cached":[],"node":[{"id":8715,"parent":2,"superparent":1,"author":8715,"type":"user","subtype":"","subsubtype":"","published":"2016-12-10T01:37:02Z","created":"2016-12-10T01:37:02Z","modified":"2020-05-13T00:23:51Z","version":640858,"slug":"blobo","name":"blobo","body":"100th_Coin\n\nCompo\n\nProgrammer, artist, composer.\n\n[Games from the old website](http://ludumdare.com/compo/author/blobo/)\n\nI've participated in every Ludum Dare since LD32.\n\n[Best rating is Ninth place in humor.](https://ldjam.com/events/ludum-dare/42/the-super-olympic-death-race-from-space-leaving-space-relay-septathalon-199996)\n\n[Best score is 4.447 stars in graphics](https://ldjam.com/events/ludum-dare/45/ultra-quest)\n\n[Personal favorite submission](https://ldjam.com/events/ludum-dare/43/mary-had-some-lamb-to-spare)\n\nSubmission results for all previous Ludum Dares: (PB for a category in green, best overall ranking in gold)\n![LD46.PNG](///raw/b02/2/z/341d2.png)","meta":{"avatar":"///content/b02/2/z/24d86.png"},"path":"/users/blobo","parents":[1,2],"love":0,"games":0,"articles":0,"posts":0}]}