{"status":200,"caller_id":0,"cached":[],"node":[{"id":72987,"parent":2,"superparent":1,"author":72987,"type":"user","subtype":"","subsubtype":"","published":"2018-02-20T10:40:53Z","created":"2018-02-20T10:40:53Z","modified":"2020-04-21T01:19:04Z","version":605410,"slug":"slotha","name":"slotha","body":"Joined Ludum dare 2 years ago! I have so far participated in three of them.\n\nfind me on twitter: https://twitter.com/Slothagami1\nor on patreon:      https://www.patreon.com/Slothagami","meta":{"avatar":"///content/b1d/11/z/20070.png"},"path":"/users/slotha","parents":[1,2],"love":0,"games":0,"articles":0,"posts":0}]}