{"status":200,"caller_id":0,"cached":[],"node":[{"id":78755,"parent":2,"superparent":1,"author":78755,"type":"user","subtype":"","subsubtype":"","published":"2018-04-16T18:08:58Z","created":"2018-04-16T18:08:58Z","modified":"2018-04-18T12:38:01Z","version":224216,"slug":"topbraj","name":"topbraj","body":"Hey everybody! My name is Alex and I make games - watch me stream development on my [Twitch Channel](https://www.twitch.tv/topbraj/).","meta":{"avatar":"///content/3a3/31/z/f216.png"},"path":"/users/topbraj","parents":[1,2],"love":0,"games":0,"articles":0,"posts":0}]}