{"status":200,"caller_id":0,"cached":[],"node":[{"id":148738,"parent":2,"superparent":1,"author":148738,"type":"user","subtype":"","subsubtype":"","published":"2019-04-27T00:03:28Z","created":"2019-04-27T00:03:28Z","modified":"2019-04-30T00:12:57Z","version":455597,"slug":"karmicretribution","name":"karmicRetribution","body":"Part of the [FarragoFiction](https://www.farragofiction.com) team. Check us out, we have a lot of fun games, puzzles, and interactive content on our site!\n\n🐥","meta":{"avatar":"///content/205/42/z/22cad.png"},"path":"/users/karmicretribution","parents":[1,2],"love":0,"games":0,"articles":0,"posts":0}]}