{"status":200,"caller_id":0,"cached":[],"node":[{"id":8918,"parent":2,"superparent":1,"author":8918,"type":"user","subtype":"","subsubtype":"","published":"2016-12-10T10:14:07Z","created":"2016-12-10T10:14:07Z","modified":"2017-12-05T13:52:56Z","version":196601,"slug":"worai","name":"worai","body":"Worai Col on most social media. \nNaturally I love games, making them, and all that such good whatnot.\nI love maths, physics and blessed music of mayhem and /&%!\"#%.","meta":{"avatar":"///content/6d2/2/z/d7b9.jpg"},"path":"/users/worai","parents":[1,2],"love":0,"games":0,"articles":0,"posts":0}]}