{"status":200,"caller_id":0,"cached":[],"node":[{"id":147746,"parent":2,"superparent":1,"author":147746,"type":"user","subtype":"","subsubtype":"","published":"2019-04-26T18:31:53Z","created":"2019-04-26T18:31:53Z","modified":"2019-04-28T15:42:17Z","version":440444,"slug":"goosyberry","name":"goosyberry","body":"Hello!\nHere is my twitter: https://twitter.com/goosyberry","meta":{"avatar":"///content/221/42/z/205c7.png"},"path":"/users/goosyberry","parents":[1,2],"love":0,"games":0,"articles":0,"posts":0}]}