{"status":200,"caller_id":0,"cached":[],"node":[{"id":2836,"parent":2,"superparent":1,"author":2836,"type":"user","subtype":"","subsubtype":"","published":"2016-12-01T14:00:35Z","created":"2016-12-01T14:00:35Z","modified":"2018-05-07T20:58:55Z","version":284820,"slug":"alexrose","name":"alexrose","body":"I'm the Rude Bear guy.\n\n[Twitter](http://twitter.com/alexrosegames)\n\n[Super Rude Bear Resurrection on Steam](http://store.steampowered.com/app/384250?beta=1)\n\n[The first 13 Rude Bear games on the old site](http://ludumdare.com/compo/author/alexrose/)","meta":{"avatar":"///content/41b/z/24d25.png"},"path":"/users/alexrose","parents":[1,2],"love":0,"games":0,"articles":0,"posts":0}]}