{"status":200,"caller_id":0,"cached":[],"node":[{"id":152860,"parent":2,"superparent":1,"author":152860,"type":"user","subtype":"","subsubtype":"","published":"2019-04-29T05:34:09Z","created":"2019-04-29T05:34:09Z","modified":"2019-04-29T05:55:16Z","version":447296,"slug":"duncan-soo","name":"Duncan Soo","body":"I'm a sound designer that specializes in spatial audio. I also do music composition. \n\nWorks in Unity.\n\nCheck out my works here -> https://www.duncansoo.com/\n\n","meta":{"avatar":"///content/c15/52/z/22703.jpg"},"path":"/users/duncan-soo","parents":[1,2],"love":0,"games":0,"articles":0,"posts":0}]}