{"status":200,"caller_id":0,"cached":[],"node":[{"id":28995,"parent":2,"superparent":1,"author":28995,"type":"user","subtype":"","subsubtype":"","published":"2017-04-29T14:40:50Z","created":"2017-04-29T14:40:50Z","modified":"2018-04-16T23:36:00Z","version":222208,"slug":"voxel-box","name":"voxel-box","body":"How about we just pretend my name isn't something dumb for a moment?","meta":{"avatar":"///content/341/7/z/ef3c.png"},"path":"/users/voxel-box","parents":[1,2],"love":0,"games":0,"articles":0,"posts":0}]}