{"status":200,"caller_id":0,"cached":[],"node":[{"id":111096,"parent":2,"superparent":1,"author":111096,"type":"user","subtype":"","subsubtype":"","published":"2018-08-12T04:26:50Z","created":"2018-08-12T04:26:50Z","modified":"2018-08-12T05:07:33Z","version":311784,"slug":"diesdas","name":"diesdas","body":"First Ludum Dare: done!\n\n![PolarBearBallads01.jpg](///raw/8f1/b1/z/15c2f.jpg)\n\nhttps://youtu.be/Z2_Me3JB8-M","meta":[],"path":"/users/diesdas","parents":[1,2],"love":0,"games":0,"articles":0,"posts":0}]}