{"status":200,"caller_id":0,"cached":[],"node":[{"id":2545,"parent":2,"superparent":1,"author":2545,"type":"user","subtype":"","subsubtype":"","published":"2016-11-30T17:36:05Z","created":"2016-11-30T17:36:05Z","modified":"2020-04-17T17:22:18Z","version":554309,"slug":"sentsu","name":"Sentsu","body":"CG Artist - 2D/3D Animator\n- [@Sentsu_actu - Twitter](https://twitter.com/Sentsu_actu)\n- http://stephanegrossoleil.com/\n\nI’m a member of the **Angry Squirrels** team:\n- [Angry Squirrels - Twitter](https://twitter.com/angrysquirrels_)\n- [Angry Squirrels - Facebook](https://www.facebook.com/angrysquirrels/?fref=ts)\n\nAnd of the **Gravity Goat** team:\n- [Gravity Goat - Twitter](https://twitter.com/gravity_goat)\n- [Gravity Goat - Facebook](https://www.facebook.com/ThisIsGravityGoat/)\n\n\n\n","meta":{"avatar":"///content/1f9/z/857e.jpg"},"path":"/users/sentsu","parents":[1,2],"love":0,"games":0,"articles":0,"posts":0}]}