{"status":200,"caller_id":0,"cached":[],"node":[{"id":34666,"parent":2,"superparent":1,"author":34666,"type":"user","subtype":"","subsubtype":"","published":"2017-07-20T16:40:17Z","created":"2017-07-20T16:40:17Z","modified":"2017-08-07T00:48:42Z","version":137999,"slug":"prodigalson","name":"ProdigalSon","body":"![channels4_banner.jpg](///raw/a67/8/z/8b1f.jpg)\n\nWe love to make games that are both fun and teaches the player, whether it be problem solving skills or other abilities, to enrich their play session not only with time of leisure but also values that can be applied to their daily lives.\n\n\nGames: https://prodigalson.itch.io/","meta":{"avatar":"///content/a67/8/z/15330.png"},"path":"/users/prodigalson","parents":[1,2],"love":0,"games":0,"articles":0,"posts":0}]}