{"status":200,"caller_id":0,"cached":[],"node":[{"id":149563,"parent":2,"superparent":1,"author":149563,"type":"user","subtype":"","subsubtype":"","published":"2019-04-27T05:29:54Z","created":"2019-04-27T05:29:54Z","modified":"2019-05-08T17:41:14Z","version":473621,"slug":"tnam","name":"tnam","body":"software engineer & DevOps consultant venturing into game dev with friends!","meta":{"avatar":"///content/b38/42/z/20798.png"},"path":"/users/tnam","parents":[1,2],"love":0,"games":0,"articles":0,"posts":0}]}