{"status":200,"caller_id":0,"cached":[],"node":[{"id":99598,"parent":2,"superparent":1,"author":99598,"type":"user","subtype":"","subsubtype":"","published":"2018-07-25T18:54:41Z","created":"2018-07-25T18:54:41Z","modified":"2019-05-02T01:06:14Z","version":468689,"slug":"penguinpotential","name":"PenguinPotential","body":"https://twitter.com/PengiPotential\n![BMeWSmc.png](///raw/e05/81/z/24446.png)\n![Slime King 150x150.png](///raw/e05/81/z/24447.png)","meta":{"avatar":"///content/e05/81/z/15b33.jpg"},"path":"/users/penguinpotential","parents":[1,2],"love":0,"games":0,"articles":0,"posts":0}]}