{"status":200,"caller_id":0,"cached":[],"node":[{"id":142122,"parent":2,"superparent":1,"author":142122,"type":"user","subtype":"","subsubtype":"","published":"2019-04-16T07:35:08Z","created":"2019-04-16T07:35:08Z","modified":"2019-10-02T15:34:55Z","version":486513,"slug":"lemur","name":"Lemur","body":"Hya, i'm a 14 year old boy making games as a hobby, hope you enjoy the stuff I make!","meta":{"avatar":"///content/a2b/22/z/2220a.png"},"path":"/users/lemur","parents":[1,2],"love":0,"games":0,"articles":0,"posts":0}]}