{"status":200,"caller_id":0,"cached":[],"node":[{"id":76655,"parent":2,"superparent":1,"author":76655,"type":"user","subtype":"","subsubtype":"","published":"2018-04-11T02:22:56Z","created":"2018-04-11T02:22:56Z","modified":"2018-04-25T18:57:34Z","version":276577,"slug":"doctormozart","name":"DoctorMozart","body":"I live in Canada, I work in Machine Learning for the Forestry Industry. I'd rather be drawing sprites, and writing music! So here I am.","meta":[],"path":"/users/doctormozart","parents":[1,2],"love":0,"games":0,"articles":0,"posts":0}]}