{"status":200,"caller_id":0,"cached":[],"node":[{"id":2251,"parent":2,"superparent":1,"author":2251,"type":"user","subtype":"","subsubtype":"","published":"2016-11-29T20:16:56Z","created":"2016-11-29T20:16:56Z","modified":"2019-10-11T19:02:19Z","version":528503,"slug":"icylava","name":"IcyLava","body":"## [Twitter](https://twitter.com/icylavah)\n## [Twitch](https://www.twitch.tv/icylavah/)\n## [Soundcloud](https://soundcloud.com/icylavah)\n## [YouTube](https://www.youtube.com/channel/UC8SnSqNX8_aWfPamrlwR-EA)\n\n## Games from old Ludum Dare website\n|LD|Type|Game Page|\n|-|\n|LD37: One Room|Compo|[Treasure Temple Trouble](http://ludumdare.com/compo/ludum-dare-37/?action=preview&uid=36159)|\n|LD36: Ancient Technology|Jam|[Unsheathe](http://ludumdare.com/compo/ludum-dare-36/?action=preview&uid=36159)|\n|LD35: Shapeshift|Compo|[Rectangle Run](http://ludumdare.com/compo/ludum-dare-35/?action=preview&uid=36159)|\n|LD31: Entire Game on One Screen|Compo|[Winter Storm](http://ludumdare.com/compo/ludum-dare-31/?action=preview&uid=36159)|\n|LD30: Connected Worlds|Compo|[Planet Fighter](http://ludumdare.com/compo/ludum-dare-30/?action=preview&uid=36159)|\n|LD29: Beneath the Surface|Compo|[Core Fighter](http://ludumdare.com/compo/ludum-dare-29/?action=preview&uid=36159)|","meta":{"avatar":"///content/bc8/z/2bf6a.png"},"path":"/users/icylava","parents":[1,2],"love":0,"games":0,"articles":0,"posts":0}]}