{"status":200,"caller_id":0,"cached":[],"node":[{"id":3010,"parent":2,"superparent":1,"author":3010,"type":"user","subtype":"","subsubtype":"","published":"2016-12-01T21:31:44Z","created":"2016-12-01T21:31:44Z","modified":"2018-09-03T21:14:20Z","version":357059,"slug":"udo","name":"udo","body":"# Head on over to the Ludum Dare IRC Channel!\n\nThere is the IRC channel on irc.afternet.org called #ludumdare, drop by to hang out or get moral support :)\n\nHere's an IRC web client link to it: [#ludumdare](http://widget01.mibbit.com/?server=irc.afternet.org&channel=%23ludumdare)\n\n# About Meeeeee\n\nSome other games I made: https://udven.com/\n\nTwitter: https://twitter.com/udven","meta":{"avatar":"///content/2cb/z/f033.png"},"path":"/users/udo","parents":[1,2],"love":0,"games":0,"articles":0,"posts":0}]}