{"status":200,"caller_id":0,"cached":[],"node":[{"id":36138,"parent":2,"superparent":1,"author":36138,"type":"user","subtype":"","subsubtype":"","published":"2017-07-25T13:04:56Z","created":"2017-07-25T13:04:56Z","modified":"2020-04-20T10:19:57Z","version":582853,"slug":"tudvari","name":"Tudvari","body":"how much cheese is too much cheese?\n\nAlready survived 4 jams.\n\nMy ultimate goal is to widen my toolkit and be a better developer day by day.\n\n\n## Check out my channel for game dev and other content\n\nhttps://youtube.com/Tudvari\n\n## Other social media\n\nhttps://facebook.com/TudvariOfficial\n\nhttps://twitter.com/TudvariOfficial\n\n\n## Vain - A Ludum Dare 42 Post Mortem\n\nhttps://www.youtube.com/watch?v=_ts48sHZVNc\n\n## A Nightmare on the Canned Goods Aisle - A Ludum Dare 41 Post Mortem\n\nhttps://www.youtube.com/watch?v=VFkHMs_-H20\n\n## And a competitive voxel based shooter: \"Siege Game\":\n\nhttps://www.youtube.com/watch?v=Er7K-XbwbAg\n\n## And here is an RPG I've been working on, called Aeldun:\n\nhttps://www.youtube.com/watch?v=epYbEg0o4x0\n","meta":{"avatar":"///content/a2d/8/z/2a3b0.png"},"path":"/users/tudvari","parents":[1,2],"love":0,"games":0,"articles":0,"posts":0}]}