{"status":200,"caller_id":0,"cached":[],"node":[{"id":49442,"parent":2,"superparent":1,"author":49442,"type":"user","subtype":"","subsubtype":"","published":"2017-09-05T12:51:22Z","created":"2017-09-05T12:51:22Z","modified":"2020-04-21T07:42:09Z","version":612797,"slug":"jiri-hysek","name":"Jiri Hysek","body":"**[My current LD46 game is here](https://ldjam.com/events/ludum-dare/46/silly-fluffy-bunny)**\n\n\n\nOther games: https://jhysek.itch.io\n","meta":{"avatar":"///content/221/c/z/1ad93.png"},"path":"/users/jiri-hysek","parents":[1,2],"love":0,"games":0,"articles":0,"posts":0}]}