{"status":200,"caller_id":0,"cached":[79689],"node":[{"id":79689,"parent":2,"superparent":1,"author":79689,"type":"user","subtype":"","subsubtype":"","published":"2018-04-17T19:26:23Z","created":"2018-04-17T19:26:23Z","modified":"2020-04-15T20:03:17Z","version":548276,"slug":"xcvzxc","name":"XCVZXC","body":"I am a young (born in 2001) indie game developer and music producer.\n- [Itch](https://xcvzxc.itch.io)\n- [Game Jolt](https://gamejolt.com/@XCVZXC/games) (early LD games)\n- [Twitter](https://twitter.com/xcvzxc1)\n- [YouTube](https://www.youtube.com/channel/UCI0PXitQNanioMjzlzztD-A) (Gameplays, soundtracks and more)\n- [SoundCloud](https://soundcloud.com/xcvzxc) (My music)","meta":{"avatar":"///content/947/31/z/2530a.png"},"path":"/users/xcvzxc","parents":[1,2],"love":0,"games":0,"articles":0,"posts":0}]}