{"status":200,"caller_id":0,"cached":[],"node":[{"id":151974,"parent":2,"superparent":1,"author":151974,"type":"user","subtype":"","subsubtype":"","published":"2019-04-28T17:41:58Z","created":"2019-04-28T17:41:58Z","modified":"2019-05-02T14:46:06Z","version":469389,"slug":"patricia-klauck","name":"Patricia Klauck","body":"Beginner 3D artist who has a long way to go but loves what she does","meta":{"avatar":"///content/6a1/52/z/24374.jpg"},"path":"/users/patricia-klauck","parents":[1,2],"love":0,"games":0,"articles":0,"posts":0}]}