{"status":200,"caller_id":0,"cached":[],"node":[{"id":1125,"parent":2,"superparent":1,"author":1125,"type":"user","subtype":"","subsubtype":"","published":"2016-11-27T20:45:11Z","created":"2016-11-27T20:45:11Z","modified":"2019-05-02T20:33:45Z","version":469929,"slug":"samuli","name":"Samuli","body":"Samuli Jääskeläinen\n\nOld LD games: http://ludumdare.com/compo/author/hemuuuli/\n\nTwitter @zhamul\n\nGame developer, furious jammer and unpredictable traveller.","meta":{"avatar":"///content/564/z/8329.png"},"path":"/users/samuli","parents":[1,2],"love":0,"games":0,"articles":0,"posts":0}]}