{"status":200,"caller_id":0,"cached":[],"node":[{"id":154019,"parent":2,"superparent":1,"author":154019,"type":"user","subtype":"","subsubtype":"","published":"2019-04-29T23:57:43Z","created":"2019-04-29T23:57:43Z","modified":"2019-04-29T23:59:08Z","version":455260,"slug":"nebulousharmony","name":"nebulousHarmony","body":"yeet yeet bois it's magical girl time\n","meta":{"avatar":"///content/3a9/52/z/22c1e.png"},"path":"/users/nebulousharmony","parents":[1,2],"love":0,"games":0,"articles":0,"posts":0}]}