{"status":200,"caller_id":0,"cached":[],"node":[{"id":999,"parent":2,"superparent":1,"author":999,"type":"user","subtype":"","subsubtype":"","published":"2016-11-27T17:04:07Z","created":"2016-11-27T17:04:07Z","modified":"2020-04-22T12:53:43Z","version":622974,"slug":"hbocao","name":"hbocao","body":"https://ldjam.com/events/ludum-dare/46/body-crisis\n\n\n\nYou can reach me at: https://twitter.com/hbocao\n\nAlso at: http://henriquedeaguiar.com\n\nAnd also at: http://mementogames.com","meta":{"avatar":"///content/7e3/z/ee78.jpg"},"path":"/users/hbocao","parents":[1,2],"love":0,"games":0,"articles":0,"posts":0}]}