{"status":200,"caller_id":0,"cached":[],"node":[{"id":82835,"parent":2,"superparent":1,"author":82835,"type":"user","subtype":"","subsubtype":"","published":"2018-04-20T13:56:56Z","created":"2018-04-20T13:56:56Z","modified":"2019-07-29T11:17:10Z","version":478843,"slug":"odlog-oglog","name":"Odlog Oglog","body":"Just two highschool students that like to make games :)\n\nThe shared account of @gelgavish and @ovid","meta":[],"path":"/users/odlog-oglog","parents":[1,2],"love":0,"games":0,"articles":0,"posts":0}]}