{"status":200,"caller_id":0,"cached":[],"node":[{"id":35309,"parent":2,"superparent":1,"author":35309,"type":"user","subtype":"","subsubtype":"","published":"2017-07-23T11:19:55Z","created":"2017-07-23T11:19:55Z","modified":"2019-05-01T11:01:03Z","version":466990,"slug":"stark","name":"stark","body":"Hello and Welcome! =)\n\nFollow me on https://twitter.com/me_exec","meta":{"avatar":"///content/de9/8/z/240cc.png"},"path":"/users/stark","parents":[1,2],"love":0,"games":0,"articles":0,"posts":0}]}