{"status":200,"caller_id":0,"cached":[],"node":[{"id":141173,"parent":2,"superparent":1,"author":141173,"type":"user","subtype":"","subsubtype":"","published":"2019-04-09T18:36:38Z","created":"2019-04-09T18:36:38Z","modified":"2020-05-12T18:46:09Z","version":640551,"slug":"black-flag","name":"Black Flag","body":"Hi!\n\nI'm an indie game developer based in the UK, and have currently taken part in 3 LD jams... and I'm always counting down until the next!","meta":{"avatar":"///content/577/22/z/24576.png"},"path":"/users/black-flag","parents":[1,2],"love":0,"games":0,"articles":0,"posts":0}]}