{"status":200,"caller_id":0,"cached":[],"node":[{"id":145628,"parent":2,"superparent":1,"author":145628,"type":"user","subtype":"","subsubtype":"","published":"2019-04-25T07:34:39Z","created":"2019-04-25T07:34:39Z","modified":"2019-10-01T00:05:19Z","version":485285,"slug":"artyom-volkov","name":"Artyom Volkov","body":"I’m just a tricky fat cat.\n\nTwitter - [**@tricky_fat_cat**](https://twitter.com/tricky_fat_cat)\n\nItch.io - [**My page**](https://itch.io/profile/tricky-fat-cat)","meta":{"avatar":"///content/cd8/32/z/203ed.png"},"path":"/users/artyom-volkov","parents":[1,2],"love":0,"games":0,"articles":0,"posts":0}]}