{"status":200,"caller_id":0,"cached":[],"node":[{"id":153251,"parent":2,"superparent":1,"author":153251,"type":"user","subtype":"","subsubtype":"","published":"2019-04-29T16:20:22Z","created":"2019-04-29T16:20:22Z","modified":"2019-04-30T11:35:29Z","version":463150,"slug":"dbmaj7","name":"DbMaj7","body":"Game Jams I joined:\n\nLudumDare 44 (Music & Audio): https://archimagus.itch.io/the-haunting-of-jonathan-david-jones","meta":{"avatar":"///content/3a6/52/z/23b2f.png"},"path":"/users/dbmaj7","parents":[1,2],"love":0,"games":0,"articles":0,"posts":0}]}