{"status":200,"caller_id":0,"cached":[],"node":[{"id":89107,"parent":2,"superparent":1,"author":89107,"type":"user","subtype":"","subsubtype":"","published":"2018-04-22T19:49:17Z","created":"2018-04-22T19:49:17Z","modified":"2018-08-14T15:52:39Z","version":341862,"slug":"scowsh","name":"scowsh","body":"Hi, composer and sfx guy - feel free to check out my itch.io and soundcloud for demos of my work :)\n\nHere's my Ludum Dare 42 entry [SpaceOut](https://ldjam.com/events/ludum-dare/42/spaceout)\n\nhttps://soundcloud.com/scowsh\n\nhttps://scowsh.itch.io/","meta":[],"path":"/users/scowsh","parents":[1,2],"love":0,"games":0,"articles":0,"posts":0}]}