{"status":200,"caller_id":0,"cached":[],"node":[{"id":9923,"parent":2,"superparent":1,"author":9923,"type":"user","subtype":"","subsubtype":"","published":"2017-04-07T10:25:00Z","created":"2017-04-07T10:25:00Z","modified":"2019-05-01T16:16:05Z","version":467666,"slug":"hagge","name":"Hagge","body":"just some wierd game developer working in unity making wierd games with friends","meta":{"avatar":"///content/3c6/2/z/1ac6d.png"},"path":"/users/hagge","parents":[1,2],"love":0,"games":0,"articles":0,"posts":0}]}