{"status":200,"caller_id":0,"cached":[],"node":[{"id":32248,"parent":2,"superparent":1,"author":32248,"type":"user","subtype":"","subsubtype":"","published":"2017-06-06T21:28:53Z","created":"2017-06-06T21:28:53Z","modified":"2018-04-16T22:15:47Z","version":222128,"slug":"tenshi42","name":"tenshi42","body":"French guy ! \nCrazy guy ! \nCrazy developper ! \nPython charmer in my spare time ! \nCoffee is GREAT ! \nCoffee is LIFE ! \nBR/","meta":{"avatar":"///content/8fd/7/z/f13a.png"},"path":"/users/tenshi42","parents":[1,2],"love":0,"games":0,"articles":0,"posts":0}]}