{"status":200,"caller_id":0,"cached":[],"node":[{"id":144625,"parent":2,"superparent":1,"author":144625,"type":"user","subtype":"","subsubtype":"","published":"2019-04-23T21:50:34Z","created":"2019-04-23T21:50:34Z","modified":"2019-04-27T11:43:34Z","version":435576,"slug":"kukareru-sekai","name":"Kukareru Sekai","body":"I am the operator of NORA MA-XXI: Serenade. I defend the world against mutants and in my spare time I like to create. You can following me on Twitter @MA21Serenade","meta":[],"path":"/users/kukareru-sekai","parents":[1,2],"love":0,"games":0,"articles":0,"posts":0}]}