{"status":200,"caller_id":0,"cached":[],"node":[{"id":632,"parent":2,"superparent":1,"author":632,"type":"user","subtype":"","subsubtype":"","published":"2016-11-26T07:33:26Z","created":"2016-11-26T07:33:26Z","modified":"2017-04-12T11:39:09Z","version":11472,"slug":"akirassasin","name":"AkirAssasin","body":"Making games and joining jams when I'm not busy being a student.\n\n[Twitter](https://twitter.com/akirassasin_dev)\n","meta":{"avatar":"///content/872/z/18dc9.png"},"path":"/users/akirassasin","parents":[1,2],"love":0,"games":0,"articles":0,"posts":0}]}