{"status":200,"caller_id":0,"cached":[],"node":[{"id":84095,"parent":2,"superparent":1,"author":84095,"type":"user","subtype":"","subsubtype":"","published":"2018-04-20T21:19:36Z","created":"2018-04-20T21:19:36Z","modified":"2019-04-29T18:02:58Z","version":450202,"slug":"amour-du-pain","name":"Amour Du Pain","body":"My name's Pascal Galibourg, I'm a 23 years old french game designer and yes, I love bread. ","meta":{"avatar":"///content/f78/41/z/19fcb.jpg"},"path":"/users/amour-du-pain","parents":[1,2],"love":0,"games":0,"articles":0,"posts":0}]}