{"status":200,"caller_id":0,"cached":[],"node":[{"id":2617,"parent":2,"superparent":1,"author":2617,"type":"user","subtype":"","subsubtype":"","published":"2016-11-30T22:13:06Z","created":"2016-11-30T22:13:06Z","modified":"2017-05-21T06:20:47Z","version":86078,"slug":"agentparsec","name":"agentparsec","body":"Creator of \"Slender: The Eight Pages\", musician for \"Homestuck\", owner of Parsec Productions, LLC.","meta":{"avatar":"///content/93a/z/48db.png"},"path":"/users/agentparsec","parents":[1,2],"love":0,"games":0,"articles":0,"posts":0}]}