{"status":200,"caller_id":0,"cached":[],"node":[{"id":147033,"parent":2,"superparent":1,"author":147033,"type":"user","subtype":"","subsubtype":"","published":"2019-04-26T12:11:52Z","created":"2019-04-26T12:11:52Z","modified":"2019-05-01T12:27:42Z","version":467187,"slug":"cubicode","name":"Cubicode","body":"Writing C# since 2007, developing games since March 2019\n\nLet's see...","meta":{"avatar":"///content/95e/32/z/241b0.png"},"path":"/users/cubicode","parents":[1,2],"love":0,"games":0,"articles":0,"posts":0}]}