{"status":200,"caller_id":0,"cached":[],"node":[{"id":80306,"parent":2,"superparent":1,"author":80306,"type":"user","subtype":"","subsubtype":"","published":"2018-04-18T14:14:52Z","created":"2018-04-18T14:14:52Z","modified":"2018-04-24T09:10:46Z","version":270140,"slug":"svdvorak","name":"svdvorak","body":"Request: whoami\n\nFound: Person who enjoys making games, doing it kinda part-time. You can find me on [twitter @svdvorak](https://twitter.com/svdvorak).","meta":{"avatar":"///content/2b9/31/z/23d62.png"},"path":"/users/svdvorak","parents":[1,2],"love":0,"games":0,"articles":0,"posts":0}]}