{"status":200,"caller_id":0,"cached":[],"node":[{"id":42886,"parent":2,"superparent":1,"author":42886,"type":"user","subtype":"","subsubtype":"","published":"2017-07-29T21:31:37Z","created":"2017-07-29T21:31:37Z","modified":"2020-05-06T22:32:40Z","version":637514,"slug":"notke","name":"notke","body":"All-around gamedev from Serbia.\n\n\nTwitter is where I'm mostly at: https://twitter.com/Nothke","meta":{"avatar":"///content/687/a/z/33cf2.jpg"},"path":"/users/notke","parents":[1,2],"love":0,"games":0,"articles":0,"posts":0}]}